#pragma once
#include <cstdint>
namespace vshook_splash {
constexpr int kWidth = 192;
constexpr int kHeight = 192;
static constexpr std::uint8_t kBgra[] = {
  0x04, 0x03, 0x03, 0xFF, 0x04, 0x03, 0x03, 0xFF, 0x04, 0x03, 0x03, 0xFF, 0x04, 0x03, 0x03, 0xFF, 0x04, 0x03, 0x03, 0xFF, 0x04, 0x03, 0x03, 0xFF,
  0x04, 0x03, 0x03, 0xFF, 0x04, 0x03, 0x03, 0xFF, 0x04, 0x03, 0x03, 0xFF, 0x04, 0x03, 0x03, 0xFF, 0x04, 0x03, 0x03, 0xFF, 0x04, 0x03, 0x03, 0xFF,
  0x04, 0x03, 0x03, 0xFF, 0x04, 0x03, 0x03, 0xFF, 0x04, 0x03, 0x03, 0xFF, 0x04, 0x03, 0x03, 0xFF, 0x04, 0x03, 0x03, 0xFF, 0x04, 0x03, 0x03, 0xFF,
  0x04, 0x03, 0x03, 0xFF, 0x04, 0x03, 0x03, 0xFF, 0x04, 0x03, 0x03, 0xFF, 0x04, 0x03, 0x03, 0xFF, 0x04, 0x03, 0x03, 0xFF, 0x04, 0x03, 0x03, 0xFF,
  0x04, 0x03, 0x03, 0xFF, 0x04, 0x03, 0x03, 0xFF, 0x04, 0x03, 0x03, 0xFF, 0x04, 0x03, 0x03, 0xFF, 0x04, 0x03, 0x03, 0xFF, 0x04, 0x03, 0x03, 0xFF,
  0x04, 0x03, 0x03, 0xFF, 0x04, 0x03, 0x03, 0xFF, 0x04, 0x03, 0x03, 0xFF, 0x04, 0x03, 0x03, 0xFF, 0x04, 0x03, 0x03, 0xFF, 0x04, 0x03, 0x03, 0xFF,
  0x04, 0x03, 0x03, 0xFF, 0x04, 0x03, 0x03, 0xFF, 0x04, 0x03, 0x03, 0xFF, 0x04, 0x03, 0x03, 0xFF, 0x04, 0x03, 0x03, 0xFF, 0x04, 0x03, 0x03, 0xFF,
  0x04, 0x03, 0x03, 0xFF, 0x04, 0x03, 0x03, 0xFF, 0x04, 0x03, 0x03, 0xFF, 0x04, 0x03, 0x03, 0xFF, 0x04, 0x03, 0x03, 0xFF, 0x04, 0x03, 0x03, 0xFF,
  0x04, 0x03, 0x03, 0xFF, 0x04, 0x03, 0x03, 0xFF, 0x04, 0x03, 0x03, 0xFF, 0x04, 0x03, 0x03, 0xFF, 0x04, 0x03, 0x03, 0xFF, 0x04, 0x03, 0x03, 0xFF,
  0x04, 0x03, 0x03, 0xFF, 0x04, 0x03, 0x03, 0xFF, 0x04, 0x03, 0x03, 0xFF, 0x04, 0x03, 0x03, 0xFF, 0x04, 0x03, 0x03, 0xFF, 0x04, 0x03, 0x03, 0xFF,
  0x04, 0x03, 0x03, 0xFF, 0x04, 0x03, 0x03, 0xFF, 0x04, 0x03, 0x03, 0xFF, 0x04, 0x03, 0x03, 0xFF, 0x04, 0x03, 0x03, 0xFF, 0x04, 0x03, 0x03, 0xFF,
  0x04, 0x03, 0x03, 0xFF, 0x04, 0x03, 0x03, 0xFF, 0x04, 0x03, 0x03, 0xFF, 0x04, 0x03, 0x03, 0xFF, 0x04, 0x03, 0x03, 0xFF, 0x04, 0x03, 0x03, 0xFF,
  0x04, 0x03, 0x03, 0xFF, 0x04, 0x03, 0x03, 0xFF, 0x04, 0x03, 0x03, 0xFF, 0x04, 0x03, 0x03, 0xFF, 0x04, 0x03, 0x03, 0xFF, 0x04, 0x03, 0x03, 0xFF,
  0x04, 0x03, 0x03, 0xFF, 0x04, 0x03, 0x03, 0xFF, 0x04, 0x03, 0x03, 0xFF, 0x04, 0x03, 0x03, 0xFF, 0x04, 0x03, 0x03, 0xFF, 0x04, 0x03, 0x03, 0xFF,
  0x04, 0x03, 0x03, 0xFF, 0x04, 0x03, 0x03, 0xFF, 0x04, 0x03, 0x03, 0xFF, 0x04, 0x03, 0x03, 0xFF, 0x04, 0x03, 0x03, 0xFF, 0x04, 0x03, 0x03, 0xFF,
  0x04, 0x03, 0x03, 0xFF, 0x04, 0x03, 0x03, 0xFF, 0x04, 0x03, 0x03, 0xFF, 0x04, 0x03, 0x03, 0xFF, 0x04, 0x03, 0x03, 0xFF, 0x04, 0x03, 0x03, 0xFF,
  0x04, 0x03, 0x03, 0xFF, 0x04, 0x03, 0x03, 0xFF, 0x04, 0x03, 0x03, 0xFF, 0x04, 0x03, 0x03, 0xFF, 0x04, 0x03, 0x03, 0xFF, 0x04, 0x03, 0x03, 0xFF,
  0x04, 0x03, 0x03, 0xFF, 0x04, 0x03, 0x03, 0xFF, 0x04, 0x03, 0x03, 0xFF, 0x04, 0x03, 0x03, 0xFF, 0x04, 0x03, 0x03, 0xFF, 0x04, 0x03, 0x03, 0xFF,
  0x04, 0x03, 0x03, 0xFF, 0x04, 0x03, 0x03, 0xFF, 0x04, 0x03, 0x03, 0xFF, 0x04, 0x03, 0x03, 0xFF, 0x04, 0x03, 0x03, 0xFF, 0x04, 0x03, 0x03, 0xFF,
  0x04, 0x03, 0x03, 0xFF, 0x04, 0x03, 0x03, 0xFF, 0x04, 0x03, 0x03, 0xFF, 0x04, 0x03, 0x03, 0xFF, 0x04, 0x03, 0x03, 0xFF, 0x04, 0x03, 0x03, 0xFF,
  0x04, 0x03, 0x03, 0xFF, 0x04, 0x03, 0x03, 0xFF, 0x04, 0x03, 0x03, 0xFF, 0x04, 0x03, 0x03, 0xFF, 0x04, 0x03, 0x03, 0xFF, 0x04, 0x03, 0x03, 0xFF,
  0x04, 0x03, 0x03, 0xFF, 0x04, 0x03, 0x03, 0xFF, 0x04, 0x03, 0x03, 0xFF, 0x04, 0x03, 0x03, 0xFF, 0x04, 0x03, 0x03, 0xFF, 0x04, 0x03, 0x03, 0xFF,
  0x04, 0x03, 0x03, 0xFF, 0x04, 0x03, 0x03, 0xFF, 0x04, 0x03, 0x03, 0xFF, 0x04, 0x03, 0x03, 0xFF, 0x04, 0x03, 0x03, 0xFF, 0x04, 0x03, 0x03, 0xFF,
  0x04, 0x03, 0x03, 0xFF, 0x04, 0x03, 0x03, 0xFF, 0x04, 0x03, 0x03, 0xFF, 0x04, 0x03, 0x03, 0xFF, 0x04, 0x03, 0x03, 0xFF, 0x04, 0x03, 0x03, 0xFF,
  0x04, 0x03, 0x03, 0xFF, 0x04, 0x03, 0x03, 0xFF, 0x04, 0x03, 0x03, 0xFF, 0x04, 0x03, 0x03, 0xFF, 0x04, 0x03, 0x03, 0xFF, 0x04, 0x03, 0x03, 0xFF,
  0x04, 0x03, 0x03, 0xFF, 0x04, 0x03, 0x03, 0xFF, 0x04, 0x03, 0x03, 0xFF, 0x04, 0x03, 0x03, 0xFF, 0x04, 0x03, 0x03, 0xFF, 0x04, 0x03, 0x03, 0xFF,
  0x04, 0x03, 0x03, 0xFF, 0x04, 0x03, 0x03, 0xFF, 0x04, 0x03, 0x03, 0xFF, 0x04, 0x03, 0x03, 0xFF, 0x04, 0x03, 0x03, 0xFF, 0x04, 0x03, 0x03, 0xFF,
  0x04, 0x03, 0x03, 0xFF, 0x04, 0x03, 0x03, 0xFF, 0x04, 0x03, 0x03, 0xFF, 0x04, 0x03, 0x03, 0xFF, 0x04, 0x03, 0x03, 0xFF, 0x04, 0x03, 0x03, 0xFF,
  0x04, 0x03, 0x03, 0xFF, 0x04, 0x03, 0x03, 0xFF, 0x04, 0x03, 0x03, 0xFF, 0x04, 0x03, 0x03, 0xFF, 0x04, 0x03, 0x03, 0xFF, 0x04, 0x03, 0x03, 0xFF,
  0x04, 0x03, 0x03, 0xFF, 0x04, 0x03, 0x03, 0xFF, 0x04, 0x03, 0x03, 0xFF, 0x04, 0x03, 0x03, 0xFF, 0x04, 0x03, 0x03, 0xFF, 0x04, 0x03, 0x03, 0xFF,
  0x04, 0x03, 0x03, 0xFF, 0x04, 0x03, 0x03, 0xFF, 0x04, 0x03, 0x03, 0xFF, 0x04, 0x03, 0x03, 0xFF, 0x04, 0x03, 0x03, 0xFF, 0x04, 0x03, 0x03, 0xFF,
  0x04, 0x03, 0x03, 0xFF, 0x04, 0x03, 0x03, 0xFF, 0x04, 0x03, 0x03, 0xFF, 0x04, 0x03, 0x03, 0xFF, 0x04, 0x03, 0x03, 0xFF, 0x04, 0x03, 0x03, 0xFF,
  0x04, 0x03, 0x03, 0xFF, 0x04, 0x03, 0x03, 0xFF, 0x04, 0x03, 0x03, 0xFF, 0x04, 0x03, 0x03, 0xFF, 0x04, 0x03, 0x03, 0xFF, 0x04, 0x03, 0x03, 0xFF,
  0x04, 0x03, 0x03, 0xFF, 0x04, 0x03, 0x03, 0xFF, 0x04, 0x03, 0x03, 0xFF, 0x04, 0x03, 0x03, 0xFF, 0x04, 0x03, 0x03, 0xFF, 0x04, 0x03, 0x03, 0xFF,
  0x04, 0x03, 0x03, 0xFF, 0x04, 0x03, 0x03, 0xFF, 0x04, 0x03, 0x03, 0xFF, 0x04, 0x03, 0x03, 0xFF, 0x04, 0x03, 0x03, 0xFF, 0x04, 0x03, 0x03, 0xFF,
  0x04, 0x03, 0x03, 0xFF, 0x04, 0x03, 0x03, 0xFF, 0x04, 0x03, 0x03, 0xFF, 0x04, 0x03, 0x03, 0xFF, 0x04, 0x03, 0x03, 0xFF, 0x04, 0x03, 0x03, 0xFF,
  0x04, 0x03, 0x03, 0xFF, 0x04, 0x03, 0x03, 0xFF, 0x04, 0x03, 0x03, 0xFF, 0x04, 0x03, 0x03, 0xFF, 0x04, 0x03, 0x03, 0xFF, 0x04, 0x03, 0x03, 0xFF,
  0x04, 0x03, 0x03, 0xFF, 0x04, 0x03, 0x03, 0xFF, 0x04, 0x03, 0x03, 0xFF, 0x04, 0x03, 0x03, 0xFF, 0x04, 0x03, 0x03, 0xFF, 0x04, 0x03, 0x03, 0xFF,
  0x04, 0x03, 0x03, 0xFF, 0x04, 0x03, 0x03, 0xFF, 0x04, 0x03, 0x03, 0xFF, 0x04, 0x03, 0x03, 0xFF, 0x04, 0x03, 0x03, 0xFF, 0x04, 0x03, 0x03, 0xFF,
  0x04, 0x03, 0x03, 0xFF, 0x04, 0x03, 0x03, 0xFF, 0x04, 0x03, 0x03, 0xFF, 0x04, 0x03, 0x03, 0xFF, 0x04, 0x03, 0x03, 0xFF, 0x04, 0x03, 0x03, 0xFF,
  0x04, 0x03, 0x03, 0xFF, 0x04, 0x03, 0x03, 0xFF, 0x04, 0x03, 0x03, 0xFF, 0x04, 0x03, 0x03, 0xFF, 0x04, 0x03, 0x03, 0xFF, 0x04, 0x03, 0x03, 0xFF,
  0x04, 0x03, 0x03, 0xFF, 0x04, 0x03, 0x03, 0xFF, 0x04, 0x03, 0x03, 0xFF, 0x04, 0x03, 0x03, 0xFF, 0x04, 0x03, 0x03, 0xFF, 0x04, 0x03, 0x03, 0xFF,
  0x04, 0x03, 0x03, 0xFF, 0x04, 0x03, 0x03, 0xFF, 0x04, 0x03, 0x03, 0xFF, 0x04, 0x03, 0x03, 0xFF, 0x04, 0x03, 0x03, 0xFF, 0x04, 0x03, 0x03, 0xFF,
  0x04, 0x03, 0x03, 0xFF, 0x04, 0x03, 0x03, 0xFF, 0x04, 0x03, 0x03, 0xFF, 0x04, 0x03, 0x03, 0xFF, 0x04, 0x03, 0x03, 0xFF, 0x04, 0x03, 0x03, 0xFF,
  0x04, 0x03, 0x03, 0xFF, 0x04, 0x03, 0x03, 0xFF, 0x04, 0x03, 0x03, 0xFF, 0x04, 0x03, 0x03, 0xFF, 0x04, 0x03, 0x03, 0xFF, 0x04, 0x03, 0x03, 0xFF,
  0x04, 0x03, 0x03, 0xFF, 0x04, 0x03, 0x03, 0xFF, 0x04, 0x03, 0x03, 0xFF, 0x04, 0x03, 0x03, 0xFF, 0x04, 0x03, 0x03, 0xFF, 0x04, 0x03, 0x03, 0xFF,
  0x04, 0x03, 0x03, 0xFF, 0x04, 0x03, 0x03, 0xFF, 0x04, 0x03, 0x03, 0xFF, 0x04, 0x03, 0x03, 0xFF, 0x04, 0x03, 0x03, 0xFF, 0x04, 0x03, 0x03, 0xFF,
  0x04, 0x03, 0x03, 0xFF, 0x04, 0x03, 0x03, 0xFF, 0x04, 0x03, 0x03, 0xFF, 0x04, 0x03, 0x03, 0xFF, 0x04, 0x03, 0x03, 0xFF, 0x04, 0x03, 0x03, 0xFF,
  0x04, 0x03, 0x03, 0xFF, 0x04, 0x03, 0x03, 0xFF, 0x04, 0x03, 0x03, 0xFF, 0x04, 0x03, 0x03, 0xFF, 0x04, 0x03, 0x03, 0xFF, 0x04, 0x03, 0x03, 0xFF,
  0x04, 0x03, 0x03, 0xFF, 0x04, 0x03, 0x03, 0xFF, 0x04, 0x03, 0x03, 0xFF, 0x04, 0x03, 0x03, 0xFF, 0x04, 0x03, 0x03, 0xFF, 0x04, 0x03, 0x03, 0xFF,
  0x04, 0x03, 0x03, 0xFF, 0x04, 0x03, 0x03, 0xFF, 0x04, 0x03, 0x03, 0xFF, 0x04, 0x03, 0x03, 0xFF, 0x04, 0x03, 0x03, 0xFF, 0x04, 0x03, 0x03, 0xFF,
  0x04, 0x03, 0x03, 0xFF, 0x04, 0x03, 0x03, 0xFF, 0x04, 0x03, 0x03, 0xFF, 0x04, 0x03, 0x03, 0xFF, 0x04, 0x03, 0x03, 0xFF, 0x04, 0x03, 0x03, 0xFF,
  0x04, 0x03, 0x03, 0xFF, 0x04, 0x03, 0x03, 0xFF, 0x04, 0x03, 0x03, 0xFF, 0x04, 0x03, 0x03, 0xFF, 0x04, 0x03, 0x03, 0xFF, 0x04, 0x03, 0x03, 0xFF,
  0x04, 0x03, 0x03, 0xFF, 0x04, 0x03, 0x03, 0xFF, 0x04, 0x03, 0x03, 0xFF, 0x04, 0x03, 0x03, 0xFF, 0x04, 0x03, 0x03, 0xFF, 0x04, 0x03, 0x03, 0xFF,
  0x04, 0x03, 0x03, 0xFF, 0x04, 0x03, 0x03, 0xFF, 0x04, 0x03, 0x03, 0xFF, 0x04, 0x03, 0x03, 0xFF, 0x04, 0x03, 0x03, 0xFF, 0x04, 0x03, 0x03, 0xFF,
  0x04, 0x03, 0x03, 0xFF, 0x04, 0x03, 0x03, 0xFF, 0x04, 0x03, 0x03, 0xFF, 0x04, 0x03, 0x03, 0xFF, 0x04, 0x03, 0x03, 0xFF, 0x04, 0x03, 0x03, 0xFF,
  0x04, 0x03, 0x03, 0xFF, 0x04, 0x03, 0x03, 0xFF, 0x04, 0x03, 0x03, 0xFF, 0x04, 0x03, 0x03, 0xFF, 0x04, 0x03, 0x03, 0xFF, 0x04, 0x03, 0x03, 0xFF,
  0x04, 0x03, 0x03, 0xFF, 0x04, 0x03, 0x03, 0xFF, 0x04, 0x03, 0x03, 0xFF, 0x04, 0x03, 0x03, 0xFF, 0x04, 0x03, 0x03, 0xFF, 0x04, 0x03, 0x03, 0xFF,
  0x04, 0x03, 0x03, 0xFF, 0x04, 0x03, 0x03, 0xFF, 0x04, 0x03, 0x03, 0xFF, 0x04, 0x03, 0x03, 0xFF, 0x04, 0x03, 0x03, 0xFF, 0x04, 0x03, 0x03, 0xFF,
  0x04, 0x03, 0x03, 0xFF, 0x04, 0x03, 0x03, 0xFF, 0x04, 0x03, 0x03, 0xFF, 0x04, 0x03, 0x03, 0xFF, 0x04, 0x03, 0x03, 0xFF, 0x04, 0x03, 0x03, 0xFF,
  0x04, 0x03, 0x03, 0xFF, 0x04, 0x03, 0x03, 0xFF, 0x04, 0x03, 0x03, 0xFF, 0x04, 0x03, 0x03, 0xFF, 0x04, 0x03, 0x03, 0xFF, 0x04, 0x03, 0x03, 0xFF,
  0x04, 0x03, 0x03, 0xFF, 0x04, 0x03, 0x03, 0xFF, 0x04, 0x03, 0x03, 0xFF, 0x04, 0x03, 0x03, 0xFF, 0x04, 0x03, 0x03, 0xFF, 0x04, 0x03, 0x03, 0xFF,
  0x04, 0x03, 0x03, 0xFF, 0x04, 0x03, 0x03, 0xFF, 0x04, 0x03, 0x03, 0xFF, 0x04, 0x03, 0x03, 0xFF, 0x04, 0x03, 0x03, 0xFF, 0x04, 0x03, 0x03, 0xFF,
  0x04, 0x03, 0x03, 0xFF, 0x04, 0x03, 0x03, 0xFF, 0x04, 0x03, 0x03, 0xFF, 0x04, 0x03, 0x03, 0xFF, 0x04, 0x03, 0x03, 0xFF, 0x04, 0x03, 0x03, 0xFF,
  0x04, 0x03, 0x03, 0xFF, 0x04, 0x03, 0x03, 0xFF, 0x04, 0x03, 0x03, 0xFF, 0x04, 0x03, 0x03, 0xFF, 0x04, 0x03, 0x03, 0xFF, 0x04, 0x03, 0x03, 0xFF,
  0x04, 0x03, 0x03, 0xFF, 0x04, 0x03, 0x03, 0xFF, 0x04, 0x03, 0x03, 0xFF, 0x04, 0x03, 0x03, 0xFF, 0x04, 0x03, 0x03, 0xFF, 0x04, 0x03, 0x03, 0xFF,
  0x04, 0x03, 0x03, 0xFF, 0x04, 0x03, 0x03, 0xFF, 0x04, 0x03, 0x03, 0xFF, 0x04, 0x03, 0x03, 0xFF, 0x04, 0x03, 0x03, 0xFF, 0x04, 0x03, 0x03, 0xFF,
  0x04, 0x03, 0x03, 0xFF, 0x04, 0x03, 0x03, 0xFF, 0x04, 0x03, 0x03, 0xFF, 0x04, 0x03, 0x03, 0xFF, 0x04, 0x03, 0x03, 0xFF, 0x04, 0x03, 0x03, 0xFF,
  0x04, 0x03, 0x03, 0xFF, 0x04, 0x03, 0x03, 0xFF, 0x04, 0x03, 0x03, 0xFF, 0x04, 0x03, 0x03, 0xFF, 0x04, 0x03, 0x03, 0xFF, 0x04, 0x03, 0x03, 0xFF,
  0x04, 0x03, 0x03, 0xFF, 0x04, 0x03, 0x03, 0xFF, 0x04, 0x03, 0x03, 0xFF, 0x04, 0x03, 0x03, 0xFF, 0x04, 0x03, 0x03, 0xFF, 0x04, 0x03, 0x03, 0xFF,
  0x04, 0x03, 0x03, 0xFF, 0x04, 0x03, 0x03, 0xFF, 0x04, 0x03, 0x03, 0xFF, 0x04, 0x03, 0x03, 0xFF, 0x04, 0x03, 0x03, 0xFF, 0x04, 0x03, 0x03, 0xFF,
  0x04, 0x03, 0x03, 0xFF, 0x04, 0x03, 0x03, 0xFF, 0x04, 0x03, 0x03, 0xFF, 0x04, 0x03, 0x03, 0xFF, 0x04, 0x03, 0x03, 0xFF, 0x04, 0x03, 0x03, 0xFF,
  0x04, 0x03, 0x03, 0xFF, 0x04, 0x03, 0x03, 0xFF, 0x04, 0x03, 0x03, 0xFF, 0x04, 0x03, 0x03, 0xFF, 0x04, 0x03, 0x03, 0xFF, 0x04, 0x03, 0x03, 0xFF,
  0x04, 0x03, 0x03, 0xFF, 0x04, 0x03, 0x03, 0xFF, 0x04, 0x03, 0x03, 0xFF, 0x04, 0x03, 0x03, 0xFF, 0x04, 0x03, 0x03, 0xFF, 0x04, 0x03, 0x03, 0xFF,
  0x04, 0x03, 0x03, 0xFF, 0x04, 0x03, 0x03, 0xFF, 0x04, 0x03, 0x03, 0xFF, 0x04, 0x03, 0x03, 0xFF, 0x04, 0x03, 0x03, 0xFF, 0x04, 0x03, 0x03, 0xFF,
  0x04, 0x03, 0x03, 0xFF, 0x04, 0x03, 0x03, 0xFF, 0x04, 0x03, 0x03, 0xFF, 0x04, 0x03, 0x03, 0xFF, 0x04, 0x03, 0x03, 0xFF, 0x04, 0x03, 0x03, 0xFF,
  0x04, 0x03, 0x03, 0xFF, 0x04, 0x03, 0x03, 0xFF, 0x04, 0x03, 0x03, 0xFF, 0x04, 0x03, 0x03, 0xFF, 0x04, 0x03, 0x03, 0xFF, 0x04, 0x03, 0x03, 0xFF,
  0x04, 0x03, 0x03, 0xFF, 0x04, 0x03, 0x03, 0xFF, 0x04, 0x03, 0x03, 0xFF, 0x04, 0x03, 0x03, 0xFF, 0x04, 0x03, 0x03, 0xFF, 0x04, 0x03, 0x03, 0xFF,
  0x04, 0x03, 0x03, 0xFF, 0x04, 0x03, 0x03, 0xFF, 0x04, 0x03, 0x03, 0xFF, 0x04, 0x03, 0x03, 0xFF, 0x04, 0x03, 0x03, 0xFF, 0x04, 0x03, 0x03, 0xFF,
  0x04, 0x03, 0x03, 0xFF, 0x04, 0x03, 0x03, 0xFF, 0x04, 0x03, 0x03, 0xFF, 0x04, 0x03, 0x03, 0xFF, 0x04, 0x03, 0x03, 0xFF, 0x04, 0x03, 0x03, 0xFF,
  0x04, 0x03, 0x03, 0xFF, 0x04, 0x03, 0x03, 0xFF, 0x04, 0x03, 0x03, 0xFF, 0x04, 0x03, 0x03, 0xFF, 0x04, 0x03, 0x03, 0xFF, 0x04, 0x03, 0x03, 0xFF,
  0x04, 0x03, 0x03, 0xFF, 0x04, 0x03, 0x03, 0xFF, 0x04, 0x03, 0x03, 0xFF, 0x04, 0x03, 0x03, 0xFF, 0x04, 0x03, 0x03, 0xFF, 0x04, 0x03, 0x03, 0xFF,
  0x04, 0x03, 0x03, 0xFF, 0x04, 0x03, 0x03, 0xFF, 0x04, 0x03, 0x03, 0xFF, 0x04, 0x03, 0x03, 0xFF, 0x04, 0x03, 0x03, 0xFF, 0x04, 0x03, 0x03, 0xFF,
  0x04, 0x03, 0x03, 0xFF, 0x04, 0x03, 0x03, 0xFF, 0x04, 0x03, 0x03, 0xFF, 0x04, 0x03, 0x03, 0xFF, 0x04, 0x03, 0x03, 0xFF, 0x04, 0x03, 0x03, 0xFF,
  0x04, 0x03, 0x03, 0xFF, 0x04, 0x03, 0x03, 0xFF, 0x04, 0x03, 0x03, 0xFF, 0x04, 0x03, 0x03, 0xFF, 0x04, 0x03, 0x03, 0xFF, 0x04, 0x03, 0x03, 0xFF,
  0x04, 0x03, 0x03, 0xFF, 0x04, 0x03, 0x03, 0xFF, 0x04, 0x03, 0x03, 0xFF, 0x04, 0x03, 0x03, 0xFF, 0x04, 0x03, 0x03, 0xFF, 0x04, 0x03, 0x03, 0xFF,
  0x04, 0x03, 0x03, 0xFF, 0x04, 0x03, 0x03, 0xFF, 0x04, 0x03, 0x03, 0xFF, 0x04, 0x03, 0x03, 0xFF, 0x04, 0x03, 0x03, 0xFF, 0x04, 0x03, 0x03, 0xFF,
  0x04, 0x03, 0x03, 0xFF, 0x04, 0x03, 0x03, 0xFF, 0x04, 0x03, 0x03, 0xFF, 0x04, 0x03, 0x03, 0xFF, 0x04, 0x03, 0x03, 0xFF, 0x04, 0x03, 0x03, 0xFF,
  0x04, 0x03, 0x03, 0xFF, 0x04, 0x03, 0x03, 0xFF, 0x04, 0x03, 0x03, 0xFF, 0x04, 0x03, 0x03, 0xFF, 0x04, 0x03, 0x03, 0xFF, 0x04, 0x03, 0x03, 0xFF,
  0x04, 0x03, 0x03, 0xFF, 0x04, 0x03, 0x03, 0xFF, 0x04, 0x03, 0x03, 0xFF, 0x04, 0x03, 0x03, 0xFF, 0x04, 0x03, 0x03, 0xFF, 0x04, 0x03, 0x03, 0xFF,
  0x04, 0x03, 0x03, 0xFF, 0x04, 0x03, 0x03, 0xFF, 0x04, 0x03, 0x03, 0xFF, 0x04, 0x03, 0x03, 0xFF, 0x04, 0x03, 0x03, 0xFF, 0x04, 0x03, 0x03, 0xFF,
  0x04, 0x03, 0x03, 0xFF, 0x04, 0x03, 0x03, 0xFF, 0x04, 0x03, 0x03, 0xFF, 0x04, 0x03, 0x03, 0xFF, 0x04, 0x03, 0x03, 0xFF, 0x04, 0x03, 0x03, 0xFF,
  0x04, 0x03, 0x03, 0xFF, 0x04, 0x03, 0x03, 0xFF, 0x04, 0x03, 0x03, 0xFF, 0x04, 0x03, 0x03, 0xFF, 0x04, 0x03, 0x03, 0xFF, 0x04, 0x03, 0x03, 0xFF,
  0x04, 0x03, 0x03, 0xFF, 0x04, 0x03, 0x03, 0xFF, 0x04, 0x03, 0x03, 0xFF, 0x04, 0x03, 0x03, 0xFF, 0x04, 0x03, 0x03, 0xFF, 0x04, 0x03, 0x03, 0xFF,
  0x04, 0x03, 0x03, 0xFF, 0x04, 0x03, 0x03, 0xFF, 0x04, 0x03, 0x03, 0xFF, 0x04, 0x03, 0x03, 0xFF, 0x04, 0x03, 0x03, 0xFF, 0x04, 0x03, 0x03, 0xFF,
  0x04, 0x03, 0x03, 0xFF, 0x04, 0x03, 0x03, 0xFF, 0x04, 0x03, 0x03, 0xFF, 0x04, 0x03, 0x03, 0xFF, 0x04, 0x03, 0x03, 0xFF, 0x04, 0x03, 0x03, 0xFF,
  0x04, 0x03, 0x03, 0xFF, 0x04, 0x03, 0x03, 0xFF, 0x04, 0x03, 0x03, 0xFF, 0x04, 0x03, 0x03, 0xFF, 0x04, 0x03, 0x03, 0xFF, 0x04, 0x03, 0x03, 0xFF,
  0x04, 0x03, 0x03, 0xFF, 0x04, 0x03, 0x03, 0xFF, 0x04, 0x03, 0x03, 0xFF, 0x04, 0x03, 0x03, 0xFF, 0x04, 0x03, 0x03, 0xFF, 0x04, 0x03, 0x03, 0xFF,
  0x04, 0x03, 0x03, 0xFF, 0x04, 0x03, 0x03, 0xFF, 0x04, 0x03, 0x03, 0xFF, 0x04, 0x03, 0x03, 0xFF, 0x04, 0x03, 0x03, 0xFF, 0x04, 0x03, 0x03, 0xFF,
  0x04, 0x03, 0x03, 0xFF, 0x04, 0x03, 0x03, 0xFF, 0x04, 0x03, 0x03, 0xFF, 0x04, 0x03, 0x03, 0xFF, 0x04, 0x03, 0x03, 0xFF, 0x04, 0x03, 0x03, 0xFF,
  0x04, 0x03, 0x03, 0xFF, 0x04, 0x03, 0x03, 0xFF, 0x04, 0x03, 0x03, 0xFF, 0x04, 0x03, 0x03, 0xFF, 0x04, 0x03, 0x03, 0xFF, 0x04, 0x03, 0x03, 0xFF,
  0x04, 0x03, 0x03, 0xFF, 0x04, 0x03, 0x03, 0xFF, 0x04, 0x03, 0x03, 0xFF, 0x04, 0x03, 0x03, 0xFF, 0x04, 0x03, 0x03, 0xFF, 0x04, 0x03, 0x03, 0xFF,
  0x04, 0x03, 0x03, 0xFF, 0x04, 0x03, 0x03, 0xFF, 0x04, 0x03, 0x03, 0xFF, 0x04, 0x03, 0x03, 0xFF, 0x04, 0x03, 0x03, 0xFF, 0x04, 0x03, 0x03, 0xFF,
  0x04, 0x03, 0x03, 0xFF, 0x04, 0x03, 0x03, 0xFF, 0x04, 0x03, 0x03, 0xFF, 0x04, 0x03, 0x03, 0xFF, 0x04, 0x03, 0x03, 0xFF, 0x04, 0x03, 0x03, 0xFF,
  0x04, 0x03, 0x03, 0xFF, 0x04, 0x03, 0x03, 0xFF, 0x04, 0x03, 0x03, 0xFF, 0x04, 0x03, 0x03, 0xFF, 0x04, 0x03, 0x03, 0xFF, 0x04, 0x03, 0x03, 0xFF,
  0x04, 0x03, 0x03, 0xFF, 0x04, 0x03, 0x03, 0xFF, 0x04, 0x03, 0x03, 0xFF, 0x04, 0x03, 0x03, 0xFF, 0x04, 0x03, 0x03, 0xFF, 0x04, 0x03, 0x03, 0xFF,
  0x04, 0x03, 0x03, 0xFF, 0x04, 0x03, 0x03, 0xFF, 0x04, 0x03, 0x03, 0xFF, 0x04, 0x03, 0x03, 0xFF, 0x04, 0x03, 0x03, 0xFF, 0x04, 0x03, 0x03, 0xFF,
  0x04, 0x03, 0x03, 0xFF, 0x04, 0x03, 0x03, 0xFF, 0x04, 0x03, 0x03, 0xFF, 0x04, 0x03, 0x03, 0xFF, 0x04, 0x03, 0x03, 0xFF, 0x04, 0x03, 0x03, 0xFF,
  0x04, 0x03, 0x03, 0xFF, 0x04, 0x03, 0x03, 0xFF, 0x04, 0x03, 0x03, 0xFF, 0x04, 0x03, 0x03, 0xFF, 0x04, 0x03, 0x03, 0xFF, 0x04, 0x03, 0x03, 0xFF,
  0x04, 0x03, 0x03, 0xFF, 0x04, 0x03, 0x03, 0xFF, 0x04, 0x03, 0x03, 0xFF, 0x04, 0x03, 0x03, 0xFF, 0x04, 0x03, 0x03, 0xFF, 0x04, 0x03, 0x03, 0xFF,
  0x04, 0x03, 0x03, 0xFF, 0x04, 0x03, 0x03, 0xFF, 0x04, 0x03, 0x03, 0xFF, 0x04, 0x03, 0x03, 0xFF, 0x04, 0x03, 0x03, 0xFF, 0x04, 0x03, 0x03, 0xFF,
  0x04, 0x03, 0x03, 0xFF, 0x04, 0x03, 0x03, 0xFF, 0x04, 0x03, 0x03, 0xFF, 0x04, 0x03, 0x03, 0xFF, 0x04, 0x03, 0x03, 0xFF, 0x04, 0x03, 0x03, 0xFF,
  0x04, 0x03, 0x03, 0xFF, 0x04, 0x03, 0x03, 0xFF, 0x04, 0x03, 0x03, 0xFF, 0x04, 0x03, 0x03, 0xFF, 0x04, 0x03, 0x03, 0xFF, 0x04, 0x03, 0x03, 0xFF,
  0x04, 0x03, 0x03, 0xFF, 0x04, 0x03, 0x03, 0xFF, 0x04, 0x03, 0x03, 0xFF, 0x04, 0x03, 0x03, 0xFF, 0x04, 0x03, 0x03, 0xFF, 0x04, 0x03, 0x03, 0xFF,
  0x04, 0x03, 0x03, 0xFF, 0x04, 0x03, 0x03, 0xFF, 0x04, 0x03, 0x03, 0xFF, 0x04, 0x03, 0x03, 0xFF, 0x04, 0x03, 0x03, 0xFF, 0x04, 0x03, 0x03, 0xFF,
  0x04, 0x03, 0x03, 0xFF, 0x04, 0x03, 0x03, 0xFF, 0x04, 0x03, 0x03, 0xFF, 0x04, 0x03, 0x03, 0xFF, 0x04, 0x03, 0x03, 0xFF, 0x04, 0x03, 0x03, 0xFF,
  0x04, 0x03, 0x03, 0xFF, 0x04, 0x03, 0x03, 0xFF, 0x04, 0x03, 0x03, 0xFF, 0x04, 0x03, 0x03, 0xFF, 0x04, 0x03, 0x03, 0xFF, 0x04, 0x03, 0x03, 0xFF,
  0x04, 0x03, 0x03, 0xFF, 0x04, 0x03, 0x03, 0xFF, 0x04, 0x03, 0x03, 0xFF, 0x04, 0x03, 0x04, 0xFF, 0x04, 0x03, 0x04, 0xFF, 0x04, 0x03, 0x04, 0xFF,
  0x04, 0x03, 0x03, 0xFF, 0x04, 0x03, 0x03, 0xFF, 0x04, 0x03, 0x03, 0xFF, 0x04, 0x03, 0x03, 0xFF, 0x04, 0x03, 0x03, 0xFF, 0x04, 0x03, 0x03, 0xFF,
  0x04, 0x03, 0x03, 0xFF, 0x04, 0x03, 0x03, 0xFF, 0x04, 0x03, 0x03, 0xFF, 0x04, 0x03, 0x03, 0xFF, 0x04, 0x03, 0x03, 0xFF, 0x04, 0x03, 0x03, 0xFF,
  0x04, 0x03, 0x03, 0xFF, 0x04, 0x03, 0x03, 0xFF, 0x04, 0x03, 0x03, 0xFF, 0x04, 0x03, 0x03, 0xFF, 0x04, 0x03, 0x03, 0xFF, 0x04, 0x03, 0x03, 0xFF,
  0x04, 0x03, 0x03, 0xFF, 0x04, 0x03, 0x03, 0xFF, 0x04, 0x03, 0x03, 0xFF, 0x04, 0x03, 0x03, 0xFF, 0x04, 0x03, 0x03, 0xFF, 0x04, 0x03, 0x03, 0xFF,
  0x04, 0x03, 0x03, 0xFF, 0x04, 0x03, 0x03, 0xFF, 0x04, 0x03, 0x03, 0xFF, 0x04, 0x03, 0x03, 0xFF, 0x04, 0x03, 0x03, 0xFF, 0x04, 0x03, 0x03, 0xFF,
  0x04, 0x03, 0x03, 0xFF, 0x04, 0x03, 0x03, 0xFF, 0x04, 0x03, 0x03, 0xFF, 0x04, 0x03, 0x03, 0xFF, 0x04, 0x03, 0x03, 0xFF, 0x04, 0x03, 0x03, 0xFF,
  0x04, 0x03, 0x03, 0xFF, 0x04, 0x03, 0x03, 0xFF, 0x04, 0x03, 0x03, 0xFF, 0x04, 0x03, 0x03, 0xFF, 0x04, 0x03, 0x03, 0xFF, 0x04, 0x03, 0x03, 0xFF,
  0x04, 0x03, 0x03, 0xFF, 0x04, 0x03, 0x03, 0xFF, 0x04, 0x03, 0x03, 0xFF, 0x04, 0x03, 0x03, 0xFF, 0x04, 0x03, 0x03, 0xFF, 0x04, 0x03, 0x03, 0xFF,
  0x04, 0x03, 0x03, 0xFF, 0x04, 0x03, 0x03, 0xFF, 0x04, 0x03, 0x03, 0xFF, 0x04, 0x03, 0x03, 0xFF, 0x04, 0x03, 0x03, 0xFF, 0x04, 0x03, 0x03, 0xFF,
  0x04, 0x03, 0x03, 0xFF, 0x04, 0x03, 0x03, 0xFF, 0x04, 0x03, 0x03, 0xFF, 0x04, 0x03, 0x03, 0xFF, 0x04, 0x03, 0x03, 0xFF, 0x04, 0x03, 0x03, 0xFF,
  0x04, 0x03, 0x03, 0xFF, 0x04, 0x03, 0x03, 0xFF, 0x04, 0x03, 0x03, 0xFF, 0x04, 0x03, 0x03, 0xFF, 0x04, 0x03, 0x03, 0xFF, 0x04, 0x03, 0x03, 0xFF,
  0x04, 0x03, 0x03, 0xFF, 0x04, 0x03, 0x03, 0xFF, 0x04, 0x03, 0x03, 0xFF, 0x04, 0x03, 0x03, 0xFF, 0x04, 0x03, 0x03, 0xFF, 0x04, 0x03, 0x03, 0xFF,
  0x04, 0x03, 0x03, 0xFF, 0x04, 0x03, 0x03, 0xFF, 0x04, 0x03, 0x03, 0xFF, 0x04, 0x03, 0x03, 0xFF, 0x04, 0x03, 0x03, 0xFF, 0x04, 0x03, 0x03, 0xFF,
  0x04, 0x03, 0x03, 0xFF, 0x04, 0x03, 0x03, 0xFF, 0x04, 0x03, 0x03, 0xFF, 0x04, 0x03, 0x03, 0xFF, 0x04, 0x03, 0x03, 0xFF, 0x04, 0x03, 0x03, 0xFF,
  0x04, 0x03, 0x03, 0xFF, 0x04, 0x03, 0x03, 0xFF, 0x04, 0x03, 0x03, 0xFF, 0x04, 0x03, 0x03, 0xFF, 0x04, 0x03, 0x03, 0xFF, 0x04, 0x03, 0x03, 0xFF,
  0x04, 0x03, 0x03, 0xFF, 0x04, 0x03, 0x03, 0xFF, 0x04, 0x03, 0x03, 0xFF, 0x04, 0x03, 0x03, 0xFF, 0x04, 0x03, 0x03, 0xFF, 0x04, 0x03, 0x03, 0xFF,
  0x04, 0x03, 0x03, 0xFF, 0x04, 0x03, 0x03, 0xFF, 0x04, 0x03, 0x03, 0xFF, 0x04, 0x03, 0x03, 0xFF, 0x04, 0x03, 0x03, 0xFF, 0x04, 0x03, 0x03, 0xFF,
  0x04, 0x03, 0x03, 0xFF, 0x04, 0x03, 0x03, 0xFF, 0x04, 0x03, 0x03, 0xFF, 0x04, 0x03, 0x03, 0xFF, 0x04, 0x03, 0x03, 0xFF, 0x04, 0x03, 0x03, 0xFF,
  0x04, 0x03, 0x03, 0xFF, 0x04, 0x03, 0x03, 0xFF, 0x04, 0x03, 0x03, 0xFF, 0x04, 0x03, 0x03, 0xFF, 0x04, 0x03, 0x03, 0xFF, 0x04, 0x03, 0x03, 0xFF,
  0x04, 0x03, 0x03, 0xFF, 0x04, 0x03, 0x03, 0xFF, 0x04, 0x03, 0x03, 0xFF, 0x04, 0x03, 0x03, 0xFF, 0x04, 0x03, 0x03, 0xFF, 0x04, 0x03, 0x03, 0xFF,
  0x04, 0x03, 0x03, 0xFF, 0x04, 0x03, 0x03, 0xFF, 0x04, 0x03, 0x03, 0xFF, 0x04, 0x03, 0x03, 0xFF, 0x04, 0x03, 0x03, 0xFF, 0x04, 0x03, 0x03, 0xFF,
  0x04, 0x03, 0x03, 0xFF, 0x04, 0x03, 0x03, 0xFF, 0x04, 0x03, 0x03, 0xFF, 0x04, 0x03, 0x03, 0xFF, 0x04, 0x03, 0x03, 0xFF, 0x04, 0x03, 0x03, 0xFF,
  0x04, 0x03, 0x03, 0xFF, 0x04, 0x03, 0x03, 0xFF, 0x04, 0x03, 0x03, 0xFF, 0x04, 0x03, 0x03, 0xFF, 0x04, 0x03, 0x03, 0xFF, 0x04, 0x03, 0x03, 0xFF,
  0x04, 0x03, 0x03, 0xFF, 0x04, 0x03, 0x03, 0xFF, 0x04, 0x03, 0x03, 0xFF, 0x04, 0x03, 0x03, 0xFF, 0x04, 0x03, 0x03, 0xFF, 0x04, 0x03, 0x03, 0xFF,
  0x04, 0x03, 0x03, 0xFF, 0x04, 0x03, 0x03, 0xFF, 0x04, 0x03, 0x03, 0xFF, 0x04, 0x03, 0x03, 0xFF, 0x04, 0x03, 0x03, 0xFF, 0x04, 0x03, 0x03, 0xFF,
  0x04, 0x03, 0x03, 0xFF, 0x04, 0x03, 0x03, 0xFF, 0x04, 0x03, 0x03, 0xFF, 0x04, 0x03, 0x03, 0xFF, 0x04, 0x03, 0x03, 0xFF, 0x04, 0x03, 0x03, 0xFF,
  0x04, 0x03, 0x03, 0xFF, 0x04, 0x03, 0x03, 0xFF, 0x04, 0x03, 0x03, 0xFF, 0x04, 0x03, 0x03, 0xFF, 0x04, 0x03, 0x03, 0xFF, 0x04, 0x03, 0x03, 0xFF,
  0x04, 0x03, 0x03, 0xFF, 0x04, 0x03, 0x03, 0xFF, 0x04, 0x03, 0x03, 0xFF, 0x04, 0x03, 0x03, 0xFF, 0x04, 0x03, 0x03, 0xFF, 0x04, 0x03, 0x03, 0xFF,
  0x04, 0x03, 0x03, 0xFF, 0x04, 0x03, 0x03, 0xFF, 0x04, 0x03, 0x03, 0xFF, 0x04, 0x03, 0x03, 0xFF, 0x04, 0x03, 0x03, 0xFF, 0x04, 0x03, 0x03, 0xFF,
  0x04, 0x03, 0x03, 0xFF, 0x04, 0x03, 0x03, 0xFF, 0x04, 0x03, 0x03, 0xFF, 0x04, 0x03, 0x03, 0xFF, 0x04, 0x03, 0x03, 0xFF, 0x04, 0x03, 0x03, 0xFF,
  0x04, 0x03, 0x03, 0xFF, 0x04, 0x03, 0x03, 0xFF, 0x04, 0x03, 0x03, 0xFF, 0x04, 0x03, 0x03, 0xFF, 0x04, 0x03, 0x03, 0xFF, 0x04, 0x03, 0x03, 0xFF,
  0x04, 0x03, 0x03, 0xFF, 0x04, 0x03, 0x03, 0xFF, 0x04, 0x03, 0x03, 0xFF, 0x04, 0x03, 0x03, 0xFF, 0x04, 0x03, 0x04, 0xFF, 0x04, 0x03, 0x04, 0xFF,
  0x04, 0x03, 0x03, 0xFF, 0x04, 0x03, 0x03, 0xFF, 0x04, 0x03, 0x03, 0xFF, 0x04, 0x03, 0x03, 0xFF, 0x04, 0x03, 0x03, 0xFF, 0x04, 0x03, 0x03, 0xFF,
  0x04, 0x03, 0x03, 0xFF, 0x04, 0x03, 0x03, 0xFF, 0x04, 0x03, 0x03, 0xFF, 0x04, 0x03, 0x03, 0xFF, 0x04, 0x03, 0x03, 0xFF, 0x04, 0x03, 0x03, 0xFF,
  0x04, 0x03, 0x03, 0xFF, 0x04, 0x03, 0x03, 0xFF, 0x04, 0x03, 0x03, 0xFF, 0x04, 0x03, 0x03, 0xFF, 0x04, 0x03, 0x03, 0xFF, 0x04, 0x03, 0x03, 0xFF,
  0x04, 0x03, 0x03, 0xFF, 0x04, 0x03, 0x03, 0xFF, 0x04, 0x03, 0x03, 0xFF, 0x04, 0x03, 0x03, 0xFF, 0x04, 0x03, 0x03, 0xFF, 0x04, 0x03, 0x03, 0xFF,
  0x04, 0x03, 0x03, 0xFF, 0x04, 0x03, 0x03, 0xFF, 0x04, 0x03, 0x03, 0xFF, 0x04, 0x03, 0x03, 0xFF, 0x04, 0x03, 0x03, 0xFF, 0x04, 0x03, 0x03, 0xFF,
  0x04, 0x03, 0x03, 0xFF, 0x04, 0x03, 0x03, 0xFF, 0x04, 0x03, 0x03, 0xFF, 0x04, 0x03, 0x03, 0xFF, 0x04, 0x03, 0x03, 0xFF, 0x04, 0x03, 0x03, 0xFF,
  0x04, 0x03, 0x03, 0xFF, 0x04, 0x03, 0x03, 0xFF, 0x04, 0x03, 0x03, 0xFF, 0x04, 0x03, 0x03, 0xFF, 0x04, 0x03, 0x03, 0xFF, 0x04, 0x03, 0x03, 0xFF,
  0x04, 0x03, 0x03, 0xFF, 0x04, 0x03, 0x03, 0xFF, 0x04, 0x03, 0x03, 0xFF, 0x04, 0x03, 0x03, 0xFF, 0x04, 0x03, 0x03, 0xFF, 0x04, 0x03, 0x03, 0xFF,
  0x04, 0x03, 0x03, 0xFF, 0x04, 0x03, 0x03, 0xFF, 0x04, 0x03, 0x03, 0xFF, 0x04, 0x03, 0x03, 0xFF, 0x04, 0x03, 0x03, 0xFF, 0x04, 0x03, 0x03, 0xFF,
  0x04, 0x03, 0x03, 0xFF, 0x04, 0x03, 0x03, 0xFF, 0x04, 0x03, 0x03, 0xFF, 0x04, 0x03, 0x03, 0xFF, 0x04, 0x03, 0x03, 0xFF, 0x04, 0x03, 0x03, 0xFF,
  0x04, 0x03, 0x03, 0xFF, 0x04, 0x03, 0x03, 0xFF, 0x04, 0x03, 0x03, 0xFF, 0x04, 0x03, 0x03, 0xFF, 0x04, 0x03, 0x03, 0xFF, 0x04, 0x03, 0x03, 0xFF,
  0x04, 0x03, 0x03, 0xFF, 0x04, 0x03, 0x03, 0xFF, 0x04, 0x03, 0x03, 0xFF, 0x04, 0x03, 0x03, 0xFF, 0x04, 0x03, 0x03, 0xFF, 0x04, 0x03, 0x03, 0xFF,
  0x04, 0x03, 0x03, 0xFF, 0x04, 0x03, 0x03, 0xFF, 0x04, 0x03, 0x03, 0xFF, 0x04, 0x03, 0x03, 0xFF, 0x04, 0x03, 0x03, 0xFF, 0x04, 0x03, 0x03, 0xFF,
  0x04, 0x03, 0x03, 0xFF, 0x04, 0x03, 0x03, 0xFF, 0x04, 0x03, 0x03, 0xFF, 0x04, 0x03, 0x03, 0xFF, 0x04, 0x03, 0x03, 0xFF, 0x04, 0x03, 0x03, 0xFF,
  0x04, 0x03, 0x03, 0xFF, 0x04, 0x03, 0x03, 0xFF, 0x04, 0x03, 0x04, 0xFF, 0x04, 0x03, 0x03, 0xFF, 0x04, 0x03, 0x03, 0xFF, 0x04, 0x03, 0x03, 0xFF,
  0x04, 0x03, 0x03, 0xFF, 0x04, 0x03, 0x03, 0xFF, 0x04, 0x03, 0x03, 0xFF, 0x04, 0x03, 0x03, 0xFF, 0x04, 0x03, 0x03, 0xFF, 0x04, 0x03, 0x03, 0xFF,
  0x04, 0x03, 0x03, 0xFF, 0x04, 0x03, 0x03, 0xFF, 0x04, 0x03, 0x03, 0xFF, 0x04, 0x03, 0x03, 0xFF, 0x04, 0x03, 0x03, 0xFF, 0x04, 0x03, 0x03, 0xFF,
  0x04, 0x03, 0x03, 0xFF, 0x04, 0x03, 0x04, 0xFF, 0x04, 0x03, 0x03, 0xFF, 0x04, 0x03, 0x03, 0xFF, 0x04, 0x03, 0x03, 0xFF, 0x04, 0x03, 0x03, 0xFF,
  0x04, 0x03, 0x03, 0xFF, 0x04, 0x03, 0x03, 0xFF, 0x04, 0x03, 0x03, 0xFF, 0x04, 0x03, 0x03, 0xFF, 0x04, 0x03, 0x03, 0xFF, 0x04, 0x03, 0x03, 0xFF,
  0x04, 0x03, 0x03, 0xFF, 0x04, 0x03, 0x03, 0xFF, 0x04, 0x03, 0x03, 0xFF, 0x04, 0x03, 0x03, 0xFF, 0x04, 0x03, 0x03, 0xFF, 0x04, 0x03, 0x03, 0xFF,
  0x04, 0x03, 0x03, 0xFF, 0x04, 0x03, 0x03, 0xFF, 0x04, 0x03, 0x03, 0xFF, 0x04, 0x03, 0x03, 0xFF, 0x04, 0x03, 0x03, 0xFF, 0x04, 0x03, 0x03, 0xFF,
  0x04, 0x03, 0x03, 0xFF, 0x04, 0x03, 0x03, 0xFF, 0x04, 0x03, 0x03, 0xFF, 0x04, 0x03, 0x03, 0xFF, 0x04, 0x03, 0x03, 0xFF, 0x04, 0x03, 0x03, 0xFF,
  0x04, 0x03, 0x03, 0xFF, 0x04, 0x03, 0x03, 0xFF, 0x04, 0x03, 0x03, 0xFF, 0x04, 0x03, 0x03, 0xFF, 0x04, 0x03, 0x03, 0xFF, 0x04, 0x03, 0x03, 0xFF,
  0x04, 0x03, 0x03, 0xFF, 0x04, 0x03, 0x03, 0xFF, 0x04, 0x03, 0x03, 0xFF, 0x04, 0x03, 0x03, 0xFF, 0x04, 0x03, 0x03, 0xFF, 0x04, 0x03, 0x03, 0xFF,
  0x04, 0x03, 0x03, 0xFF, 0x04, 0x03, 0x03, 0xFF, 0x04, 0x03, 0x03, 0xFF, 0x04, 0x03, 0x03, 0xFF, 0x04, 0x03, 0x03, 0xFF, 0x04, 0x03, 0x03, 0xFF,
  0x04, 0x03, 0x03, 0xFF, 0x04, 0x03, 0x03, 0xFF, 0x04, 0x03, 0x03, 0xFF, 0x04, 0x03, 0x03, 0xFF, 0x04, 0x03, 0x03, 0xFF, 0x04, 0x03, 0x03, 0xFF,
  0x04, 0x03, 0x03, 0xFF, 0x04, 0x03, 0x03, 0xFF, 0x04, 0x03, 0x03, 0xFF, 0x04, 0x03, 0x03, 0xFF, 0x04, 0x03, 0x03, 0xFF, 0x04, 0x03, 0x03, 0xFF,
  0x04, 0x03, 0x03, 0xFF, 0x04, 0x03, 0x03, 0xFF, 0x04, 0x03, 0x03, 0xFF, 0x04, 0x03, 0x03, 0xFF, 0x04, 0x03, 0x03, 0xFF, 0x04, 0x03, 0x03, 0xFF,
  0x04, 0x03, 0x03, 0xFF, 0x04, 0x03, 0x03, 0xFF, 0x04, 0x03, 0x03, 0xFF, 0x04, 0x03, 0x03, 0xFF, 0x04, 0x03, 0x03, 0xFF, 0x04, 0x03, 0x03, 0xFF,
  0x04, 0x03, 0x03, 0xFF, 0x04, 0x03, 0x03, 0xFF, 0x04, 0x03, 0x03, 0xFF, 0x04, 0x03, 0x03, 0xFF, 0x04, 0x03, 0x03, 0xFF, 0x04, 0x03, 0x03, 0xFF,
  0x04, 0x03, 0x03, 0xFF, 0x04, 0x03, 0x03, 0xFF, 0x04, 0x03, 0x04, 0xFF, 0x04, 0x03, 0x03, 0xFF, 0x04, 0x03, 0x03, 0xFF, 0x04, 0x03, 0x03, 0xFF,
  0x04, 0x03, 0x03, 0xFF, 0x04, 0x03, 0x03, 0xFF, 0x04, 0x03, 0x03, 0xFF, 0x04, 0x03, 0x04, 0xFF, 0x04, 0x03, 0x03, 0xFF, 0x04, 0x03, 0x04, 0xFF,
  0x04, 0x03, 0x04, 0xFF, 0x04, 0x03, 0x04, 0xFF, 0x04, 0x03, 0x04, 0xFF, 0x04, 0x03, 0x03, 0xFF, 0x04, 0x03, 0x03, 0xFF, 0x04, 0x03, 0x03, 0xFF,
  0x04, 0x03, 0x03, 0xFF, 0x04, 0x03, 0x03, 0xFF, 0x04, 0x03, 0x03, 0xFF, 0x04, 0x03, 0x03, 0xFF, 0x04, 0x03, 0x03, 0xFF, 0x04, 0x03, 0x03, 0xFF,
  0x04, 0x03, 0x03, 0xFF, 0x04, 0x03, 0x03, 0xFF, 0x04, 0x03, 0x03, 0xFF, 0x04, 0x03, 0x03, 0xFF, 0x04, 0x03, 0x03, 0xFF, 0x04, 0x03, 0x03, 0xFF,
  0x04, 0x03, 0x03, 0xFF, 0x04, 0x03, 0x03, 0xFF, 0x04, 0x03, 0x03, 0xFF, 0x04, 0x03, 0x03, 0xFF, 0x04, 0x03, 0x03, 0xFF, 0x04, 0x03, 0x03, 0xFF,
  0x04, 0x03, 0x03, 0xFF, 0x04, 0x03, 0x03, 0xFF, 0x04, 0x03, 0x03, 0xFF, 0x04, 0x03, 0x03, 0xFF, 0x04, 0x03, 0x04, 0xFF, 0x04, 0x03, 0x03, 0xFF,
  0x04, 0x03, 0x03, 0xFF, 0x04, 0x03, 0x03, 0xFF, 0x04, 0x03, 0x03, 0xFF, 0x04, 0x03, 0x03, 0xFF, 0x04, 0x03, 0x03, 0xFF, 0x04, 0x03, 0x03, 0xFF,
  0x04, 0x03, 0x03, 0xFF, 0x04, 0x03, 0x03, 0xFF, 0x04, 0x03, 0x03, 0xFF, 0x04, 0x03, 0x03, 0xFF, 0x04, 0x03, 0x03, 0xFF, 0x04, 0x03, 0x03, 0xFF,
  0x04, 0x03, 0x03, 0xFF, 0x04, 0x03, 0x03, 0xFF, 0x04, 0x03, 0x03, 0xFF, 0x04, 0x03, 0x03, 0xFF, 0x04, 0x03, 0x03, 0xFF, 0x04, 0x03, 0x03, 0xFF,
  0x04, 0x03, 0x03, 0xFF, 0x04, 0x03, 0x03, 0xFF, 0x04, 0x03, 0x03, 0xFF, 0x04, 0x03, 0x03, 0xFF, 0x04, 0x03, 0x03, 0xFF, 0x04, 0x03, 0x03, 0xFF,
  0x04, 0x03, 0x03, 0xFF, 0x04, 0x03, 0x03, 0xFF, 0x04, 0x03, 0x03, 0xFF, 0x04, 0x03, 0x03, 0xFF, 0x04, 0x03, 0x03, 0xFF, 0x04, 0x03, 0x03, 0xFF,
  0x04, 0x03, 0x03, 0xFF, 0x04, 0x03, 0x03, 0xFF, 0x04, 0x03, 0x03, 0xFF, 0x04, 0x03, 0x03, 0xFF, 0x04, 0x03, 0x03, 0xFF, 0x04, 0x03, 0x03, 0xFF,
  0x04, 0x03, 0x03, 0xFF, 0x04, 0x03, 0x03, 0xFF, 0x04, 0x03, 0x03, 0xFF, 0x04, 0x03, 0x03, 0xFF, 0x04, 0x03, 0x03, 0xFF, 0x04, 0x03, 0x03, 0xFF,
  0x04, 0x03, 0x03, 0xFF, 0x04, 0x03, 0x03, 0xFF, 0x04, 0x03, 0x03, 0xFF, 0x04, 0x03, 0x03, 0xFF, 0x04, 0x03, 0x03, 0xFF, 0x04, 0x03, 0x03, 0xFF,
  0x04, 0x03, 0x03, 0xFF, 0x04, 0x03, 0x03, 0xFF, 0x04, 0x03, 0x03, 0xFF, 0x04, 0x03, 0x03, 0xFF, 0x04, 0x03, 0x03, 0xFF, 0x04, 0x03, 0x03, 0xFF,
  0x04, 0x03, 0x03, 0xFF, 0x04, 0x03, 0x03, 0xFF, 0x04, 0x03, 0x03, 0xFF, 0x04, 0x03, 0x03, 0xFF, 0x04, 0x03, 0x03, 0xFF, 0x04, 0x03, 0x03, 0xFF,
  0x04, 0x03, 0x03, 0xFF, 0x04, 0x03, 0x03, 0xFF, 0x04, 0x03, 0x03, 0xFF, 0x04, 0x03, 0x03, 0xFF, 0x04, 0x03, 0x03, 0xFF, 0x04, 0x03, 0x03, 0xFF,
  0x04, 0x03, 0x03, 0xFF, 0x04, 0x03, 0x03, 0xFF, 0x04, 0x03, 0x03, 0xFF, 0x04, 0x03, 0x03, 0xFF, 0x04, 0x03, 0x03, 0xFF, 0x04, 0x03, 0x03, 0xFF,
  0x04, 0x03, 0x04, 0xFF, 0x04, 0x03, 0x04, 0xFF, 0x04, 0x03, 0x03, 0xFF, 0x04, 0x03, 0x03, 0xFF, 0x04, 0x03, 0x03, 0xFF, 0x04, 0x03, 0x03, 0xFF,
  0x04, 0x03, 0x03, 0xFF, 0x04, 0x03, 0x03, 0xFF, 0x04, 0x03, 0x03, 0xFF, 0x04, 0x03, 0x03, 0xFF, 0x04, 0x03, 0x03, 0xFF, 0x04, 0x03, 0x03, 0xFF,
  0x04, 0x03, 0x03, 0xFF, 0x04, 0x03, 0x03, 0xFF, 0x04, 0x03, 0x03, 0xFF, 0x04, 0x03, 0x04, 0xFF, 0x04, 0x03, 0x04, 0xFF, 0x04, 0x03, 0x04, 0xFF,
  0x04, 0x03, 0x04, 0xFF, 0x04, 0x03, 0x04, 0xFF, 0x04, 0x03, 0x04, 0xFF, 0x04, 0x03, 0x04, 0xFF, 0x04, 0x03, 0x04, 0xFF, 0x04, 0x03, 0x03, 0xFF,
  0x04, 0x03, 0x03, 0xFF, 0x04, 0x03, 0x03, 0xFF, 0x04, 0x03, 0x03, 0xFF, 0x04, 0x03, 0x04, 0xFF, 0x04, 0x03, 0x04, 0xFF, 0x04, 0x03, 0x03, 0xFF,
  0x04, 0x03, 0x03, 0xFF, 0x04, 0x03, 0x03, 0xFF, 0x04, 0x03, 0x03, 0xFF, 0x04, 0x03, 0x03, 0xFF, 0x04, 0x03, 0x03, 0xFF, 0x04, 0x03, 0x03, 0xFF,
  0x04, 0x03, 0x04, 0xFF, 0x04, 0x03, 0x04, 0xFF, 0x04, 0x03, 0x03, 0xFF, 0x04, 0x03, 0x03, 0xFF, 0x04, 0x03, 0x03, 0xFF, 0x04, 0x03, 0x03, 0xFF,
  0x04, 0x03, 0x03, 0xFF, 0x04, 0x03, 0x04, 0xFF, 0x04, 0x03, 0x03, 0xFF, 0x04, 0x03, 0x03, 0xFF, 0x04, 0x03, 0x03, 0xFF, 0x04, 0x03, 0x03, 0xFF,
  0x04, 0x03, 0x03, 0xFF, 0x04, 0x03, 0x04, 0xFF, 0x04, 0x03, 0x03, 0xFF, 0x04, 0x03, 0x03, 0xFF, 0x04, 0x03, 0x03, 0xFF, 0x04, 0x03, 0x03, 0xFF,
  0x04, 0x03, 0x03, 0xFF, 0x04, 0x03, 0x03, 0xFF, 0x04, 0x03, 0x03, 0xFF, 0x04, 0x03, 0x03, 0xFF, 0x04, 0x03, 0x03, 0xFF, 0x04, 0x03, 0x03, 0xFF,
  0x04, 0x03, 0x03, 0xFF, 0x04, 0x03, 0x03, 0xFF, 0x04, 0x03, 0x03, 0xFF, 0x04, 0x03, 0x03, 0xFF, 0x04, 0x03, 0x03, 0xFF, 0x04, 0x03, 0x03, 0xFF,
  0x04, 0x03, 0x03, 0xFF, 0x04, 0x03, 0x03, 0xFF, 0x04, 0x03, 0x03, 0xFF, 0x04, 0x03, 0x03, 0xFF, 0x04, 0x03, 0x03, 0xFF, 0x04, 0x03, 0x03, 0xFF,
  0x04, 0x03, 0x03, 0xFF, 0x04, 0x03, 0x03, 0xFF, 0x04, 0x03, 0x03, 0xFF, 0x04, 0x03, 0x03, 0xFF, 0x04, 0x03, 0x04, 0xFF, 0x04, 0x03, 0x04, 0xFF,
  0x04, 0x03, 0x04, 0xFF, 0x04, 0x03, 0x04, 0xFF, 0x04, 0x03, 0x04, 0xFF, 0x04, 0x03, 0x04, 0xFF, 0x04, 0x03, 0x04, 0xFF, 0x04, 0x03, 0x04, 0xFF,
  0x04, 0x03, 0x04, 0xFF, 0x04, 0x03, 0x03, 0xFF, 0x04, 0x03, 0x03, 0xFF, 0x04, 0x03, 0x03, 0xFF, 0x04, 0x03, 0x03, 0xFF, 0x04, 0x03, 0x04, 0xFF,
  0x04, 0x03, 0x04, 0xFF, 0x04, 0x03, 0x04, 0xFF, 0x04, 0x03, 0x04, 0xFF, 0x04, 0x03, 0x04, 0xFF, 0x04, 0x03, 0x03, 0xFF, 0x04, 0x03, 0x03, 0xFF,
  0x04, 0x03, 0x03, 0xFF, 0x04, 0x03, 0x03, 0xFF, 0x04, 0x03, 0x03, 0xFF, 0x04, 0x03, 0x03, 0xFF, 0x04, 0x03, 0x03, 0xFF, 0x04, 0x03, 0x03, 0xFF,
  0x04, 0x03, 0x03, 0xFF, 0x04, 0x03, 0x03, 0xFF, 0x04, 0x03, 0x03, 0xFF, 0x04, 0x03, 0x03, 0xFF, 0x04, 0x03, 0x03, 0xFF, 0x04, 0x03, 0x03, 0xFF,
  0x04, 0x03, 0x03, 0xFF, 0x04, 0x03, 0x03, 0xFF, 0x04, 0x03, 0x03, 0xFF, 0x04, 0x03, 0x03, 0xFF, 0x04, 0x03, 0x03, 0xFF, 0x04, 0x03, 0x03, 0xFF,
  0x04, 0x03, 0x03, 0xFF, 0x04, 0x03, 0x03, 0xFF, 0x04, 0x03, 0x03, 0xFF, 0x04, 0x03, 0x03, 0xFF, 0x04, 0x03, 0x03, 0xFF, 0x04, 0x03, 0x03, 0xFF,
  0x04, 0x03, 0x03, 0xFF, 0x04, 0x03, 0x03, 0xFF, 0x04, 0x03, 0x03, 0xFF, 0x04, 0x03, 0x03, 0xFF, 0x04, 0x03, 0x03, 0xFF, 0x04, 0x03, 0x03, 0xFF,
  0x04, 0x03, 0x03, 0xFF, 0x04, 0x03, 0x03, 0xFF, 0x04, 0x03, 0x03, 0xFF, 0x04, 0x03, 0x03, 0xFF, 0x04, 0x03, 0x03, 0xFF, 0x04, 0x03, 0x03, 0xFF,
  0x04, 0x03, 0x03, 0xFF, 0x04, 0x03, 0x03, 0xFF, 0x04, 0x03, 0x03, 0xFF, 0x04, 0x03, 0x03, 0xFF, 0x04, 0x03, 0x03, 0xFF, 0x04, 0x03, 0x03, 0xFF,
  0x04, 0x03, 0x03, 0xFF, 0x04, 0x03, 0x03, 0xFF, 0x04, 0x03, 0x03, 0xFF, 0x04, 0x03, 0x03, 0xFF, 0x04, 0x03, 0x03, 0xFF, 0x04, 0x03, 0x03, 0xFF,
  0x04, 0x03, 0x03, 0xFF, 0x04, 0x03, 0x03, 0xFF, 0x04, 0x03, 0x03, 0xFF, 0x04, 0x03, 0x03, 0xFF, 0x04, 0x03, 0x03, 0xFF, 0x04, 0x03, 0x03, 0xFF,
  0x04, 0x03, 0x03, 0xFF, 0x04, 0x03, 0x03, 0xFF, 0x04, 0x03, 0x03, 0xFF, 0x04, 0x03, 0x03, 0xFF, 0x04, 0x03, 0x03, 0xFF, 0x04, 0x03, 0x03, 0xFF,
  0x04, 0x03, 0x03, 0xFF, 0x04, 0x03, 0x03, 0xFF, 0x04, 0x03, 0x03, 0xFF, 0x04, 0x03, 0x03, 0xFF, 0x04, 0x03, 0x03, 0xFF, 0x04, 0x03, 0x03, 0xFF,
  0x04, 0x03, 0x03, 0xFF, 0x04, 0x03, 0x03, 0xFF, 0x04, 0x03, 0x03, 0xFF, 0x04, 0x03, 0x03, 0xFF, 0x04, 0x03, 0x03, 0xFF, 0x04, 0x03, 0x03, 0xFF,
  0x04, 0x03, 0x03, 0xFF, 0x04, 0x03, 0x03, 0xFF, 0x04, 0x03, 0x03, 0xFF, 0x04, 0x03, 0x03, 0xFF, 0x04, 0x03, 0x03, 0xFF, 0x04, 0x03, 0x03, 0xFF,
  0x04, 0x03, 0x03, 0xFF, 0x04, 0x03, 0x03, 0xFF, 0x04, 0x03, 0x03, 0xFF, 0x04, 0x03, 0x03, 0xFF, 0x04, 0x03, 0x03, 0xFF, 0x04, 0x03, 0x03, 0xFF,
  0x04, 0x03, 0x03, 0xFF, 0x04, 0x03, 0x03, 0xFF, 0x04, 0x03, 0x03, 0xFF, 0x04, 0x03, 0x03, 0xFF, 0x04, 0x03, 0x03, 0xFF, 0x04, 0x03, 0x03, 0xFF,
  0x04, 0x03, 0x03, 0xFF, 0x04, 0x03, 0x04, 0xFF, 0x04, 0x03, 0x03, 0xFF, 0x04, 0x03, 0x04, 0xFF, 0x04, 0x03, 0x04, 0xFF, 0x04, 0x03, 0x04, 0xFF,
  0x04, 0x03, 0x04, 0xFF, 0x04, 0x03, 0x04, 0xFF, 0x04, 0x03, 0x04, 0xFF, 0x04, 0x03, 0x03, 0xFF, 0x04, 0x03, 0x03, 0xFF, 0x04, 0x03, 0x03, 0xFF,
  0x04, 0x03, 0x04, 0xFF, 0x04, 0x03, 0x04, 0xFF, 0x04, 0x03, 0x04, 0xFF, 0x04, 0x03, 0x04, 0xFF, 0x04, 0x03, 0x04, 0xFF, 0x04, 0x03, 0x04, 0xFF,
  0x04, 0x03, 0x04, 0xFF, 0x04, 0x03, 0x04, 0xFF, 0x04, 0x03, 0x04, 0xFF, 0x04, 0x03, 0x04, 0xFF, 0x04, 0x03, 0x04, 0xFF, 0x04, 0x03, 0x04, 0xFF,
  0x04, 0x03, 0x04, 0xFF, 0x04, 0x03, 0x04, 0xFF, 0x04, 0x03, 0x04, 0xFF, 0x04, 0x03, 0x04, 0xFF, 0x04, 0x03, 0x04, 0xFF, 0x04, 0x03, 0x04, 0xFF,
  0x04, 0x03, 0x04, 0xFF, 0x04, 0x03, 0x04, 0xFF, 0x04, 0x03, 0x04, 0xFF, 0x04, 0x03, 0x04, 0xFF, 0x04, 0x03, 0x04, 0xFF, 0x04, 0x03, 0x04, 0xFF,
  0x04, 0x03, 0x04, 0xFF, 0x04, 0x03, 0x04, 0xFF, 0x04, 0x03, 0x04, 0xFF, 0x04, 0x03, 0x03, 0xFF, 0x04, 0x03, 0x04, 0xFF, 0x04, 0x03, 0x04, 0xFF,
  0x04, 0x03, 0x04, 0xFF, 0x04, 0x03, 0x04, 0xFF, 0x04, 0x03, 0x04, 0xFF, 0x04, 0x03, 0x03, 0xFF, 0x04, 0x03, 0x03, 0xFF, 0x04, 0x03, 0x04, 0xFF,
  0x04, 0x03, 0x04, 0xFF, 0x04, 0x03, 0x04, 0xFF, 0x04, 0x03, 0x04, 0xFF, 0x04, 0x03, 0x03, 0xFF, 0x04, 0x03, 0x04, 0xFF, 0x04, 0x03, 0x04, 0xFF,
  0x04, 0x03, 0x04, 0xFF, 0x04, 0x03, 0x04, 0xFF, 0x04, 0x03, 0x04, 0xFF, 0x04, 0x03, 0x04, 0xFF, 0x04, 0x03, 0x04, 0xFF, 0x04, 0x03, 0x04, 0xFF,
  0x04, 0x03, 0x03, 0xFF, 0x04, 0x03, 0x04, 0xFF, 0x04, 0x03, 0x03, 0xFF, 0x04, 0x03, 0x03, 0xFF, 0x04, 0x03, 0x03, 0xFF, 0x04, 0x03, 0x04, 0xFF,
  0x04, 0x03, 0x04, 0xFF, 0x04, 0x03, 0x04, 0xFF, 0x04, 0x03, 0x03, 0xFF, 0x04, 0x03, 0x03, 0xFF, 0x04, 0x03, 0x03, 0xFF, 0x04, 0x03, 0x03, 0xFF,
  0x04, 0x03, 0x03, 0xFF, 0x04, 0x03, 0x03, 0xFF, 0x04, 0x03, 0x04, 0xFF, 0x04, 0x03, 0x04, 0xFF, 0x04, 0x03, 0x03, 0xFF, 0x04, 0x03, 0x03, 0xFF,
  0x04, 0x03, 0x04, 0xFF, 0x04, 0x03, 0x04, 0xFF, 0x04, 0x03, 0x04, 0xFF, 0x04, 0x03, 0x04, 0xFF, 0x04, 0x03, 0x04, 0xFF, 0x04, 0x03, 0x04, 0xFF,
  0x04, 0x03, 0x04, 0xFF, 0x04, 0x03, 0x04, 0xFF, 0x04, 0x03, 0x04, 0xFF, 0x04, 0x03, 0x04, 0xFF, 0x04, 0x03, 0x04, 0xFF, 0x04, 0x03, 0x04, 0xFF,
  0x04, 0x03, 0x04, 0xFF, 0x04, 0x03, 0x04, 0xFF, 0x04, 0x03, 0x04, 0xFF, 0x04, 0x03, 0x04, 0xFF, 0x04, 0x03, 0x04, 0xFF, 0x04, 0x03, 0x04, 0xFF,
  0x04, 0x03, 0x04, 0xFF, 0x04, 0x03, 0x04, 0xFF, 0x04, 0x03, 0x04, 0xFF, 0x04, 0x03, 0x04, 0xFF, 0x04, 0x03, 0x04, 0xFF, 0x04, 0x03, 0x03, 0xFF,
  0x04, 0x03, 0x04, 0xFF, 0x04, 0x03, 0x03, 0xFF, 0x04, 0x03, 0x03, 0xFF, 0x04, 0x03, 0x03, 0xFF, 0x04, 0x03, 0x03, 0xFF, 0x04, 0x03, 0x03, 0xFF,
  0x04, 0x03, 0x04, 0xFF, 0x04, 0x03, 0x04, 0xFF, 0x04, 0x03, 0x04, 0xFF, 0x04, 0x03, 0x03, 0xFF, 0x04, 0x03, 0x03, 0xFF, 0x04, 0x03, 0x04, 0xFF,
  0x04, 0x03, 0x04, 0xFF, 0x04, 0x03, 0x04, 0xFF, 0x04, 0x03, 0x03, 0xFF, 0x04, 0x03, 0x03, 0xFF, 0x04, 0x03, 0x03, 0xFF, 0x04, 0x03, 0x03, 0xFF,
  0x04, 0x03, 0x03, 0xFF, 0x04, 0x03, 0x03, 0xFF, 0x04, 0x03, 0x03, 0xFF, 0x04, 0x03, 0x03, 0xFF, 0x04, 0x03, 0x03, 0xFF, 0x04, 0x03, 0x03, 0xFF,
  0x04, 0x03, 0x03, 0xFF, 0x04, 0x03, 0x03, 0xFF, 0x04, 0x03, 0x03, 0xFF, 0x04, 0x03, 0x03, 0xFF, 0x04, 0x03, 0x03, 0xFF, 0x04, 0x03, 0x03, 0xFF,
  0x04, 0x03, 0x03, 0xFF, 0x04, 0x03, 0x03, 0xFF, 0x04, 0x03, 0x03, 0xFF, 0x04, 0x03, 0x03, 0xFF, 0x04, 0x03, 0x03, 0xFF, 0x04, 0x03, 0x03, 0xFF,
  0x04, 0x03, 0x03, 0xFF, 0x04, 0x03, 0x03, 0xFF, 0x04, 0x03, 0x03, 0xFF, 0x04, 0x03, 0x03, 0xFF, 0x04, 0x03, 0x03, 0xFF, 0x04, 0x03, 0x03, 0xFF,
  0x04, 0x03, 0x03, 0xFF, 0x04, 0x03, 0x03, 0xFF, 0x04, 0x03, 0x03, 0xFF, 0x04, 0x03, 0x03, 0xFF, 0x04, 0x03, 0x03, 0xFF, 0x04, 0x03, 0x03, 0xFF,
  0x04, 0x03, 0x03, 0xFF, 0x04, 0x03, 0x03, 0xFF, 0x04, 0x03, 0x03, 0xFF, 0x04, 0x03, 0x03, 0xFF, 0x04, 0x03, 0x03, 0xFF, 0x04, 0x03, 0x03, 0xFF,
  0x04, 0x03, 0x03, 0xFF, 0x04, 0x03, 0x03, 0xFF, 0x04, 0x03, 0x03, 0xFF, 0x04, 0x03, 0x03, 0xFF, 0x04, 0x03, 0x03, 0xFF, 0x04, 0x03, 0x03, 0xFF,
  0x04, 0x03, 0x03, 0xFF, 0x04, 0x03, 0x03, 0xFF, 0x04, 0x03, 0x03, 0xFF, 0x04, 0x03, 0x03, 0xFF, 0x04, 0x03, 0x03, 0xFF, 0x04, 0x03, 0x03, 0xFF,
  0x04, 0x03, 0x03, 0xFF, 0x04, 0x03, 0x03, 0xFF, 0x04, 0x03, 0x03, 0xFF, 0x04, 0x03, 0x03, 0xFF, 0x04, 0x03, 0x03, 0xFF, 0x04, 0x03, 0x03, 0xFF,
  0x04, 0x03, 0x03, 0xFF, 0x04, 0x03, 0x03, 0xFF, 0x04, 0x03, 0x03, 0xFF, 0x04, 0x03, 0x03, 0xFF, 0x04, 0x03, 0x03, 0xFF, 0x04, 0x03, 0x03, 0xFF,
  0x04, 0x03, 0x03, 0xFF, 0x04, 0x03, 0x03, 0xFF, 0x04, 0x03, 0x03, 0xFF, 0x04, 0x03, 0x03, 0xFF, 0x04, 0x03, 0x03, 0xFF, 0x04, 0x03, 0x03, 0xFF,
  0x04, 0x03, 0x03, 0xFF, 0x04, 0x03, 0x03, 0xFF, 0x04, 0x03, 0x03, 0xFF, 0x04, 0x03, 0x03, 0xFF, 0x04, 0x03, 0x03, 0xFF, 0x04, 0x03, 0x04, 0xFF,
  0x04, 0x03, 0x04, 0xFF, 0x04, 0x03, 0x04, 0xFF, 0x04, 0x03, 0x04, 0xFF, 0x04, 0x03, 0x04, 0xFF, 0x04, 0x03, 0x04, 0xFF, 0x04, 0x03, 0x04, 0xFF,
  0x04, 0x03, 0x04, 0xFF, 0x04, 0x03, 0x04, 0xFF, 0x04, 0x03, 0x04, 0xFF, 0x04, 0x03, 0x04, 0xFF, 0x04, 0x03, 0x04, 0xFF, 0x04, 0x03, 0x04, 0xFF,
  0x04, 0x03, 0x04, 0xFF, 0x04, 0x03, 0x04, 0xFF, 0x04, 0x03, 0x04, 0xFF, 0x04, 0x03, 0x04, 0xFF, 0x04, 0x03, 0x04, 0xFF, 0x04, 0x03, 0x04, 0xFF,
  0x04, 0x03, 0x04, 0xFF, 0x04, 0x03, 0x04, 0xFF, 0x04, 0x03, 0x04, 0xFF, 0x04, 0x03, 0x04, 0xFF, 0x04, 0x03, 0x04, 0xFF, 0x04, 0x03, 0x04, 0xFF,
  0x04, 0x03, 0x04, 0xFF, 0x04, 0x03, 0x04, 0xFF, 0x04, 0x03, 0x04, 0xFF, 0x04, 0x03, 0x04, 0xFF, 0x04, 0x03, 0x04, 0xFF, 0x04, 0x03, 0x04, 0xFF,
  0x04, 0x03, 0x04, 0xFF, 0x04, 0x03, 0x04, 0xFF, 0x04, 0x03, 0x04, 0xFF, 0x04, 0x04, 0x05, 0xFF, 0x04, 0x04, 0x05, 0xFF, 0x04, 0x03, 0x04, 0xFF,
  0x04, 0x03, 0x04, 0xFF, 0x04, 0x03, 0x04, 0xFF, 0x04, 0x03, 0x04, 0xFF, 0x04, 0x03, 0x04, 0xFF, 0x04, 0x03, 0x04, 0xFF, 0x04, 0x03, 0x04, 0xFF,
  0x04, 0x03, 0x04, 0xFF, 0x04, 0x03, 0x04, 0xFF, 0x04, 0x03, 0x04, 0xFF, 0x04, 0x03, 0x04, 0xFF, 0x04, 0x03, 0x03, 0xFF, 0x04, 0x03, 0x04, 0xFF,
  0x04, 0x03, 0x04, 0xFF, 0x04, 0x03, 0x04, 0xFF, 0x04, 0x03, 0x04, 0xFF, 0x04, 0x03, 0x04, 0xFF, 0x04, 0x03, 0x04, 0xFF, 0x04, 0x03, 0x04, 0xFF,
  0x04, 0x03, 0x04, 0xFF, 0x04, 0x03, 0x04, 0xFF, 0x04, 0x03, 0x04, 0xFF, 0x04, 0x03, 0x04, 0xFF, 0x04, 0x03, 0x04, 0xFF, 0x04, 0x03, 0x04, 0xFF,
  0x04, 0x03, 0x04, 0xFF, 0x04, 0x03, 0x04, 0xFF, 0x04, 0x03, 0x04, 0xFF, 0x04, 0x03, 0x04, 0xFF, 0x04, 0x03, 0x04, 0xFF, 0x04, 0x03, 0x04, 0xFF,
  0x04, 0x03, 0x04, 0xFF, 0x04, 0x03, 0x04, 0xFF, 0x04, 0x03, 0x04, 0xFF, 0x04, 0x03, 0x04, 0xFF, 0x04, 0x03, 0x03, 0xFF, 0x04, 0x03, 0x03, 0xFF,
  0x04, 0x03, 0x04, 0xFF, 0x04, 0x03, 0x04, 0xFF, 0x04, 0x03, 0x04, 0xFF, 0x04, 0x03, 0x04, 0xFF, 0x04, 0x03, 0x04, 0xFF, 0x04, 0x03, 0x04, 0xFF,
  0x04, 0x03, 0x04, 0xFF, 0x04, 0x03, 0x04, 0xFF, 0x04, 0x03, 0x04, 0xFF, 0x04, 0x03, 0x04, 0xFF, 0x04, 0x03, 0x04, 0xFF, 0x04, 0x03, 0x05, 0xFF,
  0x04, 0x03, 0x05, 0xFF, 0x04, 0x03, 0x05, 0xFF, 0x04, 0x03, 0x05, 0xFF, 0x04, 0x03, 0x05, 0xFF, 0x04, 0x03, 0x05, 0xFF, 0x04, 0x03, 0x05, 0xFF,
  0x04, 0x03, 0x04, 0xFF, 0x04, 0x03, 0x04, 0xFF, 0x04, 0x03, 0x04, 0xFF, 0x04, 0x03, 0x04, 0xFF, 0x04, 0x03, 0x04, 0xFF, 0x04, 0x03, 0x04, 0xFF,
  0x04, 0x03, 0x04, 0xFF, 0x04, 0x03, 0x04, 0xFF, 0x04, 0x03, 0x04, 0xFF, 0x04, 0x03, 0x04, 0xFF, 0x04, 0x03, 0x04, 0xFF, 0x04, 0x03, 0x04, 0xFF,
  0x04, 0x03, 0x04, 0xFF, 0x04, 0x03, 0x04, 0xFF, 0x04, 0x03, 0x04, 0xFF, 0x04, 0x03, 0x04, 0xFF, 0x04, 0x03, 0x03, 0xFF, 0x04, 0x03, 0x04, 0xFF,
  0x04, 0x03, 0x04, 0xFF, 0x04, 0x03, 0x04, 0xFF, 0x04, 0x03, 0x04, 0xFF, 0x04, 0x03, 0x04, 0xFF, 0x04, 0x03, 0x04, 0xFF, 0x04, 0x03, 0x04, 0xFF,
  0x04, 0x03, 0x04, 0xFF, 0x04, 0x03, 0x04, 0xFF, 0x04, 0x03, 0x04, 0xFF, 0x04, 0x03, 0x03, 0xFF, 0x04, 0x03, 0x03, 0xFF, 0x04, 0x03, 0x03, 0xFF,
  0x04, 0x03, 0x03, 0xFF, 0x04, 0x03, 0x04, 0xFF, 0x04, 0x03, 0x03, 0xFF, 0x04, 0x03, 0x04, 0xFF, 0x04, 0x03, 0x03, 0xFF, 0x04, 0x03, 0x03, 0xFF,
  0x04, 0x03, 0x03, 0xFF, 0x04, 0x03, 0x03, 0xFF, 0x04, 0x03, 0x03, 0xFF, 0x04, 0x03, 0x03, 0xFF, 0x04, 0x03, 0x03, 0xFF, 0x04, 0x03, 0x03, 0xFF,
  0x04, 0x03, 0x03, 0xFF, 0x04, 0x03, 0x03, 0xFF, 0x04, 0x03, 0x03, 0xFF, 0x04, 0x03, 0x03, 0xFF, 0x04, 0x03, 0x03, 0xFF, 0x04, 0x03, 0x03, 0xFF,
  0x04, 0x03, 0x03, 0xFF, 0x04, 0x03, 0x03, 0xFF, 0x04, 0x03, 0x03, 0xFF, 0x04, 0x03, 0x03, 0xFF, 0x04, 0x03, 0x03, 0xFF, 0x04, 0x03, 0x03, 0xFF,
  0x04, 0x03, 0x03, 0xFF, 0x04, 0x03, 0x03, 0xFF, 0x04, 0x03, 0x03, 0xFF, 0x04, 0x03, 0x03, 0xFF, 0x04, 0x03, 0x03, 0xFF, 0x04, 0x03, 0x03, 0xFF,
  0x04, 0x03, 0x03, 0xFF, 0x04, 0x03, 0x03, 0xFF, 0x04, 0x03, 0x03, 0xFF, 0x04, 0x03, 0x03, 0xFF, 0x04, 0x03, 0x03, 0xFF, 0x04, 0x03, 0x03, 0xFF,
  0x04, 0x03, 0x03, 0xFF, 0x04, 0x03, 0x03, 0xFF, 0x04, 0x03, 0x03, 0xFF, 0x04, 0x03, 0x03, 0xFF, 0x04, 0x03, 0x03, 0xFF, 0x04, 0x03, 0x03, 0xFF,
  0x04, 0x03, 0x03, 0xFF, 0x04, 0x03, 0x03, 0xFF, 0x04, 0x03, 0x03, 0xFF, 0x04, 0x03, 0x03, 0xFF, 0x04, 0x03, 0x03, 0xFF, 0x04, 0x03, 0x03, 0xFF,
  0x04, 0x03, 0x03, 0xFF, 0x04, 0x03, 0x03, 0xFF, 0x04, 0x03, 0x03, 0xFF, 0x04, 0x03, 0x03, 0xFF, 0x04, 0x03, 0x03, 0xFF, 0x04, 0x03, 0x03, 0xFF,
  0x04, 0x03, 0x03, 0xFF, 0x04, 0x03, 0x03, 0xFF, 0x04, 0x03, 0x03, 0xFF, 0x04, 0x03, 0x03, 0xFF, 0x04, 0x03, 0x03, 0xFF, 0x04, 0x03, 0x03, 0xFF,
  0x04, 0x03, 0x03, 0xFF, 0x04, 0x03, 0x03, 0xFF, 0x04, 0x03, 0x03, 0xFF, 0x04, 0x03, 0x03, 0xFF, 0x04, 0x03, 0x03, 0xFF, 0x04, 0x03, 0x03, 0xFF,
  0x04, 0x03, 0x04, 0xFF, 0x04, 0x03, 0x04, 0xFF, 0x04, 0x03, 0x04, 0xFF, 0x04, 0x03, 0x04, 0xFF, 0x04, 0x03, 0x04, 0xFF, 0x04, 0x03, 0x04, 0xFF,
  0x04, 0x04, 0x05, 0xFF, 0x04, 0x04, 0x05, 0xFF, 0x04, 0x04, 0x05, 0xFF, 0x04, 0x04, 0x05, 0xFF, 0x04, 0x04, 0x05, 0xFF, 0x04, 0x04, 0x05, 0xFF,
  0x04, 0x04, 0x05, 0xFF, 0x04, 0x04, 0x05, 0xFF, 0x04, 0x04, 0x05, 0xFF, 0x04, 0x04, 0x05, 0xFF, 0x04, 0x04, 0x05, 0xFF, 0x04, 0x04, 0x05, 0xFF,
  0x04, 0x04, 0x05, 0xFF, 0x04, 0x04, 0x05, 0xFF, 0x04, 0x04, 0x06, 0xFF, 0x04, 0x04, 0x05, 0xFF, 0x04, 0x04, 0x05, 0xFF, 0x04, 0x04, 0x05, 0xFF,
  0x04, 0x04, 0x05, 0xFF, 0x04, 0x04, 0x05, 0xFF, 0x04, 0x04, 0x05, 0xFF, 0x04, 0x04, 0x05, 0xFF, 0x04, 0x04, 0x05, 0xFF, 0x04, 0x04, 0x05, 0xFF,
  0x04, 0x04, 0x05, 0xFF, 0x04, 0x04, 0x05, 0xFF, 0x04, 0x04, 0x06, 0xFF, 0x04, 0x04, 0x05, 0xFF, 0x04, 0x04, 0x05, 0xFF, 0x04, 0x04, 0x05, 0xFF,
  0x04, 0x04, 0x05, 0xFF, 0x04, 0x04, 0x06, 0xFF, 0x04, 0x05, 0x06, 0xFF, 0x04, 0x05, 0x06, 0xFF, 0x04, 0x05, 0x06, 0xFF, 0x04, 0x04, 0x06, 0xFF,
  0x04, 0x04, 0x06, 0xFF, 0x04, 0x04, 0x05, 0xFF, 0x04, 0x04, 0x05, 0xFF, 0x04, 0x04, 0x05, 0xFF, 0x04, 0x04, 0x05, 0xFF, 0x04, 0x04, 0x06, 0xFF,
  0x04, 0x04, 0x06, 0xFF, 0x04, 0x04, 0x05, 0xFF, 0x04, 0x04, 0x05, 0xFF, 0x04, 0x04, 0x05, 0xFF, 0x04, 0x04, 0x05, 0xFF, 0x04, 0x04, 0x05, 0xFF,
  0x04, 0x03, 0x05, 0xFF, 0x04, 0x04, 0x05, 0xFF, 0x04, 0x04, 0x05, 0xFF, 0x04, 0x04, 0x05, 0xFF, 0x04, 0x04, 0x05, 0xFF, 0x04, 0x04, 0x06, 0xFF,
  0x04, 0x04, 0x06, 0xFF, 0x04, 0x04, 0x05, 0xFF, 0x04, 0x04, 0x05, 0xFF, 0x04, 0x04, 0x05, 0xFF, 0x04, 0x04, 0x05, 0xFF, 0x04, 0x04, 0x06, 0xFF,
  0x04, 0x04, 0x06, 0xFF, 0x04, 0x04, 0x05, 0xFF, 0x04, 0x04, 0x05, 0xFF, 0x04, 0x04, 0x05, 0xFF, 0x04, 0x04, 0x06, 0xFF, 0x04, 0x04, 0x06, 0xFF,
  0x04, 0x04, 0x06, 0xFF, 0x04, 0x04, 0x06, 0xFF, 0x04, 0x04, 0x06, 0xFF, 0x04, 0x04, 0x05, 0xFF, 0x04, 0x03, 0x05, 0xFF, 0x04, 0x04, 0x05, 0xFF,
  0x04, 0x04, 0x05, 0xFF, 0x04, 0x04, 0x05, 0xFF, 0x04, 0x04, 0x05, 0xFF, 0x04, 0x04, 0x05, 0xFF, 0x04, 0x03, 0x05, 0xFF, 0x04, 0x04, 0x06, 0xFF,
  0x04, 0x04, 0x06, 0xFF, 0x04, 0x04, 0x06, 0xFF, 0x04, 0x04, 0x06, 0xFF, 0x04, 0x04, 0x06, 0xFF, 0x04, 0x04, 0x06, 0xFF, 0x04, 0x04, 0x06, 0xFF,
  0x04, 0x04, 0x06, 0xFF, 0x04, 0x04, 0x06, 0xFF, 0x04, 0x04, 0x06, 0xFF, 0x04, 0x04, 0x06, 0xFF, 0x04, 0x04, 0x06, 0xFF, 0x04, 0x04, 0x06, 0xFF,
  0x04, 0x04, 0x06, 0xFF, 0x04, 0x04, 0x06, 0xFF, 0x04, 0x04, 0x06, 0xFF, 0x04, 0x04, 0x06, 0xFF, 0x04, 0x04, 0x06, 0xFF, 0x04, 0x03, 0x06, 0xFF,
  0x04, 0x04, 0x06, 0xFF, 0x04, 0x04, 0x06, 0xFF, 0x04, 0x04, 0x06, 0xFF, 0x04, 0x04, 0x06, 0xFF, 0x04, 0x04, 0x06, 0xFF, 0x04, 0x03, 0x06, 0xFF,
  0x04, 0x03, 0x06, 0xFF, 0x04, 0x03, 0x05, 0xFF, 0x04, 0x04, 0x05, 0xFF, 0x04, 0x04, 0x06, 0xFF, 0x04, 0x04, 0x05, 0xFF, 0x04, 0x04, 0x05, 0xFF,
  0x04, 0x04, 0x06, 0xFF, 0x04, 0x04, 0x06, 0xFF, 0x04, 0x04, 0x06, 0xFF, 0x04, 0x04, 0x06, 0xFF, 0x04, 0x04, 0x06, 0xFF, 0x04, 0x04, 0x06, 0xFF,
  0x04, 0x04, 0x06, 0xFF, 0x04, 0x04, 0x06, 0xFF, 0x04, 0x04, 0x05, 0xFF, 0x04, 0x04, 0x05, 0xFF, 0x04, 0x04, 0x05, 0xFF, 0x04, 0x04, 0x05, 0xFF,
  0x04, 0x03, 0x05, 0xFF, 0x04, 0x03, 0x04, 0xFF, 0x04, 0x03, 0x04, 0xFF, 0x04, 0x03, 0x04, 0xFF, 0x04, 0x03, 0x04, 0xFF, 0x04, 0x03, 0x04, 0xFF,
  0x04, 0x03, 0x03, 0xFF, 0x04, 0x03, 0x04, 0xFF, 0x04, 0x03, 0x04, 0xFF, 0x04, 0x03, 0x03, 0xFF, 0x04, 0x03, 0x03, 0xFF, 0x04, 0x03, 0x03, 0xFF,
  0x04, 0x03, 0x03, 0xFF, 0x04, 0x03, 0x03, 0xFF, 0x04, 0x03, 0x03, 0xFF, 0x04, 0x03, 0x03, 0xFF, 0x04, 0x03, 0x03, 0xFF, 0x04, 0x03, 0x03, 0xFF,
  0x04, 0x03, 0x03, 0xFF, 0x04, 0x03, 0x03, 0xFF, 0x04, 0x03, 0x03, 0xFF, 0x04, 0x03, 0x03, 0xFF, 0x04, 0x03, 0x03, 0xFF, 0x04, 0x03, 0x03, 0xFF,
  0x04, 0x03, 0x03, 0xFF, 0x04, 0x03, 0x03, 0xFF, 0x04, 0x03, 0x03, 0xFF, 0x04, 0x03, 0x03, 0xFF, 0x04, 0x03, 0x03, 0xFF, 0x04, 0x03, 0x03, 0xFF,
  0x04, 0x03, 0x03, 0xFF, 0x04, 0x03, 0x03, 0xFF, 0x04, 0x03, 0x03, 0xFF, 0x04, 0x03, 0x03, 0xFF, 0x04, 0x03, 0x03, 0xFF, 0x04, 0x03, 0x03, 0xFF,
  0x04, 0x03, 0x03, 0xFF, 0x04, 0x03, 0x03, 0xFF, 0x04, 0x03, 0x03, 0xFF, 0x04, 0x03, 0x03, 0xFF, 0x04, 0x03, 0x03, 0xFF, 0x04, 0x03, 0x03, 0xFF,
  0x04, 0x03, 0x03, 0xFF, 0x04, 0x03, 0x03, 0xFF, 0x04, 0x03, 0x03, 0xFF, 0x04, 0x03, 0x03, 0xFF, 0x04, 0x03, 0x03, 0xFF, 0x04, 0x03, 0x03, 0xFF,
  0x04, 0x03, 0x03, 0xFF, 0x04, 0x03, 0x03, 0xFF, 0x04, 0x03, 0x03, 0xFF, 0x04, 0x03, 0x03, 0xFF, 0x04, 0x03, 0x03, 0xFF, 0x04, 0x03, 0x03, 0xFF,
  0x04, 0x03, 0x03, 0xFF, 0x04, 0x03, 0x03, 0xFF, 0x04, 0x03, 0x03, 0xFF, 0x04, 0x03, 0x03, 0xFF, 0x04, 0x03, 0x03, 0xFF, 0x04, 0x03, 0x03, 0xFF,
  0x04, 0x03, 0x03, 0xFF, 0x04, 0x03, 0x03, 0xFF, 0x04, 0x03, 0x03, 0xFF, 0x04, 0x03, 0x03, 0xFF, 0x04, 0x03, 0x04, 0xFF, 0x04, 0x03, 0x04, 0xFF,
  0x04, 0x04, 0x04, 0xFF, 0x04, 0x04, 0x05, 0xFF, 0x04, 0x04, 0x05, 0xFF, 0x04, 0x05, 0x06, 0xFF, 0x04, 0x06, 0x07, 0xFF, 0x04, 0x06, 0x08, 0xFF,
  0x04, 0x07, 0x09, 0xFF, 0x05, 0x07, 0x0A, 0xFF, 0x05, 0x07, 0x0B, 0xFF, 0x05, 0x08, 0x0C, 0xFF, 0x05, 0x08, 0x0C, 0xFF, 0x05, 0x08, 0x0C, 0xFF,
  0x05, 0x08, 0x0C, 0xFF, 0x05, 0x09, 0x0D, 0xFF, 0x05, 0x09, 0x0D, 0xFF, 0x05, 0x09, 0x0F, 0xFF, 0x05, 0x0A, 0x0F, 0xFF, 0x05, 0x0A, 0x0F, 0xFF,
  0x05, 0x09, 0x0E, 0xFF, 0x05, 0x09, 0x0E, 0xFF, 0x05, 0x09, 0x0D, 0xFF, 0x05, 0x08, 0x0C, 0xFF, 0x05, 0x07, 0x0B, 0xFF, 0x05, 0x07, 0x0B, 0xFF,
  0x05, 0x07, 0x0B, 0xFF, 0x05, 0x07, 0x0A, 0xFF, 0x05, 0x07, 0x0B, 0xFF, 0x05, 0x08, 0x0C, 0xFF, 0x05, 0x08, 0x0C, 0xFF, 0x05, 0x08, 0x0C, 0xFF,
  0x05, 0x08, 0x0D, 0xFF, 0x05, 0x09, 0x0D, 0xFF, 0x05, 0x09, 0x0E, 0xFF, 0x05, 0x08, 0x0D, 0xFF, 0x05, 0x08, 0x0C, 0xFF, 0x05, 0x08, 0x0D, 0xFF,
  0x05, 0x08, 0x0D, 0xFF, 0x05, 0x08, 0x0D, 0xFF, 0x05, 0x08, 0x0D, 0xFF, 0x05, 0x08, 0x0E, 0xFF, 0x05, 0x09, 0x0E, 0xFF, 0x05, 0x08, 0x0D, 0xFF,
  0x05, 0x08, 0x0D, 0xFF, 0x05, 0x08, 0x0D, 0xFF, 0x05, 0x08, 0x0D, 0xFF, 0x05, 0x08, 0x0E, 0xFF, 0x05, 0x08, 0x0E, 0xFF, 0x05, 0x08, 0x0D, 0xFF,
  0x05, 0x07, 0x0D, 0xFF, 0x05, 0x07, 0x0C, 0xFF, 0x05, 0x07, 0x0D, 0xFF, 0x05, 0x07, 0x0D, 0xFF, 0x05, 0x07, 0x0D, 0xFF, 0x04, 0x07, 0x0D, 0xFF,
  0x04, 0x07, 0x0C, 0xFF, 0x04, 0x07, 0x0C, 0xFF, 0x04, 0x07, 0x0C, 0xFF, 0x04, 0x07, 0x0D, 0xFF, 0x04, 0x07, 0x0D, 0xFF, 0x04, 0x07, 0x0E, 0xFF,
  0x04, 0x07, 0x0F, 0xFF, 0x04, 0x07, 0x0E, 0xFF, 0x04, 0x07, 0x0D, 0xFF, 0x04, 0x07, 0x0D, 0xFF, 0x04, 0x06, 0x0D, 0xFF, 0x04, 0x07, 0x0E, 0xFF,
  0x04, 0x06, 0x0D, 0xFF, 0x04, 0x06, 0x0D, 0xFF, 0x04, 0x06, 0x0E, 0xFF, 0x04, 0x06, 0x0D, 0xFF, 0x04, 0x06, 0x0D, 0xFF, 0x05, 0x06, 0x0D, 0xFF,
  0x05, 0x06, 0x0D, 0xFF, 0x05, 0x06, 0x0D, 0xFF, 0x05, 0x06, 0x0E, 0xFF, 0x05, 0x06, 0x0D, 0xFF, 0x05, 0x06, 0x0D, 0xFF, 0x04, 0x06, 0x0C, 0xFF,
  0x05, 0x06, 0x0C, 0xFF, 0x05, 0x06, 0x0C, 0xFF, 0x05, 0x06, 0x0D, 0xFF, 0x05, 0x06, 0x0D, 0xFF, 0x05, 0x06, 0x0D, 0xFF, 0x05, 0x06, 0x0D, 0xFF,
  0x05, 0x06, 0x0E, 0xFF, 0x05, 0x06, 0x0F, 0xFF, 0x05, 0x06, 0x0F, 0xFF, 0x05, 0x06, 0x0F, 0xFF, 0x05, 0x06, 0x0F, 0xFF, 0x05, 0x06, 0x0E, 0xFF,
  0x05, 0x06, 0x0E, 0xFF, 0x05, 0x06, 0x0E, 0xFF, 0x05, 0x06, 0x0D, 0xFF, 0x05, 0x06, 0x0D, 0xFF, 0x05, 0x06, 0x0E, 0xFF, 0x05, 0x06, 0x0E, 0xFF,
  0x05, 0x06, 0x0E, 0xFF, 0x05, 0x06, 0x0E, 0xFF, 0x05, 0x06, 0x0E, 0xFF, 0x05, 0x06, 0x0F, 0xFF, 0x05, 0x06, 0x0F, 0xFF, 0x05, 0x06, 0x0F, 0xFF,
  0x05, 0x06, 0x0F, 0xFF, 0x05, 0x06, 0x0F, 0xFF, 0x05, 0x06, 0x0F, 0xFF, 0x05, 0x06, 0x0F, 0xFF, 0x05, 0x06, 0x0F, 0xFF, 0x05, 0x06, 0x0F, 0xFF,
  0x05, 0x06, 0x0F, 0xFF, 0x05, 0x06, 0x0F, 0xFF, 0x05, 0x06, 0x10, 0xFF, 0x05, 0x07, 0x10, 0xFF, 0x05, 0x06, 0x0F, 0xFF, 0x05, 0x06, 0x0F, 0xFF,
  0x05, 0x06, 0x0F, 0xFF, 0x05, 0x06, 0x0F, 0xFF, 0x05, 0x06, 0x0F, 0xFF, 0x05, 0x06, 0x10, 0xFF, 0x05, 0x06, 0x0F, 0xFF, 0x05, 0x06, 0x0E, 0xFF,
  0x05, 0x06, 0x0F, 0xFF, 0x05, 0x06, 0x0F, 0xFF, 0x05, 0x06, 0x0E, 0xFF, 0x05, 0x06, 0x0E, 0xFF, 0x05, 0x06, 0x0C, 0xFF, 0x05, 0x06, 0x0C, 0xFF,
  0x04, 0x05, 0x0B, 0xFF, 0x04, 0x05, 0x09, 0xFF, 0x04, 0x04, 0x08, 0xFF, 0x04, 0x04, 0x06, 0xFF, 0x04, 0x03, 0x05, 0xFF, 0x04, 0x03, 0x05, 0xFF,
  0x04, 0x03, 0x04, 0xFF, 0x04, 0x03, 0x04, 0xFF, 0x04, 0x03, 0x04, 0xFF, 0x04, 0x03, 0x04, 0xFF, 0x04, 0x03, 0x04, 0xFF, 0x04, 0x03, 0x03, 0xFF,
  0x04, 0x03, 0x03, 0xFF, 0x04, 0x03, 0x03, 0xFF, 0x04, 0x03, 0x03, 0xFF, 0x04, 0x03, 0x03, 0xFF, 0x04, 0x03, 0x03, 0xFF, 0x04, 0x03, 0x03, 0xFF,
  0x04, 0x03, 0x03, 0xFF, 0x04, 0x03, 0x03, 0xFF, 0x04, 0x03, 0x03, 0xFF, 0x04, 0x03, 0x03, 0xFF, 0x04, 0x03, 0x03, 0xFF, 0x04, 0x03, 0x03, 0xFF,
  0x04, 0x03, 0x03, 0xFF, 0x04, 0x03, 0x03, 0xFF, 0x04, 0x03, 0x03, 0xFF, 0x04, 0x03, 0x03, 0xFF, 0x04, 0x03, 0x03, 0xFF, 0x04, 0x03, 0x03, 0xFF,
  0x04, 0x03, 0x03, 0xFF, 0x04, 0x03, 0x03, 0xFF, 0x04, 0x03, 0x03, 0xFF, 0x04, 0x03, 0x03, 0xFF, 0x04, 0x03, 0x03, 0xFF, 0x04, 0x03, 0x03, 0xFF,
  0x04, 0x03, 0x03, 0xFF, 0x04, 0x03, 0x03, 0xFF, 0x04, 0x03, 0x03, 0xFF, 0x04, 0x03, 0x03, 0xFF, 0x04, 0x03, 0x03, 0xFF, 0x04, 0x03, 0x03, 0xFF,
  0x04, 0x03, 0x03, 0xFF, 0x04, 0x03, 0x03, 0xFF, 0x04, 0x03, 0x03, 0xFF, 0x04, 0x03, 0x03, 0xFF, 0x04, 0x03, 0x03, 0xFF, 0x04, 0x03, 0x03, 0xFF,
  0x04, 0x03, 0x03, 0xFF, 0x04, 0x03, 0x03, 0xFF, 0x04, 0x03, 0x03, 0xFF, 0x04, 0x03, 0x03, 0xFF, 0x04, 0x03, 0x03, 0xFF, 0x04, 0x03, 0x03, 0xFF,
  0x04, 0x03, 0x03, 0xFF, 0x04, 0x03, 0x03, 0xFF, 0x04, 0x03, 0x03, 0xFF, 0x04, 0x03, 0x03, 0xFF, 0x04, 0x03, 0x03, 0xFF, 0x04, 0x03, 0x03, 0xFF,
  0x04, 0x03, 0x03, 0xFF, 0x04, 0x03, 0x03, 0xFF, 0x04, 0x03, 0x04, 0xFF, 0x04, 0x03, 0x04, 0xFF, 0x04, 0x04, 0x05, 0xFF, 0x04, 0x05, 0x06, 0xFF,
  0x04, 0x06, 0x07, 0xFF, 0x05, 0x07, 0x09, 0xFF, 0x05, 0x08, 0x0B, 0xFF, 0x05, 0x09, 0x0E, 0xFF, 0x05, 0x0B, 0x11, 0xFF, 0x05, 0x0D, 0x15, 0xFF,
  0x06, 0x0E, 0x18, 0xFF, 0x06, 0x10, 0x1B, 0xFF, 0x06, 0x12, 0x1E, 0xFF, 0x06, 0x14, 0x21, 0xFF, 0x06, 0x14, 0x21, 0xFF, 0x06, 0x13, 0x20, 0xFF,
  0x06, 0x13, 0x20, 0xFF, 0x06, 0x14, 0x21, 0xFF, 0x07, 0x14, 0x21, 0xFF, 0x07, 0x14, 0x22, 0xFF, 0x07, 0x15, 0x23, 0xFF, 0x07, 0x15, 0x23, 0xFF,
  0x07, 0x14, 0x22, 0xFF, 0x06, 0x14, 0x22, 0xFF, 0x06, 0x13, 0x21, 0xFF, 0x06, 0x12, 0x1E, 0xFF, 0x06, 0x12, 0x1E, 0xFF, 0x06, 0x12, 0x1F, 0xFF,
  0x06, 0x12, 0x1E, 0xFF, 0x06, 0x11, 0x1D, 0xFF, 0x06, 0x11, 0x1D, 0xFF, 0x06, 0x13, 0x20, 0xFF, 0x06, 0x13, 0x20, 0xFF, 0x06, 0x13, 0x21, 0xFF,
  0x06, 0x13, 0x21, 0xFF, 0x06, 0x13, 0x22, 0xFF, 0x06, 0x13, 0x21, 0xFF, 0x06, 0x12, 0x21, 0xFF, 0x06, 0x13, 0x21, 0xFF, 0x06, 0x13, 0x21, 0xFF,
  0x06, 0x13, 0x21, 0xFF, 0x06, 0x14, 0x23, 0xFF, 0x06, 0x13, 0x22, 0xFF, 0x06, 0x13, 0x22, 0xFF, 0x06, 0x13, 0x23, 0xFF, 0x06, 0x12, 0x22, 0xFF,
  0x06, 0x12, 0x21, 0xFF, 0x06, 0x10, 0x1F, 0xFF, 0x06, 0x10, 0x1F, 0xFF, 0x06, 0x12, 0x22, 0xFF, 0x06, 0x12, 0x23, 0xFF, 0x06, 0x11, 0x22, 0xFF,
  0x06, 0x11, 0x22, 0xFF, 0x06, 0x11, 0x23, 0xFF, 0x06, 0x12, 0x25, 0xFF, 0x06, 0x11, 0x23, 0xFF, 0x06, 0x10, 0x22, 0xFF, 0x06, 0x10, 0x22, 0xFF,
  0x06, 0x10, 0x23, 0xFF, 0x06, 0x11, 0x26, 0xFF, 0x06, 0x11, 0x27, 0xFF, 0x06, 0x12, 0x29, 0xFF, 0x06, 0x11, 0x28, 0xFF, 0x06, 0x11, 0x28, 0xFF,
  0x06, 0x11, 0x28, 0xFF, 0x06, 0x10, 0x27, 0xFF, 0x06, 0x10, 0x27, 0xFF, 0x06, 0x10, 0x26, 0xFF, 0x05, 0x0F, 0x25, 0xFF, 0x05, 0x0E, 0x25, 0xFF,
  0x05, 0x0E, 0x24, 0xFF, 0x05, 0x0E, 0x24, 0xFF, 0x06, 0x0E, 0x26, 0xFF, 0x06, 0x0E, 0x26, 0xFF, 0x06, 0x0E, 0x25, 0xFF, 0x06, 0x0D, 0x23, 0xFF,
  0x06, 0x0D, 0x24, 0xFF, 0x06, 0x0D, 0x26, 0xFF, 0x06, 0x0D, 0x26, 0xFF, 0x06, 0x0E, 0x27, 0xFF, 0x06, 0x0D, 0x25, 0xFF, 0x06, 0x0C, 0x24, 0xFF,
  0x06, 0x0C, 0x24, 0xFF, 0x06, 0x0C, 0x23, 0xFF, 0x06, 0x0C, 0x25, 0xFF, 0x06, 0x0C, 0x23, 0xFF, 0x06, 0x0B, 0x22, 0xFF, 0x06, 0x0B, 0x22, 0xFF,
  0x06, 0x0B, 0x22, 0xFF, 0x06, 0x0C, 0x24, 0xFF, 0x06, 0x0C, 0x25, 0xFF, 0x06, 0x0C, 0x26, 0xFF, 0x06, 0x0C, 0x27, 0xFF, 0x06, 0x0C, 0x25, 0xFF,
  0x06, 0x0C, 0x27, 0xFF, 0x06, 0x0C, 0x26, 0xFF, 0x06, 0x0C, 0x26, 0xFF, 0x07, 0x0C, 0x28, 0xFF, 0x07, 0x0C, 0x28, 0xFF, 0x07, 0x0C, 0x28, 0xFF,
  0x07, 0x0D, 0x29, 0xFF, 0x07, 0x0D, 0x29, 0xFF, 0x07, 0x0C, 0x28, 0xFF, 0x07, 0x0C, 0x27, 0xFF, 0x07, 0x0C, 0x29, 0xFF, 0x07, 0x0C, 0x28, 0xFF,
  0x06, 0x0C, 0x26, 0xFF, 0x06, 0x0C, 0x26, 0xFF, 0x06, 0x0B, 0x23, 0xFF, 0x06, 0x0B, 0x24, 0xFF, 0x06, 0x0C, 0x25, 0xFF, 0x07, 0x0D, 0x28, 0xFF,
  0x07, 0x0D, 0x2B, 0xFF, 0x07, 0x0D, 0x2B, 0xFF, 0x07, 0x0E, 0x2C, 0xFF, 0x07, 0x0E, 0x2D, 0xFF, 0x07, 0x0E, 0x2B, 0xFF, 0x07, 0x0D, 0x2B, 0xFF,
  0x07, 0x0D, 0x2A, 0xFF, 0x07, 0x0D, 0x2B, 0xFF, 0x07, 0x0E, 0x2C, 0xFF, 0x07, 0x0E, 0x2C, 0xFF, 0x07, 0x0E, 0x2B, 0xFF, 0x07, 0x0E, 0x29, 0xFF,
  0x06, 0x0E, 0x29, 0xFF, 0x06, 0x0D, 0x29, 0xFF, 0x06, 0x0D, 0x28, 0xFF, 0x06, 0x0D, 0x28, 0xFF, 0x06, 0x0C, 0x23, 0xFF, 0x06, 0x0B, 0x20, 0xFF,
  0x06, 0x0A, 0x1E, 0xFF, 0x05, 0x09, 0x19, 0xFF, 0x05, 0x08, 0x15, 0xFF, 0x05, 0x07, 0x10, 0xFF, 0x04, 0x06, 0x0C, 0xFF, 0x04, 0x05, 0x0A, 0xFF,
  0x04, 0x04, 0x07, 0xFF, 0x04, 0x04, 0x06, 0xFF, 0x04, 0x03, 0x05, 0xFF, 0x04, 0x03, 0x05, 0xFF, 0x04, 0x03, 0x04, 0xFF, 0x04, 0x03, 0x04, 0xFF,
  0x04, 0x03, 0x04, 0xFF, 0x04, 0x03, 0x03, 0xFF, 0x04, 0x03, 0x03, 0xFF, 0x04, 0x03, 0x03, 0xFF, 0x04, 0x03, 0x03, 0xFF, 0x04, 0x03, 0x03, 0xFF,
  0x04, 0x03, 0x03, 0xFF, 0x04, 0x03, 0x03, 0xFF, 0x04, 0x03, 0x03, 0xFF, 0x04, 0x03, 0x03, 0xFF, 0x04, 0x03, 0x03, 0xFF, 0x04, 0x03, 0x03, 0xFF,
  0x04, 0x03, 0x03, 0xFF, 0x04, 0x03, 0x03, 0xFF, 0x04, 0x03, 0x03, 0xFF, 0x04, 0x03, 0x03, 0xFF, 0x04, 0x03, 0x03, 0xFF, 0x04, 0x03, 0x03, 0xFF,
  0x04, 0x03, 0x03, 0xFF, 0x04, 0x03, 0x03, 0xFF, 0x04, 0x03, 0x03, 0xFF, 0x04, 0x03, 0x03, 0xFF, 0x04, 0x03, 0x03, 0xFF, 0x04, 0x03, 0x03, 0xFF,
  0x04, 0x03, 0x03, 0xFF, 0x04, 0x03, 0x03, 0xFF, 0x04, 0x03, 0x03, 0xFF, 0x04, 0x03, 0x03, 0xFF, 0x04, 0x03, 0x03, 0xFF, 0x04, 0x03, 0x03, 0xFF,
  0x04, 0x03, 0x03, 0xFF, 0x04, 0x03, 0x03, 0xFF, 0x04, 0x03, 0x03, 0xFF, 0x04, 0x03, 0x03, 0xFF, 0x04, 0x03, 0x03, 0xFF, 0x04, 0x03, 0x03, 0xFF,
  0x04, 0x03, 0x03, 0xFF, 0x04, 0x03, 0x03, 0xFF, 0x04, 0x03, 0x03, 0xFF, 0x04, 0x03, 0x03, 0xFF, 0x04, 0x03, 0x03, 0xFF, 0x04, 0x03, 0x03, 0xFF,
  0x04, 0x03, 0x03, 0xFF, 0x04, 0x03, 0x03, 0xFF, 0x04, 0x03, 0x03, 0xFF, 0x04, 0x03, 0x03, 0xFF, 0x04, 0x03, 0x03, 0xFF, 0x04, 0x03, 0x03, 0xFF,
  0x04, 0x03, 0x04, 0xFF, 0x04, 0x04, 0x04, 0xFF, 0x04, 0x04, 0x05, 0xFF, 0x04, 0x05, 0x07, 0xFF, 0x05, 0x07, 0x0A, 0xFF, 0x05, 0x09, 0x0D, 0xFF,
  0x05, 0x0C, 0x12, 0xFF, 0x06, 0x10, 0x18, 0xFF, 0x07, 0x14, 0x21, 0xFF, 0x07, 0x19, 0x2C, 0xFF, 0x08, 0x1F, 0x38, 0xFF, 0x08, 0x2A, 0x4D, 0xFF,
  0x09, 0x32, 0x5F, 0xFF, 0x08, 0x37, 0x6C, 0xFF, 0x08, 0x40, 0x7F, 0xFF, 0x08, 0x44, 0x8B, 0xFF, 0x08, 0x45, 0x90, 0xFF, 0x08, 0x46, 0x91, 0xFF,
  0x08, 0x46, 0x92, 0xFF, 0x07, 0x46, 0x92, 0xFF, 0x08, 0x47, 0x92, 0xFF, 0x08, 0x45, 0x8F, 0xFF, 0x08, 0x43, 0x8C, 0xFF, 0x08, 0x43, 0x8D, 0xFF,
  0x07, 0x43, 0x8C, 0xFF, 0x08, 0x43, 0x8D, 0xFF, 0x07, 0x42, 0x8B, 0xFF, 0x07, 0x41, 0x88, 0xFF, 0x07, 0x40, 0x87, 0xFF, 0x07, 0x40, 0x88, 0xFF,
  0x07, 0x41, 0x8C, 0xFF, 0x08, 0x42, 0x8D, 0xFF, 0x08, 0x40, 0x8A, 0xFF, 0x07, 0x40, 0x8A, 0xFF, 0x07, 0x40, 0x89, 0xFF, 0x07, 0x41, 0x8E, 0xFF,
  0x07, 0x42, 0x92, 0xFF, 0x07, 0x41, 0x90, 0xFF, 0x07, 0x41, 0x91, 0xFF, 0x07, 0x41, 0x91, 0xFF, 0x07, 0x41, 0x92, 0xFF, 0x07, 0x41, 0x93, 0xFF,
  0x06, 0x3F, 0x91, 0xFF, 0x06, 0x40, 0x94, 0xFF, 0x06, 0x40, 0x94, 0xFF, 0x06, 0x3F, 0x94, 0xFF, 0x05, 0x3E, 0x96, 0xFF, 0x05, 0x3D, 0x95, 0xFF,
  0x05, 0x3B, 0x95, 0xFF, 0x05, 0x38, 0x90, 0xFF, 0x06, 0x37, 0x8D, 0xFF, 0x06, 0x38, 0x91, 0xFF, 0x06, 0x38, 0x92, 0xFF, 0x06, 0x36, 0x91, 0xFF,
  0x05, 0x35, 0x92, 0xFF, 0x06, 0x36, 0x97, 0xFF, 0x06, 0x36, 0x9A, 0xFF, 0x05, 0x33, 0x92, 0xFF, 0x06, 0x31, 0x91, 0xFF, 0x06, 0x31, 0x98, 0xFF,
  0x06, 0x31, 0xA0, 0xFF, 0x06, 0x32, 0xA3, 0xFF, 0x05, 0x30, 0xA0, 0xFF, 0x05, 0x30, 0x9E, 0xFF, 0x05, 0x2F, 0xA0, 0xFF, 0x05, 0x2E, 0xA1, 0xFF,
  0x06, 0x2E, 0xA3, 0xFF, 0x06, 0x2B, 0x9E, 0xFF, 0x06, 0x2B, 0x9C, 0xFF, 0x06, 0x2A, 0x9D, 0xFF, 0x05, 0x28, 0xA0, 0xFF, 0x05, 0x27, 0xA4, 0xFF,
  0x05, 0x27, 0xA4, 0xFF, 0x05, 0x26, 0xA2, 0xFF, 0x06, 0x26, 0xA0, 0xFF, 0x07, 0x26, 0x9F, 0xFF, 0x06, 0x25, 0xA2, 0xFF, 0x06, 0x24, 0xA6, 0xFF,
  0x06, 0x23, 0xA8, 0xFF, 0x06, 0x23, 0xAB, 0xFF, 0x06, 0x23, 0xAD, 0xFF, 0x06, 0x23, 0xAB, 0xFF, 0x06, 0x21, 0xA6, 0xFF, 0x07, 0x20, 0xA4, 0xFF,
  0x07, 0x1F, 0xA6, 0xFF, 0x07, 0x1F, 0xA9, 0xFF, 0x08, 0x1F, 0xAB, 0xFF, 0x08, 0x1E, 0xA4, 0xFF, 0x08, 0x1D, 0xA1, 0xFF, 0x08, 0x1B, 0xA4, 0xFF,
  0x07, 0x1C, 0xA9, 0xFF, 0x08, 0x1D, 0xAE, 0xFF, 0x09, 0x1D, 0xAA, 0xFF, 0x09, 0x1D, 0xAA, 0xFF, 0x0A, 0x1E, 0xAF, 0xFF, 0x09, 0x1D, 0xAF, 0xFF,
  0x0A, 0x1D, 0xB3, 0xFF, 0x0A, 0x1D, 0xB1, 0xFF, 0x0A, 0x1C, 0xAE, 0xFF, 0x0A, 0x1C, 0xAF, 0xFF, 0x0A, 0x1D, 0xB0, 0xFF, 0x0A, 0x1C, 0xB2, 0xFF,
  0x0B, 0x1B, 0xB5, 0xFF, 0x0A, 0x1C, 0xB5, 0xFF, 0x0A, 0x1B, 0xB6, 0xFF, 0x0A, 0x1A, 0xB6, 0xFF, 0x0A, 0x1B, 0xB9, 0xFF, 0x09, 0x1C, 0xBA, 0xFF,
  0x09, 0x1B, 0xB8, 0xFF, 0x0A, 0x1B, 0xB7, 0xFF, 0x09, 0x1B, 0xB1, 0xFF, 0x09, 0x1B, 0xAF, 0xFF, 0x09, 0x1B, 0xAF, 0xFF, 0x09, 0x1B, 0xAF, 0xFF,
  0x09, 0x1B, 0xB3, 0xFF, 0x09, 0x1B, 0xB6, 0xFF, 0x09, 0x1C, 0xB5, 0xFF, 0x09, 0x1C, 0xB6, 0xFF, 0x08, 0x1B, 0xB7, 0xFF, 0x08, 0x1B, 0xB7, 0xFF,
  0x09, 0x1C, 0xB2, 0xFF, 0x08, 0x1B, 0xB1, 0xFF, 0x08, 0x1A, 0xB4, 0xFF, 0x08, 0x1C, 0xB8, 0xFF, 0x08, 0x1C, 0xB7, 0xFF, 0x08, 0x1C, 0xB8, 0xFF,
  0x08, 0x1C, 0xB9, 0xFF, 0x07, 0x1D, 0xB8, 0xFF, 0x07, 0x1E, 0xB6, 0xFF, 0x08, 0x1F, 0xB4, 0xFF, 0x08, 0x1E, 0xA1, 0xFF, 0x08, 0x1E, 0x8E, 0xFF,
  0x08, 0x1C, 0x7A, 0xFF, 0x08, 0x17, 0x5B, 0xFF, 0x07, 0x14, 0x46, 0xFF, 0x07, 0x11, 0x38, 0xFF, 0x06, 0x0E, 0x2B, 0xFF, 0x05, 0x0B, 0x1E, 0xFF,
  0x05, 0x08, 0x15, 0xFF, 0x05, 0x07, 0x10, 0xFF, 0x04, 0x05, 0x0B, 0xFF, 0x04, 0x05, 0x09, 0xFF, 0x04, 0x04, 0x06, 0xFF, 0x04, 0x03, 0x05, 0xFF,
  0x04, 0x03, 0x04, 0xFF, 0x04, 0x03, 0x04, 0xFF, 0x04, 0x03, 0x03, 0xFF, 0x04, 0x03, 0x03, 0xFF, 0x04, 0x03, 0x03, 0xFF, 0x04, 0x03, 0x03, 0xFF,
  0x04, 0x03, 0x03, 0xFF, 0x04, 0x03, 0x03, 0xFF, 0x04, 0x03, 0x03, 0xFF, 0x04, 0x03, 0x03, 0xFF, 0x04, 0x03, 0x03, 0xFF, 0x04, 0x03, 0x03, 0xFF,
  0x04, 0x03, 0x03, 0xFF, 0x04, 0x03, 0x03, 0xFF, 0x04, 0x03, 0x03, 0xFF, 0x04, 0x03, 0x03, 0xFF, 0x04, 0x03, 0x03, 0xFF, 0x04, 0x03, 0x03, 0xFF,
  0x04, 0x03, 0x03, 0xFF, 0x04, 0x03, 0x03, 0xFF, 0x04, 0x03, 0x03, 0xFF, 0x04, 0x03, 0x03, 0xFF, 0x04, 0x03, 0x03, 0xFF, 0x04, 0x03, 0x03, 0xFF,
  0x04, 0x03, 0x03, 0xFF, 0x04, 0x03, 0x03, 0xFF, 0x04, 0x03, 0x03, 0xFF, 0x04, 0x03, 0x03, 0xFF, 0x04, 0x03, 0x03, 0xFF, 0x04, 0x03, 0x03, 0xFF,
  0x04, 0x03, 0x03, 0xFF, 0x04, 0x03, 0x03, 0xFF, 0x04, 0x03, 0x03, 0xFF, 0x04, 0x03, 0x03, 0xFF, 0x04, 0x03, 0x03, 0xFF, 0x04, 0x03, 0x03, 0xFF,
  0x04, 0x03, 0x03, 0xFF, 0x04, 0x03, 0x03, 0xFF, 0x04, 0x03, 0x03, 0xFF, 0x04, 0x03, 0x03, 0xFF, 0x04, 0x03, 0x03, 0xFF, 0x04, 0x03, 0x03, 0xFF,
  0x04, 0x03, 0x03, 0xFF, 0x04, 0x03, 0x03, 0xFF, 0x04, 0x03, 0x03, 0xFF, 0x04, 0x03, 0x03, 0xFF, 0x04, 0x03, 0x04, 0xFF, 0x04, 0x04, 0x04, 0xFF,
  0x04, 0x05, 0x06, 0xFF, 0x04, 0x06, 0x08, 0xFF, 0x05, 0x08, 0x0B, 0xFF, 0x05, 0x0B, 0x11, 0xFF, 0x06, 0x0F, 0x18, 0xFF, 0x07, 0x15, 0x22, 0xFF,
  0x08, 0x1E, 0x33, 0xFF, 0x08, 0x2A, 0x4C, 0xFF, 0x08, 0x36, 0x6A, 0xFF, 0x08, 0x40, 0x89, 0xFF, 0x05, 0x43, 0x9E, 0xFF, 0x04, 0x57, 0xB9, 0xFF,
  0x04, 0x70, 0xC9, 0xFF, 0x04, 0x81, 0xD2, 0xFF, 0x08, 0x92, 0xDF, 0xFF, 0x0D, 0x99, 0xE1, 0xFF, 0x11, 0x9D, 0xE1, 0xFF, 0x10, 0x9D, 0xE2, 0xFF,
  0x0D, 0x9A, 0xE0, 0xFF, 0x0E, 0x98, 0xE0, 0xFF, 0x0D, 0x98, 0xE0, 0xFF, 0x0D, 0x96, 0xE0, 0xFF, 0x0C, 0x95, 0xDE, 0xFF, 0x0A, 0x93, 0xDE, 0xFF,
  0x0B, 0x94, 0xDE, 0xFF, 0x0C, 0x95, 0xDF, 0xFF, 0x0C, 0x95, 0xE0, 0xFF, 0x0C, 0x94, 0xDF, 0xFF, 0x0A, 0x93, 0xDF, 0xFF, 0x0D, 0x95, 0xE0, 0xFF,
  0x0B, 0x93, 0xE1, 0xFF, 0x09, 0x8A, 0xDF, 0xFF, 0x0A, 0x8C, 0xDF, 0xFF, 0x07, 0x8A, 0xDF, 0xFF, 0x07, 0x8A, 0xDF, 0xFF, 0x08, 0x8A, 0xDF, 0xFF,
  0x08, 0x88, 0xDF, 0xFF, 0x08, 0x88, 0xDF, 0xFF, 0x07, 0x88, 0xE2, 0xFF, 0x06, 0x87, 0xE2, 0xFF, 0x05, 0x85, 0xE4, 0xFF, 0x05, 0x85, 0xE3, 0xFF,
  0x07, 0x85, 0xE1, 0xFF, 0x06, 0x83, 0xE3, 0xFF, 0x07, 0x84, 0xE3, 0xFF, 0x08, 0x83, 0xE3, 0xFF, 0x07, 0x83, 0xE4, 0xFF, 0x07, 0x82, 0xE4, 0xFF,
  0x06, 0x7F, 0xE6, 0xFF, 0x05, 0x7C, 0xE6, 0xFF, 0x05, 0x7A, 0xE5, 0xFF, 0x04, 0x79, 0xE6, 0xFF, 0x05, 0x78, 0xE6, 0xFF, 0x04, 0x74, 0xE6, 0xFF,
  0x04, 0x70, 0xE6, 0xFF, 0x04, 0x6D, 0xE7, 0xFF, 0x05, 0x6B, 0xE8, 0xFF, 0x05, 0x6B, 0xE9, 0xFF, 0x06, 0x6A, 0xE9, 0xFF, 0x06, 0x68, 0xEB, 0xFF,
  0x06, 0x63, 0xED, 0xFF, 0x05, 0x62, 0xEE, 0xFF, 0x06, 0x63, 0xEF, 0xFF, 0x05, 0x60, 0xEF, 0xFF, 0x04, 0x5C, 0xEE, 0xFF, 0x04, 0x5A, 0xEE, 0xFF,
  0x04, 0x59, 0xED, 0xFF, 0x05, 0x58, 0xED, 0xFF, 0x04, 0x54, 0xED, 0xFF, 0x04, 0x53, 0xEF, 0xFF, 0x05, 0x51, 0xF1, 0xFF, 0x04, 0x4E, 0xF0, 0xFF,
  0x04, 0x4B, 0xF0, 0xFF, 0x04, 0x45, 0xEF, 0xFF, 0x04, 0x47, 0xEF, 0xFF, 0x05, 0x49, 0xEE, 0xFF, 0x05, 0x44, 0xEF, 0xFF, 0x05, 0x45, 0xF1, 0xFF,
  0x05, 0x43, 0xF1, 0xFF, 0x05, 0x44, 0xF2, 0xFF, 0x05, 0x44, 0xF3, 0xFF, 0x04, 0x40, 0xF3, 0xFF, 0x04, 0x40, 0xF3, 0xFF, 0x05, 0x40, 0xF3, 0xFF,
  0x05, 0x3E, 0xF3, 0xFF, 0x06, 0x3D, 0xF3, 0xFF, 0x05, 0x38, 0xF2, 0xFF, 0x06, 0x3C, 0xF1, 0xFF, 0x06, 0x3A, 0xF0, 0xFF, 0x06, 0x38, 0xF0, 0xFF,
  0x05, 0x38, 0xF1, 0xFF, 0x08, 0x3C, 0xF2, 0xFF, 0x07, 0x3C, 0xF2, 0xFF, 0x07, 0x3B, 0xF2, 0xFF, 0x07, 0x3C, 0xF3, 0xFF, 0x08, 0x3D, 0xF3, 0xFF,
  0x08, 0x3D, 0xF3, 0xFF, 0x07, 0x3B, 0xF3, 0xFF, 0x07, 0x3A, 0xF3, 0xFF, 0x07, 0x3A, 0xF3, 0xFF, 0x07, 0x3A, 0xF4, 0xFF, 0x08, 0x3A, 0xF3, 0xFF,
  0x08, 0x3B, 0xF4, 0xFF, 0x08, 0x3B, 0xF5, 0xFF, 0x08, 0x3B, 0xF5, 0xFF, 0x08, 0x3E, 0xF5, 0xFF, 0x09, 0x42, 0xF5, 0xFF, 0x09, 0x42, 0xF5, 0xFF,
  0x09, 0x42, 0xF5, 0xFF, 0x08, 0x44, 0xF5, 0xFF, 0x08, 0x42, 0xF5, 0xFF, 0x08, 0x42, 0xF5, 0xFF, 0x09, 0x46, 0xF4, 0xFF, 0x09, 0x47, 0xF4, 0xFF,
  0x09, 0x46, 0xF4, 0xFF, 0x09, 0x48, 0xF6, 0xFF, 0x0A, 0x4A, 0xF6, 0xFF, 0x09, 0x48, 0xF6, 0xFF, 0x09, 0x49, 0xF5, 0xFF, 0x0A, 0x4D, 0xF5, 0xFF,
  0x09, 0x4E, 0xF5, 0xFF, 0x09, 0x4E, 0xF4, 0xFF, 0x09, 0x4E, 0xF5, 0xFF, 0x0A, 0x52, 0xF7, 0xFF, 0x0B, 0x54, 0xF7, 0xFF, 0x0A, 0x53, 0xF7, 0xFF,
  0x0C, 0x59, 0xF7, 0xFF, 0x0B, 0x5C, 0xF7, 0xFF, 0x0A, 0x5B, 0xF7, 0xFF, 0x05, 0x4F, 0xF7, 0xFF, 0x02, 0x42, 0xF3, 0xFF, 0x02, 0x36, 0xEC, 0xFF,
  0x02, 0x26, 0xE5, 0xFF, 0x03, 0x17, 0xD4, 0xFF, 0x05, 0x12, 0xC0, 0xFF, 0x06, 0x15, 0xA4, 0xFF, 0x07, 0x19, 0x87, 0xFF, 0x07, 0x18, 0x66, 0xFF,
  0x06, 0x12, 0x41, 0xFF, 0x06, 0x0E, 0x2F, 0xFF, 0x05, 0x0A, 0x1D, 0xFF, 0x05, 0x07, 0x13, 0xFF, 0x05, 0x06, 0x0D, 0xFF, 0x04, 0x04, 0x08, 0xFF,
  0x04, 0x04, 0x06, 0xFF, 0x04, 0x03, 0x04, 0xFF, 0x04, 0x03, 0x04, 0xFF, 0x04, 0x03, 0x03, 0xFF, 0x04, 0x03, 0x03, 0xFF, 0x04, 0x03, 0x03, 0xFF,
  0x04, 0x03, 0x03, 0xFF, 0x04, 0x03, 0x03, 0xFF, 0x04, 0x03, 0x03, 0xFF, 0x04, 0x03, 0x03, 0xFF, 0x04, 0x03, 0x03, 0xFF, 0x04, 0x03, 0x03, 0xFF,
  0x04, 0x03, 0x03, 0xFF, 0x04, 0x03, 0x03, 0xFF, 0x04, 0x03, 0x03, 0xFF, 0x04, 0x03, 0x03, 0xFF, 0x04, 0x03, 0x03, 0xFF, 0x04, 0x03, 0x03, 0xFF,
  0x04, 0x03, 0x03, 0xFF, 0x04, 0x03, 0x03, 0xFF, 0x04, 0x03, 0x03, 0xFF, 0x04, 0x03, 0x03, 0xFF, 0x04, 0x03, 0x03, 0xFF, 0x04, 0x03, 0x03, 0xFF,
  0x04, 0x03, 0x03, 0xFF, 0x04, 0x03, 0x03, 0xFF, 0x04, 0x03, 0x03, 0xFF, 0x04, 0x03, 0x03, 0xFF, 0x04, 0x03, 0x03, 0xFF, 0x04, 0x03, 0x03, 0xFF,
  0x04, 0x03, 0x03, 0xFF, 0x04, 0x03, 0x03, 0xFF, 0x04, 0x03, 0x03, 0xFF, 0x04, 0x03, 0x03, 0xFF, 0x04, 0x03, 0x03, 0xFF, 0x04, 0x03, 0x03, 0xFF,
  0x04, 0x03, 0x03, 0xFF, 0x04, 0x03, 0x03, 0xFF, 0x04, 0x03, 0x03, 0xFF, 0x04, 0x03, 0x03, 0xFF, 0x04, 0x03, 0x03, 0xFF, 0x04, 0x03, 0x03, 0xFF,
  0x04, 0x03, 0x03, 0xFF, 0x04, 0x03, 0x04, 0xFF, 0x04, 0x03, 0x04, 0xFF, 0x04, 0x04, 0x04, 0xFF, 0x04, 0x05, 0x06, 0xFF, 0x04, 0x07, 0x0A, 0xFF,
  0x05, 0x09, 0x0D, 0xFF, 0x05, 0x0D, 0x14, 0xFF, 0x06, 0x13, 0x1E, 0xFF, 0x07, 0x1B, 0x2F, 0xFF, 0x08, 0x2B, 0x4E, 0xFF, 0x07, 0x3A, 0x75, 0xFF,
  0x06, 0x47, 0x9E, 0xFF, 0x04, 0x5F, 0xC1, 0xFF, 0x06, 0x91, 0xD9, 0xFF, 0x18, 0xB9, 0xE7, 0xFF, 0x3A, 0xE0, 0xF2, 0xFF, 0x51, 0xF4, 0xF7, 0xFF,
  0x68, 0xF6, 0xF8, 0xFF, 0x7A, 0xF6, 0xF7, 0xFF, 0x82, 0xF7, 0xF8, 0xFF, 0x86, 0xF8, 0xF8, 0xFF, 0x87, 0xF9, 0xF8, 0xFF, 0x84, 0xF8, 0xF9, 0xFF,
  0x81, 0xF8, 0xF9, 0xFF, 0x80, 0xF8, 0xF9, 0xFF, 0x82, 0xF8, 0xF9, 0xFF, 0x84, 0xF8, 0xF9, 0xFF, 0x83, 0xF8, 0xF9, 0xFF, 0x81, 0xF8, 0xF9, 0xFF,
  0x81, 0xF8, 0xF9, 0xFF, 0x82, 0xF8, 0xF9, 0xFF, 0x84, 0xF8, 0xF9, 0xFF, 0x82, 0xF8, 0xF9, 0xFF, 0x81, 0xF8, 0xF9, 0xFF, 0x85, 0xF8, 0xF9, 0xFF,
  0x83, 0xF8, 0xF9, 0xFF, 0x7F, 0xF8, 0xF8, 0xFF, 0x80, 0xF8, 0xF9, 0xFF, 0x7B, 0xF8, 0xF9, 0xFF, 0x7B, 0xF8, 0xF9, 0xFF, 0x79, 0xF8, 0xF9, 0xFF,
  0x77, 0xF8, 0xF9, 0xFF, 0x75, 0xF8, 0xF9, 0xFF, 0x72, 0xF8, 0xF9, 0xFF, 0x6F, 0xF8, 0xF9, 0xFF, 0x6A, 0xF8, 0xF8, 0xFF, 0x6C, 0xF8, 0xF9, 0xFF,
  0x70, 0xF9, 0xF9, 0xFF, 0x6D, 0xF8, 0xF9, 0xFF, 0x6D, 0xF8, 0xF9, 0xFF, 0x6D, 0xF9, 0xF9, 0xFF, 0x6B, 0xF8, 0xF9, 0xFF, 0x6A, 0xF8, 0xF9, 0xFF,
  0x65, 0xF8, 0xF9, 0xFF, 0x61, 0xF8, 0xF9, 0xFF, 0x5F, 0xF8, 0xF9, 0xFF, 0x5E, 0xF8, 0xF9, 0xFF, 0x5C, 0xF7, 0xF8, 0xFF, 0x59, 0xF8, 0xF8, 0xFF,
  0x56, 0xF7, 0xF8, 0xFF, 0x54, 0xF8, 0xF9, 0xFF, 0x51, 0xF8, 0xF9, 0xFF, 0x4E, 0xF7, 0xF9, 0xFF, 0x4D, 0xF7, 0xF9, 0xFF, 0x4E, 0xF7, 0xF9, 0xFF,
  0x4F, 0xF7, 0xF9, 0xFF, 0x4D, 0xF6, 0xF9, 0xFF, 0x4D, 0xF6, 0xFA, 0xFF, 0x4A, 0xF4, 0xF9, 0xFF, 0x47, 0xF2, 0xF9, 0xFF, 0x46, 0xF0, 0xF9, 0xFF,
  0x46, 0xEF, 0xF9, 0xFF, 0x48, 0xEE, 0xF9, 0xFF, 0x46, 0xED, 0xF9, 0xFF, 0x45, 0xEB, 0xF9, 0xFF, 0x46, 0xEA, 0xF8, 0xFF, 0x47, 0xE9, 0xF9, 0xFF,
  0x47, 0xE8, 0xF9, 0xFF, 0x48, 0xE6, 0xF9, 0xFF, 0x47, 0xE5, 0xF9, 0xFF, 0x47, 0xE2, 0xF9, 0xFF, 0x43, 0xDF, 0xF9, 0xFF, 0x45, 0xDF, 0xF9, 0xFF,
  0x48, 0xE0, 0xF9, 0xFF, 0x4A, 0xE1, 0xF9, 0xFF, 0x4A, 0xE0, 0xF9, 0xFF, 0x45, 0xDC, 0xF9, 0xFF, 0x46, 0xDB, 0xFA, 0xFF, 0x48, 0xDB, 0xF9, 0xFF,
  0x48, 0xDA, 0xFA, 0xFF, 0x47, 0xD8, 0xF9, 0xFF, 0x45, 0xD7, 0xF9, 0xFF, 0x4A, 0xD7, 0xF9, 0xFF, 0x4C, 0xD7, 0xF9, 0xFF, 0x46, 0xD6, 0xF9, 0xFF,
  0x47, 0xD7, 0xF9, 0xFF, 0x4E, 0xD8, 0xF9, 0xFF, 0x4F, 0xD9, 0xF9, 0xFF, 0x4F, 0xDA, 0xF9, 0xFF, 0x4F, 0xDA, 0xF9, 0xFF, 0x51, 0xDC, 0xF9, 0xFF,
  0x52, 0xDC, 0xF9, 0xFF, 0x52, 0xDD, 0xF9, 0xFF, 0x53, 0xDD, 0xF9, 0xFF, 0x55, 0xDD, 0xF9, 0xFF, 0x57, 0xDD, 0xF9, 0xFF, 0x58, 0xDD, 0xFA, 0xFF,
  0x57, 0xDD, 0xFA, 0xFF, 0x53, 0xDB, 0xF9, 0xFF, 0x50, 0xDA, 0xF9, 0xFF, 0x53, 0xDD, 0xF9, 0xFF, 0x54, 0xDF, 0xF9, 0xFF, 0x53, 0xDF, 0xF9, 0xFF,
  0x54, 0xE0, 0xF9, 0xFF, 0x56, 0xE0, 0xFA, 0xFF, 0x57, 0xE1, 0xF9, 0xFF, 0x59, 0xE1, 0xF9, 0xFF, 0x59, 0xE3, 0xF9, 0xFF, 0x58, 0xE4, 0xF9, 0xFF,
  0x56, 0xE4, 0xF9, 0xFF, 0x58, 0xE5, 0xFA, 0xFF, 0x58, 0xE7, 0xF9, 0xFF, 0x57, 0xE8, 0xF9, 0xFF, 0x58, 0xE9, 0xF9, 0xFF, 0x56, 0xEA, 0xF9, 0xFF,
  0x53, 0xEB, 0xF9, 0xFF, 0x50, 0xEB, 0xF9, 0xFF, 0x51, 0xEA, 0xF9, 0xFF, 0x52, 0xEB, 0xF9, 0xFF, 0x53, 0xEB, 0xF9, 0xFF, 0x54, 0xED, 0xF9, 0xFF,
  0x53, 0xED, 0xF9, 0xFF, 0x52, 0xEF, 0xF9, 0xFF, 0x54, 0xF0, 0xF9, 0xFF, 0x55, 0xF2, 0xF9, 0xFF, 0x55, 0xF3, 0xF9, 0xFF, 0x4F, 0xF2, 0xF8, 0xFF,
  0x48, 0xEC, 0xF8, 0xFF, 0x3C, 0xE0, 0xF7, 0xFF, 0x25, 0xB0, 0xF5, 0xFF, 0x09, 0x74, 0xF1, 0xFF, 0x01, 0x39, 0xEB, 0xFF, 0x02, 0x11, 0xDD, 0xFF,
  0x04, 0x13, 0xBC, 0xFF, 0x06, 0x1B, 0x98, 0xFF, 0x07, 0x16, 0x60, 0xFF, 0x06, 0x0F, 0x36, 0xFF, 0x05, 0x0B, 0x23, 0xFF, 0x05, 0x08, 0x15, 0xFF,
  0x04, 0x06, 0x0E, 0xFF, 0x04, 0x04, 0x07, 0xFF, 0x04, 0x03, 0x05, 0xFF, 0x04, 0x03, 0x04, 0xFF, 0x04, 0x03, 0x03, 0xFF, 0x04, 0x03, 0x03, 0xFF,
  0x04, 0x03, 0x03, 0xFF, 0x04, 0x03, 0x03, 0xFF, 0x04, 0x03, 0x03, 0xFF, 0x04, 0x03, 0x03, 0xFF, 0x04, 0x03, 0x03, 0xFF, 0x04, 0x03, 0x03, 0xFF,
  0x04, 0x03, 0x03, 0xFF, 0x04, 0x03, 0x03, 0xFF, 0x04, 0x03, 0x03, 0xFF, 0x04, 0x03, 0x03, 0xFF, 0x04, 0x03, 0x03, 0xFF, 0x04, 0x03, 0x03, 0xFF,
  0x04, 0x03, 0x03, 0xFF, 0x04, 0x03, 0x03, 0xFF, 0x04, 0x03, 0x03, 0xFF, 0x04, 0x03, 0x03, 0xFF, 0x04, 0x03, 0x03, 0xFF, 0x04, 0x03, 0x03, 0xFF,
  0x04, 0x03, 0x03, 0xFF, 0x04, 0x03, 0x03, 0xFF, 0x04, 0x03, 0x03, 0xFF, 0x04, 0x03, 0x03, 0xFF, 0x04, 0x03, 0x03, 0xFF, 0x04, 0x03, 0x03, 0xFF,
  0x04, 0x03, 0x03, 0xFF, 0x04, 0x03, 0x03, 0xFF, 0x04, 0x03, 0x03, 0xFF, 0x04, 0x03, 0x03, 0xFF, 0x04, 0x03, 0x03, 0xFF, 0x04, 0x03, 0x03, 0xFF,
  0x04, 0x03, 0x03, 0xFF, 0x04, 0x03, 0x03, 0xFF, 0x04, 0x03, 0x03, 0xFF, 0x04, 0x03, 0x03, 0xFF, 0x04, 0x03, 0x03, 0xFF, 0x04, 0x03, 0x03, 0xFF,
  0x04, 0x03, 0x04, 0xFF, 0x04, 0x04, 0x04, 0xFF, 0x04, 0x04, 0x05, 0xFF, 0x04, 0x05, 0x07, 0xFF, 0x05, 0x08, 0x0C, 0xFF, 0x05, 0x0D, 0x15, 0xFF,
  0x06, 0x13, 0x1F, 0xFF, 0x07, 0x1E, 0x33, 0xFF, 0x08, 0x2F, 0x58, 0xFF, 0x07, 0x46, 0x96, 0xFF, 0x05, 0x61, 0xCC, 0xFF, 0x09, 0x97, 0xE3, 0xFF,
  0x33, 0xCF, 0xEF, 0xFF, 0x5F, 0xF5, 0xF8, 0xFF, 0x7D, 0xF9, 0xFA, 0xFF, 0x80, 0xFA, 0xFA, 0xFF, 0x7B, 0xF9, 0xFA, 0xFF, 0x7C, 0xF9, 0xFA, 0xFF,
  0x7F, 0xF9, 0xF9, 0xFF, 0x7E, 0xF8, 0xF9, 0xFF, 0x76, 0xF8, 0xF9, 0xFF, 0x70, 0xF7, 0xF9, 0xFF, 0x6F, 0xF8, 0xF9, 0xFF, 0x6E, 0xF8, 0xF9, 0xFF,
  0x6D, 0xF7, 0xF9, 0xFF, 0x6C, 0xF7, 0xF9, 0xFF, 0x6F, 0xF7, 0xF9, 0xFF, 0x70, 0xF7, 0xF9, 0xFF, 0x6F, 0xF7, 0xFA, 0xFF, 0x6C, 0xF8, 0xFA, 0xFF,
  0x6C, 0xF8, 0xFA, 0xFF, 0x72, 0xF8, 0xFA, 0xFF, 0x73, 0xF8, 0xFA, 0xFF, 0x70, 0xF8, 0xF9, 0xFF, 0x6E, 0xF8, 0xF9, 0xFF, 0x70, 0xF8, 0xF9, 0xFF,
  0x6F, 0xF8, 0xF9, 0xFF, 0x6D, 0xF7, 0xF9, 0xFF, 0x6D, 0xF8, 0xF9, 0xFF, 0x69, 0xF8, 0xF9, 0xFF, 0x67, 0xF8, 0xF9, 0xFF, 0x66, 0xF7, 0xF9, 0xFF,
  0x62, 0xF7, 0xF9, 0xFF, 0x5F, 0xF7, 0xF9, 0xFF, 0x59, 0xF6, 0xF9, 0xFF, 0x58, 0xF6, 0xF9, 0xFF, 0x57, 0xF6, 0xF9, 0xFF, 0x57, 0xF6, 0xFA, 0xFF,
  0x59, 0xF6, 0xF9, 0xFF, 0x58, 0xF6, 0xF9, 0xFF, 0x59, 0xF6, 0xF9, 0xFF, 0x56, 0xF6, 0xF9, 0xFF, 0x50, 0xF5, 0xF9, 0xFF, 0x4C, 0xF5, 0xF9, 0xFF,
  0x4A, 0xF5, 0xF9, 0xFF, 0x49, 0xF5, 0xF9, 0xFF, 0x49, 0xF5, 0xF9, 0xFF, 0x46, 0xF5, 0xF9, 0xFF, 0x42, 0xF3, 0xF9, 0xFF, 0x41, 0xF4, 0xF9, 0xFF,
  0x3F, 0xF4, 0xF9, 0xFF, 0x3C, 0xF3, 0xF9, 0xFF, 0x37, 0xF3, 0xFA, 0xFF, 0x33, 0xF2, 0xFA, 0xFF, 0x32, 0xF1, 0xFA, 0xFF, 0x35, 0xF1, 0xFA, 0xFF,
  0x36, 0xF0, 0xFA, 0xFF, 0x34, 0xEF, 0xFA, 0xFF, 0x34, 0xEE, 0xFA, 0xFF, 0x33, 0xEA, 0xFA, 0xFF, 0x32, 0xE8, 0xFA, 0xFF, 0x32, 0xE7, 0xFA, 0xFF,
  0x31, 0xE5, 0xFA, 0xFF, 0x33, 0xE5, 0xFA, 0xFF, 0x32, 0xE2, 0xFA, 0xFF, 0x30, 0xDE, 0xF9, 0xFF, 0x30, 0xDB, 0xF9, 0xFF, 0x31, 0xD9, 0xFA, 0xFF,
  0x31, 0xD5, 0xFA, 0xFF, 0x32, 0xD2, 0xFA, 0xFF, 0x33, 0xD0, 0xFA, 0xFF, 0x33, 0xCD, 0xFA, 0xFF, 0x30, 0xC9, 0xFA, 0xFF, 0x31, 0xC9, 0xFA, 0xFF,
  0x33, 0xCA, 0xFA, 0xFF, 0x36, 0xCA, 0xFA, 0xFF, 0x38, 0xC9, 0xFA, 0xFF, 0x35, 0xC3, 0xFA, 0xFF, 0x34, 0xC3, 0xFA, 0xFF, 0x34, 0xC1, 0xFA, 0xFF,
  0x34, 0xC0, 0xFA, 0xFF, 0x36, 0xC0, 0xFA, 0xFF, 0x37, 0xC0, 0xFA, 0xFF, 0x39, 0xBF, 0xFA, 0xFF, 0x38, 0xBE, 0xFA, 0xFF, 0x34, 0xBB, 0xFA, 0xFF,
  0x35, 0xB9, 0xFA, 0xFF, 0x38, 0xBC, 0xFA, 0xFF, 0x3B, 0xBE, 0xFA, 0xFF, 0x3B, 0xBF, 0xFA, 0xFF, 0x3A, 0xBF, 0xFA, 0xFF, 0x3B, 0xBF, 0xFA, 0xFF,
  0x3C, 0xBF, 0xFA, 0xFF, 0x3F, 0xC1, 0xFA, 0xFF, 0x42, 0xC4, 0xFA, 0xFF, 0x44, 0xC5, 0xFA, 0xFF, 0x44, 0xC3, 0xFA, 0xFF, 0x44, 0xC3, 0xFA, 0xFF,
  0x45, 0xC3, 0xFA, 0xFF, 0x43, 0xC1, 0xFA, 0xFF, 0x3E, 0xC1, 0xFA, 0xFF, 0x3E, 0xC3, 0xFA, 0xFF, 0x3F, 0xC6, 0xFA, 0xFF, 0x3F, 0xC6, 0xFA, 0xFF,
  0x40, 0xC7, 0xFB, 0xFF, 0x41, 0xC8, 0xFA, 0xFF, 0x42, 0xC7, 0xFA, 0xFF, 0x43, 0xC9, 0xFA, 0xFF, 0x43, 0xCB, 0xFA, 0xFF, 0x43, 0xCD, 0xFA, 0xFF,
  0x43, 0xCF, 0xFA, 0xFF, 0x44, 0xD0, 0xFA, 0xFF, 0x44, 0xD1, 0xFA, 0xFF, 0x43, 0xD4, 0xFA, 0xFF, 0x42, 0xD5, 0xFA, 0xFF, 0x40, 0xD5, 0xFA, 0xFF,
  0x41, 0xD9, 0xFA, 0xFF, 0x3E, 0xDA, 0xFA, 0xFF, 0x3C, 0xD8, 0xFA, 0xFF, 0x3C, 0xD8, 0xFA, 0xFF, 0x3B, 0xD7, 0xFA, 0xFF, 0x3E, 0xD8, 0xFA, 0xFF,
  0x3E, 0xDA, 0xFA, 0xFF, 0x3F, 0xDC, 0xFA, 0xFF, 0x40, 0xE1, 0xFA, 0xFF, 0x42, 0xEC, 0xFA, 0xFF, 0x46, 0xF1, 0xF9, 0xFF, 0x4A, 0xF5, 0xF9, 0xFF,
  0x4E, 0xF7, 0xFA, 0xFF, 0x54, 0xF8, 0xFA, 0xFF, 0x58, 0xF8, 0xFA, 0xFF, 0x61, 0xF9, 0xFA, 0xFF, 0x51, 0xF3, 0xFA, 0xFF, 0x38, 0xD4, 0xF9, 0xFF,
  0x13, 0x89, 0xF8, 0xFF, 0x02, 0x3A, 0xF5, 0xFF, 0x03, 0x11, 0xD9, 0xFF, 0x05, 0x17, 0xA6, 0xFF, 0x06, 0x18, 0x6E, 0xFF, 0x06, 0x12, 0x40, 0xFF,
  0x05, 0x0C, 0x26, 0xFF, 0x04, 0x07, 0x11, 0xFF, 0x04, 0x04, 0x09, 0xFF, 0x04, 0x04, 0x06, 0xFF, 0x04, 0x03, 0x04, 0xFF, 0x04, 0x03, 0x04, 0xFF,
  0x04, 0x03, 0x03, 0xFF, 0x04, 0x03, 0x03, 0xFF, 0x04, 0x03, 0x03, 0xFF, 0x04, 0x03, 0x03, 0xFF, 0x04, 0x03, 0x03, 0xFF, 0x04, 0x03, 0x03, 0xFF,
  0x04, 0x03, 0x03, 0xFF, 0x04, 0x03, 0x03, 0xFF, 0x04, 0x03, 0x03, 0xFF, 0x04, 0x03, 0x03, 0xFF, 0x04, 0x03, 0x03, 0xFF, 0x04, 0x03, 0x03, 0xFF,
  0x04, 0x03, 0x03, 0xFF, 0x04, 0x03, 0x03, 0xFF, 0x04, 0x03, 0x03, 0xFF, 0x04, 0x03, 0x03, 0xFF, 0x04, 0x03, 0x03, 0xFF, 0x04, 0x03, 0x03, 0xFF,
  0x04, 0x03, 0x03, 0xFF, 0x04, 0x03, 0x03, 0xFF, 0x04, 0x03, 0x03, 0xFF, 0x04, 0x03, 0x03, 0xFF, 0x04, 0x03, 0x03, 0xFF, 0x04, 0x03, 0x03, 0xFF,
  0x04, 0x03, 0x03, 0xFF, 0x04, 0x03, 0x03, 0xFF, 0x04, 0x03, 0x03, 0xFF, 0x04, 0x03, 0x03, 0xFF, 0x04, 0x03, 0x03, 0xFF, 0x04, 0x03, 0x03, 0xFF,
  0x04, 0x03, 0x03, 0xFF, 0x04, 0x03, 0x03, 0xFF, 0x04, 0x03, 0x03, 0xFF, 0x04, 0x03, 0x03, 0xFF, 0x04, 0x03, 0x03, 0xFF, 0x04, 0x03, 0x04, 0xFF,
  0x04, 0x04, 0x04, 0xFF, 0x04, 0x05, 0x06, 0xFF, 0x05, 0x07, 0x0A, 0xFF, 0x05, 0x0A, 0x0F, 0xFF, 0x06, 0x10, 0x1A, 0xFF, 0x07, 0x1D, 0x32, 0xFF,
  0x07, 0x2E, 0x58, 0xFF, 0x06, 0x46, 0x96, 0xFF, 0x03, 0x6E, 0xC9, 0xFF, 0x19, 0xB6, 0xE5, 0xFF, 0x52, 0xF3, 0xF8, 0xFF, 0x7A, 0xF8, 0xF9, 0xFF,
  0x82, 0xF9, 0xF9, 0xFF, 0x82, 0xF9, 0xFA, 0xFF, 0x7F, 0xF9, 0xFA, 0xFF, 0x65, 0xF3, 0xFA, 0xFF, 0x47, 0xD5, 0xF0, 0xFF, 0x30, 0xB3, 0xE4, 0xFF,
  0x18, 0x93, 0xDB, 0xFF, 0x07, 0x7A, 0xD1, 0xFF, 0x03, 0x6E, 0xCD, 0xFF, 0x01, 0x65, 0xCB, 0xFF, 0x01, 0x5F, 0xC9, 0xFF, 0x01, 0x63, 0xCA, 0xFF,
  0x01, 0x66, 0xCB, 0xFF, 0x01, 0x63, 0xC8, 0xFF, 0x01, 0x63, 0xC8, 0xFF, 0x01, 0x63, 0xC7, 0xFF, 0x01, 0x64, 0xC9, 0xFF, 0x01, 0x66, 0xCB, 0xFF,
  0x01, 0x66, 0xCB, 0xFF, 0x01, 0x66, 0xC9, 0xFF, 0x01, 0x64, 0xC6, 0xFF, 0x01, 0x63, 0xC5, 0xFF, 0x01, 0x63, 0xC5, 0xFF, 0x01, 0x63, 0xC6, 0xFF,
  0x01, 0x61, 0xC5, 0xFF, 0x01, 0x60, 0xC4, 0xFF, 0x01, 0x61, 0xC4, 0xFF, 0x01, 0x5E, 0xC2, 0xFF, 0x01, 0x5A, 0xC1, 0xFF, 0x01, 0x5A, 0xC3, 0xFF,
  0x01, 0x58, 0xC1, 0xFF, 0x01, 0x53, 0xBD, 0xFF, 0x01, 0x4C, 0xB9, 0xFF, 0x01, 0x4C, 0xBD, 0xFF, 0x01, 0x4E, 0xC1, 0xFF, 0x01, 0x4C, 0xC0, 0xFF,
  0x01, 0x48, 0xBE, 0xFF, 0x01, 0x47, 0xBF, 0xFF, 0x01, 0x48, 0xBF, 0xFF, 0x01, 0x44, 0xBD, 0xFF, 0x01, 0x42, 0xBD, 0xFF, 0x01, 0x42, 0xBE, 0xFF,
  0x00, 0x43, 0xC0, 0xFF, 0x01, 0x45, 0xC3, 0xFF, 0x01, 0x42, 0xC2, 0xFF, 0x00, 0x3A, 0xBD, 0xFF, 0x00, 0x35, 0xBB, 0xFF, 0x00, 0x35, 0xBF, 0xFF,
  0x00, 0x34, 0xBF, 0xFF, 0x01, 0x34, 0xBE, 0xFF, 0x00, 0x34, 0xBF, 0xFF, 0x00, 0x32, 0xBD, 0xFF, 0x00, 0x31, 0xC0, 0xFF, 0x01, 0x2F, 0xC0, 0xFF,
  0x00, 0x2C, 0xBE, 0xFF, 0x00, 0x28, 0xBD, 0xFF, 0x00, 0x26, 0xBD, 0xFF, 0x00, 0x27, 0xC1, 0xFF, 0x00, 0x27, 0xC0, 0xFF, 0x00, 0x24, 0xBE, 0xFF,
  0x00, 0x21, 0xBB, 0xFF, 0x00, 0x1E, 0xB9, 0xFF, 0x00, 0x1B, 0xB8, 0xFF, 0x00, 0x19, 0xBA, 0xFF, 0x00, 0x18, 0xBC, 0xFF, 0x00, 0x1A, 0xBE, 0xFF,
  0x00, 0x19, 0xBD, 0xFF, 0x00, 0x18, 0xB9, 0xFF, 0x00, 0x17, 0xB9, 0xFF, 0x00, 0x16, 0xB9, 0xFF, 0x00, 0x14, 0xB8, 0xFF, 0x00, 0x13, 0xB9, 0xFF,
  0x00, 0x12, 0xB9, 0xFF, 0x00, 0x11, 0xB9, 0xFF, 0x00, 0x10, 0xB8, 0xFF, 0x00, 0x0F, 0xB5, 0xFF, 0x00, 0x0E, 0xB5, 0xFF, 0x00, 0x0F, 0xB6, 0xFF,
  0x00, 0x0F, 0xB7, 0xFF, 0x00, 0x0F, 0xB8, 0xFF, 0x00, 0x0D, 0xB9, 0xFF, 0x01, 0x0B, 0xB6, 0xFF, 0x01, 0x0C, 0xB3, 0xFF, 0x00, 0x0C, 0xB4, 0xFF,
  0x01, 0x0C, 0xB7, 0xFF, 0x01, 0x0C, 0xB8, 0xFF, 0x01, 0x0C, 0xB8, 0xFF, 0x01, 0x0C, 0xB8, 0xFF, 0x01, 0x0B, 0xB8, 0xFF, 0x01, 0x0A, 0xB5, 0xFF,
  0x01, 0x09, 0xB5, 0xFF, 0x01, 0x09, 0xB2, 0xFF, 0x01, 0x09, 0xAF, 0xFF, 0x01, 0x09, 0xAF, 0xFF, 0x01, 0x09, 0xB1, 0xFF, 0x01, 0x08, 0xAE, 0xFF,
  0x01, 0x09, 0xB1, 0xFF, 0x01, 0x0A, 0xB3, 0xFF, 0x01, 0x09, 0xB5, 0xFF, 0x01, 0x09, 0xB6, 0xFF, 0x01, 0x0A, 0xB9, 0xFF, 0x02, 0x0A, 0xBA, 0xFF,
  0x01, 0x09, 0xB9, 0xFF, 0x02, 0x08, 0xB9, 0xFF, 0x01, 0x08, 0xBA, 0xFF, 0x01, 0x09, 0xB9, 0xFF, 0x01, 0x09, 0xB7, 0xFF, 0x01, 0x08, 0xB8, 0xFF,
  0x02, 0x09, 0xBA, 0xFF, 0x02, 0x09, 0xBA, 0xFF, 0x02, 0x08, 0xB7, 0xFF, 0x01, 0x08, 0xBA, 0xFF, 0x01, 0x0A, 0xBE, 0xFF, 0x01, 0x0A, 0xBE, 0xFF,
  0x01, 0x0A, 0xC0, 0xFF, 0x01, 0x09, 0xC1, 0xFF, 0x01, 0x09, 0xC2, 0xFF, 0x01, 0x0A, 0xC5, 0xFF, 0x01, 0x0C, 0xC9, 0xFF, 0x01, 0x0A, 0xC4, 0xFF,
  0x01, 0x09, 0xC5, 0xFF, 0x01, 0x09, 0xC5, 0xFF, 0x02, 0x0A, 0xC4, 0xFF, 0x02, 0x0D, 0xC8, 0xFF, 0x02, 0x17, 0xD0, 0xFF, 0x06, 0x30, 0xD6, 0xFF,
  0x12, 0x4F, 0xDE, 0xFF, 0x21, 0x79, 0xE8, 0xFF, 0x33, 0xAE, 0xF7, 0xFF, 0x48, 0xDF, 0xF8, 0xFF, 0x59, 0xF7, 0xF8, 0xFF, 0x5B, 0xF9, 0xFA, 0xFF,
  0x66, 0xFA, 0xFA, 0xFF, 0x50, 0xF2, 0xFA, 0xFF, 0x26, 0xBA, 0xF6, 0xFF, 0x03, 0x54, 0xEE, 0xFF, 0x02, 0x12, 0xDA, 0xFF, 0x04, 0x15, 0x94, 0xFF,
  0x05, 0x16, 0x5F, 0xFF, 0x05, 0x0D, 0x2D, 0xFF, 0x05, 0x08, 0x15, 0xFF, 0x04, 0x06, 0x0D, 0xFF, 0x04, 0x04, 0x07, 0xFF, 0x04, 0x03, 0x05, 0xFF,
  0x04, 0x03, 0x04, 0xFF, 0x04, 0x03, 0x03, 0xFF, 0x04, 0x03, 0x03, 0xFF, 0x04, 0x03, 0x03, 0xFF, 0x04, 0x03, 0x03, 0xFF, 0x04, 0x03, 0x03, 0xFF,
  0x04, 0x03, 0x03, 0xFF, 0x04, 0x03, 0x03, 0xFF, 0x04, 0x03, 0x03, 0xFF, 0x04, 0x03, 0x03, 0xFF, 0x04, 0x03, 0x03, 0xFF, 0x04, 0x03, 0x03, 0xFF,
  0x04, 0x03, 0x03, 0xFF, 0x04, 0x03, 0x03, 0xFF, 0x04, 0x03, 0x03, 0xFF, 0x04, 0x03, 0x03, 0xFF, 0x04, 0x03, 0x03, 0xFF, 0x04, 0x03, 0x03, 0xFF,
  0x04, 0x03, 0x03, 0xFF, 0x04, 0x03, 0x03, 0xFF, 0x04, 0x03, 0x03, 0xFF, 0x04, 0x03, 0x03, 0xFF, 0x04, 0x03, 0x03, 0xFF, 0x04, 0x03, 0x03, 0xFF,
  0x04, 0x03, 0x03, 0xFF, 0x04, 0x03, 0x03, 0xFF, 0x04, 0x03, 0x03, 0xFF, 0x04, 0x03, 0x03, 0xFF, 0x04, 0x03, 0x03, 0xFF, 0x04, 0x03, 0x03, 0xFF,
  0x04, 0x03, 0x03, 0xFF, 0x04, 0x03, 0x03, 0xFF, 0x04, 0x03, 0x03, 0xFF, 0x04, 0x03, 0x04, 0xFF, 0x04, 0x04, 0x04, 0xFF, 0x04, 0x04, 0x05, 0xFF,
  0x04, 0x05, 0x06, 0xFF, 0x05, 0x07, 0x0A, 0xFF, 0x05, 0x0D, 0x14, 0xFF, 0x07, 0x16, 0x25, 0xFF, 0x08, 0x2C, 0x51, 0xFF, 0x08, 0x51, 0xA9, 0xFF,
  0x04, 0x63, 0xCC, 0xFF, 0x16, 0xBE, 0xEB, 0xFF, 0x57, 0xF6, 0xFA, 0xFF, 0x7F, 0xF9, 0xFA, 0xFF, 0x81, 0xF9, 0xFA, 0xFF, 0x80, 0xF8, 0xF9, 0xFF,
  0x5E, 0xEF, 0xF8, 0xFF, 0x2E, 0xB6, 0xE3, 0xFF, 0x06, 0x7D, 0xCE, 0xFF, 0x02, 0x57, 0xC7, 0xFF, 0x01, 0x54, 0xD2, 0xFF, 0x00, 0x5F, 0xE1, 0xFF,
  0x00, 0x69, 0xEA, 0xFF, 0x00, 0x71, 0xF1, 0xFF, 0x01, 0x76, 0xF4, 0xFF, 0x00, 0x77, 0xF4, 0xFF, 0x00, 0x74, 0xF3, 0xFF, 0x01, 0x76, 0xF4, 0xFF,
  0x01, 0x78, 0xF5, 0xFF, 0x01, 0x78, 0xF4, 0xFF, 0x01, 0x75, 0xF3, 0xFF, 0x01, 0x74, 0xF2, 0xFF, 0x01, 0x72, 0xF3, 0xFF, 0x00, 0x70, 0xF2, 0xFF,
  0x00, 0x71, 0xF2, 0xFF, 0x01, 0x71, 0xF2, 0xFF, 0x01, 0x6F, 0xF2, 0xFF, 0x01, 0x6C, 0xF0, 0xFF, 0x01, 0x6B, 0xF0, 0xFF, 0x01, 0x69, 0xF0, 0xFF,
  0x01, 0x68, 0xEF, 0xFF, 0x01, 0x68, 0xF0, 0xFF, 0x01, 0x68, 0xF1, 0xFF, 0x01, 0x64, 0xF0, 0xFF, 0x01, 0x61, 0xEF, 0xFF, 0x01, 0x61, 0xEF, 0xFF,
  0x01, 0x63, 0xEF, 0xFF, 0x01, 0x61, 0xED, 0xFF, 0x01, 0x5E, 0xED, 0xFF, 0x00, 0x5D, 0xED, 0xFF, 0x01, 0x5D, 0xEE, 0xFF, 0x01, 0x59, 0xED, 0xFF,
  0x01, 0x55, 0xEC, 0xFF, 0x00, 0x55, 0xED, 0xFF, 0x00, 0x54, 0xED, 0xFF, 0x01, 0x51, 0xEC, 0xFF, 0x01, 0x51, 0xEC, 0xFF, 0x01, 0x52, 0xEC, 0xFF,
  0x01, 0x50, 0xEC, 0xFF, 0x01, 0x51, 0xED, 0xFF, 0x01, 0x4D, 0xED, 0xFF, 0x00, 0x49, 0xEB, 0xFF, 0x00, 0x49, 0xE9, 0xFF, 0x01, 0x49, 0xEB, 0xFF,
  0x01, 0x48, 0xEA, 0xFF, 0x02, 0x48, 0xEB, 0xFF, 0x01, 0x46, 0xEC, 0xFF, 0x01, 0x45, 0xEC, 0xFF, 0x01, 0x44, 0xED, 0xFF, 0x01, 0x45, 0xED, 0xFF,
  0x01, 0x43, 0xED, 0xFF, 0x00, 0x41, 0xEC, 0xFF, 0x00, 0x3E, 0xEC, 0xFF, 0x00, 0x3B, 0xED, 0xFF, 0x00, 0x3B, 0xED, 0xFF, 0x00, 0x39, 0xEE, 0xFF,
  0x00, 0x37, 0xED, 0xFF, 0x00, 0x35, 0xED, 0xFF, 0x00, 0x34, 0xEE, 0xFF, 0x00, 0x32, 0xEE, 0xFF, 0x00, 0x32, 0xEE, 0xFF, 0x01, 0x30, 0xEE, 0xFF,
  0x00, 0x2E, 0xEE, 0xFF, 0x01, 0x2E, 0xEF, 0xFF, 0x01, 0x2E, 0xF0, 0xFF, 0x01, 0x2D, 0xF0, 0xFF, 0x01, 0x2B, 0xF0, 0xFF, 0x00, 0x29, 0xEF, 0xFF,
  0x00, 0x26, 0xEF, 0xFF, 0x01, 0x26, 0xEE, 0xFF, 0x01, 0x26, 0xEF, 0xFF, 0x01, 0x26, 0xEF, 0xFF, 0x01, 0x24, 0xF0, 0xFF, 0x01, 0x23, 0xEF, 0xFF,
  0x02, 0x20, 0xEF, 0xFF, 0x02, 0x1D, 0xED, 0xFF, 0x02, 0x1B, 0xEE, 0xFF, 0x04, 0x1A, 0xEE, 0xFF, 0x05, 0x1B, 0xEF, 0xFF, 0x04, 0x1C, 0xF0, 0xFF,
  0x06, 0x1A, 0xF1, 0xFF, 0x06, 0x18, 0xF1, 0xFF, 0x06, 0x18, 0xF1, 0xFF, 0x06, 0x17, 0xF2, 0xFF, 0x06, 0x16, 0xF2, 0xFF, 0x06, 0x13, 0xF0, 0xFF,
  0x07, 0x11, 0xF0, 0xFF, 0x07, 0x10, 0xEF, 0xFF, 0x07, 0x0F, 0xEE, 0xFF, 0x07, 0x0F, 0xEF, 0xFF, 0x08, 0x10, 0xF0, 0xFF, 0x0A, 0x10, 0xF1, 0xFF,
  0x09, 0x10, 0xF1, 0xFF, 0x09, 0x0F, 0xF0, 0xFF, 0x08, 0x0E, 0xF0, 0xFF, 0x08, 0x0D, 0xEF, 0xFF, 0x08, 0x0C, 0xEF, 0xFF, 0x08, 0x0B, 0xEF, 0xFF,
  0x09, 0x0C, 0xF1, 0xFF, 0x0A, 0x0E, 0xF2, 0xFF, 0x09, 0x0E, 0xF3, 0xFF, 0x09, 0x0F, 0xF4, 0xFF, 0x0A, 0x0F, 0xF4, 0xFF, 0x0A, 0x0F, 0xF3, 0xFF,
  0x09, 0x0F, 0xF3, 0xFF, 0x08, 0x0E, 0xF3, 0xFF, 0x07, 0x0D, 0xF3, 0xFF, 0x07, 0x0D, 0xF3, 0xFF, 0x07, 0x0E, 0xF3, 0xFF, 0x05, 0x10, 0xF4, 0xFF,
  0x07, 0x10, 0xF4, 0xFF, 0x07, 0x12, 0xF4, 0xFF, 0x07, 0x14, 0xF5, 0xFF, 0x07, 0x15, 0xF6, 0xFF, 0x06, 0x14, 0xF6, 0xFF, 0x06, 0x15, 0xF5, 0xFF,
  0x05, 0x17, 0xF6, 0xFF, 0x06, 0x18, 0xF6, 0xFF, 0x07, 0x19, 0xF7, 0xFF, 0x07, 0x1B, 0xF6, 0xFF, 0x05, 0x19, 0xF5, 0xFF, 0x02, 0x14, 0xEF, 0xFF,
  0x01, 0x10, 0xE7, 0xFF, 0x01, 0x0A, 0xDA, 0xFF, 0x01, 0x05, 0xC8, 0xFF, 0x01, 0x09, 0xD0, 0xFF, 0x08, 0x3F, 0xDC, 0xFF, 0x22, 0x90, 0xF1, 0xFF,
  0x47, 0xE6, 0xF9, 0xFF, 0x53, 0xF7, 0xF9, 0xFF, 0x57, 0xF8, 0xFA, 0xFF, 0x54, 0xF6, 0xFA, 0xFF, 0x22, 0xC5, 0xF8, 0xFF, 0x03, 0x39, 0xF2, 0xFF,
  0x03, 0x13, 0xDD, 0xFF, 0x05, 0x1B, 0x8E, 0xFF, 0x06, 0x13, 0x46, 0xFF, 0x05, 0x0C, 0x24, 0xFF, 0x04, 0x07, 0x10, 0xFF, 0x04, 0x05, 0x09, 0xFF,
  0x04, 0x03, 0x05, 0xFF, 0x04, 0x03, 0x04, 0xFF, 0x04, 0x03, 0x04, 0xFF, 0x04, 0x03, 0x03, 0xFF, 0x04, 0x03, 0x03, 0xFF, 0x04, 0x03, 0x03, 0xFF,
  0x04, 0x03, 0x03, 0xFF, 0x04, 0x03, 0x03, 0xFF, 0x04, 0x03, 0x03, 0xFF, 0x04, 0x03, 0x03, 0xFF, 0x04, 0x03, 0x03, 0xFF, 0x04, 0x03, 0x04, 0xFF,
  0x04, 0x03, 0x03, 0xFF, 0x04, 0x03, 0x03, 0xFF, 0x04, 0x03, 0x03, 0xFF, 0x04, 0x03, 0x03, 0xFF, 0x04, 0x03, 0x03, 0xFF, 0x04, 0x03, 0x03, 0xFF,
  0x04, 0x03, 0x03, 0xFF, 0x04, 0x03, 0x03, 0xFF, 0x04, 0x03, 0x03, 0xFF, 0x04, 0x03, 0x03, 0xFF, 0x04, 0x03, 0x03, 0xFF, 0x04, 0x03, 0x03, 0xFF,
  0x04, 0x03, 0x03, 0xFF, 0x04, 0x03, 0x03, 0xFF, 0x04, 0x03, 0x03, 0xFF, 0x04, 0x03, 0x03, 0xFF, 0x04, 0x03, 0x03, 0xFF, 0x04, 0x03, 0x03, 0xFF,
  0x04, 0x03, 0x03, 0xFF, 0x04, 0x03, 0x03, 0xFF, 0x04, 0x03, 0x04, 0xFF, 0x04, 0x04, 0x04, 0xFF, 0x04, 0x05, 0x06, 0xFF, 0x04, 0x06, 0x09, 0xFF,
  0x05, 0x09, 0x0C, 0xFF, 0x05, 0x0D, 0x15, 0xFF, 0x07, 0x1B, 0x2E, 0xFF, 0x07, 0x33, 0x61, 0xFF, 0x05, 0x4D, 0xAC, 0xFF, 0x0A, 0x9A, 0xDE, 0xFF,
  0x4B, 0xED, 0xF6, 0xFF, 0x81, 0xF9, 0xFA, 0xFF, 0x80, 0xF9, 0xFB, 0xFF, 0x75, 0xF8, 0xFA, 0xFF, 0x43, 0xD7, 0xF0, 0xFF, 0x12, 0x92, 0xD8, 0xFF,
  0x01, 0x59, 0xC9, 0xFF, 0x01, 0x5D, 0xD9, 0xFF, 0x01, 0x74, 0xEC, 0xFF, 0x01, 0x82, 0xF5, 0xFF, 0x01, 0x88, 0xF9, 0xFF, 0x01, 0x89, 0xF9, 0xFF,
  0x01, 0x89, 0xF9, 0xFF, 0x01, 0x89, 0xF9, 0xFF, 0x01, 0x87, 0xF9, 0xFF, 0x01, 0x86, 0xF9, 0xFF, 0x01, 0x85, 0xF9, 0xFF, 0x01, 0x87, 0xF9, 0xFF,
  0x01, 0x89, 0xF9, 0xFF, 0x01, 0x89, 0xFA, 0xFF, 0x01, 0x88, 0xF9, 0xFF, 0x01, 0x87, 0xF9, 0xFF, 0x01, 0x86, 0xFA, 0xFF, 0x01, 0x86, 0xFA, 0xFF,
  0x00, 0x86, 0xFA, 0xFF, 0x01, 0x85, 0xFA, 0xFF, 0x01, 0x83, 0xFA, 0xFF, 0x01, 0x81, 0xFA, 0xFF, 0x00, 0x7F, 0xF9, 0xFF, 0x01, 0x7E, 0xF9, 0xFF,
  0x01, 0x7E, 0xF9, 0xFF, 0x01, 0x7F, 0xFA, 0xFF, 0x01, 0x7E, 0xFA, 0xFF, 0x01, 0x7B, 0xFA, 0xFF, 0x00, 0x78, 0xFA, 0xFF, 0x01, 0x76, 0xFA, 0xFF,
  0x01, 0x75, 0xF9, 0xFF, 0x01, 0x74, 0xF9, 0xFF, 0x01, 0x72, 0xF9, 0xFF, 0x01, 0x70, 0xF9, 0xFF, 0x00, 0x6D, 0xF9, 0xFF, 0x00, 0x69, 0xF9, 0xFF,
  0x00, 0x66, 0xF9, 0xFF, 0x01, 0x64, 0xF9, 0xFF, 0x01, 0x64, 0xF9, 0xFF, 0x01, 0x62, 0xFA, 0xFF, 0x00, 0x60, 0xF9, 0xFF, 0x00, 0x5E, 0xF9, 0xFF,
  0x01, 0x5D, 0xF9, 0xFF, 0x01, 0x5D, 0xFA, 0xFF, 0x01, 0x5C, 0xFA, 0xFF, 0x01, 0x5B, 0xF9, 0xFF, 0x01, 0x5B, 0xFA, 0xFF, 0x01, 0x5A, 0xFA, 0xFF,
  0x01, 0x58, 0xF9, 0xFF, 0x01, 0x56, 0xFA, 0xFF, 0x01, 0x54, 0xF9, 0xFF, 0x01, 0x53, 0xF9, 0xFF, 0x01, 0x53, 0xF9, 0xFF, 0x01, 0x51, 0xF9, 0xFF,
  0x01, 0x4F, 0xF9, 0xFF, 0x01, 0x4C, 0xFA, 0xFF, 0x01, 0x4B, 0xFA, 0xFF, 0x01, 0x49, 0xFA, 0xFF, 0x01, 0x46, 0xF9, 0xFF, 0x01, 0x44, 0xF8, 0xFF,
  0x01, 0x43, 0xF8, 0xFF, 0x01, 0x43, 0xF9, 0xFF, 0x01, 0x41, 0xF9, 0xFF, 0x01, 0x3E, 0xF9, 0xFF, 0x01, 0x3D, 0xF9, 0xFF, 0x01, 0x3A, 0xF8, 0xFF,
  0x01, 0x39, 0xF8, 0xFF, 0x01, 0x39, 0xF9, 0xFF, 0x01, 0x38, 0xF9, 0xFF, 0x01, 0x36, 0xF9, 0xFF, 0x01, 0x34, 0xF9, 0xFF, 0x01, 0x33, 0xFA, 0xFF,
  0x01, 0x31, 0xFA, 0xFF, 0x01, 0x31, 0xF9, 0xFF, 0x01, 0x31, 0xF9, 0xFF, 0x01, 0x31, 0xF9, 0xFF, 0x01, 0x30, 0xFA, 0xFF, 0x01, 0x2E, 0xFA, 0xFF,
  0x01, 0x2A, 0xFA, 0xFF, 0x01, 0x28, 0xFA, 0xFF, 0x01, 0x27, 0xFA, 0xFF, 0x03, 0x26, 0xFA, 0xFF, 0x03, 0x25, 0xFA, 0xFF, 0x03, 0x24, 0xF9, 0xFF,
  0x05, 0x24, 0xFA, 0xFF, 0x06, 0x23, 0xFA, 0xFF, 0x04, 0x24, 0xFA, 0xFF, 0x04, 0x22, 0xFA, 0xFF, 0x05, 0x21, 0xFA, 0xFF, 0x04, 0x20, 0xFA, 0xFF,
  0x05, 0x1E, 0xFA, 0xFF, 0x08, 0x1D, 0xFA, 0xFF, 0x08, 0x1F, 0xF9, 0xFF, 0x09, 0x20, 0xFA, 0xFF, 0x0B, 0x1E, 0xFA, 0xFF, 0x0B, 0x1D, 0xFA, 0xFF,
  0x0B, 0x1C, 0xFA, 0xFF, 0x0B, 0x1A, 0xF9, 0xFF, 0x0A, 0x19, 0xFA, 0xFF, 0x0A, 0x16, 0xF9, 0xFF, 0x0B, 0x15, 0xF9, 0xFF, 0x0C, 0x15, 0xFA, 0xFF,
  0x0C, 0x16, 0xF9, 0xFF, 0x0C, 0x17, 0xF9, 0xFF, 0x0C, 0x18, 0xF9, 0xFF, 0x0B, 0x17, 0xF9, 0xFF, 0x0C, 0x18, 0xFA, 0xFF, 0x0C, 0x19, 0xF9, 0xFF,
  0x0C, 0x19, 0xF9, 0xFF, 0x0C, 0x19, 0xFA, 0xFF, 0x0B, 0x17, 0xFA, 0xFF, 0x0B, 0x19, 0xFA, 0xFF, 0x0B, 0x19, 0xFA, 0xFF, 0x0A, 0x19, 0xFA, 0xFF,
  0x0B, 0x1A, 0xFA, 0xFF, 0x0C, 0x1B, 0xFA, 0xFF, 0x0C, 0x1B, 0xF9, 0xFF, 0x0B, 0x1C, 0xF9, 0xFF, 0x0B, 0x1D, 0xF9, 0xFF, 0x0C, 0x20, 0xF9, 0xFF,
  0x0C, 0x22, 0xF9, 0xFF, 0x0C, 0x23, 0xF9, 0xFF, 0x0C, 0x25, 0xF9, 0xFF, 0x0B, 0x26, 0xF8, 0xFF, 0x0B, 0x25, 0xF9, 0xFF, 0x09, 0x22, 0xF9, 0xFF,
  0x05, 0x1C, 0xFA, 0xFF, 0x04, 0x1C, 0xFA, 0xFF, 0x04, 0x1B, 0xF8, 0xFF, 0x02, 0x14, 0xF5, 0xFF, 0x02, 0x0F, 0xE8, 0xFF, 0x01, 0x0A, 0xD7, 0xFF,
  0x02, 0x14, 0xD7, 0xFF, 0x13, 0x62, 0xE7, 0xFF, 0x3D, 0xCF, 0xF9, 0xFF, 0x62, 0xF9, 0xFA, 0xFF, 0x63, 0xFA, 0xFA, 0xFF, 0x46, 0xEE, 0xFA, 0xFF,
  0x0F, 0x8A, 0xF7, 0xFF, 0x03, 0x1C, 0xE2, 0xFF, 0x04, 0x18, 0x9F, 0xFF, 0x05, 0x15, 0x59, 0xFF, 0x05, 0x0B, 0x24, 0xFF, 0x05, 0x08, 0x13, 0xFF,
  0x04, 0x05, 0x09, 0xFF, 0x04, 0x03, 0x05, 0xFF, 0x04, 0x03, 0x04, 0xFF, 0x04, 0x03, 0x03, 0xFF, 0x04, 0x03, 0x03, 0xFF, 0x04, 0x03, 0x03, 0xFF,
  0x04, 0x03, 0x03, 0xFF, 0x04, 0x03, 0x03, 0xFF, 0x04, 0x03, 0x03, 0xFF, 0x04, 0x03, 0x03, 0xFF, 0x04, 0x03, 0x03, 0xFF, 0x04, 0x03, 0x04, 0xFF,
  0x04, 0x03, 0x03, 0xFF, 0x04, 0x03, 0x03, 0xFF, 0x04, 0x03, 0x03, 0xFF, 0x04, 0x03, 0x03, 0xFF, 0x04, 0x03, 0x03, 0xFF, 0x04, 0x03, 0x03, 0xFF,
  0x04, 0x03, 0x03, 0xFF, 0x04, 0x03, 0x03, 0xFF, 0x04, 0x03, 0x03, 0xFF, 0x04, 0x03, 0x03, 0xFF, 0x04, 0x03, 0x03, 0xFF, 0x04, 0x03, 0x03, 0xFF,
  0x04, 0x03, 0x03, 0xFF, 0x04, 0x03, 0x03, 0xFF, 0x04, 0x03, 0x03, 0xFF, 0x04, 0x03, 0x03, 0xFF, 0x04, 0x03, 0x03, 0xFF, 0x04, 0x03, 0x03, 0xFF,
  0x04, 0x03, 0x03, 0xFF, 0x04, 0x03, 0x04, 0xFF, 0x04, 0x03, 0x04, 0xFF, 0x04, 0x05, 0x06, 0xFF, 0x04, 0x07, 0x09, 0xFF, 0x05, 0x0B, 0x11, 0xFF,
  0x06, 0x12, 0x1D, 0xFF, 0x07, 0x22, 0x3D, 0xFF, 0x06, 0x46, 0x92, 0xFF, 0x03, 0x68, 0xC8, 0xFF, 0x24, 0xCF, 0xEE, 0xFF, 0x73, 0xF8, 0xF9, 0xFF,
  0x84, 0xF9, 0xFA, 0xFF, 0x7B, 0xF8, 0xFA, 0xFF, 0x40, 0xCD, 0xEC, 0xFF, 0x08, 0x76, 0xD0, 0xFF, 0x01, 0x56, 0xD4, 0xFF, 0x00, 0x73, 0xEF, 0xFF,
  0x00, 0x86, 0xF9, 0xFF, 0x01, 0x90, 0xFA, 0xFF, 0x01, 0x93, 0xF9, 0xFF, 0x00, 0x91, 0xF9, 0xFF, 0x01, 0x8D, 0xF9, 0xFF, 0x00, 0x86, 0xF5, 0xFF,
  0x01, 0x7D, 0xF0, 0xFF, 0x01, 0x73, 0xE8, 0xFF, 0x01, 0x6C, 0xE1, 0xFF, 0x01, 0x64, 0xDA, 0xFF, 0x01, 0x64, 0xDA, 0xFF, 0x01, 0x62, 0xD8, 0xFF,
  0x01, 0x61, 0xD7, 0xFF, 0x01, 0x61, 0xD7, 0xFF, 0x01, 0x61, 0xD6, 0xFF, 0x01, 0x61, 0xD6, 0xFF, 0x01, 0x60, 0xD4, 0xFF, 0x01, 0x61, 0xD5, 0xFF,
  0x01, 0x61, 0xD6, 0xFF, 0x01, 0x62, 0xDB, 0xFF, 0x01, 0x62, 0xDD, 0xFF, 0x01, 0x63, 0xDE, 0xFF, 0x01, 0x62, 0xDE, 0xFF, 0x01, 0x62, 0xDE, 0xFF,
  0x01, 0x63, 0xE0, 0xFF, 0x01, 0x63, 0xE3, 0xFF, 0x01, 0x64, 0xE5, 0xFF, 0x01, 0x5F, 0xE2, 0xFF, 0x01, 0x5E, 0xE1, 0xFF, 0x01, 0x5C, 0xDF, 0xFF,
  0x01, 0x59, 0xDB, 0xFF, 0x01, 0x5B, 0xDB, 0xFF, 0x01, 0x59, 0xDA, 0xFF, 0x01, 0x59, 0xDB, 0xFF, 0x01, 0x57, 0xDC, 0xFF, 0x01, 0x55, 0xDD, 0xFF,
  0x01, 0x54, 0xDD, 0xFF, 0x01, 0x53, 0xDC, 0xFF, 0x01, 0x52, 0xD9, 0xFF, 0x01, 0x52, 0xD7, 0xFF, 0x01, 0x50, 0xD6, 0xFF, 0x01, 0x4F, 0xD6, 0xFF,
  0x01, 0x4B, 0xD7, 0xFF, 0x01, 0x4A, 0xD7, 0xFF, 0x01, 0x49, 0xD6, 0xFF, 0x01, 0x48, 0xD5, 0xFF, 0x01, 0x48, 0xD5, 0xFF, 0x01, 0x46, 0xD4, 0xFF,
  0x01, 0x45, 0xD4, 0xFF, 0x01, 0x44, 0xD4, 0xFF, 0x01, 0x42, 0xD4, 0xFF, 0x01, 0x41, 0xD3, 0xFF, 0x01, 0x42, 0xD4, 0xFF, 0x01, 0x42, 0xD6, 0xFF,
  0x01, 0x40, 0xD5, 0xFF, 0x01, 0x3D, 0xD2, 0xFF, 0x01, 0x3C, 0xD1, 0xFF, 0x01, 0x3A, 0xD0, 0xFF, 0x01, 0x39, 0xD0, 0xFF, 0x01, 0x38, 0xCE, 0xFF,
  0x01, 0x36, 0xCC, 0xFF, 0x01, 0x34, 0xCB, 0xFF, 0x01, 0x32, 0xC9, 0xFF, 0x01, 0x31, 0xC8, 0xFF, 0x01, 0x30, 0xCA, 0xFF, 0x01, 0x2E, 0xC9, 0xFF,
  0x01, 0x2C, 0xC5, 0xFF, 0x01, 0x2B, 0xC4, 0xFF, 0x01, 0x2C, 0xC8, 0xFF, 0x01, 0x2A, 0xCA, 0xFF, 0x01, 0x27, 0xC6, 0xFF, 0x01, 0x27, 0xC2, 0xFF,
  0x01, 0x26, 0xC0, 0xFF, 0x01, 0x25, 0xC1, 0xFF, 0x01, 0x25, 0xBF, 0xFF, 0x01, 0x24, 0xBE, 0xFF, 0x02, 0x24, 0xBF, 0xFF, 0x02, 0x23, 0xBE, 0xFF,
  0x02, 0x21, 0xBD, 0xFF, 0x02, 0x1F, 0xB9, 0xFF, 0x03, 0x1E, 0xB9, 0xFF, 0x03, 0x1E, 0xBC, 0xFF, 0x03, 0x1C, 0xBA, 0xFF, 0x03, 0x1B, 0xB7, 0xFF,
  0x04, 0x1B, 0xB4, 0xFF, 0x04, 0x1B, 0xB3, 0xFF, 0x04, 0x1B, 0xB4, 0xFF, 0x05, 0x18, 0xB3, 0xFF, 0x05, 0x18, 0xB1, 0xFF, 0x05, 0x16, 0xAB, 0xFF,
  0x06, 0x15, 0xA8, 0xFF, 0x07, 0x15, 0xAA, 0xFF, 0x07, 0x16, 0xAD, 0xFF, 0x08, 0x17, 0xAE, 0xFF, 0x09, 0x15, 0xAA, 0xFF, 0x08, 0x14, 0xA7, 0xFF,
  0x09, 0x14, 0xA6, 0xFF, 0x09, 0x13, 0xA6, 0xFF, 0x08, 0x12, 0xA4, 0xFF, 0x08, 0x11, 0xA0, 0xFF, 0x09, 0x11, 0x9E, 0xFF, 0x09, 0x11, 0x9C, 0xFF,
  0x09, 0x11, 0x9D, 0xFF, 0x09, 0x11, 0x9C, 0xFF, 0x09, 0x11, 0x98, 0xFF, 0x09, 0x11, 0x99, 0xFF, 0x09, 0x12, 0x9B, 0xFF, 0x09, 0x12, 0x99, 0xFF,
  0x09, 0x12, 0x98, 0xFF, 0x0A, 0x12, 0x98, 0xFF, 0x09, 0x13, 0x9A, 0xFF, 0x09, 0x13, 0x9C, 0xFF, 0x09, 0x13, 0x9E, 0xFF, 0x08, 0x14, 0x9E, 0xFF,
  0x08, 0x14, 0x9C, 0xFF, 0x08, 0x14, 0x9A, 0xFF, 0x08, 0x14, 0x98, 0xFF, 0x07, 0x13, 0x95, 0xFF, 0x08, 0x15, 0x99, 0xFF, 0x08, 0x16, 0x9C, 0xFF,
  0x08, 0x18, 0xA3, 0xFF, 0x09, 0x19, 0xA9, 0xFF, 0x08, 0x1A, 0xAB, 0xFF, 0x08, 0x1B, 0xB2, 0xFF, 0x09, 0x1D, 0xC1, 0xFF, 0x09, 0x1E, 0xCD, 0xFF,
  0x09, 0x20, 0xDC, 0xFF, 0x0A, 0x24, 0xEC, 0xFF, 0x0A, 0x26, 0xF5, 0xFF, 0x0A, 0x26, 0xF8, 0xFF, 0x07, 0x25, 0xFA, 0xFF, 0x05, 0x23, 0xFA, 0xFF,
  0x02, 0x1A, 0xF7, 0xFF, 0x01, 0x0F, 0xE7, 0xFF, 0x01, 0x0D, 0xDA, 0xFF, 0x15, 0x5F, 0xE6, 0xFF, 0x47, 0xD2, 0xF9, 0xFF, 0x61, 0xFA, 0xFA, 0xFF,
  0x59, 0xF9, 0xFA, 0xFF, 0x26, 0xD1, 0xF9, 0xFF, 0x01, 0x41, 0xEB, 0xFF, 0x03, 0x13, 0xC3, 0xFF, 0x05, 0x15, 0x64, 0xFF, 0x05, 0x0E, 0x2E, 0xFF,
  0x04, 0x08, 0x13, 0xFF, 0x04, 0x05, 0x0A, 0xFF, 0x04, 0x04, 0x06, 0xFF, 0x04, 0x03, 0x04, 0xFF, 0x04, 0x03, 0x03, 0xFF, 0x04, 0x03, 0x03, 0xFF,
  0x04, 0x03, 0x03, 0xFF, 0x04, 0x03, 0x03, 0xFF, 0x04, 0x03, 0x03, 0xFF, 0x04, 0x03, 0x03, 0xFF, 0x04, 0x03, 0x03, 0xFF, 0x04, 0x03, 0x03, 0xFF,
  0x04, 0x03, 0x03, 0xFF, 0x04, 0x03, 0x03, 0xFF, 0x04, 0x03, 0x03, 0xFF, 0x04, 0x03, 0x03, 0xFF, 0x04, 0x03, 0x03, 0xFF, 0x04, 0x03, 0x03, 0xFF,
  0x04, 0x03, 0x03, 0xFF, 0x04, 0x03, 0x03, 0xFF, 0x04, 0x03, 0x03, 0xFF, 0x04, 0x03, 0x03, 0xFF, 0x04, 0x03, 0x03, 0xFF, 0x04, 0x03, 0x03, 0xFF,
  0x04, 0x03, 0x03, 0xFF, 0x04, 0x03, 0x03, 0xFF, 0x04, 0x03, 0x03, 0xFF, 0x04, 0x03, 0x03, 0xFF, 0x04, 0x03, 0x03, 0xFF, 0x04, 0x03, 0x03, 0xFF,
  0x04, 0x03, 0x04, 0xFF, 0x04, 0x03, 0x04, 0xFF, 0x04, 0x04, 0x05, 0xFF, 0x04, 0x06, 0x08, 0xFF, 0x05, 0x09, 0x0E, 0xFF, 0x06, 0x12, 0x1E, 0xFF,
  0x07, 0x26, 0x45, 0xFF, 0x05, 0x47, 0x9A, 0xFF, 0x04, 0x86, 0xDC, 0xFF, 0x3A, 0xEE, 0xF7, 0xFF, 0x7D, 0xF8, 0xF9, 0xFF, 0x82, 0xF9, 0xF9, 0xFF,
  0x57, 0xEA, 0xF6, 0xFF, 0x0A, 0x7F, 0xD2, 0xFF, 0x01, 0x51, 0xCB, 0xFF, 0x00, 0x6E, 0xEC, 0xFF, 0x00, 0x84, 0xF9, 0xFF, 0x00, 0x91, 0xFA, 0xFF,
  0x01, 0x93, 0xFA, 0xFF, 0x01, 0x8F, 0xF9, 0xFF, 0x00, 0x82, 0xF5, 0xFF, 0x01, 0x71, 0xE9, 0xFF, 0x01, 0x61, 0xD7, 0xFF, 0x01, 0x57, 0xC6, 0xFF,
  0x01, 0x4F, 0xB7, 0xFF, 0x01, 0x47, 0xA6, 0xFF, 0x02, 0x3E, 0x8F, 0xFF, 0x02, 0x38, 0x81, 0xFF, 0x02, 0x33, 0x77, 0xFF, 0x02, 0x31, 0x71, 0xFF,
  0x02, 0x31, 0x71, 0xFF, 0x03, 0x31, 0x6F, 0xFF, 0x03, 0x31, 0x6F, 0xFF, 0x03, 0x30, 0x6D, 0xFF, 0x03, 0x2F, 0x6A, 0xFF, 0x02, 0x2F, 0x6A, 0xFF,
  0x03, 0x2F, 0x6C, 0xFF, 0x02, 0x31, 0x72, 0xFF, 0x02, 0x33, 0x78, 0xFF, 0x02, 0x34, 0x7A, 0xFF, 0x02, 0x35, 0x7C, 0xFF, 0x02, 0x35, 0x7E, 0xFF,
  0x02, 0x35, 0x7F, 0xFF, 0x02, 0x37, 0x85, 0xFF, 0x02, 0x39, 0x8A, 0xFF, 0x02, 0x35, 0x83, 0xFF, 0x02, 0x32, 0x7D, 0xFF, 0x02, 0x31, 0x7A, 0xFF,
  0x02, 0x30, 0x77, 0xFF, 0x02, 0x2E, 0x71, 0xFF, 0x02, 0x2B, 0x6B, 0xFF, 0x02, 0x2C, 0x6E, 0xFF, 0x02, 0x2B, 0x6E, 0xFF, 0x02, 0x2B, 0x6D, 0xFF,
  0x02, 0x2A, 0x6D, 0xFF, 0x02, 0x29, 0x6C, 0xFF, 0x02, 0x27, 0x64, 0xFF, 0x03, 0x24, 0x5F, 0xFF, 0x03, 0x24, 0x5E, 0xFF, 0x03, 0x24, 0x61, 0xFF,
  0x03, 0x24, 0x63, 0xFF, 0x02, 0x24, 0x65, 0xFF, 0x02, 0x23, 0x63, 0xFF, 0x02, 0x22, 0x60, 0xFF, 0x02, 0x21, 0x5F, 0xFF, 0x02, 0x20, 0x5E, 0xFF,
  0x02, 0x21, 0x5F, 0xFF, 0x02, 0x20, 0x60, 0xFF, 0x03, 0x1F, 0x5D, 0xFF, 0x03, 0x1E, 0x5C, 0xFF, 0x02, 0x1F, 0x5E, 0xFF, 0x02, 0x20, 0x61, 0xFF,
  0x02, 0x1E, 0x5F, 0xFF, 0x02, 0x1C, 0x5C, 0xFF, 0x02, 0x1C, 0x5C, 0xFF, 0x02, 0x1C, 0x5E, 0xFF, 0x03, 0x1B, 0x5B, 0xFF, 0x03, 0x19, 0x53, 0xFF,
  0x03, 0x17, 0x4F, 0xFF, 0x03, 0x17, 0x4E, 0xFF, 0x03, 0x15, 0x48, 0xFF, 0x03, 0x14, 0x49, 0xFF, 0x03, 0x15, 0x4E, 0xFF, 0x03, 0x14, 0x4B, 0xFF,
  0x03, 0x12, 0x44, 0xFF, 0x03, 0x11, 0x42, 0xFF, 0x03, 0x12, 0x47, 0xFF, 0x03, 0x12, 0x4B, 0xFF, 0x03, 0x11, 0x45, 0xFF, 0x03, 0x0F, 0x41, 0xFF,
  0x03, 0x0E, 0x3C, 0xFF, 0x03, 0x0E, 0x3B, 0xFF, 0x03, 0x0E, 0x3B, 0xFF, 0x04, 0x0D, 0x39, 0xFF, 0x04, 0x0D, 0x37, 0xFF, 0x04, 0x0C, 0x36, 0xFF,
  0x04, 0x0C, 0x34, 0xFF, 0x04, 0x0B, 0x30, 0xFF, 0x04, 0x0A, 0x2C, 0xFF, 0x04, 0x0A, 0x2E, 0xFF, 0x04, 0x0A, 0x2D, 0xFF, 0x04, 0x09, 0x2A, 0xFF,
  0x05, 0x09, 0x29, 0xFF, 0x05, 0x09, 0x29, 0xFF, 0x05, 0x09, 0x2A, 0xFF, 0x05, 0x09, 0x2B, 0xFF, 0x05, 0x09, 0x28, 0xFF, 0x05, 0x08, 0x23, 0xFF,
  0x05, 0x07, 0x20, 0xFF, 0x05, 0x07, 0x20, 0xFF, 0x05, 0x07, 0x21, 0xFF, 0x05, 0x07, 0x20, 0xFF, 0x05, 0x07, 0x1E, 0xFF, 0x05, 0x06, 0x1C, 0xFF,
  0x05, 0x06, 0x1C, 0xFF, 0x05, 0x06, 0x1D, 0xFF, 0x05, 0x06, 0x1C, 0xFF, 0x05, 0x06, 0x1A, 0xFF, 0x05, 0x06, 0x19, 0xFF, 0x05, 0x06, 0x1A, 0xFF,
  0x05, 0x06, 0x1A, 0xFF, 0x05, 0x06, 0x19, 0xFF, 0x05, 0x06, 0x17, 0xFF, 0x05, 0x06, 0x16, 0xFF, 0x05, 0x06, 0x17, 0xFF, 0x05, 0x06, 0x18, 0xFF,
  0x05, 0x06, 0x18, 0xFF, 0x05, 0x06, 0x18, 0xFF, 0x05, 0x06, 0x19, 0xFF, 0x05, 0x06, 0x1A, 0xFF, 0x05, 0x06, 0x1B, 0xFF, 0x05, 0x07, 0x1C, 0xFF,
  0x05, 0x06, 0x1B, 0xFF, 0x05, 0x06, 0x1A, 0xFF, 0x05, 0x06, 0x18, 0xFF, 0x05, 0x06, 0x16, 0xFF, 0x05, 0x06, 0x17, 0xFF, 0x05, 0x06, 0x18, 0xFF,
  0x05, 0x07, 0x1B, 0xFF, 0x05, 0x07, 0x20, 0xFF, 0x05, 0x08, 0x24, 0xFF, 0x05, 0x08, 0x28, 0xFF, 0x05, 0x09, 0x30, 0xFF, 0x05, 0x0C, 0x40, 0xFF,
  0x06, 0x0E, 0x57, 0xFF, 0x07, 0x13, 0x7B, 0xFF, 0x07, 0x17, 0xA1, 0xFF, 0x07, 0x1F, 0xD1, 0xFF, 0x08, 0x24, 0xED, 0xFF, 0x07, 0x28, 0xF8, 0xFF,
  0x06, 0x29, 0xFA, 0xFF, 0x04, 0x26, 0xFA, 0xFF, 0x01, 0x1D, 0xF8, 0xFF, 0x01, 0x0D, 0xE4, 0xFF, 0x01, 0x0F, 0xD5, 0xFF, 0x27, 0x90, 0xF4, 0xFF,
  0x56, 0xF7, 0xFA, 0xFF, 0x57, 0xF9, 0xFB, 0xFF, 0x34, 0xEA, 0xFA, 0xFF, 0x03, 0x65, 0xF4, 0xFF, 0x03, 0x12, 0xC5, 0xFF, 0x05, 0x17, 0x72, 0xFF,
  0x05, 0x0D, 0x2B, 0xFF, 0x04, 0x07, 0x13, 0xFF, 0x04, 0x05, 0x0B, 0xFF, 0x04, 0x04, 0x05, 0xFF, 0x04, 0x03, 0x04, 0xFF, 0x04, 0x03, 0x04, 0xFF,
  0x04, 0x03, 0x03, 0xFF, 0x04, 0x03, 0x03, 0xFF, 0x04, 0x03, 0x03, 0xFF, 0x04, 0x03, 0x03, 0xFF, 0x04, 0x03, 0x03, 0xFF, 0x04, 0x03, 0x03, 0xFF,
  0x04, 0x03, 0x03, 0xFF, 0x04, 0x03, 0x03, 0xFF, 0x04, 0x03, 0x03, 0xFF, 0x04, 0x03, 0x03, 0xFF, 0x04, 0x03, 0x03, 0xFF, 0x04, 0x03, 0x03, 0xFF,
  0x04, 0x03, 0x03, 0xFF, 0x04, 0x03, 0x03, 0xFF, 0x04, 0x03, 0x03, 0xFF, 0x04, 0x03, 0x03, 0xFF, 0x04, 0x03, 0x03, 0xFF, 0x04, 0x03, 0x03, 0xFF,
  0x04, 0x03, 0x03, 0xFF, 0x04, 0x03, 0x03, 0xFF, 0x04, 0x03, 0x03, 0xFF, 0x04, 0x03, 0x03, 0xFF, 0x04, 0x03, 0x04, 0xFF, 0x04, 0x03, 0x04, 0xFF,
  0x04, 0x03, 0x04, 0xFF, 0x04, 0x04, 0x05, 0xFF, 0x04, 0x06, 0x08, 0xFF, 0x05, 0x09, 0x0E, 0xFF, 0x05, 0x10, 0x1A, 0xFF, 0x07, 0x24, 0x41, 0xFF,
  0x04, 0x4B, 0xA1, 0xFF, 0x09, 0x99, 0xDF, 0xFF, 0x55, 0xF5, 0xF9, 0xFF, 0x7C, 0xF7, 0xF9, 0xFF, 0x6F, 0xF7, 0xF9, 0xFF, 0x2E, 0xC4, 0xEA, 0xFF,
  0x02, 0x5F, 0xCE, 0xFF, 0x00, 0x65, 0xE7, 0xFF, 0x01, 0x7D, 0xF6, 0xFF, 0x01, 0x8B, 0xF9, 0xFF, 0x01, 0x8E, 0xFA, 0xFF, 0x00, 0x87, 0xF6, 0xFF,
  0x01, 0x77, 0xEA, 0xFF, 0x01, 0x64, 0xDB, 0xFF, 0x01, 0x56, 0xC7, 0xFF, 0x01, 0x46, 0xA4, 0xFF, 0x02, 0x3B, 0x88, 0xFF, 0x02, 0x30, 0x6E, 0xFF,
  0x03, 0x2A, 0x5E, 0xFF, 0x03, 0x25, 0x52, 0xFF, 0x03, 0x1E, 0x41, 0xFF, 0x03, 0x19, 0x36, 0xFF, 0x03, 0x16, 0x2D, 0xFF, 0x03, 0x14, 0x29, 0xFF,
  0x03, 0x13, 0x27, 0xFF, 0x04, 0x12, 0x25, 0xFF, 0x04, 0x11, 0x22, 0xFF, 0x04, 0x11, 0x23, 0xFF, 0x04, 0x12, 0x23, 0xFF, 0x04, 0x11, 0x22, 0xFF,
  0x04, 0x10, 0x21, 0xFF, 0x04, 0x12, 0x25, 0xFF, 0x04, 0x13, 0x27, 0xFF, 0x03, 0x13, 0x28, 0xFF, 0x04, 0x14, 0x2A, 0xFF, 0x03, 0x13, 0x29, 0xFF,
  0x03, 0x14, 0x2A, 0xFF, 0x03, 0x14, 0x2C, 0xFF, 0x03, 0x14, 0x2C, 0xFF, 0x03, 0x14, 0x2B, 0xFF, 0x03, 0x12, 0x27, 0xFF, 0x03, 0x11, 0x25, 0xFF,
  0x03, 0x10, 0x24, 0xFF, 0x03, 0x0F, 0x20, 0xFF, 0x04, 0x0E, 0x1D, 0xFF, 0x04, 0x0D, 0x1D, 0xFF, 0x04, 0x0D, 0x1D, 0xFF, 0x04, 0x0D, 0x1C, 0xFF,
  0x04, 0x0D, 0x1C, 0xFF, 0x04, 0x0D, 0x1C, 0xFF, 0x04, 0x0C, 0x1A, 0xFF, 0x04, 0x0B, 0x19, 0xFF, 0x04, 0x0B, 0x1A, 0xFF, 0x04, 0x0C, 0x1B, 0xFF,
  0x04, 0x0C, 0x1C, 0xFF, 0x04, 0x0C, 0x1C, 0xFF, 0x04, 0x0C, 0x1C, 0xFF, 0x04, 0x0C, 0x1D, 0xFF, 0x04, 0x0B, 0x1B, 0xFF, 0x04, 0x0B, 0x1B, 0xFF,
  0x04, 0x0B, 0x1B, 0xFF, 0x04, 0x0B, 0x1B, 0xFF, 0x04, 0x0A, 0x1A, 0xFF, 0x04, 0x0A, 0x18, 0xFF, 0x04, 0x0A, 0x19, 0xFF, 0x04, 0x0A, 0x19, 0xFF,
  0x04, 0x0A, 0x18, 0xFF, 0x04, 0x09, 0x18, 0xFF, 0x04, 0x0A, 0x19, 0xFF, 0x04, 0x0A, 0x1A, 0xFF, 0x04, 0x09, 0x17, 0xFF, 0x04, 0x08, 0x14, 0xFF,
  0x04, 0x08, 0x14, 0xFF, 0x04, 0x07, 0x12, 0xFF, 0x04, 0x07, 0x11, 0xFF, 0x04, 0x07, 0x11, 0xFF, 0x04, 0x07, 0x12, 0xFF, 0x04, 0x07, 0x11, 0xFF,
  0x04, 0x06, 0x10, 0xFF, 0x04, 0x06, 0x0F, 0xFF, 0x04, 0x06, 0x10, 0xFF, 0x04, 0x06, 0x10, 0xFF, 0x04, 0x06, 0x10, 0xFF, 0x04, 0x06, 0x0E, 0xFF,
  0x04, 0x05, 0x0D, 0xFF, 0x04, 0x05, 0x0C, 0xFF, 0x04, 0x05, 0x0C, 0xFF, 0x04, 0x05, 0x0C, 0xFF, 0x04, 0x05, 0x0B, 0xFF, 0x04, 0x05, 0x0B, 0xFF,
  0x04, 0x04, 0x0B, 0xFF, 0x04, 0x04, 0x0A, 0xFF, 0x04, 0x04, 0x0A, 0xFF, 0x04, 0x04, 0x09, 0xFF, 0x04, 0x04, 0x08, 0xFF, 0x04, 0x04, 0x09, 0xFF,
  0x04, 0x04, 0x09, 0xFF, 0x04, 0x04, 0x09, 0xFF, 0x04, 0x04, 0x09, 0xFF, 0x04, 0x04, 0x08, 0xFF, 0x04, 0x04, 0x08, 0xFF, 0x04, 0x04, 0x08, 0xFF,
  0x04, 0x04, 0x07, 0xFF, 0x04, 0x04, 0x06, 0xFF, 0x04, 0x04, 0x06, 0xFF, 0x04, 0x04, 0x06, 0xFF, 0x04, 0x03, 0x06, 0xFF, 0x04, 0x03, 0x06, 0xFF,
  0x04, 0x03, 0x06, 0xFF, 0x04, 0x03, 0x06, 0xFF, 0x04, 0x03, 0x06, 0xFF, 0x04, 0x03, 0x06, 0xFF, 0x04, 0x03, 0x06, 0xFF, 0x04, 0x03, 0x05, 0xFF,
  0x04, 0x03, 0x05, 0xFF, 0x04, 0x03, 0x05, 0xFF, 0x04, 0x03, 0x05, 0xFF, 0x04, 0x03, 0x05, 0xFF, 0x04, 0x03, 0x05, 0xFF, 0x04, 0x03, 0x05, 0xFF,
  0x04, 0x03, 0x05, 0xFF, 0x04, 0x03, 0x05, 0xFF, 0x04, 0x03, 0x05, 0xFF, 0x04, 0x03, 0x05, 0xFF, 0x04, 0x03, 0x05, 0xFF, 0x04, 0x03, 0x06, 0xFF,
  0x04, 0x03, 0x06, 0xFF, 0x04, 0x03, 0x06, 0xFF, 0x04, 0x03, 0x06, 0xFF, 0x04, 0x03, 0x05, 0xFF, 0x04, 0x03, 0x05, 0xFF, 0x04, 0x03, 0x05, 0xFF,
  0x04, 0x03, 0x05, 0xFF, 0x04, 0x03, 0x05, 0xFF, 0x04, 0x04, 0x06, 0xFF, 0x04, 0x04, 0x08, 0xFF, 0x04, 0x04, 0x0B, 0xFF, 0x04, 0x05, 0x10, 0xFF,
  0x04, 0x06, 0x17, 0xFF, 0x05, 0x07, 0x20, 0xFF, 0x05, 0x09, 0x30, 0xFF, 0x05, 0x0D, 0x4F, 0xFF, 0x05, 0x13, 0x7D, 0xFF, 0x05, 0x1B, 0xB5, 0xFF,
  0x06, 0x24, 0xE4, 0xFF, 0x05, 0x29, 0xF7, 0xFF, 0x05, 0x29, 0xFA, 0xFF, 0x03, 0x25, 0xFA, 0xFF, 0x01, 0x19, 0xF5, 0xFF, 0x00, 0x0C, 0xE2, 0xFF,
  0x0D, 0x4B, 0xEB, 0xFF, 0x43, 0xDE, 0xFA, 0xFF, 0x51, 0xF9, 0xFB, 0xFF, 0x35, 0xF2, 0xFA, 0xFF, 0x05, 0x71, 0xF0, 0xFF, 0x03, 0x12, 0xCB, 0xFF,
  0x04, 0x14, 0x66, 0xFF, 0x05, 0x0C, 0x29, 0xFF, 0x04, 0x08, 0x16, 0xFF, 0x04, 0x05, 0x09, 0xFF, 0x04, 0x04, 0x05, 0xFF, 0x04, 0x03, 0x04, 0xFF,
  0x04, 0x03, 0x03, 0xFF, 0x04, 0x03, 0x03, 0xFF, 0x04, 0x03, 0x03, 0xFF, 0x04, 0x03, 0x03, 0xFF, 0x04, 0x03, 0x03, 0xFF, 0x04, 0x03, 0x03, 0xFF,
  0x04, 0x03, 0x03, 0xFF, 0x04, 0x03, 0x03, 0xFF, 0x04, 0x03, 0x03, 0xFF, 0x04, 0x03, 0x03, 0xFF, 0x04, 0x03, 0x03, 0xFF, 0x04, 0x03, 0x03, 0xFF,
  0x04, 0x03, 0x03, 0xFF, 0x04, 0x03, 0x03, 0xFF, 0x04, 0x03, 0x03, 0xFF, 0x04, 0x03, 0x03, 0xFF, 0x04, 0x03, 0x03, 0xFF, 0x04, 0x03, 0x03, 0xFF,
  0x04, 0x03, 0x03, 0xFF, 0x04, 0x03, 0x03, 0xFF, 0x04, 0x03, 0x03, 0xFF, 0x04, 0x03, 0x03, 0xFF, 0x04, 0x03, 0x03, 0xFF, 0x04, 0x03, 0x04, 0xFF,
  0x04, 0x04, 0x05, 0xFF, 0x04, 0x05, 0x07, 0xFF, 0x05, 0x09, 0x0E, 0xFF, 0x06, 0x14, 0x20, 0xFF, 0x07, 0x2A, 0x4C, 0xFF, 0x05, 0x50, 0xAD, 0xFF,
  0x0C, 0xAC, 0xE9, 0xFF, 0x5E, 0xF6, 0xF9, 0xFF, 0x7B, 0xF8, 0xFA, 0xFF, 0x62, 0xF3, 0xF9, 0xFF, 0x11, 0x90, 0xD7, 0xFF, 0x01, 0x58, 0xD3, 0xFF,
  0x00, 0x73, 0xF2, 0xFF, 0x00, 0x85, 0xFA, 0xFF, 0x01, 0x88, 0xFA, 0xFF, 0x01, 0x82, 0xF5, 0xFF, 0x01, 0x6C, 0xE3, 0xFF, 0x01, 0x58, 0xC6, 0xFF,
  0x01, 0x48, 0xA1, 0xFF, 0x02, 0x36, 0x7A, 0xFF, 0x03, 0x27, 0x58, 0xFF, 0x03, 0x1E, 0x41, 0xFF, 0x03, 0x16, 0x2F, 0xFF, 0x03, 0x12, 0x25, 0xFF,
  0x04, 0x0F, 0x1D, 0xFF, 0x04, 0x0B, 0x16, 0xFF, 0x04, 0x0A, 0x12, 0xFF, 0x04, 0x08, 0x0E, 0xFF, 0x04, 0x07, 0x0D, 0xFF, 0x04, 0x07, 0x0B, 0xFF,
  0x04, 0x06, 0x09, 0xFF, 0x04, 0x05, 0x08, 0xFF, 0x04, 0x05, 0x07, 0xFF, 0x04, 0x05, 0x08, 0xFF, 0x04, 0x05, 0x08, 0xFF, 0x04, 0x05, 0x07, 0xFF,
  0x04, 0x05, 0x07, 0xFF, 0x04, 0x05, 0x07, 0xFF, 0x04, 0x05, 0x07, 0xFF, 0x04, 0x05, 0x07, 0xFF, 0x04, 0x05, 0x06, 0xFF, 0x04, 0x05, 0x07, 0xFF,
  0x04, 0x05, 0x07, 0xFF, 0x04, 0x04, 0x06, 0xFF, 0x04, 0x04, 0x06, 0xFF, 0x04, 0x04, 0x06, 0xFF, 0x04, 0x04, 0x06, 0xFF, 0x04, 0x04, 0x06, 0xFF,
  0x04, 0x04, 0x05, 0xFF, 0x04, 0x04, 0x05, 0xFF, 0x04, 0x04, 0x05, 0xFF, 0x04, 0x04, 0x05, 0xFF, 0x04, 0x04, 0x05, 0xFF, 0x04, 0x04, 0x05, 0xFF,
  0x04, 0x04, 0x05, 0xFF, 0x04, 0x04, 0x05, 0xFF, 0x04, 0x04, 0x05, 0xFF, 0x04, 0x03, 0x05, 0xFF, 0x04, 0x04, 0x05, 0xFF, 0x04, 0x04, 0x05, 0xFF,
  0x04, 0x04, 0x05, 0xFF, 0x04, 0x04, 0x05, 0xFF, 0x04, 0x04, 0x05, 0xFF, 0x04, 0x04, 0x05, 0xFF, 0x04, 0x04, 0x05, 0xFF, 0x04, 0x04, 0x05, 0xFF,
  0x04, 0x04, 0x05, 0xFF, 0x04, 0x04, 0x05, 0xFF, 0x04, 0x04, 0x05, 0xFF, 0x04, 0x03, 0x05, 0xFF, 0x04, 0x03, 0x05, 0xFF, 0x04, 0x04, 0x05, 0xFF,
  0x04, 0x04, 0x05, 0xFF, 0x04, 0x03, 0x05, 0xFF, 0x04, 0x03, 0x05, 0xFF, 0x04, 0x03, 0x04, 0xFF, 0x04, 0x03, 0x04, 0xFF, 0x04, 0x03, 0x05, 0xFF,
  0x04, 0x03, 0x05, 0xFF, 0x04, 0x03, 0x05, 0xFF, 0x04, 0x03, 0x05, 0xFF, 0x04, 0x03, 0x05, 0xFF, 0x04, 0x03, 0x05, 0xFF, 0x04, 0x03, 0x05, 0xFF,
  0x04, 0x03, 0x04, 0xFF, 0x04, 0x03, 0x04, 0xFF, 0x04, 0x03, 0x04, 0xFF, 0x04, 0x03, 0x05, 0xFF, 0x04, 0x03, 0x04, 0xFF, 0x04, 0x03, 0x04, 0xFF,
  0x04, 0x03, 0x04, 0xFF, 0x04, 0x03, 0x04, 0xFF, 0x04, 0x03, 0x04, 0xFF, 0x04, 0x03, 0x04, 0xFF, 0x04, 0x03, 0x04, 0xFF, 0x04, 0x03, 0x04, 0xFF,
  0x04, 0x03, 0x04, 0xFF, 0x04, 0x03, 0x04, 0xFF, 0x04, 0x03, 0x04, 0xFF, 0x04, 0x03, 0x03, 0xFF, 0x04, 0x03, 0x03, 0xFF, 0x04, 0x03, 0x03, 0xFF,
  0x04, 0x03, 0x03, 0xFF, 0x04, 0x03, 0x04, 0xFF, 0x04, 0x03, 0x04, 0xFF, 0x04, 0x03, 0x04, 0xFF, 0x04, 0x03, 0x04, 0xFF, 0x04, 0x03, 0x04, 0xFF,
  0x04, 0x03, 0x04, 0xFF, 0x04, 0x03, 0x04, 0xFF, 0x04, 0x03, 0x03, 0xFF, 0x04, 0x03, 0x03, 0xFF, 0x04, 0x03, 0x03, 0xFF, 0x04, 0x03, 0x03, 0xFF,
  0x04, 0x03, 0x03, 0xFF, 0x04, 0x03, 0x04, 0xFF, 0x04, 0x03, 0x04, 0xFF, 0x04, 0x03, 0x04, 0xFF, 0x04, 0x03, 0x03, 0xFF, 0x04, 0x03, 0x04, 0xFF,
  0x04, 0x03, 0x04, 0xFF, 0x04, 0x03, 0x04, 0xFF, 0x04, 0x03, 0x03, 0xFF, 0x04, 0x03, 0x03, 0xFF, 0x04, 0x03, 0x03, 0xFF, 0x04, 0x03, 0x03, 0xFF,
  0x04, 0x03, 0x03, 0xFF, 0x04, 0x03, 0x03, 0xFF, 0x04, 0x03, 0x03, 0xFF, 0x04, 0x03, 0x03, 0xFF, 0x04, 0x03, 0x03, 0xFF, 0x04, 0x03, 0x04, 0xFF,
  0x04, 0x03, 0x04, 0xFF, 0x04, 0x03, 0x04, 0xFF, 0x04, 0x03, 0x03, 0xFF, 0x04, 0x03, 0x04, 0xFF, 0x04, 0x03, 0x03, 0xFF, 0x04, 0x03, 0x03, 0xFF,
  0x04, 0x03, 0x03, 0xFF, 0x04, 0x03, 0x03, 0xFF, 0x04, 0x03, 0x03, 0xFF, 0x04, 0x03, 0x03, 0xFF, 0x04, 0x03, 0x04, 0xFF, 0x04, 0x03, 0x03, 0xFF,
  0x04, 0x03, 0x04, 0xFF, 0x04, 0x03, 0x06, 0xFF, 0x04, 0x04, 0x09, 0xFF, 0x04, 0x05, 0x11, 0xFF, 0x04, 0x07, 0x1F, 0xFF, 0x05, 0x0A, 0x35, 0xFF,
  0x05, 0x10, 0x5D, 0xFF, 0x05, 0x18, 0x96, 0xFF, 0x05, 0x24, 0xD6, 0xFF, 0x05, 0x29, 0xF3, 0xFF, 0x04, 0x27, 0xF9, 0xFF, 0x02, 0x20, 0xF9, 0xFF,
  0x00, 0x11, 0xEB, 0xFF, 0x03, 0x20, 0xE2, 0xFF, 0x29, 0xBF, 0xF9, 0xFF, 0x4A, 0xF9, 0xFA, 0xFF, 0x32, 0xF6, 0xFA, 0xFF, 0x04, 0x85, 0xF6, 0xFF,
  0x04, 0x12, 0xCE, 0xFF, 0x05, 0x18, 0x72, 0xFF, 0x05, 0x0F, 0x31, 0xFF, 0x04, 0x07, 0x13, 0xFF, 0x04, 0x04, 0x09, 0xFF, 0x04, 0x03, 0x05, 0xFF,
  0x04, 0x03, 0x04, 0xFF, 0x04, 0x03, 0x03, 0xFF, 0x04, 0x03, 0x03, 0xFF, 0x04, 0x03, 0x03, 0xFF, 0x04, 0x03, 0x03, 0xFF, 0x04, 0x03, 0x03, 0xFF,
  0x04, 0x03, 0x03, 0xFF, 0x04, 0x03, 0x03, 0xFF, 0x04, 0x03, 0x03, 0xFF, 0x04, 0x03, 0x03, 0xFF, 0x04, 0x03, 0x03, 0xFF, 0x04, 0x03, 0x03, 0xFF,
  0x04, 0x03, 0x03, 0xFF, 0x04, 0x03, 0x03, 0xFF, 0x04, 0x03, 0x03, 0xFF, 0x04, 0x03, 0x03, 0xFF, 0x04, 0x03, 0x03, 0xFF, 0x04, 0x03, 0x03, 0xFF,
  0x04, 0x03, 0x03, 0xFF, 0x04, 0x03, 0x03, 0xFF, 0x04, 0x03, 0x03, 0xFF, 0x04, 0x03, 0x03, 0xFF, 0x04, 0x03, 0x04, 0xFF, 0x04, 0x04, 0x04, 0xFF,
  0x04, 0x05, 0x07, 0xFF, 0x05, 0x08, 0x0B, 0xFF, 0x05, 0x10, 0x1A, 0xFF, 0x07, 0x24, 0x40, 0xFF, 0x06, 0x48, 0x9A, 0xFF, 0x09, 0x9D, 0xDF, 0xFF,
  0x64, 0xF7, 0xF9, 0xFF, 0x7C, 0xF8, 0xF9, 0xFF, 0x56, 0xF0, 0xF9, 0xFF, 0x07, 0x75, 0xCE, 0xFF, 0x00, 0x5A, 0xDA, 0xFF, 0x01, 0x79, 0xF6, 0xFF,
  0x01, 0x85, 0xF9, 0xFF, 0x01, 0x84, 0xF9, 0xFF, 0x00, 0x76, 0xF0, 0xFF, 0x00, 0x5E, 0xD7, 0xFF, 0x01, 0x4B, 0xAE, 0xFF, 0x02, 0x3C, 0x8A, 0xFF,
  0x02, 0x2C, 0x64, 0xFF, 0x03, 0x1E, 0x41, 0xFF, 0x03, 0x13, 0x2A, 0xFF, 0x04, 0x0E, 0x1C, 0xFF, 0x04, 0x0B, 0x15, 0xFF, 0x04, 0x09, 0x10, 0xFF,
  0x04, 0x07, 0x0C, 0xFF, 0x04, 0x06, 0x0A, 0xFF, 0x04, 0x06, 0x08, 0xFF, 0x04, 0x05, 0x07, 0xFF, 0x04, 0x05, 0x06, 0xFF, 0x04, 0x04, 0x06, 0xFF,
  0x04, 0x04, 0x05, 0xFF, 0x04, 0x03, 0x04, 0xFF, 0x04, 0x04, 0x05, 0xFF, 0x04, 0x04, 0x05, 0xFF, 0x04, 0x04, 0x05, 0xFF, 0x04, 0x04, 0x05, 0xFF,
  0x04, 0x03, 0x04, 0xFF, 0x04, 0x03, 0x04, 0xFF, 0x04, 0x03, 0x04, 0xFF, 0x04, 0x03, 0x04, 0xFF, 0x04, 0x03, 0x04, 0xFF, 0x04, 0x03, 0x04, 0xFF,
  0x04, 0x03, 0x04, 0xFF, 0x04, 0x03, 0x04, 0xFF, 0x04, 0x03, 0x04, 0xFF, 0x04, 0x03, 0x04, 0xFF, 0x04, 0x03, 0x04, 0xFF, 0x04, 0x03, 0x04, 0xFF,
  0x04, 0x03, 0x04, 0xFF, 0x04, 0x03, 0x04, 0xFF, 0x04, 0x03, 0x04, 0xFF, 0x04, 0x03, 0x04, 0xFF, 0x04, 0x03, 0x04, 0xFF, 0x04, 0x03, 0x04, 0xFF,
  0x04, 0x03, 0x04, 0xFF, 0x04, 0x03, 0x04, 0xFF, 0x04, 0x03, 0x04, 0xFF, 0x04, 0x03, 0x04, 0xFF, 0x04, 0x03, 0x04, 0xFF, 0x04, 0x03, 0x04, 0xFF,
  0x04, 0x03, 0x04, 0xFF, 0x04, 0x03, 0x04, 0xFF, 0x04, 0x03, 0x04, 0xFF, 0x04, 0x03, 0x04, 0xFF, 0x04, 0x03, 0x04, 0xFF, 0x04, 0x03, 0x04, 0xFF,
  0x04, 0x03, 0x04, 0xFF, 0x04, 0x03, 0x04, 0xFF, 0x04, 0x03, 0x04, 0xFF, 0x04, 0x03, 0x04, 0xFF, 0x04, 0x03, 0x04, 0xFF, 0x04, 0x03, 0x04, 0xFF,
  0x04, 0x03, 0x04, 0xFF, 0x04, 0x03, 0x04, 0xFF, 0x04, 0x03, 0x04, 0xFF, 0x04, 0x03, 0x04, 0xFF, 0x04, 0x03, 0x04, 0xFF, 0x04, 0x03, 0x04, 0xFF,
  0x04, 0x03, 0x04, 0xFF, 0x04, 0x03, 0x04, 0xFF, 0x04, 0x03, 0x04, 0xFF, 0x04, 0x03, 0x04, 0xFF, 0x04, 0x03, 0x04, 0xFF, 0x04, 0x03, 0x04, 0xFF,
  0x04, 0x03, 0x04, 0xFF, 0x04, 0x03, 0x03, 0xFF, 0x04, 0x03, 0x03, 0xFF, 0x04, 0x03, 0x04, 0xFF, 0x04, 0x03, 0x03, 0xFF, 0x04, 0x03, 0x03, 0xFF,
  0x04, 0x03, 0x03, 0xFF, 0x04, 0x03, 0x03, 0xFF, 0x04, 0x03, 0x03, 0xFF, 0x04, 0x03, 0x03, 0xFF, 0x04, 0x03, 0x03, 0xFF, 0x04, 0x03, 0x03, 0xFF,
  0x04, 0x03, 0x03, 0xFF, 0x04, 0x03, 0x03, 0xFF, 0x04, 0x03, 0x03, 0xFF, 0x04, 0x03, 0x03, 0xFF, 0x04, 0x03, 0x03, 0xFF, 0x04, 0x03, 0x03, 0xFF,
  0x04, 0x03, 0x03, 0xFF, 0x04, 0x03, 0x03, 0xFF, 0x04, 0x03, 0x04, 0xFF, 0x04, 0x03, 0x04, 0xFF, 0x04, 0x03, 0x04, 0xFF, 0x04, 0x03, 0x03, 0xFF,
  0x04, 0x03, 0x04, 0xFF, 0x04, 0x03, 0x03, 0xFF, 0x04, 0x03, 0x03, 0xFF, 0x04, 0x03, 0x03, 0xFF, 0x04, 0x03, 0x03, 0xFF, 0x04, 0x03, 0x03, 0xFF,
  0x04, 0x03, 0x03, 0xFF, 0x04, 0x03, 0x03, 0xFF, 0x04, 0x03, 0x03, 0xFF, 0x04, 0x03, 0x03, 0xFF, 0x04, 0x03, 0x03, 0xFF, 0x04, 0x03, 0x03, 0xFF,
  0x04, 0x03, 0x04, 0xFF, 0x04, 0x03, 0x03, 0xFF, 0x04, 0x03, 0x03, 0xFF, 0x04, 0x03, 0x03, 0xFF, 0x04, 0x03, 0x03, 0xFF, 0x04, 0x03, 0x03, 0xFF,
  0x04, 0x03, 0x03, 0xFF, 0x04, 0x03, 0x03, 0xFF, 0x04, 0x03, 0x03, 0xFF, 0x04, 0x03, 0x03, 0xFF, 0x04, 0x03, 0x03, 0xFF, 0x04, 0x03, 0x03, 0xFF,
  0x04, 0x03, 0x03, 0xFF, 0x04, 0x03, 0x03, 0xFF, 0x04, 0x03, 0x03, 0xFF, 0x04, 0x03, 0x03, 0xFF, 0x04, 0x03, 0x03, 0xFF, 0x04, 0x03, 0x03, 0xFF,
  0x04, 0x03, 0x03, 0xFF, 0x04, 0x03, 0x03, 0xFF, 0x04, 0x03, 0x03, 0xFF, 0x04, 0x03, 0x03, 0xFF, 0x04, 0x03, 0x03, 0xFF, 0x04, 0x03, 0x04, 0xFF,
  0x04, 0x03, 0x03, 0xFF, 0x04, 0x03, 0x04, 0xFF, 0x04, 0x03, 0x04, 0xFF, 0x04, 0x03, 0x05, 0xFF, 0x04, 0x04, 0x08, 0xFF, 0x04, 0x05, 0x0F, 0xFF,
  0x04, 0x07, 0x1E, 0xFF, 0x05, 0x0B, 0x3A, 0xFF, 0x05, 0x11, 0x68, 0xFF, 0x04, 0x1C, 0xB3, 0xFF, 0x04, 0x26, 0xED, 0xFF, 0x04, 0x29, 0xF9, 0xFF,
  0x03, 0x26, 0xFA, 0xFF, 0x01, 0x16, 0xF2, 0xFF, 0x01, 0x0E, 0xDF, 0xFF, 0x20, 0xA8, 0xF7, 0xFF, 0x52, 0xF9, 0xFA, 0xFF, 0x33, 0xF8, 0xFA, 0xFF,
  0x03, 0x71, 0xF2, 0xFF, 0x05, 0x12, 0xC7, 0xFF, 0x04, 0x17, 0x6B, 0xFF, 0x04, 0x0A, 0x1F, 0xFF, 0x04, 0x06, 0x0E, 0xFF, 0x04, 0x04, 0x07, 0xFF,
  0x04, 0x03, 0x04, 0xFF, 0x04, 0x03, 0x03, 0xFF, 0x04, 0x03, 0x03, 0xFF, 0x04, 0x03, 0x03, 0xFF, 0x04, 0x03, 0x03, 0xFF, 0x04, 0x03, 0x03, 0xFF,
  0x04, 0x03, 0x03, 0xFF, 0x04, 0x03, 0x03, 0xFF, 0x04, 0x03, 0x03, 0xFF, 0x04, 0x03, 0x03, 0xFF, 0x04, 0x03, 0x03, 0xFF, 0x04, 0x03, 0x03, 0xFF,
  0x04, 0x03, 0x03, 0xFF, 0x04, 0x03, 0x03, 0xFF, 0x04, 0x03, 0x03, 0xFF, 0x04, 0x03, 0x03, 0xFF, 0x04, 0x03, 0x03, 0xFF, 0x04, 0x03, 0x03, 0xFF,
  0x04, 0x03, 0x03, 0xFF, 0x04, 0x03, 0x03, 0xFF, 0x04, 0x03, 0x03, 0xFF, 0x04, 0x03, 0x03, 0xFF, 0x04, 0x03, 0x04, 0xFF, 0x04, 0x05, 0x06, 0xFF,
  0x04, 0x07, 0x0A, 0xFF, 0x05, 0x0D, 0x15, 0xFF, 0x06, 0x20, 0x39, 0xFF, 0x05, 0x4C, 0xA3, 0xFF, 0x04, 0x86, 0xDC, 0xFF, 0x56, 0xF4, 0xF8, 0xFF,
  0x7D, 0xF8, 0xF9, 0xFF, 0x50, 0xE8, 0xF6, 0xFF, 0x03, 0x68, 0xC7, 0xFF, 0x00, 0x5C, 0xDB, 0xFF, 0x00, 0x79, 0xF7, 0xFF, 0x00, 0x7D, 0xFA, 0xFF,
  0x01, 0x7A, 0xF6, 0xFF, 0x00, 0x68, 0xDE, 0xFF, 0x01, 0x53, 0xBD, 0xFF, 0x02, 0x3E, 0x90, 0xFF, 0x02, 0x2E, 0x67, 0xFF, 0x03, 0x21, 0x4B, 0xFF,
  0x03, 0x17, 0x32, 0xFF, 0x03, 0x10, 0x21, 0xFF, 0x04, 0x0B, 0x15, 0xFF, 0x04, 0x08, 0x0E, 0xFF, 0x04, 0x07, 0x0B, 0xFF, 0x04, 0x06, 0x08, 0xFF,
  0x04, 0x05, 0x07, 0xFF, 0x04, 0x04, 0x06, 0xFF, 0x04, 0x04, 0x05, 0xFF, 0x04, 0x03, 0x04, 0xFF, 0x04, 0x03, 0x05, 0xFF, 0x04, 0x03, 0x04, 0xFF,
  0x04, 0x03, 0x04, 0xFF, 0x04, 0x03, 0x03, 0xFF, 0x04, 0x03, 0x04, 0xFF, 0x04, 0x03, 0x04, 0xFF, 0x04, 0x03, 0x04, 0xFF, 0x04, 0x03, 0x04, 0xFF,
  0x04, 0x03, 0x04, 0xFF, 0x04, 0x03, 0x04, 0xFF, 0x04, 0x03, 0x04, 0xFF, 0x04, 0x03, 0x04, 0xFF, 0x04, 0x03, 0x04, 0xFF, 0x04, 0x03, 0x04, 0xFF,
  0x04, 0x03, 0x04, 0xFF, 0x04, 0x03, 0x04, 0xFF, 0x04, 0x03, 0x04, 0xFF, 0x04, 0x03, 0x04, 0xFF, 0x04, 0x03, 0x03, 0xFF, 0x04, 0x03, 0x03, 0xFF,
  0x04, 0x03, 0x03, 0xFF, 0x04, 0x03, 0x03, 0xFF, 0x04, 0x03, 0x03, 0xFF, 0x04, 0x03, 0x04, 0xFF, 0x04, 0x03, 0x04, 0xFF, 0x04, 0x03, 0x04, 0xFF,
  0x04, 0x03, 0x04, 0xFF, 0x04, 0x03, 0x04, 0xFF, 0x04, 0x03, 0x04, 0xFF, 0x04, 0x03, 0x04, 0xFF, 0x04, 0x03, 0x04, 0xFF, 0x04, 0x03, 0x04, 0xFF,
  0x04, 0x03, 0x04, 0xFF, 0x04, 0x03, 0x04, 0xFF, 0x04, 0x03, 0x04, 0xFF, 0x04, 0x03, 0x04, 0xFF, 0x04, 0x03, 0x04, 0xFF, 0x04, 0x03, 0x04, 0xFF,
  0x04, 0x03, 0x04, 0xFF, 0x04, 0x03, 0x04, 0xFF, 0x04, 0x03, 0x04, 0xFF, 0x04, 0x03, 0x04, 0xFF, 0x04, 0x03, 0x03, 0xFF, 0x04, 0x03, 0x03, 0xFF,
  0x04, 0x03, 0x03, 0xFF, 0x04, 0x03, 0x03, 0xFF, 0x04, 0x03, 0x03, 0xFF, 0x04, 0x03, 0x04, 0xFF, 0x04, 0x03, 0x03, 0xFF, 0x04, 0x03, 0x03, 0xFF,
  0x04, 0x03, 0x03, 0xFF, 0x04, 0x03, 0x03, 0xFF, 0x04, 0x03, 0x03, 0xFF, 0x04, 0x03, 0x04, 0xFF, 0x04, 0x03, 0x04, 0xFF, 0x04, 0x03, 0x04, 0xFF,
  0x04, 0x03, 0x03, 0xFF, 0x04, 0x03, 0x03, 0xFF, 0x04, 0x03, 0x03, 0xFF, 0x04, 0x03, 0x03, 0xFF, 0x04, 0x03, 0x03, 0xFF, 0x04, 0x03, 0x03, 0xFF,
  0x04, 0x03, 0x03, 0xFF, 0x04, 0x03, 0x03, 0xFF, 0x04, 0x03, 0x03, 0xFF, 0x04, 0x03, 0x03, 0xFF, 0x04, 0x03, 0x03, 0xFF, 0x04, 0x03, 0x03, 0xFF,
  0x04, 0x03, 0x03, 0xFF, 0x04, 0x03, 0x03, 0xFF, 0x04, 0x03, 0x03, 0xFF, 0x04, 0x03, 0x03, 0xFF, 0x04, 0x03, 0x03, 0xFF, 0x04, 0x03, 0x03, 0xFF,
  0x04, 0x03, 0x03, 0xFF, 0x04, 0x03, 0x03, 0xFF, 0x04, 0x03, 0x04, 0xFF, 0x04, 0x03, 0x04, 0xFF, 0x04, 0x03, 0x04, 0xFF, 0x04, 0x03, 0x03, 0xFF,
  0x04, 0x03, 0x03, 0xFF, 0x04, 0x03, 0x03, 0xFF, 0x04, 0x03, 0x03, 0xFF, 0x04, 0x03, 0x03, 0xFF, 0x04, 0x03, 0x03, 0xFF, 0x04, 0x03, 0x03, 0xFF,
  0x04, 0x03, 0x03, 0xFF, 0x04, 0x03, 0x03, 0xFF, 0x04, 0x03, 0x03, 0xFF, 0x04, 0x03, 0x03, 0xFF, 0x04, 0x03, 0x03, 0xFF, 0x04, 0x03, 0x03, 0xFF,
  0x04, 0x03, 0x04, 0xFF, 0x04, 0x03, 0x04, 0xFF, 0x04, 0x03, 0x03, 0xFF, 0x04, 0x03, 0x03, 0xFF, 0x04, 0x03, 0x03, 0xFF, 0x04, 0x03, 0x03, 0xFF,
  0x04, 0x03, 0x03, 0xFF, 0x04, 0x03, 0x03, 0xFF, 0x04, 0x03, 0x03, 0xFF, 0x04, 0x03, 0x03, 0xFF, 0x04, 0x03, 0x03, 0xFF, 0x04, 0x03, 0x03, 0xFF,
  0x04, 0x03, 0x03, 0xFF, 0x04, 0x03, 0x03, 0xFF, 0x04, 0x03, 0x03, 0xFF, 0x04, 0x03, 0x03, 0xFF, 0x04, 0x03, 0x03, 0xFF, 0x04, 0x03, 0x03, 0xFF,
  0x04, 0x03, 0x03, 0xFF, 0x04, 0x03, 0x03, 0xFF, 0x04, 0x03, 0x03, 0xFF, 0x04, 0x03, 0x03, 0xFF, 0x04, 0x03, 0x03, 0xFF, 0x04, 0x03, 0x03, 0xFF,
  0x04, 0x03, 0x03, 0xFF, 0x04, 0x03, 0x03, 0xFF, 0x04, 0x03, 0x03, 0xFF, 0x04, 0x03, 0x03, 0xFF, 0x04, 0x03, 0x03, 0xFF, 0x04, 0x03, 0x05, 0xFF,
  0x04, 0x04, 0x09, 0xFF, 0x04, 0x05, 0x11, 0xFF, 0x04, 0x09, 0x27, 0xFF, 0x04, 0x0E, 0x4F, 0xFF, 0x04, 0x16, 0x92, 0xFF, 0x04, 0x23, 0xD6, 0xFF,
  0x04, 0x29, 0xF6, 0xFF, 0x02, 0x25, 0xF9, 0xFF, 0x01, 0x17, 0xF2, 0xFF, 0x00, 0x0E, 0xDB, 0xFF, 0x22, 0xA5, 0xF6, 0xFF, 0x52, 0xF9, 0xFA, 0xFF,
  0x2D, 0xEF, 0xFA, 0xFF, 0x01, 0x4A, 0xF1, 0xFF, 0x03, 0x14, 0xC8, 0xFF, 0x04, 0x12, 0x50, 0xFF, 0x05, 0x0B, 0x22, 0xFF, 0x04, 0x06, 0x0D, 0xFF,
  0x04, 0x04, 0x05, 0xFF, 0x04, 0x03, 0x04, 0xFF, 0x04, 0x03, 0x03, 0xFF, 0x04, 0x03, 0x03, 0xFF, 0x04, 0x03, 0x03, 0xFF, 0x04, 0x03, 0x03, 0xFF,
  0x04, 0x03, 0x03, 0xFF, 0x04, 0x03, 0x03, 0xFF, 0x04, 0x03, 0x03, 0xFF, 0x04, 0x03, 0x03, 0xFF, 0x04, 0x03, 0x03, 0xFF, 0x04, 0x03, 0x03, 0xFF,
  0x04, 0x03, 0x03, 0xFF, 0x04, 0x03, 0x03, 0xFF, 0x04, 0x03, 0x03, 0xFF, 0x04, 0x03, 0x03, 0xFF, 0x04, 0x03, 0x03, 0xFF, 0x04, 0x03, 0x03, 0xFF,
  0x04, 0x03, 0x03, 0xFF, 0x04, 0x03, 0x03, 0xFF, 0x04, 0x03, 0x03, 0xFF, 0x04, 0x03, 0x04, 0xFF, 0x04, 0x04, 0x05, 0xFF, 0x04, 0x06, 0x09, 0xFF,
  0x05, 0x0B, 0x11, 0xFF, 0x06, 0x16, 0x25, 0xFF, 0x05, 0x3B, 0x7A, 0xFF, 0x03, 0x7C, 0xDB, 0xFF, 0x47, 0xF4, 0xF8, 0xFF, 0x79, 0xF8, 0xFA, 0xFF,
  0x56, 0xEE, 0xF7, 0xFF, 0x04, 0x66, 0xC7, 0xFF, 0x00, 0x60, 0xDF, 0xFF, 0x01, 0x77, 0xF7, 0xFF, 0x01, 0x7A, 0xF9, 0xFF, 0x00, 0x70, 0xF1, 0xFF,
  0x00, 0x5C, 0xD3, 0xFF, 0x01, 0x45, 0xA0, 0xFF, 0x02, 0x33, 0x73, 0xFF, 0x03, 0x24, 0x51, 0xFF, 0x03, 0x19, 0x36, 0xFF, 0x03, 0x11, 0x23, 0xFF,
  0x04, 0x0C, 0x17, 0xFF, 0x04, 0x08, 0x0F, 0xFF, 0x04, 0x06, 0x0A, 0xFF, 0x04, 0x05, 0x07, 0xFF, 0x04, 0x04, 0x06, 0xFF, 0x04, 0x04, 0x05, 0xFF,
  0x04, 0x04, 0x05, 0xFF, 0x04, 0x03, 0x04, 0xFF, 0x04, 0x03, 0x04, 0xFF, 0x04, 0x03, 0x04, 0xFF, 0x04, 0x03, 0x04, 0xFF, 0x04, 0x03, 0x04, 0xFF,
  0x04, 0x03, 0x03, 0xFF, 0x04, 0x03, 0x03, 0xFF, 0x04, 0x03, 0x03, 0xFF, 0x04, 0x03, 0x03, 0xFF, 0x04, 0x03, 0x03, 0xFF, 0x04, 0x03, 0x03, 0xFF,
  0x04, 0x03, 0x03, 0xFF, 0x04, 0x03, 0x03, 0xFF, 0x04, 0x03, 0x03, 0xFF, 0x04, 0x03, 0x03, 0xFF, 0x04, 0x03, 0x03, 0xFF, 0x04, 0x03, 0x03, 0xFF,
  0x04, 0x03, 0x03, 0xFF, 0x04, 0x03, 0x03, 0xFF, 0x04, 0x03, 0x03, 0xFF, 0x04, 0x03, 0x03, 0xFF, 0x04, 0x03, 0x03, 0xFF, 0x04, 0x03, 0x03, 0xFF,
  0x04, 0x03, 0x03, 0xFF, 0x04, 0x03, 0x03, 0xFF, 0x04, 0x03, 0x03, 0xFF, 0x04, 0x03, 0x03, 0xFF, 0x04, 0x03, 0x04, 0xFF, 0x04, 0x03, 0x03, 0xFF,
  0x04, 0x03, 0x03, 0xFF, 0x04, 0x03, 0x03, 0xFF, 0x04, 0x03, 0x03, 0xFF, 0x04, 0x03, 0x03, 0xFF, 0x04, 0x03, 0x03, 0xFF, 0x04, 0x03, 0x04, 0xFF,
  0x04, 0x03, 0x04, 0xFF, 0x04, 0x03, 0x03, 0xFF, 0x04, 0x03, 0x03, 0xFF, 0x04, 0x03, 0x04, 0xFF, 0x04, 0x03, 0x04, 0xFF, 0x04, 0x03, 0x04, 0xFF,
  0x04, 0x03, 0x04, 0xFF, 0x04, 0x03, 0x04, 0xFF, 0x04, 0x03, 0x04, 0xFF, 0x04, 0x03, 0x03, 0xFF, 0x04, 0x03, 0x03, 0xFF, 0x04, 0x03, 0x03, 0xFF,
  0x04, 0x03, 0x03, 0xFF, 0x04, 0x03, 0x03, 0xFF, 0x04, 0x03, 0x03, 0xFF, 0x04, 0x03, 0x03, 0xFF, 0x04, 0x03, 0x03, 0xFF, 0x04, 0x03, 0x03, 0xFF,
  0x04, 0x03, 0x03, 0xFF, 0x04, 0x03, 0x03, 0xFF, 0x04, 0x03, 0x03, 0xFF, 0x04, 0x03, 0x03, 0xFF, 0x04, 0x03, 0x03, 0xFF, 0x04, 0x03, 0x03, 0xFF,
  0x04, 0x03, 0x03, 0xFF, 0x04, 0x03, 0x03, 0xFF, 0x04, 0x03, 0x03, 0xFF, 0x04, 0x03, 0x03, 0xFF, 0x04, 0x03, 0x03, 0xFF, 0x04, 0x03, 0x03, 0xFF,
  0x04, 0x03, 0x03, 0xFF, 0x04, 0x03, 0x03, 0xFF, 0x04, 0x03, 0x03, 0xFF, 0x04, 0x03, 0x03, 0xFF, 0x04, 0x03, 0x03, 0xFF, 0x04, 0x03, 0x03, 0xFF,
  0x04, 0x03, 0x03, 0xFF, 0x04, 0x03, 0x03, 0xFF, 0x04, 0x03, 0x03, 0xFF, 0x04, 0x03, 0x03, 0xFF, 0x04, 0x03, 0x03, 0xFF, 0x04, 0x03, 0x03, 0xFF,
  0x04, 0x03, 0x03, 0xFF, 0x04, 0x03, 0x03, 0xFF, 0x04, 0x03, 0x04, 0xFF, 0x04, 0x03, 0x04, 0xFF, 0x04, 0x03, 0x04, 0xFF, 0x04, 0x03, 0x03, 0xFF,
  0x04, 0x03, 0x03, 0xFF, 0x04, 0x03, 0x03, 0xFF, 0x04, 0x03, 0x03, 0xFF, 0x04, 0x03, 0x03, 0xFF, 0x04, 0x03, 0x03, 0xFF, 0x04, 0x03, 0x03, 0xFF,
  0x04, 0x03, 0x03, 0xFF, 0x04, 0x03, 0x03, 0xFF, 0x04, 0x03, 0x03, 0xFF, 0x04, 0x03, 0x03, 0xFF, 0x04, 0x03, 0x03, 0xFF, 0x04, 0x03, 0x03, 0xFF,
  0x04, 0x03, 0x03, 0xFF, 0x04, 0x03, 0x03, 0xFF, 0x04, 0x03, 0x03, 0xFF, 0x04, 0x03, 0x03, 0xFF, 0x04, 0x03, 0x03, 0xFF, 0x04, 0x03, 0x03, 0xFF,
  0x04, 0x03, 0x03, 0xFF, 0x04, 0x03, 0x03, 0xFF, 0x04, 0x03, 0x03, 0xFF, 0x04, 0x03, 0x03, 0xFF, 0x04, 0x03, 0x04, 0xFF, 0x04, 0x03, 0x03, 0xFF,
  0x04, 0x03, 0x03, 0xFF, 0x04, 0x03, 0x03, 0xFF, 0x04, 0x03, 0x03, 0xFF, 0x04, 0x03, 0x03, 0xFF, 0x04, 0x03, 0x03, 0xFF, 0x04, 0x03, 0x03, 0xFF,
  0x04, 0x03, 0x03, 0xFF, 0x04, 0x03, 0x03, 0xFF, 0x04, 0x03, 0x03, 0xFF, 0x04, 0x03, 0x03, 0xFF, 0x04, 0x03, 0x03, 0xFF, 0x04, 0x03, 0x03, 0xFF,
  0x04, 0x03, 0x03, 0xFF, 0x04, 0x03, 0x03, 0xFF, 0x04, 0x03, 0x03, 0xFF, 0x04, 0x03, 0x03, 0xFF, 0x04, 0x03, 0x03, 0xFF, 0x04, 0x03, 0x03, 0xFF,
  0x04, 0x03, 0x04, 0xFF, 0x04, 0x03, 0x06, 0xFF, 0x04, 0x05, 0x0D, 0xFF, 0x04, 0x07, 0x1C, 0xFF, 0x04, 0x0A, 0x36, 0xFF, 0x04, 0x11, 0x6B, 0xFF,
  0x03, 0x1E, 0xBC, 0xFF, 0x03, 0x26, 0xF4, 0xFF, 0x01, 0x21, 0xF9, 0xFF, 0x01, 0x19, 0xF4, 0xFF, 0x01, 0x11, 0xE0, 0xFF, 0x22, 0xB2, 0xF9, 0xFF,
  0x53, 0xF9, 0xFB, 0xFF, 0x23, 0xE8, 0xFA, 0xFF, 0x02, 0x36, 0xF4, 0xFF, 0x04, 0x14, 0x9B, 0xFF, 0x05, 0x14, 0x4D, 0xFF, 0x04, 0x08, 0x17, 0xFF,
  0x04, 0x04, 0x07, 0xFF, 0x04, 0x03, 0x05, 0xFF, 0x04, 0x03, 0x04, 0xFF, 0x04, 0x03, 0x03, 0xFF, 0x04, 0x03, 0x03, 0xFF, 0x04, 0x03, 0x03, 0xFF,
  0x04, 0x03, 0x03, 0xFF, 0x04, 0x03, 0x03, 0xFF, 0x04, 0x03, 0x03, 0xFF, 0x04, 0x03, 0x03, 0xFF, 0x04, 0x03, 0x03, 0xFF, 0x04, 0x03, 0x03, 0xFF,
  0x04, 0x03, 0x03, 0xFF, 0x04, 0x03, 0x03, 0xFF, 0x04, 0x03, 0x03, 0xFF, 0x04, 0x03, 0x03, 0xFF, 0x04, 0x03, 0x03, 0xFF, 0x04, 0x03, 0x03, 0xFF,
  0x04, 0x03, 0x03, 0xFF, 0x04, 0x03, 0x03, 0xFF, 0x04, 0x03, 0x04, 0xFF, 0x04, 0x04, 0x05, 0xFF, 0x04, 0x06, 0x08, 0xFF, 0x05, 0x09, 0x0E, 0xFF,
  0x05, 0x13, 0x1F, 0xFF, 0x06, 0x2A, 0x50, 0xFF, 0x03, 0x56, 0xB6, 0xFF, 0x2B, 0xE9, 0xF5, 0xFF, 0x73, 0xF8, 0xF9, 0xFF, 0x63, 0xF5, 0xF9, 0xFF,
  0x07, 0x78, 0xCB, 0xFF, 0x00, 0x55, 0xD5, 0xFF, 0x01, 0x70, 0xF2, 0xFF, 0x01, 0x75, 0xF5, 0xFF, 0x01, 0x6F, 0xEB, 0xFF, 0x01, 0x58, 0xC7, 0xFF,
  0x01, 0x43, 0x9B, 0xFF, 0x02, 0x2C, 0x62, 0xFF, 0x03, 0x1E, 0x43, 0xFF, 0x03, 0x15, 0x2E, 0xFF, 0x04, 0x0E, 0x1D, 0xFF, 0x04, 0x0A, 0x13, 0xFF,
  0x04, 0x07, 0x0C, 0xFF, 0x04, 0x05, 0x08, 0xFF, 0x04, 0x04, 0x06, 0xFF, 0x04, 0x03, 0x05, 0xFF, 0x04, 0x03, 0x05, 0xFF, 0x04, 0x03, 0x04, 0xFF,
  0x04, 0x03, 0x04, 0xFF, 0x04, 0x03, 0x04, 0xFF, 0x04, 0x03, 0x04, 0xFF, 0x04, 0x03, 0x04, 0xFF, 0x04, 0x03, 0x04, 0xFF, 0x04, 0x03, 0x04, 0xFF,
  0x04, 0x03, 0x03, 0xFF, 0x04, 0x03, 0x03, 0xFF, 0x04, 0x03, 0x03, 0xFF, 0x04, 0x03, 0x03, 0xFF, 0x04, 0x03, 0x03, 0xFF, 0x04, 0x03, 0x03, 0xFF,
  0x04, 0x03, 0x03, 0xFF, 0x04, 0x03, 0x03, 0xFF, 0x04, 0x03, 0x03, 0xFF, 0x04, 0x03, 0x03, 0xFF, 0x04, 0x03, 0x03, 0xFF, 0x04, 0x03, 0x03, 0xFF,
  0x04, 0x03, 0x03, 0xFF, 0x04, 0x03, 0x03, 0xFF, 0x04, 0x03, 0x03, 0xFF, 0x04, 0x03, 0x03, 0xFF, 0x04, 0x03, 0x03, 0xFF, 0x04, 0x03, 0x03, 0xFF,
  0x04, 0x03, 0x03, 0xFF, 0x04, 0x03, 0x03, 0xFF, 0x04, 0x03, 0x03, 0xFF, 0x04, 0x03, 0x03, 0xFF, 0x04, 0x03, 0x03, 0xFF, 0x04, 0x03, 0x03, 0xFF,
  0x04, 0x03, 0x03, 0xFF, 0x04, 0x03, 0x03, 0xFF, 0x04, 0x03, 0x03, 0xFF, 0x04, 0x03, 0x03, 0xFF, 0x04, 0x03, 0x03, 0xFF, 0x04, 0x03, 0x03, 0xFF,
  0x04, 0x03, 0x04, 0xFF, 0x04, 0x03, 0x04, 0xFF, 0x04, 0x03, 0x03, 0xFF, 0x04, 0x03, 0x04, 0xFF, 0x04, 0x03, 0x03, 0xFF, 0x04, 0x03, 0x03, 0xFF,
  0x04, 0x03, 0x03, 0xFF, 0x04, 0x03, 0x03, 0xFF, 0x04, 0x03, 0x03, 0xFF, 0x04, 0x03, 0x03, 0xFF, 0x04, 0x03, 0x03, 0xFF, 0x04, 0x03, 0x03, 0xFF,
  0x04, 0x03, 0x03, 0xFF, 0x04, 0x03, 0x03, 0xFF, 0x04, 0x03, 0x03, 0xFF, 0x04, 0x03, 0x03, 0xFF, 0x04, 0x03, 0x03, 0xFF, 0x04, 0x03, 0x03, 0xFF,
  0x04, 0x03, 0x03, 0xFF, 0x04, 0x03, 0x03, 0xFF, 0x04, 0x03, 0x03, 0xFF, 0x04, 0x03, 0x03, 0xFF, 0x04, 0x03, 0x03, 0xFF, 0x04, 0x03, 0x03, 0xFF,
  0x04, 0x03, 0x03, 0xFF, 0x04, 0x03, 0x03, 0xFF, 0x04, 0x03, 0x03, 0xFF, 0x04, 0x03, 0x03, 0xFF, 0x04, 0x03, 0x03, 0xFF, 0x04, 0x03, 0x03, 0xFF,
  0x04, 0x03, 0x03, 0xFF, 0x04, 0x03, 0x03, 0xFF, 0x04, 0x03, 0x03, 0xFF, 0x04, 0x03, 0x03, 0xFF, 0x04, 0x03, 0x03, 0xFF, 0x04, 0x03, 0x03, 0xFF,
  0x04, 0x03, 0x03, 0xFF, 0x04, 0x03, 0x03, 0xFF, 0x04, 0x03, 0x03, 0xFF, 0x04, 0x03, 0x03, 0xFF, 0x04, 0x03, 0x03, 0xFF, 0x04, 0x03, 0x03, 0xFF,
  0x04, 0x03, 0x03, 0xFF, 0x04, 0x03, 0x03, 0xFF, 0x04, 0x03, 0x04, 0xFF, 0x04, 0x03, 0x04, 0xFF, 0x04, 0x03, 0x04, 0xFF, 0x04, 0x03, 0x03, 0xFF,
  0x04, 0x03, 0x03, 0xFF, 0x04, 0x03, 0x03, 0xFF, 0x04, 0x03, 0x03, 0xFF, 0x04, 0x03, 0x03, 0xFF, 0x04, 0x03, 0x03, 0xFF, 0x04, 0x03, 0x03, 0xFF,
  0x04, 0x03, 0x03, 0xFF, 0x04, 0x03, 0x03, 0xFF, 0x04, 0x03, 0x03, 0xFF, 0x04, 0x03, 0x03, 0xFF, 0x04, 0x03, 0x03, 0xFF, 0x04, 0x03, 0x03, 0xFF,
  0x04, 0x03, 0x03, 0xFF, 0x04, 0x03, 0x03, 0xFF, 0x04, 0x03, 0x03, 0xFF, 0x04, 0x03, 0x03, 0xFF, 0x04, 0x03, 0x03, 0xFF, 0x04, 0x03, 0x03, 0xFF,
  0x04, 0x03, 0x03, 0xFF, 0x04, 0x03, 0x03, 0xFF, 0x04, 0x03, 0x03, 0xFF, 0x04, 0x03, 0x03, 0xFF, 0x04, 0x03, 0x04, 0xFF, 0x04, 0x03, 0x03, 0xFF,
  0x04, 0x03, 0x03, 0xFF, 0x04, 0x03, 0x03, 0xFF, 0x04, 0x03, 0x03, 0xFF, 0x04, 0x03, 0x03, 0xFF, 0x04, 0x03, 0x03, 0xFF, 0x04, 0x03, 0x03, 0xFF,
  0x04, 0x03, 0x03, 0xFF, 0x04, 0x03, 0x03, 0xFF, 0x04, 0x03, 0x03, 0xFF, 0x04, 0x03, 0x03, 0xFF, 0x04, 0x03, 0x03, 0xFF, 0x04, 0x03, 0x03, 0xFF,
  0x04, 0x03, 0x03, 0xFF, 0x04, 0x03, 0x03, 0xFF, 0x04, 0x03, 0x03, 0xFF, 0x04, 0x03, 0x03, 0xFF, 0x04, 0x03, 0x03, 0xFF, 0x04, 0x03, 0x03, 0xFF,
  0x04, 0x03, 0x04, 0xFF, 0x04, 0x03, 0x04, 0xFF, 0x04, 0x03, 0x05, 0xFF, 0x04, 0x04, 0x0A, 0xFF, 0x04, 0x06, 0x16, 0xFF, 0x04, 0x09, 0x2C, 0xFF,
  0x04, 0x0F, 0x5D, 0xFF, 0x02, 0x1C, 0xC4, 0xFF, 0x01, 0x23, 0xF5, 0xFF, 0x01, 0x22, 0xF9, 0xFF, 0x01, 0x17, 0xF1, 0xFF, 0x01, 0x18, 0xE0, 0xFF,
  0x31, 0xD5, 0xFA, 0xFF, 0x50, 0xF9, 0xFB, 0xFF, 0x13, 0xD0, 0xF8, 0xFF, 0x02, 0x15, 0xD2, 0xFF, 0x04, 0x18, 0x89, 0xFF, 0x05, 0x0D, 0x2F, 0xFF,
  0x04, 0x05, 0x0C, 0xFF, 0x04, 0x04, 0x06, 0xFF, 0x04, 0x03, 0x04, 0xFF, 0x04, 0x03, 0x04, 0xFF, 0x04, 0x03, 0x04, 0xFF, 0x04, 0x03, 0x03, 0xFF,
  0x04, 0x03, 0x03, 0xFF, 0x04, 0x03, 0x03, 0xFF, 0x04, 0x03, 0x03, 0xFF, 0x04, 0x03, 0x03, 0xFF, 0x04, 0x03, 0x03, 0xFF, 0x04, 0x03, 0x03, 0xFF,
  0x04, 0x03, 0x03, 0xFF, 0x04, 0x03, 0x03, 0xFF, 0x04, 0x03, 0x03, 0xFF, 0x04, 0x03, 0x03, 0xFF, 0x04, 0x03, 0x03, 0xFF, 0x04, 0x03, 0x03, 0xFF,
  0x04, 0x03, 0x03, 0xFF, 0x04, 0x03, 0x03, 0xFF, 0x04, 0x03, 0x04, 0xFF, 0x04, 0x04, 0x06, 0xFF, 0x05, 0x07, 0x0B, 0xFF, 0x05, 0x0E, 0x16, 0xFF,
  0x06, 0x25, 0x43, 0xFF, 0x03, 0x52, 0xB9, 0xFF, 0x12, 0xB9, 0xEA, 0xFF, 0x65, 0xF7, 0xF9, 0xFF, 0x68, 0xF7, 0xFA, 0xFF, 0x15, 0xA3, 0xDA, 0xFF,
  0x00, 0x4D, 0xC7, 0xFF, 0x00, 0x66, 0xE8, 0xFF, 0x00, 0x69, 0xEC, 0xFF, 0x01, 0x65, 0xE2, 0xFF, 0x01, 0x55, 0xC2, 0xFF, 0x02, 0x3C, 0x89, 0xFF,
  0x03, 0x27, 0x57, 0xFF, 0x03, 0x18, 0x33, 0xFF, 0x03, 0x10, 0x22, 0xFF, 0x04, 0x0A, 0x15, 0xFF, 0x04, 0x07, 0x0D, 0xFF, 0x04, 0x06, 0x09, 0xFF,
  0x04, 0x04, 0x06, 0xFF, 0x04, 0x04, 0x05, 0xFF, 0x04, 0x03, 0x04, 0xFF, 0x04, 0x03, 0x03, 0xFF, 0x04, 0x03, 0x03, 0xFF, 0x04, 0x03, 0x04, 0xFF,
  0x04, 0x03, 0x03, 0xFF, 0x04, 0x03, 0x03, 0xFF, 0x04, 0x03, 0x03, 0xFF, 0x04, 0x03, 0x04, 0xFF, 0x04, 0x03, 0x04, 0xFF, 0x04, 0x03, 0x04, 0xFF,
  0x04, 0x03, 0x04, 0xFF, 0x04, 0x03, 0x04, 0xFF, 0x04, 0x03, 0x03, 0xFF, 0x04, 0x03, 0x03, 0xFF, 0x04, 0x03, 0x03, 0xFF, 0x04, 0x03, 0x03, 0xFF,
  0x04, 0x03, 0x03, 0xFF, 0x04, 0x03, 0x04, 0xFF, 0x04, 0x03, 0x04, 0xFF, 0x04, 0x03, 0x03, 0xFF, 0x04, 0x03, 0x03, 0xFF, 0x04, 0x03, 0x03, 0xFF,
  0x04, 0x03, 0x03, 0xFF, 0x04, 0x03, 0x03, 0xFF, 0x04, 0x03, 0x03, 0xFF, 0x04, 0x03, 0x04, 0xFF, 0x04, 0x03, 0x03, 0xFF, 0x04, 0x03, 0x03, 0xFF,
  0x04, 0x03, 0x03, 0xFF, 0x04, 0x03, 0x03, 0xFF, 0x04, 0x03, 0x03, 0xFF, 0x04, 0x03, 0x03, 0xFF, 0x04, 0x03, 0x03, 0xFF, 0x04, 0x03, 0x03, 0xFF,
  0x04, 0x03, 0x03, 0xFF, 0x04, 0x03, 0x03, 0xFF, 0x04, 0x03, 0x03, 0xFF, 0x04, 0x03, 0x03, 0xFF, 0x04, 0x03, 0x03, 0xFF, 0x04, 0x03, 0x03, 0xFF,
  0x04, 0x03, 0x03, 0xFF, 0x04, 0x03, 0x03, 0xFF, 0x04, 0x03, 0x04, 0xFF, 0x04, 0x03, 0x04, 0xFF, 0x04, 0x03, 0x03, 0xFF, 0x04, 0x03, 0x03, 0xFF,
  0x04, 0x03, 0x03, 0xFF, 0x04, 0x03, 0x03, 0xFF, 0x04, 0x03, 0x03, 0xFF, 0x04, 0x03, 0x03, 0xFF, 0x04, 0x03, 0x03, 0xFF, 0x04, 0x03, 0x03, 0xFF,
  0x04, 0x03, 0x03, 0xFF, 0x04, 0x03, 0x03, 0xFF, 0x04, 0x03, 0x03, 0xFF, 0x04, 0x03, 0x03, 0xFF, 0x04, 0x03, 0x03, 0xFF, 0x04, 0x03, 0x03, 0xFF,
  0x04, 0x03, 0x03, 0xFF, 0x04, 0x03, 0x03, 0xFF, 0x04, 0x03, 0x03, 0xFF, 0x04, 0x03, 0x03, 0xFF, 0x04, 0x03, 0x03, 0xFF, 0x04, 0x03, 0x03, 0xFF,
  0x04, 0x03, 0x03, 0xFF, 0x04, 0x03, 0x03, 0xFF, 0x04, 0x03, 0x03, 0xFF, 0x04, 0x03, 0x03, 0xFF, 0x04, 0x03, 0x03, 0xFF, 0x04, 0x03, 0x03, 0xFF,
  0x04, 0x03, 0x03, 0xFF, 0x04, 0x03, 0x04, 0xFF, 0x04, 0x03, 0x03, 0xFF, 0x04, 0x03, 0x03, 0xFF, 0x04, 0x03, 0x03, 0xFF, 0x04, 0x03, 0x03, 0xFF,
  0x04, 0x03, 0x03, 0xFF, 0x04, 0x03, 0x03, 0xFF, 0x04, 0x03, 0x03, 0xFF, 0x04, 0x03, 0x03, 0xFF, 0x04, 0x03, 0x03, 0xFF, 0x04, 0x03, 0x03, 0xFF,
  0x04, 0x03, 0x03, 0xFF, 0x04, 0x03, 0x03, 0xFF, 0x04, 0x03, 0x04, 0xFF, 0x04, 0x03, 0x04, 0xFF, 0x04, 0x03, 0x04, 0xFF, 0x04, 0x03, 0x03, 0xFF,
  0x04, 0x03, 0x03, 0xFF, 0x04, 0x03, 0x03, 0xFF, 0x04, 0x03, 0x03, 0xFF, 0x04, 0x03, 0x03, 0xFF, 0x04, 0x03, 0x03, 0xFF, 0x04, 0x03, 0x03, 0xFF,
  0x04, 0x03, 0x03, 0xFF, 0x04, 0x03, 0x03, 0xFF, 0x04, 0x03, 0x03, 0xFF, 0x04, 0x03, 0x03, 0xFF, 0x04, 0x03, 0x03, 0xFF, 0x04, 0x03, 0x03, 0xFF,
  0x04, 0x03, 0x03, 0xFF, 0x04, 0x03, 0x03, 0xFF, 0x04, 0x03, 0x03, 0xFF, 0x04, 0x03, 0x03, 0xFF, 0x04, 0x03, 0x03, 0xFF, 0x04, 0x03, 0x03, 0xFF,
  0x04, 0x03, 0x03, 0xFF, 0x04, 0x03, 0x03, 0xFF, 0x04, 0x03, 0x03, 0xFF, 0x04, 0x03, 0x04, 0xFF, 0x04, 0x03, 0x04, 0xFF, 0x04, 0x03, 0x03, 0xFF,
  0x04, 0x03, 0x03, 0xFF, 0x04, 0x03, 0x03, 0xFF, 0x04, 0x03, 0x03, 0xFF, 0x04, 0x03, 0x03, 0xFF, 0x04, 0x03, 0x03, 0xFF, 0x04, 0x03, 0x03, 0xFF,
  0x04, 0x03, 0x03, 0xFF, 0x04, 0x03, 0x03, 0xFF, 0x04, 0x03, 0x03, 0xFF, 0x04, 0x03, 0x03, 0xFF, 0x04, 0x03, 0x03, 0xFF, 0x04, 0x03, 0x03, 0xFF,
  0x04, 0x03, 0x03, 0xFF, 0x04, 0x03, 0x03, 0xFF, 0x04, 0x03, 0x03, 0xFF, 0x04, 0x03, 0x03, 0xFF, 0x04, 0x03, 0x03, 0xFF, 0x04, 0x03, 0x03, 0xFF,
  0x04, 0x03, 0x04, 0xFF, 0x04, 0x03, 0x04, 0xFF, 0x04, 0x03, 0x04, 0xFF, 0x04, 0x03, 0x05, 0xFF, 0x04, 0x04, 0x09, 0xFF, 0x04, 0x06, 0x14, 0xFF,
  0x04, 0x08, 0x29, 0xFF, 0x03, 0x0F, 0x5C, 0xFF, 0x02, 0x1C, 0xBB, 0xFF, 0x01, 0x22, 0xF0, 0xFF, 0x01, 0x20, 0xF9, 0xFF, 0x00, 0x12, 0xE7, 0xFF,
  0x06, 0x3F, 0xE5, 0xFF, 0x3D, 0xF2, 0xFA, 0xFF, 0x3C, 0xF6, 0xFA, 0xFF, 0x07, 0x81, 0xF3, 0xFF, 0x02, 0x13, 0xD4, 0xFF, 0x05, 0x17, 0x66, 0xFF,
  0x05, 0x0A, 0x20, 0xFF, 0x04, 0x05, 0x0C, 0xFF, 0x04, 0x03, 0x05, 0xFF, 0x04, 0x03, 0x04, 0xFF, 0x04, 0x03, 0x04, 0xFF, 0x04, 0x03, 0x03, 0xFF,
  0x04, 0x03, 0x04, 0xFF, 0x04, 0x03, 0x03, 0xFF, 0x04, 0x03, 0x03, 0xFF, 0x04, 0x03, 0x03, 0xFF, 0x04, 0x03, 0x03, 0xFF, 0x04, 0x03, 0x03, 0xFF,
  0x04, 0x03, 0x03, 0xFF, 0x04, 0x03, 0x03, 0xFF, 0x04, 0x03, 0x03, 0xFF, 0x04, 0x03, 0x03, 0xFF, 0x04, 0x03, 0x03, 0xFF, 0x04, 0x03, 0x03, 0xFF,
  0x04, 0x03, 0x03, 0xFF, 0x04, 0x03, 0x03, 0xFF, 0x04, 0x04, 0x05, 0xFF, 0x04, 0x06, 0x08, 0xFF, 0x05, 0x0B, 0x11, 0xFF, 0x06, 0x16, 0x25, 0xFF,
  0x05, 0x39, 0x73, 0xFF, 0x03, 0x7F, 0xD9, 0xFF, 0x52, 0xF6, 0xF9, 0xFF, 0x6A, 0xF8, 0xFA, 0xFF, 0x2D, 0xD2, 0xED, 0xFF, 0x01, 0x4A, 0xBF, 0xFF,
  0x00, 0x5E, 0xDE, 0xFF, 0x01, 0x64, 0xE7, 0xFF, 0x01, 0x65, 0xE1, 0xFF, 0x01, 0x56, 0xC5, 0xFF, 0x02, 0x3E, 0x8F, 0xFF, 0x03, 0x23, 0x50, 0xFF,
  0x03, 0x16, 0x30, 0xFF, 0x04, 0x0E, 0x1D, 0xFF, 0x04, 0x09, 0x12, 0xFF, 0x04, 0x07, 0x0C, 0xFF, 0x04, 0x05, 0x08, 0xFF, 0x04, 0x04, 0x06, 0xFF,
  0x04, 0x04, 0x05, 0xFF, 0x04, 0x03, 0x04, 0xFF, 0x04, 0x03, 0x04, 0xFF, 0x04, 0x03, 0x04, 0xFF, 0x04, 0x03, 0x03, 0xFF, 0x04, 0x03, 0x03, 0xFF,
  0x04, 0x03, 0x03, 0xFF, 0x04, 0x03, 0x03, 0xFF, 0x04, 0x03, 0x03, 0xFF, 0x04, 0x03, 0x03, 0xFF, 0x04, 0x03, 0x03, 0xFF, 0x04, 0x03, 0x04, 0xFF,
  0x04, 0x03, 0x04, 0xFF, 0x04, 0x03, 0x03, 0xFF, 0x04, 0x03, 0x03, 0xFF, 0x04, 0x03, 0x03, 0xFF, 0x04, 0x03, 0x03, 0xFF, 0x04, 0x03, 0x03, 0xFF,
  0x04, 0x03, 0x03, 0xFF, 0x04, 0x03, 0x04, 0xFF, 0x04, 0x03, 0x04, 0xFF, 0x04, 0x03, 0x03, 0xFF, 0x04, 0x03, 0x04, 0xFF, 0x04, 0x03, 0x04, 0xFF,
  0x04, 0x03, 0x03, 0xFF, 0x04, 0x03, 0x03, 0xFF, 0x04, 0x03, 0x03, 0xFF, 0x04, 0x03, 0x04, 0xFF, 0x04, 0x03, 0x03, 0xFF, 0x04, 0x03, 0x03, 0xFF,
  0x04, 0x03, 0x03, 0xFF, 0x04, 0x03, 0x03, 0xFF, 0x04, 0x03, 0x03, 0xFF, 0x04, 0x03, 0x03, 0xFF, 0x04, 0x03, 0x03, 0xFF, 0x04, 0x03, 0x03, 0xFF,
  0x04, 0x03, 0x03, 0xFF, 0x04, 0x03, 0x03, 0xFF, 0x04, 0x03, 0x03, 0xFF, 0x04, 0x03, 0x03, 0xFF, 0x04, 0x03, 0x03, 0xFF, 0x04, 0x03, 0x03, 0xFF,
  0x04, 0x03, 0x03, 0xFF, 0x04, 0x03, 0x03, 0xFF, 0x04, 0x03, 0x04, 0xFF, 0x04, 0x03, 0x04, 0xFF, 0x04, 0x03, 0x03, 0xFF, 0x04, 0x03, 0x03, 0xFF,
  0x04, 0x03, 0x03, 0xFF, 0x04, 0x03, 0x03, 0xFF, 0x04, 0x03, 0x03, 0xFF, 0x04, 0x03, 0x03, 0xFF, 0x04, 0x03, 0x03, 0xFF, 0x04, 0x03, 0x04, 0xFF,
  0x04, 0x03, 0x03, 0xFF, 0x04, 0x03, 0x03, 0xFF, 0x04, 0x03, 0x03, 0xFF, 0x04, 0x03, 0x03, 0xFF, 0x04, 0x03, 0x03, 0xFF, 0x04, 0x03, 0x03, 0xFF,
  0x04, 0x03, 0x03, 0xFF, 0x04, 0x03, 0x03, 0xFF, 0x04, 0x03, 0x03, 0xFF, 0x04, 0x03, 0x03, 0xFF, 0x04, 0x03, 0x03, 0xFF, 0x04, 0x03, 0x03, 0xFF,
  0x04, 0x03, 0x03, 0xFF, 0x04, 0x03, 0x03, 0xFF, 0x04, 0x03, 0x03, 0xFF, 0x04, 0x03, 0x03, 0xFF, 0x04, 0x03, 0x03, 0xFF, 0x04, 0x03, 0x03, 0xFF,
  0x04, 0x03, 0x03, 0xFF, 0x04, 0x03, 0x03, 0xFF, 0x04, 0x03, 0x03, 0xFF, 0x04, 0x03, 0x03, 0xFF, 0x04, 0x03, 0x03, 0xFF, 0x04, 0x03, 0x03, 0xFF,
  0x04, 0x03, 0x03, 0xFF, 0x04, 0x03, 0x03, 0xFF, 0x04, 0x03, 0x03, 0xFF, 0x04, 0x03, 0x03, 0xFF, 0x04, 0x03, 0x03, 0xFF, 0x04, 0x03, 0x03, 0xFF,
  0x04, 0x03, 0x03, 0xFF, 0x04, 0x03, 0x03, 0xFF, 0x04, 0x03, 0x03, 0xFF, 0x04, 0x03, 0x04, 0xFF, 0x04, 0x03, 0x03, 0xFF, 0x04, 0x03, 0x03, 0xFF,
  0x04, 0x03, 0x03, 0xFF, 0x04, 0x03, 0x03, 0xFF, 0x04, 0x03, 0x03, 0xFF, 0x04, 0x03, 0x03, 0xFF, 0x04, 0x03, 0x03, 0xFF, 0x04, 0x03, 0x03, 0xFF,
  0x04, 0x03, 0x03, 0xFF, 0x04, 0x03, 0x03, 0xFF, 0x04, 0x03, 0x03, 0xFF, 0x04, 0x03, 0x03, 0xFF, 0x04, 0x03, 0x03, 0xFF, 0x04, 0x03, 0x03, 0xFF,
  0x04, 0x03, 0x04, 0xFF, 0x04, 0x03, 0x04, 0xFF, 0x04, 0x03, 0x03, 0xFF, 0x04, 0x03, 0x03, 0xFF, 0x04, 0x03, 0x03, 0xFF, 0x04, 0x03, 0x04, 0xFF,
  0x04, 0x03, 0x03, 0xFF, 0x04, 0x03, 0x03, 0xFF, 0x04, 0x03, 0x03, 0xFF, 0x04, 0x03, 0x04, 0xFF, 0x04, 0x03, 0x04, 0xFF, 0x04, 0x03, 0x03, 0xFF,
  0x04, 0x03, 0x03, 0xFF, 0x04, 0x03, 0x03, 0xFF, 0x04, 0x03, 0x03, 0xFF, 0x04, 0x03, 0x03, 0xFF, 0x04, 0x03, 0x04, 0xFF, 0x04, 0x03, 0x03, 0xFF,
  0x04, 0x03, 0x03, 0xFF, 0x04, 0x03, 0x03, 0xFF, 0x04, 0x03, 0x03, 0xFF, 0x04, 0x03, 0x03, 0xFF, 0x04, 0x03, 0x03, 0xFF, 0x04, 0x03, 0x03, 0xFF,
  0x04, 0x03, 0x03, 0xFF, 0x04, 0x03, 0x03, 0xFF, 0x04, 0x03, 0x03, 0xFF, 0x04, 0x03, 0x03, 0xFF, 0x04, 0x03, 0x03, 0xFF, 0x04, 0x03, 0x03, 0xFF,
  0x04, 0x03, 0x03, 0xFF, 0x04, 0x03, 0x04, 0xFF, 0x04, 0x03, 0x04, 0xFF, 0x04, 0x03, 0x04, 0xFF, 0x04, 0x03, 0x05, 0xFF, 0x04, 0x04, 0x08, 0xFF,
  0x04, 0x05, 0x11, 0xFF, 0x04, 0x08, 0x29, 0xFF, 0x03, 0x10, 0x68, 0xFF, 0x01, 0x1C, 0xC3, 0xFF, 0x02, 0x25, 0xF7, 0xFF, 0x01, 0x21, 0xF8, 0xFF,
  0x00, 0x10, 0xE0, 0xFF, 0x11, 0x73, 0xF2, 0xFF, 0x3E, 0xF8, 0xF9, 0xFF, 0x29, 0xE7, 0xF9, 0xFF, 0x01, 0x2F, 0xED, 0xFF, 0x03, 0x14, 0x97, 0xFF,
  0x05, 0x0F, 0x36, 0xFF, 0x04, 0x08, 0x16, 0xFF, 0x04, 0x04, 0x07, 0xFF, 0x04, 0x03, 0x04, 0xFF, 0x04, 0x03, 0x03, 0xFF, 0x04, 0x03, 0x03, 0xFF,
  0x04, 0x03, 0x03, 0xFF, 0x04, 0x03, 0x03, 0xFF, 0x04, 0x03, 0x03, 0xFF, 0x04, 0x03, 0x03, 0xFF, 0x04, 0x03, 0x03, 0xFF, 0x04, 0x03, 0x03, 0xFF,
  0x04, 0x03, 0x03, 0xFF, 0x04, 0x03, 0x03, 0xFF, 0x04, 0x03, 0x03, 0xFF, 0x04, 0x03, 0x03, 0xFF, 0x04, 0x03, 0x03, 0xFF, 0x04, 0x03, 0x03, 0xFF,
  0x04, 0x03, 0x03, 0xFF, 0x04, 0x03, 0x04, 0xFF, 0x04, 0x04, 0x06, 0xFF, 0x04, 0x08, 0x0B, 0xFF, 0x05, 0x10, 0x1A, 0xFF, 0x06, 0x23, 0x40, 0xFF,
  0x05, 0x4D, 0xA8, 0xFF, 0x24, 0xDE, 0xF3, 0xFF, 0x68, 0xF9, 0xFA, 0xFF, 0x4F, 0xF2, 0xF9, 0xFF, 0x02, 0x5E, 0xBD, 0xFF, 0x00, 0x56, 0xD0, 0xFF,
  0x01, 0x61, 0xE2, 0xFF, 0x01, 0x5F, 0xDD, 0xFF, 0x01, 0x55, 0xC2, 0xFF, 0x01, 0x3E, 0x8F, 0xFF, 0x03, 0x24, 0x54, 0xFF, 0x03, 0x14, 0x2B, 0xFF,
  0x04, 0x0D, 0x1B, 0xFF, 0x04, 0x09, 0x11, 0xFF, 0x04, 0x07, 0x0C, 0xFF, 0x04, 0x05, 0x08, 0xFF, 0x04, 0x04, 0x06, 0xFF, 0x04, 0x03, 0x04, 0xFF,
  0x04, 0x03, 0x04, 0xFF, 0x04, 0x03, 0x04, 0xFF, 0x04, 0x03, 0x04, 0xFF, 0x04, 0x03, 0x04, 0xFF, 0x04, 0x03, 0x03, 0xFF, 0x04, 0x03, 0x03, 0xFF,
  0x04, 0x03, 0x03, 0xFF, 0x04, 0x03, 0x03, 0xFF, 0x04, 0x03, 0x03, 0xFF, 0x04, 0x03, 0x03, 0xFF, 0x04, 0x03, 0x03, 0xFF, 0x04, 0x03, 0x03, 0xFF,
  0x04, 0x03, 0x03, 0xFF, 0x04, 0x03, 0x03, 0xFF, 0x04, 0x03, 0x03, 0xFF, 0x04, 0x03, 0x03, 0xFF, 0x04, 0x03, 0x03, 0xFF, 0x04, 0x03, 0x04, 0xFF,
  0x04, 0x03, 0x03, 0xFF, 0x04, 0x03, 0x04, 0xFF, 0x04, 0x03, 0x04, 0xFF, 0x04, 0x03, 0x04, 0xFF, 0x04, 0x03, 0x04, 0xFF, 0x04, 0x03, 0x04, 0xFF,
  0x04, 0x03, 0x04, 0xFF, 0x04, 0x03, 0x04, 0xFF, 0x04, 0x03, 0x04, 0xFF, 0x04, 0x03, 0x04, 0xFF, 0x04, 0x03, 0x03, 0xFF, 0x04, 0x03, 0x03, 0xFF,
  0x04, 0x03, 0x04, 0xFF, 0x04, 0x03, 0x04, 0xFF, 0x04, 0x03, 0x03, 0xFF, 0x04, 0x03, 0x03, 0xFF, 0x04, 0x03, 0x03, 0xFF, 0x04, 0x03, 0x03, 0xFF,
  0x04, 0x03, 0x04, 0xFF, 0x04, 0x03, 0x03, 0xFF, 0x04, 0x03, 0x03, 0xFF, 0x04, 0x03, 0x03, 0xFF, 0x04, 0x03, 0x03, 0xFF, 0x04, 0x03, 0x03, 0xFF,
  0x04, 0x03, 0x03, 0xFF, 0x04, 0x03, 0x03, 0xFF, 0x04, 0x03, 0x03, 0xFF, 0x04, 0x03, 0x04, 0xFF, 0x04, 0x03, 0x03, 0xFF, 0x04, 0x03, 0x03, 0xFF,
  0x04, 0x03, 0x03, 0xFF, 0x04, 0x03, 0x03, 0xFF, 0x04, 0x03, 0x03, 0xFF, 0x04, 0x03, 0x03, 0xFF, 0x04, 0x03, 0x04, 0xFF, 0x04, 0x03, 0x04, 0xFF,
  0x04, 0x03, 0x03, 0xFF, 0x04, 0x03, 0x03, 0xFF, 0x04, 0x03, 0x03, 0xFF, 0x04, 0x03, 0x03, 0xFF, 0x04, 0x03, 0x03, 0xFF, 0x04, 0x03, 0x03, 0xFF,
  0x04, 0x03, 0x03, 0xFF, 0x04, 0x03, 0x03, 0xFF, 0x04, 0x03, 0x03, 0xFF, 0x04, 0x03, 0x03, 0xFF, 0x04, 0x03, 0x03, 0xFF, 0x04, 0x03, 0x03, 0xFF,
  0x04, 0x03, 0x03, 0xFF, 0x04, 0x03, 0x03, 0xFF, 0x04, 0x03, 0x03, 0xFF, 0x04, 0x03, 0x03, 0xFF, 0x04, 0x03, 0x03, 0xFF, 0x04, 0x03, 0x03, 0xFF,
  0x04, 0x03, 0x03, 0xFF, 0x04, 0x03, 0x03, 0xFF, 0x04, 0x03, 0x03, 0xFF, 0x04, 0x03, 0x03, 0xFF, 0x04, 0x03, 0x03, 0xFF, 0x04, 0x03, 0x03, 0xFF,
  0x04, 0x03, 0x03, 0xFF, 0x04, 0x03, 0x03, 0xFF, 0x04, 0x03, 0x03, 0xFF, 0x04, 0x03, 0x03, 0xFF, 0x04, 0x03, 0x03, 0xFF, 0x04, 0x03, 0x03, 0xFF,
  0x04, 0x03, 0x04, 0xFF, 0x04, 0x03, 0x03, 0xFF, 0x04, 0x03, 0x03, 0xFF, 0x04, 0x03, 0x03, 0xFF, 0x04, 0x03, 0x03, 0xFF, 0x04, 0x03, 0x03, 0xFF,
  0x04, 0x03, 0x03, 0xFF, 0x04, 0x03, 0x03, 0xFF, 0x04, 0x03, 0x03, 0xFF, 0x04, 0x03, 0x03, 0xFF, 0x04, 0x03, 0x03, 0xFF, 0x04, 0x03, 0x03, 0xFF,
  0x04, 0x03, 0x03, 0xFF, 0x04, 0x03, 0x04, 0xFF, 0x04, 0x03, 0x04, 0xFF, 0x04, 0x03, 0x03, 0xFF, 0x04, 0x03, 0x04, 0xFF, 0x04, 0x03, 0x04, 0xFF,
  0x04, 0x03, 0x04, 0xFF, 0x04, 0x03, 0x04, 0xFF, 0x04, 0x03, 0x04, 0xFF, 0x04, 0x03, 0x04, 0xFF, 0x04, 0x03, 0x04, 0xFF, 0x04, 0x03, 0x03, 0xFF,
  0x04, 0x03, 0x03, 0xFF, 0x04, 0x03, 0x03, 0xFF, 0x04, 0x03, 0x03, 0xFF, 0x04, 0x03, 0x04, 0xFF, 0x04, 0x03, 0x04, 0xFF, 0x04, 0x03, 0x04, 0xFF,
  0x04, 0x03, 0x04, 0xFF, 0x04, 0x03, 0x03, 0xFF, 0x04, 0x03, 0x03, 0xFF, 0x04, 0x03, 0x03, 0xFF, 0x04, 0x03, 0x04, 0xFF, 0x04, 0x03, 0x04, 0xFF,
  0x04, 0x03, 0x03, 0xFF, 0x04, 0x03, 0x03, 0xFF, 0x04, 0x03, 0x03, 0xFF, 0x04, 0x03, 0x03, 0xFF, 0x04, 0x03, 0x03, 0xFF, 0x04, 0x03, 0x03, 0xFF,
  0x04, 0x03, 0x03, 0xFF, 0x04, 0x03, 0x03, 0xFF, 0x04, 0x03, 0x03, 0xFF, 0x04, 0x03, 0x03, 0xFF, 0x04, 0x03, 0x03, 0xFF, 0x04, 0x03, 0x03, 0xFF,
  0x04, 0x03, 0x03, 0xFF, 0x04, 0x03, 0x03, 0xFF, 0x04, 0x03, 0x03, 0xFF, 0x04, 0x03, 0x03, 0xFF, 0x04, 0x03, 0x04, 0xFF, 0x04, 0x03, 0x05, 0xFF,
  0x04, 0x04, 0x09, 0xFF, 0x04, 0x06, 0x13, 0xFF, 0x04, 0x0A, 0x32, 0xFF, 0x03, 0x12, 0x6E, 0xFF, 0x02, 0x22, 0xD8, 0xFF, 0x01, 0x24, 0xF8, 0xFF,
  0x01, 0x1E, 0xF3, 0xFF, 0x00, 0x0E, 0xDA, 0xFF, 0x23, 0xBF, 0xF8, 0xFF, 0x3B, 0xF7, 0xFA, 0xFF, 0x0A, 0x97, 0xF7, 0xFF, 0x02, 0x0F, 0xCC, 0xFF,
  0x05, 0x16, 0x63, 0xFF, 0x05, 0x0C, 0x27, 0xFF, 0x04, 0x05, 0x0B, 0xFF, 0x04, 0x03, 0x05, 0xFF, 0x04, 0x03, 0x04, 0xFF, 0x04, 0x03, 0x03, 0xFF,
  0x04, 0x03, 0x03, 0xFF, 0x04, 0x03, 0x03, 0xFF, 0x04, 0x03, 0x03, 0xFF, 0x04, 0x03, 0x03, 0xFF, 0x04, 0x03, 0x03, 0xFF, 0x04, 0x03, 0x03, 0xFF,
  0x04, 0x03, 0x03, 0xFF, 0x04, 0x03, 0x03, 0xFF, 0x04, 0x03, 0x03, 0xFF, 0x04, 0x03, 0x03, 0xFF, 0x04, 0x03, 0x03, 0xFF, 0x04, 0x03, 0x04, 0xFF,
  0x04, 0x03, 0x04, 0xFF, 0x04, 0x03, 0x04, 0xFF, 0x04, 0x05, 0x07, 0xFF, 0x05, 0x0A, 0x0F, 0xFF, 0x06, 0x17, 0x27, 0xFF, 0x06, 0x35, 0x6B, 0xFF,
  0x04, 0x86, 0xCF, 0xFF, 0x55, 0xF8, 0xF9, 0xFF, 0x68, 0xF9, 0xFA, 0xFF, 0x13, 0xA6, 0xDB, 0xFF, 0x01, 0x42, 0xB8, 0xFF, 0x01, 0x5C, 0xDA, 0xFF,
  0x01, 0x5E, 0xDC, 0xFF, 0x01, 0x59, 0xCD, 0xFF, 0x02, 0x3E, 0x8E, 0xFF, 0x02, 0x27, 0x59, 0xFF, 0x03, 0x17, 0x34, 0xFF, 0x04, 0x0E, 0x1C, 0xFF,
  0x04, 0x0A, 0x13, 0xFF, 0x04, 0x07, 0x0B, 0xFF, 0x04, 0x05, 0x08, 0xFF, 0x04, 0x04, 0x06, 0xFF, 0x04, 0x03, 0x04, 0xFF, 0x04, 0x03, 0x04, 0xFF,
  0x04, 0x03, 0x04, 0xFF, 0x04, 0x03, 0x04, 0xFF, 0x04, 0x03, 0x04, 0xFF, 0x04, 0x03, 0x04, 0xFF, 0x04, 0x03, 0x04, 0xFF, 0x04, 0x03, 0x03, 0xFF,
  0x04, 0x03, 0x03, 0xFF, 0x04, 0x03, 0x03, 0xFF, 0x04, 0x03, 0x03, 0xFF, 0x04, 0x03, 0x03, 0xFF, 0x04, 0x03, 0x03, 0xFF, 0x04, 0x03, 0x03, 0xFF,
  0x04, 0x03, 0x03, 0xFF, 0x04, 0x03, 0x04, 0xFF, 0x04, 0x03, 0x04, 0xFF, 0x04, 0x03, 0x04, 0xFF, 0x04, 0x03, 0x04, 0xFF, 0x04, 0x03, 0x04, 0xFF,
  0x04, 0x03, 0x04, 0xFF, 0x04, 0x03, 0x04, 0xFF, 0x04, 0x03, 0x04, 0xFF, 0x04, 0x03, 0x04, 0xFF, 0x04, 0x03, 0x04, 0xFF, 0x04, 0x03, 0x04, 0xFF,
  0x04, 0x03, 0x04, 0xFF, 0x04, 0x03, 0x04, 0xFF, 0x04, 0x03, 0x04, 0xFF, 0x04, 0x03, 0x04, 0xFF, 0x04, 0x03, 0x03, 0xFF, 0x04, 0x03, 0x04, 0xFF,
  0x04, 0x03, 0x04, 0xFF, 0x04, 0x03, 0x03, 0xFF, 0x04, 0x03, 0x03, 0xFF, 0x04, 0x03, 0x03, 0xFF, 0x04, 0x03, 0x03, 0xFF, 0x04, 0x03, 0x04, 0xFF,
  0x04, 0x03, 0x04, 0xFF, 0x04, 0x03, 0x03, 0xFF, 0x04, 0x03, 0x03, 0xFF, 0x04, 0x03, 0x03, 0xFF, 0x04, 0x03, 0x03, 0xFF, 0x04, 0x03, 0x03, 0xFF,
  0x04, 0x03, 0x03, 0xFF, 0x04, 0x03, 0x03, 0xFF, 0x04, 0x03, 0x03, 0xFF, 0x04, 0x03, 0x04, 0xFF, 0x04, 0x03, 0x03, 0xFF, 0x04, 0x03, 0x03, 0xFF,
  0x04, 0x03, 0x03, 0xFF, 0x04, 0x03, 0x03, 0xFF, 0x04, 0x03, 0x04, 0xFF, 0x04, 0x03, 0x04, 0xFF, 0x04, 0x03, 0x04, 0xFF, 0x04, 0x03, 0x04, 0xFF,
  0x04, 0x03, 0x03, 0xFF, 0x04, 0x03, 0x03, 0xFF, 0x04, 0x03, 0x03, 0xFF, 0x04, 0x03, 0x03, 0xFF, 0x04, 0x03, 0x03, 0xFF, 0x04, 0x03, 0x03, 0xFF,
  0x04, 0x03, 0x03, 0xFF, 0x04, 0x03, 0x03, 0xFF, 0x04, 0x03, 0x03, 0xFF, 0x04, 0x03, 0x03, 0xFF, 0x04, 0x03, 0x03, 0xFF, 0x04, 0x03, 0x03, 0xFF,
  0x04, 0x03, 0x04, 0xFF, 0x04, 0x03, 0x04, 0xFF, 0x04, 0x03, 0x03, 0xFF, 0x04, 0x03, 0x03, 0xFF, 0x04, 0x03, 0x03, 0xFF, 0x04, 0x03, 0x03, 0xFF,
  0x04, 0x03, 0x03, 0xFF, 0x04, 0x03, 0x03, 0xFF, 0x04, 0x03, 0x03, 0xFF, 0x04, 0x03, 0x03, 0xFF, 0x04, 0x03, 0x03, 0xFF, 0x04, 0x03, 0x03, 0xFF,
  0x04, 0x03, 0x03, 0xFF, 0x04, 0x03, 0x03, 0xFF, 0x04, 0x03, 0x03, 0xFF, 0x04, 0x03, 0x03, 0xFF, 0x04, 0x03, 0x03, 0xFF, 0x04, 0x03, 0x03, 0xFF,
  0x04, 0x03, 0x04, 0xFF, 0x04, 0x03, 0x04, 0xFF, 0x04, 0x03, 0x04, 0xFF, 0x04, 0x03, 0x03, 0xFF, 0x04, 0x03, 0x03, 0xFF, 0x04, 0x03, 0x03, 0xFF,
  0x04, 0x03, 0x03, 0xFF, 0x04, 0x03, 0x03, 0xFF, 0x04, 0x03, 0x03, 0xFF, 0x04, 0x03, 0x03, 0xFF, 0x04, 0x03, 0x03, 0xFF, 0x04, 0x03, 0x04, 0xFF,
  0x04, 0x03, 0x04, 0xFF, 0x04, 0x03, 0x04, 0xFF, 0x04, 0x03, 0x04, 0xFF, 0x04, 0x03, 0x04, 0xFF, 0x04, 0x03, 0x04, 0xFF, 0x04, 0x03, 0x04, 0xFF,
  0x04, 0x03, 0x04, 0xFF, 0x04, 0x03, 0x04, 0xFF, 0x04, 0x03, 0x04, 0xFF, 0x04, 0x03, 0x04, 0xFF, 0x04, 0x03, 0x04, 0xFF, 0x04, 0x03, 0x04, 0xFF,
  0x04, 0x03, 0x04, 0xFF, 0x04, 0x03, 0x04, 0xFF, 0x04, 0x03, 0x03, 0xFF, 0x04, 0x03, 0x04, 0xFF, 0x04, 0x03, 0x04, 0xFF, 0x04, 0x03, 0x03, 0xFF,
  0x04, 0x03, 0x03, 0xFF, 0x04, 0x03, 0x03, 0xFF, 0x04, 0x03, 0x03, 0xFF, 0x04, 0x03, 0x03, 0xFF, 0x04, 0x03, 0x04, 0xFF, 0x04, 0x03, 0x03, 0xFF,
  0x04, 0x03, 0x03, 0xFF, 0x04, 0x03, 0x03, 0xFF, 0x04, 0x03, 0x03, 0xFF, 0x04, 0x03, 0x03, 0xFF, 0x04, 0x03, 0x03, 0xFF, 0x04, 0x03, 0x03, 0xFF,
  0x04, 0x03, 0x03, 0xFF, 0x04, 0x03, 0x03, 0xFF, 0x04, 0x03, 0x03, 0xFF, 0x04, 0x03, 0x03, 0xFF, 0x04, 0x03, 0x03, 0xFF, 0x04, 0x03, 0x03, 0xFF,
  0x04, 0x03, 0x03, 0xFF, 0x04, 0x03, 0x03, 0xFF, 0x04, 0x03, 0x03, 0xFF, 0x04, 0x03, 0x03, 0xFF, 0x04, 0x03, 0x03, 0xFF, 0x04, 0x03, 0x04, 0xFF,
  0x04, 0x03, 0x05, 0xFF, 0x04, 0x04, 0x09, 0xFF, 0x04, 0x06, 0x18, 0xFF, 0x04, 0x0B, 0x39, 0xFF, 0x03, 0x18, 0x92, 0xFF, 0x02, 0x25, 0xEC, 0xFF,
  0x02, 0x24, 0xF8, 0xFF, 0x01, 0x15, 0xE3, 0xFF, 0x07, 0x3E, 0xE1, 0xFF, 0x36, 0xF3, 0xF9, 0xFF, 0x27, 0xE7, 0xFA, 0xFF, 0x01, 0x2E, 0xE8, 0xFF,
  0x04, 0x17, 0x97, 0xFF, 0x05, 0x12, 0x41, 0xFF, 0x04, 0x07, 0x12, 0xFF, 0x04, 0x04, 0x07, 0xFF, 0x04, 0x03, 0x04, 0xFF, 0x04, 0x03, 0x03, 0xFF,
  0x04, 0x03, 0x03, 0xFF, 0x04, 0x03, 0x03, 0xFF, 0x04, 0x03, 0x03, 0xFF, 0x04, 0x03, 0x03, 0xFF, 0x04, 0x03, 0x03, 0xFF, 0x04, 0x03, 0x03, 0xFF,
  0x04, 0x03, 0x03, 0xFF, 0x04, 0x03, 0x03, 0xFF, 0x04, 0x03, 0x03, 0xFF, 0x04, 0x03, 0x03, 0xFF, 0x04, 0x03, 0x03, 0xFF, 0x04, 0x03, 0x04, 0xFF,
  0x04, 0x03, 0x04, 0xFF, 0x04, 0x04, 0x05, 0xFF, 0x04, 0x06, 0x08, 0xFF, 0x05, 0x0E, 0x16, 0xFF, 0x06, 0x2A, 0x4E, 0xFF, 0x05, 0x49, 0xA8, 0xFF,
  0x1F, 0xCE, 0xEB, 0xFF, 0x63, 0xF9, 0xFA, 0xFF, 0x45, 0xED, 0xF7, 0xFF, 0x01, 0x4A, 0xAF, 0xFF, 0x01, 0x52, 0xCA, 0xFF, 0x01, 0x5B, 0xD8, 0xFF,
  0x01, 0x5B, 0xD1, 0xFF, 0x01, 0x47, 0xA2, 0xFF, 0x03, 0x26, 0x56, 0xFF, 0x03, 0x18, 0x36, 0xFF, 0x03, 0x0F, 0x20, 0xFF, 0x04, 0x0A, 0x12, 0xFF,
  0x04, 0x07, 0x0C, 0xFF, 0x04, 0x05, 0x07, 0xFF, 0x04, 0x04, 0x05, 0xFF, 0x04, 0x03, 0x04, 0xFF, 0x04, 0x03, 0x04, 0xFF, 0x04, 0x03, 0x04, 0xFF,
  0x04, 0x03, 0x04, 0xFF, 0x04, 0x03, 0x04, 0xFF, 0x04, 0x03, 0x04, 0xFF, 0x04, 0x03, 0x04, 0xFF, 0x04, 0x03, 0x04, 0xFF, 0x04, 0x03, 0x03, 0xFF,
  0x04, 0x03, 0x03, 0xFF, 0x04, 0x03, 0x03, 0xFF, 0x04, 0x03, 0x03, 0xFF, 0x04, 0x03, 0x04, 0xFF, 0x04, 0x03, 0x04, 0xFF, 0x04, 0x03, 0x04, 0xFF,
  0x04, 0x03, 0x04, 0xFF, 0x04, 0x03, 0x04, 0xFF, 0x04, 0x03, 0x04, 0xFF, 0x04, 0x03, 0x04, 0xFF, 0x04, 0x03, 0x04, 0xFF, 0x04, 0x03, 0x04, 0xFF,
  0x04, 0x04, 0x05, 0xFF, 0x04, 0x04, 0x05, 0xFF, 0x04, 0x04, 0x06, 0xFF, 0x04, 0x04, 0x06, 0xFF, 0x04, 0x04, 0x06, 0xFF, 0x04, 0x04, 0x05, 0xFF,
  0x04, 0x04, 0x05, 0xFF, 0x04, 0x04, 0x05, 0xFF, 0x04, 0x03, 0x04, 0xFF, 0x04, 0x03, 0x04, 0xFF, 0x04, 0x03, 0x04, 0xFF, 0x04, 0x03, 0x04, 0xFF,
  0x04, 0x03, 0x04, 0xFF, 0x04, 0x03, 0x03, 0xFF, 0x04, 0x03, 0x04, 0xFF, 0x04, 0x03, 0x03, 0xFF, 0x04, 0x03, 0x03, 0xFF, 0x04, 0x03, 0x03, 0xFF,
  0x04, 0x03, 0x03, 0xFF, 0x04, 0x03, 0x03, 0xFF, 0x04, 0x03, 0x03, 0xFF, 0x04, 0x03, 0x03, 0xFF, 0x04, 0x03, 0x03, 0xFF, 0x04, 0x03, 0x03, 0xFF,
  0x04, 0x03, 0x03, 0xFF, 0x04, 0x03, 0x03, 0xFF, 0x04, 0x03, 0x03, 0xFF, 0x04, 0x03, 0x04, 0xFF, 0x04, 0x03, 0x03, 0xFF, 0x04, 0x03, 0x03, 0xFF,
  0x04, 0x03, 0x04, 0xFF, 0x04, 0x03, 0x04, 0xFF, 0x04, 0x03, 0x04, 0xFF, 0x04, 0x03, 0x03, 0xFF, 0x04, 0x03, 0x03, 0xFF, 0x04, 0x03, 0x03, 0xFF,
  0x04, 0x03, 0x04, 0xFF, 0x04, 0x03, 0x04, 0xFF, 0x04, 0x03, 0x03, 0xFF, 0x04, 0x03, 0x03, 0xFF, 0x04, 0x03, 0x03, 0xFF, 0x04, 0x03, 0x03, 0xFF,
  0x04, 0x03, 0x03, 0xFF, 0x04, 0x03, 0x03, 0xFF, 0x04, 0x03, 0x03, 0xFF, 0x04, 0x03, 0x03, 0xFF, 0x04, 0x03, 0x03, 0xFF, 0x04, 0x03, 0x04, 0xFF,
  0x04, 0x03, 0x04, 0xFF, 0x04, 0x03, 0x04, 0xFF, 0x04, 0x03, 0x04, 0xFF, 0x04, 0x03, 0x03, 0xFF, 0x04, 0x03, 0x04, 0xFF, 0x04, 0x03, 0x03, 0xFF,
  0x04, 0x03, 0x03, 0xFF, 0x04, 0x03, 0x03, 0xFF, 0x04, 0x03, 0x03, 0xFF, 0x04, 0x03, 0x03, 0xFF, 0x04, 0x03, 0x03, 0xFF, 0x04, 0x03, 0x03, 0xFF,
  0x04, 0x03, 0x03, 0xFF, 0x04, 0x03, 0x03, 0xFF, 0x04, 0x03, 0x03, 0xFF, 0x04, 0x03, 0x03, 0xFF, 0x04, 0x03, 0x03, 0xFF, 0x04, 0x03, 0x03, 0xFF,
  0x04, 0x03, 0x03, 0xFF, 0x04, 0x03, 0x03, 0xFF, 0x04, 0x03, 0x04, 0xFF, 0x04, 0x03, 0x04, 0xFF, 0x04, 0x03, 0x03, 0xFF, 0x04, 0x03, 0x03, 0xFF,
  0x04, 0x03, 0x03, 0xFF, 0x04, 0x03, 0x03, 0xFF, 0x04, 0x03, 0x03, 0xFF, 0x04, 0x03, 0x03, 0xFF, 0x04, 0x03, 0x04, 0xFF, 0x04, 0x03, 0x04, 0xFF,
  0x04, 0x03, 0x04, 0xFF, 0x04, 0x03, 0x04, 0xFF, 0x04, 0x03, 0x04, 0xFF, 0x04, 0x03, 0x04, 0xFF, 0x04, 0x03, 0x04, 0xFF, 0x04, 0x03, 0x04, 0xFF,
  0x04, 0x03, 0x04, 0xFF, 0x04, 0x03, 0x04, 0xFF, 0x04, 0x03, 0x04, 0xFF, 0x04, 0x03, 0x04, 0xFF, 0x04, 0x03, 0x04, 0xFF, 0x04, 0x03, 0x04, 0xFF,
  0x04, 0x03, 0x04, 0xFF, 0x04, 0x03, 0x04, 0xFF, 0x04, 0x03, 0x04, 0xFF, 0x04, 0x03, 0x04, 0xFF, 0x04, 0x03, 0x04, 0xFF, 0x04, 0x03, 0x03, 0xFF,
  0x04, 0x03, 0x03, 0xFF, 0x04, 0x03, 0x03, 0xFF, 0x04, 0x03, 0x03, 0xFF, 0x04, 0x03, 0x03, 0xFF, 0x04, 0x03, 0x03, 0xFF, 0x04, 0x03, 0x03, 0xFF,
  0x04, 0x03, 0x03, 0xFF, 0x04, 0x03, 0x03, 0xFF, 0x04, 0x03, 0x03, 0xFF, 0x04, 0x03, 0x03, 0xFF, 0x04, 0x03, 0x03, 0xFF, 0x04, 0x03, 0x03, 0xFF,
  0x04, 0x03, 0x03, 0xFF, 0x04, 0x03, 0x03, 0xFF, 0x04, 0x03, 0x03, 0xFF, 0x04, 0x03, 0x03, 0xFF, 0x04, 0x03, 0x03, 0xFF, 0x04, 0x03, 0x03, 0xFF,
  0x04, 0x03, 0x03, 0xFF, 0x04, 0x03, 0x03, 0xFF, 0x04, 0x03, 0x03, 0xFF, 0x04, 0x03, 0x03, 0xFF, 0x04, 0x03, 0x03, 0xFF, 0x04, 0x03, 0x04, 0xFF,
  0x04, 0x03, 0x04, 0xFF, 0x04, 0x03, 0x05, 0xFF, 0x04, 0x05, 0x0C, 0xFF, 0x04, 0x07, 0x1E, 0xFF, 0x04, 0x0E, 0x4E, 0xFF, 0x03, 0x1E, 0xBA, 0xFF,
  0x01, 0x23, 0xF5, 0xFF, 0x01, 0x1F, 0xF4, 0xFF, 0x00, 0x0F, 0xD8, 0xFF, 0x1C, 0xA7, 0xF7, 0xFF, 0x31, 0xF4, 0xF9, 0xFF, 0x0E, 0x8F, 0xF4, 0xFF,
  0x03, 0x0E, 0xCB, 0xFF, 0x05, 0x17, 0x6A, 0xFF, 0x05, 0x09, 0x1D, 0xFF, 0x04, 0x05, 0x0B, 0xFF, 0x04, 0x03, 0x05, 0xFF, 0x04, 0x03, 0x03, 0xFF,
  0x04, 0x03, 0x03, 0xFF, 0x04, 0x03, 0x03, 0xFF, 0x04, 0x03, 0x03, 0xFF, 0x04, 0x03, 0x03, 0xFF, 0x04, 0x03, 0x03, 0xFF, 0x04, 0x03, 0x03, 0xFF,
  0x04, 0x03, 0x03, 0xFF, 0x04, 0x03, 0x03, 0xFF, 0x04, 0x03, 0x03, 0xFF, 0x04, 0x03, 0x03, 0xFF, 0x04, 0x03, 0x03, 0xFF, 0x04, 0x03, 0x04, 0xFF,
  0x04, 0x03, 0x04, 0xFF, 0x04, 0x04, 0x05, 0xFF, 0x04, 0x08, 0x0B, 0xFF, 0x05, 0x14, 0x21, 0xFF, 0x06, 0x46, 0x8C, 0xFF, 0x03, 0x6F, 0xD3, 0xFF,
  0x43, 0xF5, 0xF8, 0xFF, 0x62, 0xF8, 0xF9, 0xFF, 0x17, 0xA4, 0xDB, 0xFF, 0x00, 0x45, 0xBB, 0xFF, 0x01, 0x57, 0xD1, 0xFF, 0x01, 0x59, 0xD2, 0xFF,
  0x02, 0x4D, 0xB0, 0xFF, 0x02, 0x2C, 0x65, 0xFF, 0x03, 0x18, 0x35, 0xFF, 0x03, 0x0F, 0x20, 0xFF, 0x04, 0x0A, 0x12, 0xFF, 0x04, 0x06, 0x0A, 0xFF,
  0x04, 0x04, 0x06, 0xFF, 0x04, 0x04, 0x05, 0xFF, 0x04, 0x03, 0x04, 0xFF, 0x04, 0x03, 0x04, 0xFF, 0x04, 0x03, 0x04, 0xFF, 0x04, 0x03, 0x03, 0xFF,
  0x04, 0x03, 0x03, 0xFF, 0x04, 0x03, 0x04, 0xFF, 0x04, 0x03, 0x04, 0xFF, 0x04, 0x03, 0x04, 0xFF, 0x04, 0x03, 0x03, 0xFF, 0x04, 0x03, 0x03, 0xFF,
  0x04, 0x03, 0x03, 0xFF, 0x04, 0x03, 0x03, 0xFF, 0x04, 0x03, 0x04, 0xFF, 0x04, 0x03, 0x04, 0xFF, 0x04, 0x03, 0x04, 0xFF, 0x04, 0x03, 0x04, 0xFF,
  0x04, 0x03, 0x04, 0xFF, 0x04, 0x03, 0x04, 0xFF, 0x04, 0x03, 0x04, 0xFF, 0x04, 0x03, 0x04, 0xFF, 0x04, 0x04, 0x05, 0xFF, 0x04, 0x04, 0x06, 0xFF,
  0x04, 0x05, 0x06, 0xFF, 0x04, 0x05, 0x07, 0xFF, 0x04, 0x05, 0x08, 0xFF, 0x04, 0x05, 0x08, 0xFF, 0x04, 0x05, 0x07, 0xFF, 0x04, 0x05, 0x07, 0xFF,
  0x04, 0x04, 0x06, 0xFF, 0x04, 0x04, 0x06, 0xFF, 0x04, 0x04, 0x05, 0xFF, 0x04, 0x03, 0x04, 0xFF, 0x04, 0x03, 0x04, 0xFF, 0x04, 0x03, 0x04, 0xFF,
  0x04, 0x03, 0x04, 0xFF, 0x04, 0x03, 0x03, 0xFF, 0x04, 0x03, 0x03, 0xFF, 0x04, 0x03, 0x03, 0xFF, 0x04, 0x03, 0x03, 0xFF, 0x04, 0x03, 0x03, 0xFF,
  0x04, 0x03, 0x03, 0xFF, 0x04, 0x03, 0x03, 0xFF, 0x04, 0x03, 0x03, 0xFF, 0x04, 0x03, 0x03, 0xFF, 0x04, 0x03, 0x03, 0xFF, 0x04, 0x03, 0x03, 0xFF,
  0x04, 0x03, 0x03, 0xFF, 0x04, 0x03, 0x03, 0xFF, 0x04, 0x03, 0x03, 0xFF, 0x04, 0x03, 0x04, 0xFF, 0x04, 0x03, 0x04, 0xFF, 0x04, 0x03, 0x03, 0xFF,
  0x04, 0x03, 0x04, 0xFF, 0x04, 0x03, 0x04, 0xFF, 0x04, 0x03, 0x03, 0xFF, 0x04, 0x03, 0x03, 0xFF, 0x04, 0x03, 0x03, 0xFF, 0x04, 0x03, 0x03, 0xFF,
  0x04, 0x03, 0x03, 0xFF, 0x04, 0x03, 0x04, 0xFF, 0x04, 0x03, 0x03, 0xFF, 0x04, 0x03, 0x03, 0xFF, 0x04, 0x03, 0x04, 0xFF, 0x04, 0x03, 0x04, 0xFF,
  0x04, 0x03, 0x04, 0xFF, 0x04, 0x03, 0x04, 0xFF, 0x04, 0x03, 0x03, 0xFF, 0x04, 0x03, 0x03, 0xFF, 0x04, 0x03, 0x03, 0xFF, 0x04, 0x03, 0x03, 0xFF,
  0x04, 0x03, 0x03, 0xFF, 0x04, 0x03, 0x03, 0xFF, 0x04, 0x03, 0x03, 0xFF, 0x04, 0x03, 0x03, 0xFF, 0x04, 0x03, 0x04, 0xFF, 0x04, 0x03, 0x04, 0xFF,
  0x04, 0x03, 0x03, 0xFF, 0x04, 0x03, 0x03, 0xFF, 0x04, 0x03, 0x03, 0xFF, 0x04, 0x03, 0x03, 0xFF, 0x04, 0x03, 0x03, 0xFF, 0x04, 0x03, 0x03, 0xFF,
  0x04, 0x03, 0x03, 0xFF, 0x04, 0x03, 0x03, 0xFF, 0x04, 0x03, 0x03, 0xFF, 0x04, 0x03, 0x03, 0xFF, 0x04, 0x03, 0x03, 0xFF, 0x04, 0x03, 0x03, 0xFF,
  0x04, 0x03, 0x03, 0xFF, 0x04, 0x03, 0x03, 0xFF, 0x04, 0x03, 0x04, 0xFF, 0x04, 0x03, 0x04, 0xFF, 0x04, 0x03, 0x04, 0xFF, 0x04, 0x03, 0x03, 0xFF,
  0x04, 0x03, 0x03, 0xFF, 0x04, 0x03, 0x03, 0xFF, 0x04, 0x03, 0x04, 0xFF, 0x04, 0x03, 0x04, 0xFF, 0x04, 0x03, 0x04, 0xFF, 0x04, 0x03, 0x04, 0xFF,
  0x04, 0x03, 0x04, 0xFF, 0x04, 0x03, 0x04, 0xFF, 0x04, 0x03, 0x04, 0xFF, 0x04, 0x03, 0x04, 0xFF, 0x04, 0x03, 0x04, 0xFF, 0x04, 0x03, 0x04, 0xFF,
  0x04, 0x03, 0x04, 0xFF, 0x04, 0x03, 0x04, 0xFF, 0x04, 0x03, 0x04, 0xFF, 0x04, 0x03, 0x04, 0xFF, 0x04, 0x03, 0x04, 0xFF, 0x04, 0x03, 0x04, 0xFF,
  0x04, 0x03, 0x04, 0xFF, 0x04, 0x03, 0x04, 0xFF, 0x04, 0x03, 0x04, 0xFF, 0x04, 0x03, 0x04, 0xFF, 0x04, 0x03, 0x04, 0xFF, 0x04, 0x03, 0x03, 0xFF,
  0x04, 0x03, 0x03, 0xFF, 0x04, 0x03, 0x03, 0xFF, 0x04, 0x03, 0x03, 0xFF, 0x04, 0x03, 0x03, 0xFF, 0x04, 0x03, 0x03, 0xFF, 0x04, 0x03, 0x03, 0xFF,
  0x04, 0x03, 0x03, 0xFF, 0x04, 0x03, 0x03, 0xFF, 0x04, 0x03, 0x03, 0xFF, 0x04, 0x03, 0x03, 0xFF, 0x04, 0x03, 0x03, 0xFF, 0x04, 0x03, 0x03, 0xFF,
  0x04, 0x03, 0x03, 0xFF, 0x04, 0x03, 0x03, 0xFF, 0x04, 0x03, 0x03, 0xFF, 0x04, 0x03, 0x03, 0xFF, 0x04, 0x03, 0x03, 0xFF, 0x04, 0x03, 0x03, 0xFF,
  0x04, 0x03, 0x03, 0xFF, 0x04, 0x03, 0x03, 0xFF, 0x04, 0x03, 0x03, 0xFF, 0x04, 0x03, 0x03, 0xFF, 0x04, 0x03, 0x03, 0xFF, 0x04, 0x03, 0x03, 0xFF,
  0x04, 0x03, 0x03, 0xFF, 0x04, 0x03, 0x04, 0xFF, 0x04, 0x04, 0x07, 0xFF, 0x04, 0x05, 0x11, 0xFF, 0x04, 0x09, 0x2C, 0xFF, 0x03, 0x15, 0x80, 0xFF,
  0x01, 0x23, 0xE9, 0xFF, 0x01, 0x22, 0xF8, 0xFF, 0x00, 0x19, 0xEC, 0xFF, 0x08, 0x47, 0xE8, 0xFF, 0x30, 0xF4, 0xFA, 0xFF, 0x22, 0xD5, 0xF9, 0xFF,
  0x01, 0x1B, 0xED, 0xFF, 0x04, 0x18, 0x98, 0xFF, 0x04, 0x0C, 0x2B, 0xFF, 0x04, 0x06, 0x11, 0xFF, 0x04, 0x04, 0x06, 0xFF, 0x04, 0x03, 0x03, 0xFF,
  0x04, 0x03, 0x03, 0xFF, 0x04, 0x03, 0x03, 0xFF, 0x04, 0x03, 0x03, 0xFF, 0x04, 0x03, 0x03, 0xFF, 0x04, 0x03, 0x03, 0xFF, 0x04, 0x03, 0x03, 0xFF,
  0x04, 0x03, 0x03, 0xFF, 0x04, 0x03, 0x03, 0xFF, 0x04, 0x03, 0x03, 0xFF, 0x04, 0x03, 0x03, 0xFF, 0x04, 0x03, 0x03, 0xFF, 0x04, 0x03, 0x03, 0xFF,
  0x04, 0x03, 0x04, 0xFF, 0x04, 0x05, 0x07, 0xFF, 0x05, 0x0B, 0x11, 0xFF, 0x06, 0x1D, 0x33, 0xFF, 0x06, 0x50, 0xAF, 0xFF, 0x0B, 0xB3, 0xE8, 0xFF,
  0x61, 0xF8, 0xF8, 0xFF, 0x58, 0xF5, 0xF8, 0xFF, 0x01, 0x5F, 0xBA, 0xFF, 0x00, 0x4D, 0xC4, 0xFF, 0x01, 0x54, 0xCD, 0xFF, 0x01, 0x53, 0xC2, 0xFF,
  0x02, 0x33, 0x77, 0xFF, 0x03, 0x1E, 0x44, 0xFF, 0x03, 0x10, 0x22, 0xFF, 0x04, 0x0A, 0x13, 0xFF, 0x04, 0x06, 0x0B, 0xFF, 0x04, 0x04, 0x06, 0xFF,
  0x04, 0x04, 0x05, 0xFF, 0x04, 0x03, 0x04, 0xFF, 0x04, 0x03, 0x04, 0xFF, 0x04, 0x03, 0x03, 0xFF, 0x04, 0x03, 0x03, 0xFF, 0x04, 0x03, 0x03, 0xFF,
  0x04, 0x03, 0x03, 0xFF, 0x04, 0x03, 0x03, 0xFF, 0x04, 0x03, 0x04, 0xFF, 0x04, 0x03, 0x03, 0xFF, 0x04, 0x03, 0x03, 0xFF, 0x04, 0x03, 0x03, 0xFF,
  0x04, 0x03, 0x03, 0xFF, 0x04, 0x03, 0x03, 0xFF, 0x04, 0x03, 0x04, 0xFF, 0x04, 0x03, 0x04, 0xFF, 0x04, 0x03, 0x04, 0xFF, 0x04, 0x03, 0x04, 0xFF,
  0x04, 0x03, 0x04, 0xFF, 0x04, 0x03, 0x04, 0xFF, 0x04, 0x03, 0x04, 0xFF, 0x04, 0x04, 0x05, 0xFF, 0x04, 0x04, 0x05, 0xFF, 0x04, 0x05, 0x07, 0xFF,
  0x04, 0x06, 0x09, 0xFF, 0x04, 0x08, 0x0C, 0xFF, 0x04, 0x08, 0x0D, 0xFF, 0x04, 0x09, 0x0E, 0xFF, 0x04, 0x09, 0x0E, 0xFF, 0x04, 0x07, 0x0B, 0xFF,
  0x04, 0x06, 0x08, 0xFF, 0x04, 0x05, 0x07, 0xFF, 0x04, 0x04, 0x05, 0xFF, 0x04, 0x04, 0x05, 0xFF, 0x04, 0x04, 0x05, 0xFF, 0x04, 0x03, 0x04, 0xFF,
  0x04, 0x03, 0x04, 0xFF, 0x04, 0x03, 0x03, 0xFF, 0x04, 0x03, 0x03, 0xFF, 0x04, 0x03, 0x03, 0xFF, 0x04, 0x03, 0x03, 0xFF, 0x04, 0x03, 0x04, 0xFF,
  0x04, 0x03, 0x03, 0xFF, 0x04, 0x03, 0x03, 0xFF, 0x04, 0x03, 0x03, 0xFF, 0x04, 0x03, 0x03, 0xFF, 0x04, 0x03, 0x03, 0xFF, 0x04, 0x03, 0x04, 0xFF,
  0x04, 0x03, 0x04, 0xFF, 0x04, 0x03, 0x03, 0xFF, 0x04, 0x03, 0x03, 0xFF, 0x04, 0x03, 0x04, 0xFF, 0x04, 0x03, 0x04, 0xFF, 0x04, 0x03, 0x03, 0xFF,
  0x04, 0x03, 0x04, 0xFF, 0x04, 0x03, 0x04, 0xFF, 0x04, 0x03, 0x04, 0xFF, 0x04, 0x03, 0x03, 0xFF, 0x04, 0x03, 0x04, 0xFF, 0x04, 0x03, 0x04, 0xFF,
  0x04, 0x03, 0x04, 0xFF, 0x04, 0x03, 0x03, 0xFF, 0x04, 0x03, 0x03, 0xFF, 0x04, 0x03, 0x03, 0xFF, 0x04, 0x03, 0x04, 0xFF, 0x04, 0x03, 0x04, 0xFF,
  0x04, 0x03, 0x04, 0xFF, 0x04, 0x03, 0x04, 0xFF, 0x04, 0x03, 0x04, 0xFF, 0x04, 0x03, 0x03, 0xFF, 0x04, 0x03, 0x04, 0xFF, 0x04, 0x03, 0x04, 0xFF,
  0x04, 0x03, 0x04, 0xFF, 0x04, 0x03, 0x03, 0xFF, 0x04, 0x03, 0x03, 0xFF, 0x04, 0x03, 0x03, 0xFF, 0x04, 0x03, 0x04, 0xFF, 0x04, 0x03, 0x04, 0xFF,
  0x04, 0x03, 0x04, 0xFF, 0x04, 0x03, 0x04, 0xFF, 0x04, 0x03, 0x03, 0xFF, 0x04, 0x03, 0x03, 0xFF, 0x04, 0x03, 0x03, 0xFF, 0x04, 0x03, 0x04, 0xFF,
  0x04, 0x03, 0x04, 0xFF, 0x04, 0x03, 0x04, 0xFF, 0x04, 0x03, 0x03, 0xFF, 0x04, 0x03, 0x03, 0xFF, 0x04, 0x03, 0x04, 0xFF, 0x04, 0x03, 0x04, 0xFF,
  0x04, 0x03, 0x03, 0xFF, 0x04, 0x03, 0x03, 0xFF, 0x04, 0x03, 0x03, 0xFF, 0x04, 0x03, 0x04, 0xFF, 0x04, 0x03, 0x04, 0xFF, 0x04, 0x03, 0x03, 0xFF,
  0x04, 0x03, 0x03, 0xFF, 0x04, 0x03, 0x04, 0xFF, 0x04, 0x03, 0x04, 0xFF, 0x04, 0x03, 0x04, 0xFF, 0x04, 0x03, 0x04, 0xFF, 0x04, 0x03, 0x04, 0xFF,
  0x04, 0x03, 0x04, 0xFF, 0x04, 0x03, 0x04, 0xFF, 0x04, 0x03, 0x04, 0xFF, 0x04, 0x03, 0x04, 0xFF, 0x04, 0x03, 0x04, 0xFF, 0x04, 0x03, 0x04, 0xFF,
  0x04, 0x03, 0x04, 0xFF, 0x04, 0x03, 0x04, 0xFF, 0x04, 0x03, 0x04, 0xFF, 0x04, 0x03, 0x04, 0xFF, 0x04, 0x03, 0x04, 0xFF, 0x04, 0x03, 0x04, 0xFF,
  0x04, 0x03, 0x04, 0xFF, 0x04, 0x03, 0x04, 0xFF, 0x04, 0x03, 0x04, 0xFF, 0x04, 0x03, 0x04, 0xFF, 0x04, 0x03, 0x04, 0xFF, 0x04, 0x03, 0x03, 0xFF,
  0x04, 0x03, 0x04, 0xFF, 0x04, 0x03, 0x03, 0xFF, 0x04, 0x03, 0x03, 0xFF, 0x04, 0x03, 0x03, 0xFF, 0x04, 0x03, 0x03, 0xFF, 0x04, 0x03, 0x03, 0xFF,
  0x04, 0x03, 0x03, 0xFF, 0x04, 0x03, 0x03, 0xFF, 0x04, 0x03, 0x03, 0xFF, 0x04, 0x03, 0x03, 0xFF, 0x04, 0x03, 0x03, 0xFF, 0x04, 0x03, 0x03, 0xFF,
  0x04, 0x03, 0x03, 0xFF, 0x04, 0x03, 0x03, 0xFF, 0x04, 0x03, 0x03, 0xFF, 0x04, 0x03, 0x03, 0xFF, 0x04, 0x03, 0x03, 0xFF, 0x04, 0x03, 0x03, 0xFF,
  0x04, 0x03, 0x03, 0xFF, 0x04, 0x03, 0x03, 0xFF, 0x04, 0x03, 0x03, 0xFF, 0x04, 0x03, 0x03, 0xFF, 0x04, 0x03, 0x03, 0xFF, 0x04, 0x03, 0x03, 0xFF,
  0x04, 0x03, 0x03, 0xFF, 0x04, 0x03, 0x04, 0xFF, 0x04, 0x03, 0x05, 0xFF, 0x04, 0x04, 0x0A, 0xFF, 0x04, 0x06, 0x1A, 0xFF, 0x03, 0x0F, 0x55, 0xFF,
  0x02, 0x1F, 0xC9, 0xFF, 0x01, 0x23, 0xF5, 0xFF, 0x01, 0x20, 0xF4, 0xFF, 0x01, 0x0F, 0xDE, 0xFF, 0x27, 0xD5, 0xF9, 0xFF, 0x33, 0xF2, 0xFA, 0xFF,
  0x02, 0x53, 0xF6, 0xFF, 0x03, 0x11, 0xC4, 0xFF, 0x04, 0x10, 0x40, 0xFF, 0x05, 0x08, 0x18, 0xFF, 0x04, 0x04, 0x08, 0xFF, 0x04, 0x03, 0x03, 0xFF,
  0x04, 0x03, 0x03, 0xFF, 0x04, 0x03, 0x03, 0xFF, 0x04, 0x03, 0x03, 0xFF, 0x04, 0x03, 0x03, 0xFF, 0x04, 0x03, 0x03, 0xFF, 0x04, 0x03, 0x03, 0xFF,
  0x04, 0x03, 0x03, 0xFF, 0x04, 0x03, 0x03, 0xFF, 0x04, 0x03, 0x03, 0xFF, 0x04, 0x03, 0x03, 0xFF, 0x04, 0x03, 0x03, 0xFF, 0x04, 0x03, 0x03, 0xFF,
  0x04, 0x03, 0x04, 0xFF, 0x04, 0x06, 0x09, 0xFF, 0x05, 0x0E, 0x17, 0xFF, 0x06, 0x27, 0x49, 0xFF, 0x04, 0x54, 0xC4, 0xFF, 0x2B, 0xEA, 0xF6, 0xFF,
  0x67, 0xF9, 0xFA, 0xFF, 0x34, 0xD5, 0xED, 0xFF, 0x00, 0x39, 0xA4, 0xFF, 0x00, 0x4D, 0xC4, 0xFF, 0x01, 0x50, 0xC4, 0xFF, 0x01, 0x45, 0xA1, 0xFF,
  0x03, 0x21, 0x4B, 0xFF, 0x03, 0x12, 0x28, 0xFF, 0x04, 0x0A, 0x15, 0xFF, 0x04, 0x06, 0x0B, 0xFF, 0x04, 0x04, 0x06, 0xFF, 0x04, 0x04, 0x05, 0xFF,
  0x04, 0x03, 0x04, 0xFF, 0x04, 0x03, 0x04, 0xFF, 0x04, 0x03, 0x03, 0xFF, 0x04, 0x03, 0x03, 0xFF, 0x04, 0x03, 0x03, 0xFF, 0x04, 0x03, 0x03, 0xFF,
  0x04, 0x03, 0x03, 0xFF, 0x04, 0x03, 0x03, 0xFF, 0x04, 0x03, 0x03, 0xFF, 0x04, 0x03, 0x03, 0xFF, 0x04, 0x03, 0x03, 0xFF, 0x04, 0x03, 0x03, 0xFF,
  0x04, 0x03, 0x03, 0xFF, 0x04, 0x03, 0x04, 0xFF, 0x04, 0x03, 0x04, 0xFF, 0x04, 0x03, 0x04, 0xFF, 0x04, 0x03, 0x04, 0xFF, 0x04, 0x03, 0x04, 0xFF,
  0x04, 0x03, 0x04, 0xFF, 0x04, 0x03, 0x04, 0xFF, 0x04, 0x04, 0x05, 0xFF, 0x04, 0x04, 0x06, 0xFF, 0x04, 0x05, 0x07, 0xFF, 0x04, 0x06, 0x08, 0xFF,
  0x04, 0x08, 0x0D, 0xFF, 0x05, 0x0B, 0x13, 0xFF, 0x05, 0x11, 0x1E, 0xFF, 0x05, 0x18, 0x2B, 0xFF, 0x05, 0x15, 0x26, 0xFF, 0x05, 0x0D, 0x16, 0xFF,
  0x04, 0x08, 0x0C, 0xFF, 0x04, 0x06, 0x08, 0xFF, 0x04, 0x05, 0x07, 0xFF, 0x04, 0x04, 0x06, 0xFF, 0x04, 0x04, 0x05, 0xFF, 0x04, 0x04, 0x05, 0xFF,
  0x04, 0x04, 0x05, 0xFF, 0x04, 0x03, 0x04, 0xFF, 0x04, 0x03, 0x04, 0xFF, 0x04, 0x03, 0x04, 0xFF, 0x04, 0x03, 0x04, 0xFF, 0x04, 0x03, 0x04, 0xFF,
  0x04, 0x03, 0x04, 0xFF, 0x04, 0x03, 0x04, 0xFF, 0x04, 0x03, 0x04, 0xFF, 0x04, 0x03, 0x04, 0xFF, 0x04, 0x03, 0x04, 0xFF, 0x04, 0x03, 0x04, 0xFF,
  0x04, 0x03, 0x04, 0xFF, 0x04, 0x03, 0x04, 0xFF, 0x04, 0x03, 0x04, 0xFF, 0x04, 0x03, 0x04, 0xFF, 0x04, 0x03, 0x04, 0xFF, 0x04, 0x03, 0x04, 0xFF,
  0x04, 0x03, 0x04, 0xFF, 0x04, 0x03, 0x04, 0xFF, 0x04, 0x03, 0x04, 0xFF, 0x04, 0x03, 0x04, 0xFF, 0x04, 0x03, 0x04, 0xFF, 0x04, 0x03, 0x04, 0xFF,
  0x04, 0x03, 0x04, 0xFF, 0x04, 0x03, 0x03, 0xFF, 0x04, 0x03, 0x03, 0xFF, 0x04, 0x03, 0x03, 0xFF, 0x04, 0x03, 0x04, 0xFF, 0x04, 0x03, 0x04, 0xFF,
  0x04, 0x03, 0x04, 0xFF, 0x04, 0x03, 0x04, 0xFF, 0x04, 0x03, 0x04, 0xFF, 0x04, 0x03, 0x04, 0xFF, 0x04, 0x03, 0x04, 0xFF, 0x04, 0x03, 0x03, 0xFF,
  0x04, 0x03, 0x04, 0xFF, 0x04, 0x03, 0x04, 0xFF, 0x04, 0x03, 0x04, 0xFF, 0x04, 0x03, 0x04, 0xFF, 0x04, 0x03, 0x04, 0xFF, 0x04, 0x03, 0x04, 0xFF,
  0x04, 0x03, 0x04, 0xFF, 0x04, 0x03, 0x04, 0xFF, 0x04, 0x03, 0x03, 0xFF, 0x04, 0x03, 0x03, 0xFF, 0x04, 0x03, 0x03, 0xFF, 0x04, 0x03, 0x03, 0xFF,
  0x04, 0x03, 0x04, 0xFF, 0x04, 0x03, 0x04, 0xFF, 0x04, 0x03, 0x04, 0xFF, 0x04, 0x03, 0x04, 0xFF, 0x04, 0x03, 0x04, 0xFF, 0x04, 0x03, 0x04, 0xFF,
  0x04, 0x03, 0x04, 0xFF, 0x04, 0x03, 0x04, 0xFF, 0x04, 0x03, 0x04, 0xFF, 0x04, 0x03, 0x04, 0xFF, 0x04, 0x03, 0x04, 0xFF, 0x04, 0x03, 0x04, 0xFF,
  0x04, 0x03, 0x04, 0xFF, 0x04, 0x03, 0x04, 0xFF, 0x04, 0x03, 0x04, 0xFF, 0x04, 0x03, 0x04, 0xFF, 0x04, 0x03, 0x04, 0xFF, 0x04, 0x03, 0x04, 0xFF,
  0x04, 0x03, 0x04, 0xFF, 0x04, 0x03, 0x04, 0xFF, 0x04, 0x03, 0x04, 0xFF, 0x04, 0x03, 0x04, 0xFF, 0x04, 0x04, 0x05, 0xFF, 0x04, 0x04, 0x05, 0xFF,
  0x04, 0x04, 0x05, 0xFF, 0x04, 0x04, 0x05, 0xFF, 0x04, 0x04, 0x05, 0xFF, 0x04, 0x04, 0x05, 0xFF, 0x04, 0x03, 0x04, 0xFF, 0x04, 0x03, 0x04, 0xFF,
  0x04, 0x03, 0x04, 0xFF, 0x04, 0x03, 0x04, 0xFF, 0x04, 0x03, 0x04, 0xFF, 0x04, 0x03, 0x04, 0xFF, 0x04, 0x03, 0x04, 0xFF, 0x04, 0x03, 0x04, 0xFF,
  0x04, 0x03, 0x03, 0xFF, 0x04, 0x03, 0x03, 0xFF, 0x04, 0x03, 0x03, 0xFF, 0x04, 0x03, 0x03, 0xFF, 0x04, 0x03, 0x03, 0xFF, 0x04, 0x03, 0x03, 0xFF,
  0x04, 0x03, 0x03, 0xFF, 0x04, 0x03, 0x04, 0xFF, 0x04, 0x03, 0x04, 0xFF, 0x04, 0x03, 0x04, 0xFF, 0x04, 0x03, 0x03, 0xFF, 0x04, 0x03, 0x03, 0xFF,
  0x04, 0x03, 0x03, 0xFF, 0x04, 0x03, 0x03, 0xFF, 0x04, 0x03, 0x03, 0xFF, 0x04, 0x03, 0x03, 0xFF, 0x04, 0x03, 0x03, 0xFF, 0x04, 0x03, 0x03, 0xFF,
  0x04, 0x03, 0x03, 0xFF, 0x04, 0x03, 0x03, 0xFF, 0x04, 0x03, 0x03, 0xFF, 0x04, 0x03, 0x03, 0xFF, 0x04, 0x03, 0x03, 0xFF, 0x04, 0x03, 0x03, 0xFF,
  0x04, 0x03, 0x03, 0xFF, 0x04, 0x03, 0x03, 0xFF, 0x04, 0x03, 0x04, 0xFF, 0x04, 0x04, 0x06, 0xFF, 0x04, 0x05, 0x10, 0xFF, 0x04, 0x0B, 0x3A, 0xFF,
  0x02, 0x17, 0x92, 0xFF, 0x01, 0x20, 0xE9, 0xFF, 0x01, 0x1F, 0xF4, 0xFF, 0x00, 0x11, 0xDB, 0xFF, 0x12, 0x7E, 0xF1, 0xFF, 0x32, 0xF1, 0xFA, 0xFF,
  0x11, 0xA1, 0xF9, 0xFF, 0x02, 0x0D, 0xE6, 0xFF, 0x04, 0x15, 0x65, 0xFF, 0x05, 0x0C, 0x26, 0xFF, 0x04, 0x05, 0x0B, 0xFF, 0x04, 0x03, 0x04, 0xFF,
  0x04, 0x03, 0x03, 0xFF, 0x04, 0x03, 0x03, 0xFF, 0x04, 0x03, 0x03, 0xFF, 0x04, 0x03, 0x03, 0xFF, 0x04, 0x03, 0x03, 0xFF, 0x04, 0x03, 0x03, 0xFF,
  0x04, 0x03, 0x03, 0xFF, 0x04, 0x03, 0x03, 0xFF, 0x04, 0x03, 0x03, 0xFF, 0x04, 0x03, 0x03, 0xFF, 0x04, 0x03, 0x03, 0xFF, 0x04, 0x03, 0x03, 0xFF,
  0x04, 0x04, 0x05, 0xFF, 0x04, 0x07, 0x0B, 0xFF, 0x05, 0x11, 0x1C, 0xFF, 0x05, 0x31, 0x60, 0xFF, 0x02, 0x78, 0xD3, 0xFF, 0x48, 0xF7, 0xF9, 0xFF,
  0x68, 0xF8, 0xF9, 0xFF, 0x0F, 0x8D, 0xCB, 0xFF, 0x00, 0x42, 0xB0, 0xFF, 0x00, 0x4D, 0xC0, 0xFF, 0x01, 0x4C, 0xBA, 0xFF, 0x02, 0x36, 0x7F, 0xFF,
  0x03, 0x15, 0x2E, 0xFF, 0x04, 0x0C, 0x19, 0xFF, 0x04, 0x07, 0x0D, 0xFF, 0x04, 0x05, 0x07, 0xFF, 0x04, 0x04, 0x05, 0xFF, 0x04, 0x03, 0x04, 0xFF,
  0x04, 0x03, 0x04, 0xFF, 0x04, 0x03, 0x04, 0xFF, 0x04, 0x03, 0x03, 0xFF, 0x04, 0x03, 0x03, 0xFF, 0x04, 0x03, 0x03, 0xFF, 0x04, 0x03, 0x03, 0xFF,
  0x04, 0x03, 0x03, 0xFF, 0x04, 0x03, 0x03, 0xFF, 0x04, 0x03, 0x03, 0xFF, 0x04, 0x03, 0x03, 0xFF, 0x04, 0x03, 0x03, 0xFF, 0x04, 0x03, 0x03, 0xFF,
  0x04, 0x03, 0x03, 0xFF, 0x04, 0x03, 0x04, 0xFF, 0x04, 0x03, 0x04, 0xFF, 0x04, 0x03, 0x04, 0xFF, 0x04, 0x03, 0x04, 0xFF, 0x04, 0x03, 0x04, 0xFF,
  0x04, 0x03, 0x04, 0xFF, 0x04, 0x04, 0x05, 0xFF, 0x04, 0x04, 0x06, 0xFF, 0x04, 0x05, 0x07, 0xFF, 0x04, 0x06, 0x08, 0xFF, 0x04, 0x08, 0x0C, 0xFF,
  0x05, 0x0B, 0x12, 0xFF, 0x05, 0x17, 0x28, 0xFF, 0x06, 0x34, 0x5F, 0xFF, 0x06, 0x52, 0x90, 0xFF, 0x07, 0x3C, 0x70, 0xFF, 0x05, 0x18, 0x2A, 0xFF,
  0x05, 0x0B, 0x13, 0xFF, 0x04, 0x07, 0x0A, 0xFF, 0x04, 0x05, 0x07, 0xFF, 0x04, 0x05, 0x07, 0xFF, 0x04, 0x04, 0x06, 0xFF, 0x04, 0x04, 0x06, 0xFF,
  0x04, 0x04, 0x06, 0xFF, 0x04, 0x04, 0x05, 0xFF, 0x04, 0x04, 0x05, 0xFF, 0x04, 0x04, 0x05, 0xFF, 0x04, 0x03, 0x04, 0xFF, 0x04, 0x03, 0x04, 0xFF,
  0x04, 0x03, 0x04, 0xFF, 0x04, 0x03, 0x04, 0xFF, 0x04, 0x03, 0x04, 0xFF, 0x04, 0x03, 0x04, 0xFF, 0x04, 0x03, 0x04, 0xFF, 0x04, 0x03, 0x04, 0xFF,
  0x04, 0x03, 0x04, 0xFF, 0x04, 0x03, 0x04, 0xFF, 0x04, 0x03, 0x04, 0xFF, 0x04, 0x03, 0x04, 0xFF, 0x04, 0x03, 0x04, 0xFF, 0x04, 0x03, 0x04, 0xFF,
  0x04, 0x03, 0x04, 0xFF, 0x04, 0x03, 0x04, 0xFF, 0x04, 0x03, 0x04, 0xFF, 0x04, 0x03, 0x04, 0xFF, 0x04, 0x03, 0x04, 0xFF, 0x04, 0x03, 0x04, 0xFF,
  0x04, 0x03, 0x04, 0xFF, 0x04, 0x03, 0x03, 0xFF, 0x04, 0x03, 0x03, 0xFF, 0x04, 0x03, 0x04, 0xFF, 0x04, 0x03, 0x04, 0xFF, 0x04, 0x03, 0x04, 0xFF,
  0x04, 0x03, 0x04, 0xFF, 0x04, 0x03, 0x04, 0xFF, 0x04, 0x03, 0x04, 0xFF, 0x04, 0x03, 0x04, 0xFF, 0x04, 0x03, 0x04, 0xFF, 0x04, 0x03, 0x04, 0xFF,
  0x04, 0x03, 0x04, 0xFF, 0x04, 0x03, 0x04, 0xFF, 0x04, 0x03, 0x04, 0xFF, 0x04, 0x03, 0x04, 0xFF, 0x04, 0x03, 0x04, 0xFF, 0x04, 0x03, 0x04, 0xFF,
  0x04, 0x03, 0x03, 0xFF, 0x04, 0x03, 0x03, 0xFF, 0x04, 0x03, 0x03, 0xFF, 0x04, 0x03, 0x03, 0xFF, 0x04, 0x03, 0x03, 0xFF, 0x04, 0x03, 0x03, 0xFF,
  0x04, 0x03, 0x04, 0xFF, 0x04, 0x03, 0x04, 0xFF, 0x04, 0x03, 0x04, 0xFF, 0x04, 0x03, 0x04, 0xFF, 0x04, 0x03, 0x04, 0xFF, 0x04, 0x03, 0x04, 0xFF,
  0x04, 0x03, 0x04, 0xFF, 0x04, 0x03, 0x04, 0xFF, 0x04, 0x03, 0x04, 0xFF, 0x04, 0x03, 0x04, 0xFF, 0x04, 0x03, 0x04, 0xFF, 0x04, 0x03, 0x04, 0xFF,
  0x04, 0x03, 0x04, 0xFF, 0x04, 0x03, 0x04, 0xFF, 0x04, 0x03, 0x04, 0xFF, 0x04, 0x03, 0x04, 0xFF, 0x04, 0x03, 0x04, 0xFF, 0x04, 0x04, 0x05, 0xFF,
  0x04, 0x03, 0x04, 0xFF, 0x04, 0x03, 0x04, 0xFF, 0x04, 0x04, 0x05, 0xFF, 0x04, 0x04, 0x05, 0xFF, 0x04, 0x04, 0x05, 0xFF, 0x04, 0x04, 0x05, 0xFF,
  0x04, 0x04, 0x05, 0xFF, 0x04, 0x04, 0x05, 0xFF, 0x04, 0x04, 0x05, 0xFF, 0x04, 0x04, 0x05, 0xFF, 0x04, 0x04, 0x05, 0xFF, 0x04, 0x04, 0x05, 0xFF,
  0x04, 0x03, 0x04, 0xFF, 0x04, 0x03, 0x04, 0xFF, 0x04, 0x03, 0x04, 0xFF, 0x04, 0x03, 0x04, 0xFF, 0x04, 0x03, 0x04, 0xFF, 0x04, 0x03, 0x04, 0xFF,
  0x04, 0x03, 0x04, 0xFF, 0x04, 0x03, 0x04, 0xFF, 0x04, 0x03, 0x04, 0xFF, 0x04, 0x03, 0x04, 0xFF, 0x04, 0x03, 0x04, 0xFF, 0x04, 0x03, 0x03, 0xFF,
  0x04, 0x03, 0x04, 0xFF, 0x04, 0x03, 0x04, 0xFF, 0x04, 0x03, 0x04, 0xFF, 0x04, 0x03, 0x04, 0xFF, 0x04, 0x03, 0x03, 0xFF, 0x04, 0x03, 0x03, 0xFF,
  0x04, 0x03, 0x03, 0xFF, 0x04, 0x03, 0x03, 0xFF, 0x04, 0x03, 0x03, 0xFF, 0x04, 0x03, 0x03, 0xFF, 0x04, 0x03, 0x03, 0xFF, 0x04, 0x03, 0x03, 0xFF,
  0x04, 0x03, 0x03, 0xFF, 0x04, 0x03, 0x03, 0xFF, 0x04, 0x03, 0x03, 0xFF, 0x04, 0x03, 0x03, 0xFF, 0x04, 0x03, 0x03, 0xFF, 0x04, 0x03, 0x03, 0xFF,
  0x04, 0x03, 0x03, 0xFF, 0x04, 0x03, 0x03, 0xFF, 0x04, 0x03, 0x04, 0xFF, 0x04, 0x03, 0x05, 0xFF, 0x04, 0x04, 0x0B, 0xFF, 0x04, 0x08, 0x25, 0xFF,
  0x03, 0x11, 0x6B, 0xFF, 0x02, 0x1E, 0xD5, 0xFF, 0x01, 0x1F, 0xEF, 0xFF, 0x00, 0x17, 0xE6, 0xFF, 0x04, 0x2F, 0xDA, 0xFF, 0x2F, 0xEE, 0xFA, 0xFF,
  0x21, 0xD1, 0xFA, 0xFF, 0x02, 0x22, 0xF2, 0xFF, 0x04, 0x16, 0x85, 0xFF, 0x05, 0x0F, 0x34, 0xFF, 0x04, 0x06, 0x0F, 0xFF, 0x04, 0x03, 0x04, 0xFF,
  0x04, 0x03, 0x03, 0xFF, 0x04, 0x03, 0x03, 0xFF, 0x04, 0x03, 0x03, 0xFF, 0x04, 0x03, 0x03, 0xFF, 0x04, 0x03, 0x03, 0xFF, 0x04, 0x03, 0x03, 0xFF,
  0x04, 0x03, 0x03, 0xFF, 0x04, 0x03, 0x03, 0xFF, 0x04, 0x03, 0x03, 0xFF, 0x04, 0x03, 0x03, 0xFF, 0x04, 0x03, 0x03, 0xFF, 0x04, 0x03, 0x04, 0xFF,
  0x04, 0x04, 0x06, 0xFF, 0x04, 0x0A, 0x0F, 0xFF, 0x05, 0x17, 0x27, 0xFF, 0x04, 0x3E, 0x80, 0xFF, 0x05, 0xA7, 0xE4, 0xFF, 0x5C, 0xF8, 0xF9, 0xFF,
  0x54, 0xF6, 0xF9, 0xFF, 0x01, 0x4D, 0xA9, 0xFF, 0x00, 0x48, 0xB6, 0xFF, 0x00, 0x4B, 0xB9, 0xFF, 0x01, 0x45, 0xA8, 0xFF, 0x02, 0x27, 0x5C, 0xFF,
  0x03, 0x0E, 0x1D, 0xFF, 0x04, 0x08, 0x0F, 0xFF, 0x04, 0x05, 0x08, 0xFF, 0x04, 0x04, 0x05, 0xFF, 0x04, 0x03, 0x04, 0xFF, 0x04, 0x03, 0x04, 0xFF,
  0x04, 0x03, 0x04, 0xFF, 0x04, 0x03, 0x03, 0xFF, 0x04, 0x03, 0x03, 0xFF, 0x04, 0x03, 0x03, 0xFF, 0x04, 0x03, 0x03, 0xFF, 0x04, 0x03, 0x03, 0xFF,
  0x04, 0x03, 0x03, 0xFF, 0x04, 0x03, 0x04, 0xFF, 0x04, 0x03, 0x04, 0xFF, 0x04, 0x03, 0x04, 0xFF, 0x04, 0x03, 0x03, 0xFF, 0x04, 0x03, 0x04, 0xFF,
  0x04, 0x03, 0x04, 0xFF, 0x04, 0x03, 0x04, 0xFF, 0x04, 0x03, 0x04, 0xFF, 0x04, 0x04, 0x05, 0xFF, 0x04, 0x04, 0x05, 0xFF, 0x04, 0x04, 0x05, 0xFF,
  0x04, 0x04, 0x06, 0xFF, 0x04, 0x05, 0x07, 0xFF, 0x04, 0x05, 0x07, 0xFF, 0x04, 0x06, 0x09, 0xFF, 0x04, 0x08, 0x0C, 0xFF, 0x05, 0x0B, 0x11, 0xFF,
  0x05, 0x11, 0x1D, 0xFF, 0x06, 0x2B, 0x4F, 0xFF, 0x0E, 0x96, 0xC3, 0xFF, 0x66, 0xDC, 0xEB, 0xFF, 0x06, 0x73, 0xBC, 0xFF, 0x07, 0x27, 0x47, 0xFF,
  0x05, 0x0F, 0x1A, 0xFF, 0x05, 0x09, 0x0E, 0xFF, 0x04, 0x07, 0x09, 0xFF, 0x04, 0x06, 0x08, 0xFF, 0x04, 0x06, 0x08, 0xFF, 0x04, 0x05, 0x08, 0xFF,
  0x04, 0x05, 0x07, 0xFF, 0x04, 0x05, 0x07, 0xFF, 0x04, 0x05, 0x06, 0xFF, 0x04, 0x04, 0x06, 0xFF, 0x04, 0x04, 0x06, 0xFF, 0x04, 0x04, 0x06, 0xFF,
  0x04, 0x04, 0x05, 0xFF, 0x04, 0x04, 0x05, 0xFF, 0x04, 0x04, 0x05, 0xFF, 0x04, 0x04, 0x05, 0xFF, 0x04, 0x03, 0x04, 0xFF, 0x04, 0x03, 0x04, 0xFF,
  0x04, 0x04, 0x05, 0xFF, 0x04, 0x03, 0x04, 0xFF, 0x04, 0x03, 0x04, 0xFF, 0x04, 0x03, 0x04, 0xFF, 0x04, 0x03, 0x04, 0xFF, 0x04, 0x03, 0x04, 0xFF,
  0x04, 0x03, 0x04, 0xFF, 0x04, 0x03, 0x04, 0xFF, 0x04, 0x03, 0x04, 0xFF, 0x04, 0x03, 0x04, 0xFF, 0x04, 0x03, 0x04, 0xFF, 0x04, 0x03, 0x04, 0xFF,
  0x04, 0x03, 0x04, 0xFF, 0x04, 0x03, 0x04, 0xFF, 0x04, 0x03, 0x04, 0xFF, 0x04, 0x03, 0x04, 0xFF, 0x04, 0x03, 0x04, 0xFF, 0x04, 0x03, 0x04, 0xFF,
  0x04, 0x03, 0x04, 0xFF, 0x04, 0x03, 0x04, 0xFF, 0x04, 0x03, 0x04, 0xFF, 0x04, 0x03, 0x04, 0xFF, 0x04, 0x03, 0x04, 0xFF, 0x04, 0x03, 0x04, 0xFF,
  0x04, 0x03, 0x04, 0xFF, 0x04, 0x03, 0x04, 0xFF, 0x04, 0x03, 0x04, 0xFF, 0x04, 0x03, 0x03, 0xFF, 0x04, 0x03, 0x03, 0xFF, 0x04, 0x03, 0x04, 0xFF,
  0x04, 0x03, 0x04, 0xFF, 0x04, 0x03, 0x04, 0xFF, 0x04, 0x03, 0x04, 0xFF, 0x04, 0x03, 0x04, 0xFF, 0x04, 0x03, 0x04, 0xFF, 0x04, 0x03, 0x04, 0xFF,
  0x04, 0x03, 0x04, 0xFF, 0x04, 0x03, 0x04, 0xFF, 0x04, 0x03, 0x04, 0xFF, 0x04, 0x03, 0x04, 0xFF, 0x04, 0x03, 0x04, 0xFF, 0x04, 0x03, 0x04, 0xFF,
  0x04, 0x03, 0x04, 0xFF, 0x04, 0x03, 0x04, 0xFF, 0x04, 0x03, 0x04, 0xFF, 0x04, 0x03, 0x04, 0xFF, 0x04, 0x03, 0x04, 0xFF, 0x04, 0x03, 0x04, 0xFF,
  0x04, 0x03, 0x04, 0xFF, 0x04, 0x04, 0x05, 0xFF, 0x04, 0x04, 0x05, 0xFF, 0x04, 0x04, 0x05, 0xFF, 0x04, 0x04, 0x05, 0xFF, 0x04, 0x04, 0x05, 0xFF,
  0x04, 0x04, 0x05, 0xFF, 0x04, 0x04, 0x05, 0xFF, 0x04, 0x04, 0x05, 0xFF, 0x04, 0x04, 0x05, 0xFF, 0x04, 0x04, 0x06, 0xFF, 0x05, 0x04, 0x06, 0xFF,
  0x05, 0x04, 0x07, 0xFF, 0x05, 0x05, 0x07, 0xFF, 0x05, 0x04, 0x06, 0xFF, 0x05, 0x04, 0x06, 0xFF, 0x04, 0x04, 0x06, 0xFF, 0x04, 0x04, 0x06, 0xFF,
  0x04, 0x04, 0x06, 0xFF, 0x04, 0x04, 0x05, 0xFF, 0x04, 0x04, 0x05, 0xFF, 0x04, 0x04, 0x05, 0xFF, 0x04, 0x04, 0x05, 0xFF, 0x04, 0x04, 0x05, 0xFF,
  0x04, 0x04, 0x05, 0xFF, 0x04, 0x03, 0x04, 0xFF, 0x04, 0x03, 0x04, 0xFF, 0x04, 0x03, 0x04, 0xFF, 0x04, 0x03, 0x04, 0xFF, 0x04, 0x03, 0x04, 0xFF,
  0x04, 0x03, 0x04, 0xFF, 0x04, 0x03, 0x04, 0xFF, 0x04, 0x03, 0x04, 0xFF, 0x04, 0x03, 0x04, 0xFF, 0x04, 0x03, 0x04, 0xFF, 0x04, 0x03, 0x03, 0xFF,
  0x04, 0x03, 0x03, 0xFF, 0x04, 0x03, 0x04, 0xFF, 0x04, 0x03, 0x04, 0xFF, 0x04, 0x03, 0x04, 0xFF, 0x04, 0x03, 0x04, 0xFF, 0x04, 0x03, 0x04, 0xFF,
  0x04, 0x03, 0x03, 0xFF, 0x04, 0x03, 0x04, 0xFF, 0x04, 0x03, 0x03, 0xFF, 0x04, 0x03, 0x03, 0xFF, 0x04, 0x03, 0x03, 0xFF, 0x04, 0x03, 0x03, 0xFF,
  0x04, 0x03, 0x03, 0xFF, 0x04, 0x03, 0x03, 0xFF, 0x04, 0x03, 0x03, 0xFF, 0x04, 0x03, 0x04, 0xFF, 0x04, 0x03, 0x06, 0xFF, 0x04, 0x06, 0x19, 0xFF,
  0x04, 0x0D, 0x49, 0xFF, 0x02, 0x1C, 0xB8, 0xFF, 0x01, 0x20, 0xEB, 0xFF, 0x01, 0x1C, 0xEB, 0xFF, 0x00, 0x0D, 0xCE, 0xFF, 0x26, 0xCD, 0xFA, 0xFF,
  0x2B, 0xE8, 0xFA, 0xFF, 0x01, 0x4B, 0xF6, 0xFF, 0x03, 0x13, 0xA0, 0xFF, 0x05, 0x11, 0x43, 0xFF, 0x04, 0x07, 0x12, 0xFF, 0x04, 0x03, 0x05, 0xFF,
  0x04, 0x03, 0x03, 0xFF, 0x04, 0x03, 0x03, 0xFF, 0x04, 0x03, 0x03, 0xFF, 0x04, 0x03, 0x03, 0xFF, 0x04, 0x03, 0x03, 0xFF, 0x04, 0x03, 0x03, 0xFF,
  0x04, 0x03, 0x03, 0xFF, 0x04, 0x03, 0x03, 0xFF, 0x04, 0x03, 0x03, 0xFF, 0x04, 0x03, 0x03, 0xFF, 0x04, 0x03, 0x03, 0xFF, 0x04, 0x03, 0x04, 0xFF,
  0x04, 0x05, 0x06, 0xFF, 0x04, 0x0C, 0x12, 0xFF, 0x05, 0x1C, 0x31, 0xFF, 0x03, 0x43, 0x98, 0xFF, 0x14, 0xCF, 0xF0, 0xFF, 0x62, 0xF9, 0xFA, 0xFF,
  0x40, 0xE6, 0xF5, 0xFF, 0x01, 0x32, 0x94, 0xFF, 0x00, 0x48, 0xB6, 0xFF, 0x01, 0x48, 0xB3, 0xFF, 0x01, 0x3D, 0x95, 0xFF, 0x03, 0x1C, 0x40, 0xFF,
  0x04, 0x0A, 0x13, 0xFF, 0x04, 0x06, 0x0A, 0xFF, 0x04, 0x04, 0x06, 0xFF, 0x04, 0x04, 0x05, 0xFF, 0x04, 0x03, 0x04, 0xFF, 0x04, 0x03, 0x04, 0xFF,
  0x04, 0x03, 0x04, 0xFF, 0x04, 0x03, 0x03, 0xFF, 0x04, 0x03, 0x03, 0xFF, 0x04, 0x03, 0x03, 0xFF, 0x04, 0x03, 0x03, 0xFF, 0x04, 0x03, 0x03, 0xFF,
  0x04, 0x03, 0x04, 0xFF, 0x04, 0x03, 0x04, 0xFF, 0x04, 0x03, 0x04, 0xFF, 0x04, 0x03, 0x04, 0xFF, 0x04, 0x03, 0x04, 0xFF, 0x04, 0x03, 0x04, 0xFF,
  0x04, 0x03, 0x04, 0xFF, 0x04, 0x04, 0x05, 0xFF, 0x04, 0x04, 0x05, 0xFF, 0x04, 0x04, 0x05, 0xFF, 0x04, 0x04, 0x06, 0xFF, 0x04, 0x04, 0x06, 0xFF,
  0x04, 0x04, 0x06, 0xFF, 0x04, 0x06, 0x08, 0xFF, 0x04, 0x06, 0x09, 0xFF, 0x04, 0x08, 0x0B, 0xFF, 0x05, 0x09, 0x0E, 0xFF, 0x05, 0x0C, 0x14, 0xFF,
  0x05, 0x14, 0x23, 0xFF, 0x06, 0x2D, 0x50, 0xFF, 0x05, 0x7E, 0xBF, 0xFF, 0x1F, 0xB8, 0xE5, 0xFF, 0x09, 0x68, 0xB6, 0xFF, 0x07, 0x27, 0x48, 0xFF,
  0x05, 0x12, 0x1E, 0xFF, 0x05, 0x0B, 0x11, 0xFF, 0x04, 0x08, 0x0C, 0xFF, 0x04, 0x07, 0x0A, 0xFF, 0x04, 0x07, 0x0A, 0xFF, 0x04, 0x07, 0x0A, 0xFF,
  0x04, 0x07, 0x09, 0xFF, 0x04, 0x06, 0x08, 0xFF, 0x04, 0x06, 0x08, 0xFF, 0x04, 0x06, 0x08, 0xFF, 0x04, 0x05, 0x07, 0xFF, 0x04, 0x05, 0x07, 0xFF,
  0x04, 0x05, 0x07, 0xFF, 0x04, 0x05, 0x07, 0xFF, 0x04, 0x04, 0x06, 0xFF, 0x04, 0x04, 0x06, 0xFF, 0x04, 0x04, 0x06, 0xFF, 0x04, 0x04, 0x05, 0xFF,
  0x04, 0x04, 0x05, 0xFF, 0x04, 0x04, 0x05, 0xFF, 0x04, 0x04, 0x05, 0xFF, 0x04, 0x04, 0x05, 0xFF, 0x04, 0x04, 0x05, 0xFF, 0x04, 0x04, 0x05, 0xFF,
  0x04, 0x04, 0x05, 0xFF, 0x04, 0x03, 0x04, 0xFF, 0x04, 0x03, 0x04, 0xFF, 0x04, 0x03, 0x04, 0xFF, 0x04, 0x03, 0x04, 0xFF, 0x04, 0x03, 0x04, 0xFF,
  0x04, 0x03, 0x04, 0xFF, 0x04, 0x03, 0x04, 0xFF, 0x04, 0x03, 0x04, 0xFF, 0x04, 0x03, 0x04, 0xFF, 0x04, 0x03, 0x04, 0xFF, 0x04, 0x03, 0x04, 0xFF,
  0x04, 0x03, 0x04, 0xFF, 0x04, 0x03, 0x04, 0xFF, 0x04, 0x03, 0x04, 0xFF, 0x04, 0x03, 0x04, 0xFF, 0x04, 0x03, 0x04, 0xFF, 0x04, 0x03, 0x04, 0xFF,
  0x04, 0x03, 0x04, 0xFF, 0x04, 0x03, 0x04, 0xFF, 0x04, 0x03, 0x03, 0xFF, 0x04, 0x03, 0x03, 0xFF, 0x04, 0x03, 0x03, 0xFF, 0x04, 0x03, 0x04, 0xFF,
  0x04, 0x03, 0x04, 0xFF, 0x04, 0x03, 0x04, 0xFF, 0x04, 0x03, 0x04, 0xFF, 0x04, 0x03, 0x04, 0xFF, 0x04, 0x03, 0x04, 0xFF, 0x04, 0x03, 0x04, 0xFF,
  0x04, 0x03, 0x04, 0xFF, 0x04, 0x03, 0x04, 0xFF, 0x04, 0x03, 0x04, 0xFF, 0x04, 0x03, 0x04, 0xFF, 0x04, 0x03, 0x04, 0xFF, 0x04, 0x03, 0x04, 0xFF,
  0x04, 0x03, 0x04, 0xFF, 0x04, 0x03, 0x04, 0xFF, 0x04, 0x03, 0x04, 0xFF, 0x04, 0x04, 0x05, 0xFF, 0x04, 0x04, 0x05, 0xFF, 0x04, 0x04, 0x05, 0xFF,
  0x04, 0x04, 0x05, 0xFF, 0x04, 0x04, 0x05, 0xFF, 0x04, 0x04, 0x06, 0xFF, 0x04, 0x04, 0x06, 0xFF, 0x04, 0x04, 0x06, 0xFF, 0x05, 0x04, 0x06, 0xFF,
  0x05, 0x04, 0x06, 0xFF, 0x05, 0x04, 0x07, 0xFF, 0x05, 0x05, 0x07, 0xFF, 0x05, 0x05, 0x07, 0xFF, 0x05, 0x05, 0x08, 0xFF, 0x05, 0x05, 0x09, 0xFF,
  0x05, 0x05, 0x09, 0xFF, 0x05, 0x05, 0x09, 0xFF, 0x05, 0x05, 0x09, 0xFF, 0x05, 0x05, 0x08, 0xFF, 0x05, 0x05, 0x08, 0xFF, 0x05, 0x05, 0x07, 0xFF,
  0x05, 0x05, 0x07, 0xFF, 0x05, 0x04, 0x06, 0xFF, 0x04, 0x04, 0x06, 0xFF, 0x04, 0x04, 0x06, 0xFF, 0x04, 0x04, 0x06, 0xFF, 0x04, 0x04, 0x06, 0xFF,
  0x04, 0x04, 0x06, 0xFF, 0x04, 0x04, 0x05, 0xFF, 0x04, 0x04, 0x05, 0xFF, 0x04, 0x04, 0x05, 0xFF, 0x04, 0x04, 0x05, 0xFF, 0x04, 0x04, 0x05, 0xFF,
  0x04, 0x04, 0x05, 0xFF, 0x04, 0x03, 0x04, 0xFF, 0x04, 0x03, 0x04, 0xFF, 0x04, 0x03, 0x04, 0xFF, 0x04, 0x03, 0x04, 0xFF, 0x04, 0x03, 0x04, 0xFF,
  0x04, 0x03, 0x04, 0xFF, 0x04, 0x03, 0x04, 0xFF, 0x04, 0x03, 0x04, 0xFF, 0x04, 0x03, 0x04, 0xFF, 0x04, 0x03, 0x04, 0xFF, 0x04, 0x03, 0x04, 0xFF,
  0x04, 0x03, 0x04, 0xFF, 0x04, 0x03, 0x04, 0xFF, 0x04, 0x03, 0x04, 0xFF, 0x04, 0x03, 0x03, 0xFF, 0x04, 0x03, 0x03, 0xFF, 0x04, 0x03, 0x03, 0xFF,
  0x04, 0x03, 0x03, 0xFF, 0x04, 0x03, 0x03, 0xFF, 0x04, 0x03, 0x03, 0xFF, 0x04, 0x03, 0x03, 0xFF, 0x04, 0x03, 0x04, 0xFF, 0x04, 0x05, 0x11, 0xFF,
  0x04, 0x0A, 0x31, 0xFF, 0x02, 0x17, 0x91, 0xFF, 0x01, 0x20, 0xE6, 0xFF, 0x01, 0x1E, 0xEA, 0xFF, 0x00, 0x0D, 0xCA, 0xFF, 0x1B, 0x9D, 0xF5, 0xFF,
  0x34, 0xE9, 0xF9, 0xFF, 0x07, 0x80, 0xF8, 0xFF, 0x02, 0x0F, 0xB5, 0xFF, 0x05, 0x14, 0x52, 0xFF, 0x04, 0x08, 0x17, 0xFF, 0x04, 0x04, 0x06, 0xFF,
  0x04, 0x03, 0x04, 0xFF, 0x04, 0x03, 0x03, 0xFF, 0x04, 0x03, 0x03, 0xFF, 0x04, 0x03, 0x03, 0xFF, 0x04, 0x03, 0x03, 0xFF, 0x04, 0x03, 0x03, 0xFF,
  0x04, 0x03, 0x03, 0xFF, 0x04, 0x03, 0x03, 0xFF, 0x04, 0x03, 0x03, 0xFF, 0x04, 0x03, 0x03, 0xFF, 0x04, 0x03, 0x03, 0xFF, 0x04, 0x03, 0x04, 0xFF,
  0x04, 0x05, 0x07, 0xFF, 0x05, 0x0D, 0x15, 0xFF, 0x05, 0x20, 0x3A, 0xFF, 0x02, 0x48, 0xA9, 0xFF, 0x22, 0xEC, 0xF7, 0xFF, 0x63, 0xF9, 0xF9, 0xFF,
  0x2E, 0xC4, 0xE2, 0xFF, 0x00, 0x34, 0x94, 0xFF, 0x01, 0x46, 0xB1, 0xFF, 0x01, 0x46, 0xAD, 0xFF, 0x02, 0x34, 0x7C, 0xFF, 0x03, 0x15, 0x2D, 0xFF,
  0x04, 0x07, 0x0D, 0xFF, 0x04, 0x05, 0x08, 0xFF, 0x04, 0x04, 0x05, 0xFF, 0x04, 0x03, 0x04, 0xFF, 0x04, 0x03, 0x04, 0xFF, 0x04, 0x03, 0x04, 0xFF,
  0x04, 0x03, 0x04, 0xFF, 0x04, 0x03, 0x03, 0xFF, 0x04, 0x03, 0x03, 0xFF, 0x04, 0x03, 0x03, 0xFF, 0x04, 0x03, 0x03, 0xFF, 0x04, 0x03, 0x04, 0xFF,
  0x04, 0x03, 0x04, 0xFF, 0x04, 0x03, 0x04, 0xFF, 0x04, 0x03, 0x04, 0xFF, 0x04, 0x03, 0x04, 0xFF, 0x04, 0x03, 0x04, 0xFF, 0x04, 0x03, 0x04, 0xFF,
  0x04, 0x04, 0x05, 0xFF, 0x04, 0x04, 0x05, 0xFF, 0x04, 0x04, 0x05, 0xFF, 0x04, 0x04, 0x06, 0xFF, 0x04, 0x05, 0x06, 0xFF, 0x04, 0x05, 0x07, 0xFF,
  0x04, 0x06, 0x08, 0xFF, 0x04, 0x07, 0x0A, 0xFF, 0x05, 0x08, 0x0D, 0xFF, 0x05, 0x0A, 0x0F, 0xFF, 0x05, 0x0B, 0x12, 0xFF, 0x05, 0x0F, 0x18, 0xFF,
  0x05, 0x15, 0x23, 0xFF, 0x06, 0x22, 0x3B, 0xFF, 0x07, 0x40, 0x73, 0xFF, 0x0A, 0x56, 0x9A, 0xFF, 0x09, 0x45, 0x7D, 0xFF, 0x06, 0x23, 0x3D, 0xFF,
  0x05, 0x13, 0x20, 0xFF, 0x05, 0x0D, 0x15, 0xFF, 0x05, 0x0A, 0x10, 0xFF, 0x04, 0x0A, 0x0F, 0xFF, 0x04, 0x09, 0x0F, 0xFF, 0x04, 0x09, 0x0E, 0xFF,
  0x04, 0x09, 0x0D, 0xFF, 0x04, 0x08, 0x0D, 0xFF, 0x04, 0x08, 0x0C, 0xFF, 0x04, 0x08, 0x0C, 0xFF, 0x04, 0x07, 0x0B, 0xFF, 0x04, 0x07, 0x0A, 0xFF,
  0x04, 0x06, 0x09, 0xFF, 0x04, 0x06, 0x09, 0xFF, 0x04, 0x06, 0x09, 0xFF, 0x04, 0x06, 0x08, 0xFF, 0x04, 0x05, 0x08, 0xFF, 0x04, 0x05, 0x07, 0xFF,
  0x04, 0x05, 0x07, 0xFF, 0x04, 0x05, 0x07, 0xFF, 0x04, 0x05, 0x07, 0xFF, 0x04, 0x05, 0x06, 0xFF, 0x04, 0x04, 0x06, 0xFF, 0x04, 0x04, 0x06, 0xFF,
  0x04, 0x04, 0x06, 0xFF, 0x04, 0x04, 0x05, 0xFF, 0x04, 0x04, 0x05, 0xFF, 0x04, 0x04, 0x05, 0xFF, 0x04, 0x04, 0x05, 0xFF, 0x04, 0x04, 0x05, 0xFF,
  0x04, 0x04, 0x05, 0xFF, 0x04, 0x04, 0x05, 0xFF, 0x04, 0x04, 0x05, 0xFF, 0x04, 0x04, 0x05, 0xFF, 0x04, 0x04, 0x05, 0xFF, 0x04, 0x03, 0x05, 0xFF,
  0x04, 0x04, 0x05, 0xFF, 0x04, 0x03, 0x04, 0xFF, 0x04, 0x03, 0x04, 0xFF, 0x04, 0x03, 0x04, 0xFF, 0x04, 0x03, 0x04, 0xFF, 0x04, 0x03, 0x04, 0xFF,
  0x04, 0x03, 0x04, 0xFF, 0x04, 0x03, 0x04, 0xFF, 0x04, 0x03, 0x04, 0xFF, 0x04, 0x03, 0x04, 0xFF, 0x04, 0x03, 0x04, 0xFF, 0x04, 0x03, 0x04, 0xFF,
  0x04, 0x03, 0x04, 0xFF, 0x04, 0x03, 0x04, 0xFF, 0x04, 0x03, 0x04, 0xFF, 0x04, 0x03, 0x04, 0xFF, 0x04, 0x03, 0x04, 0xFF, 0x04, 0x03, 0x04, 0xFF,
  0x04, 0x03, 0x04, 0xFF, 0x04, 0x03, 0x04, 0xFF, 0x04, 0x03, 0x04, 0xFF, 0x04, 0x03, 0x04, 0xFF, 0x04, 0x03, 0x04, 0xFF, 0x04, 0x03, 0x04, 0xFF,
  0x04, 0x03, 0x04, 0xFF, 0x04, 0x04, 0x05, 0xFF, 0x04, 0x04, 0x05, 0xFF, 0x04, 0x04, 0x05, 0xFF, 0x04, 0x04, 0x06, 0xFF, 0x04, 0x04, 0x06, 0xFF,
  0x05, 0x04, 0x06, 0xFF, 0x05, 0x04, 0x07, 0xFF, 0x05, 0x05, 0x07, 0xFF, 0x05, 0x05, 0x07, 0xFF, 0x05, 0x05, 0x07, 0xFF, 0x05, 0x05, 0x07, 0xFF,
  0x05, 0x05, 0x08, 0xFF, 0x05, 0x05, 0x09, 0xFF, 0x05, 0x06, 0x0A, 0xFF, 0x05, 0x06, 0x0B, 0xFF, 0x05, 0x06, 0x0B, 0xFF, 0x05, 0x06, 0x0C, 0xFF,
  0x05, 0x06, 0x0C, 0xFF, 0x06, 0x06, 0x0C, 0xFF, 0x05, 0x06, 0x0C, 0xFF, 0x05, 0x06, 0x0B, 0xFF, 0x05, 0x06, 0x0B, 0xFF, 0x05, 0x06, 0x0B, 0xFF,
  0x05, 0x06, 0x0B, 0xFF, 0x05, 0x06, 0x0A, 0xFF, 0x05, 0x05, 0x09, 0xFF, 0x05, 0x05, 0x09, 0xFF, 0x05, 0x05, 0x09, 0xFF, 0x05, 0x05, 0x09, 0xFF,
  0x05, 0x05, 0x09, 0xFF, 0x05, 0x05, 0x08, 0xFF, 0x05, 0x05, 0x07, 0xFF, 0x05, 0x04, 0x07, 0xFF, 0x04, 0x04, 0x06, 0xFF, 0x04, 0x04, 0x06, 0xFF,
  0x04, 0x04, 0x06, 0xFF, 0x04, 0x04, 0x06, 0xFF, 0x04, 0x04, 0x05, 0xFF, 0x04, 0x04, 0x06, 0xFF, 0x04, 0x04, 0x05, 0xFF, 0x04, 0x04, 0x05, 0xFF,
  0x04, 0x04, 0x05, 0xFF, 0x04, 0x04, 0x05, 0xFF, 0x04, 0x03, 0x04, 0xFF, 0x04, 0x03, 0x04, 0xFF, 0x04, 0x03, 0x04, 0xFF, 0x04, 0x03, 0x04, 0xFF,
  0x04, 0x03, 0x04, 0xFF, 0x04, 0x03, 0x04, 0xFF, 0x04, 0x03, 0x03, 0xFF, 0x04, 0x03, 0x03, 0xFF, 0x04, 0x03, 0x04, 0xFF, 0x04, 0x03, 0x03, 0xFF,
  0x04, 0x03, 0x03, 0xFF, 0x04, 0x03, 0x03, 0xFF, 0x04, 0x03, 0x03, 0xFF, 0x04, 0x03, 0x03, 0xFF, 0x04, 0x03, 0x04, 0xFF, 0x04, 0x04, 0x0B, 0xFF,
  0x04, 0x08, 0x23, 0xFF, 0x03, 0x12, 0x70, 0xFF, 0x01, 0x1F, 0xE1, 0xFF, 0x01, 0x1F, 0xEA, 0xFF, 0x01, 0x12, 0xD2, 0xFF, 0x14, 0x70, 0xE9, 0xFF,
  0x33, 0xE4, 0xFA, 0xFF, 0x15, 0xB5, 0xF9, 0xFF, 0x02, 0x0C, 0xC4, 0xFF, 0x05, 0x16, 0x63, 0xFF, 0x04, 0x09, 0x1D, 0xFF, 0x04, 0x04, 0x07, 0xFF,
  0x04, 0x03, 0x04, 0xFF, 0x04, 0x03, 0x03, 0xFF, 0x04, 0x03, 0x03, 0xFF, 0x04, 0x03, 0x03, 0xFF, 0x04, 0x03, 0x03, 0xFF, 0x04, 0x03, 0x03, 0xFF,
  0x04, 0x03, 0x03, 0xFF, 0x04, 0x03, 0x03, 0xFF, 0x04, 0x03, 0x03, 0xFF, 0x04, 0x03, 0x03, 0xFF, 0x04, 0x03, 0x03, 0xFF, 0x04, 0x03, 0x04, 0xFF,
  0x04, 0x06, 0x08, 0xFF, 0x05, 0x0F, 0x19, 0xFF, 0x05, 0x27, 0x47, 0xFF, 0x02, 0x57, 0xB7, 0xFF, 0x2A, 0xF3, 0xF8, 0xFF, 0x5F, 0xF9, 0xF9, 0xFF,
  0x20, 0xA6, 0xCF, 0xFF, 0x00, 0x37, 0x96, 0xFF, 0x00, 0x44, 0xAE, 0xFF, 0x01, 0x42, 0xA5, 0xFF, 0x02, 0x27, 0x5D, 0xFF, 0x03, 0x0E, 0x1C, 0xFF,
  0x04, 0x05, 0x09, 0xFF, 0x04, 0x04, 0x05, 0xFF, 0x04, 0x03, 0x04, 0xFF, 0x04, 0x03, 0x04, 0xFF, 0x04, 0x03, 0x04, 0xFF, 0x04, 0x03, 0x04, 0xFF,
  0x04, 0x03, 0x04, 0xFF, 0x04, 0x03, 0x03, 0xFF, 0x04, 0x03, 0x03, 0xFF, 0x04, 0x03, 0x03, 0xFF, 0x04, 0x03, 0x04, 0xFF, 0x04, 0x03, 0x04, 0xFF,
  0x04, 0x03, 0x04, 0xFF, 0x04, 0x03, 0x04, 0xFF, 0x04, 0x04, 0x05, 0xFF, 0x04, 0x04, 0x05, 0xFF, 0x04, 0x04, 0x05, 0xFF, 0x04, 0x04, 0x05, 0xFF,
  0x04, 0x04, 0x05, 0xFF, 0x04, 0x04, 0x06, 0xFF, 0x04, 0x05, 0x06, 0xFF, 0x04, 0x05, 0x06, 0xFF, 0x04, 0x05, 0x07, 0xFF, 0x04, 0x06, 0x09, 0xFF,
  0x05, 0x08, 0x0C, 0xFF, 0x05, 0x09, 0x0E, 0xFF, 0x05, 0x0B, 0x11, 0xFF, 0x05, 0x0C, 0x13, 0xFF, 0x05, 0x0E, 0x17, 0xFF, 0x05, 0x12, 0x1E, 0xFF,
  0x05, 0x17, 0x26, 0xFF, 0x06, 0x1C, 0x2F, 0xFF, 0x06, 0x24, 0x3D, 0xFF, 0x07, 0x29, 0x46, 0xFF, 0x07, 0x26, 0x42, 0xFF, 0x06, 0x1E, 0x32, 0xFF,
  0x05, 0x16, 0x25, 0xFF, 0x05, 0x12, 0x1E, 0xFF, 0x05, 0x10, 0x1A, 0xFF, 0x05, 0x0F, 0x17, 0xFF, 0x05, 0x0E, 0x17, 0xFF, 0x05, 0x0E, 0x16, 0xFF,
  0x05, 0x0E, 0x15, 0xFF, 0x05, 0x0E, 0x15, 0xFF, 0x05, 0x0D, 0x15, 0xFF, 0x05, 0x0D, 0x14, 0xFF, 0x05, 0x0C, 0x13, 0xFF, 0x05, 0x0B, 0x11, 0xFF,
  0x04, 0x0A, 0x0F, 0xFF, 0x04, 0x0A, 0x10, 0xFF, 0x04, 0x0A, 0x0F, 0xFF, 0x04, 0x0A, 0x0F, 0xFF, 0x04, 0x09, 0x0F, 0xFF, 0x04, 0x09, 0x0E, 0xFF,
  0x04, 0x08, 0x0C, 0xFF, 0x04, 0x07, 0x0B, 0xFF, 0x04, 0x07, 0x0B, 0xFF, 0x04, 0x07, 0x0A, 0xFF, 0x04, 0x06, 0x09, 0xFF, 0x04, 0x06, 0x08, 0xFF,
  0x04, 0x06, 0x08, 0xFF, 0x04, 0x06, 0x08, 0xFF, 0x04, 0x05, 0x08, 0xFF, 0x04, 0x05, 0x07, 0xFF, 0x04, 0x05, 0x07, 0xFF, 0x04, 0x05, 0x07, 0xFF,
  0x04, 0x05, 0x07, 0xFF, 0x04, 0x04, 0x07, 0xFF, 0x04, 0x05, 0x07, 0xFF, 0x04, 0x05, 0x07, 0xFF, 0x04, 0x05, 0x07, 0xFF, 0x04, 0x04, 0x06, 0xFF,
  0x04, 0x04, 0x06, 0xFF, 0x04, 0x04, 0x06, 0xFF, 0x04, 0x04, 0x06, 0xFF, 0x04, 0x04, 0x06, 0xFF, 0x04, 0x04, 0x05, 0xFF, 0x04, 0x04, 0x05, 0xFF,
  0x04, 0x04, 0x05, 0xFF, 0x04, 0x04, 0x05, 0xFF, 0x04, 0x04, 0x05, 0xFF, 0x04, 0x04, 0x05, 0xFF, 0x04, 0x04, 0x05, 0xFF, 0x04, 0x04, 0x05, 0xFF,
  0x04, 0x04, 0x05, 0xFF, 0x04, 0x04, 0x05, 0xFF, 0x04, 0x04, 0x05, 0xFF, 0x04, 0x04, 0x05, 0xFF, 0x04, 0x04, 0x05, 0xFF, 0x04, 0x04, 0x05, 0xFF,
  0x04, 0x04, 0x05, 0xFF, 0x04, 0x04, 0x05, 0xFF, 0x04, 0x04, 0x05, 0xFF, 0x04, 0x04, 0x05, 0xFF, 0x04, 0x04, 0x05, 0xFF, 0x04, 0x04, 0x05, 0xFF,
  0x04, 0x04, 0x06, 0xFF, 0x04, 0x04, 0x06, 0xFF, 0x05, 0x04, 0x07, 0xFF, 0x05, 0x05, 0x07, 0xFF, 0x05, 0x05, 0x08, 0xFF, 0x05, 0x05, 0x08, 0xFF,
  0x05, 0x05, 0x09, 0xFF, 0x05, 0x06, 0x0A, 0xFF, 0x05, 0x06, 0x0B, 0xFF, 0x05, 0x06, 0x0B, 0xFF, 0x05, 0x06, 0x0B, 0xFF, 0x05, 0x06, 0x0C, 0xFF,
  0x06, 0x06, 0x0C, 0xFF, 0x06, 0x07, 0x0E, 0xFF, 0x06, 0x08, 0x10, 0xFF, 0x06, 0x08, 0x11, 0xFF, 0x06, 0x09, 0x11, 0xFF, 0x06, 0x08, 0x11, 0xFF,
  0x06, 0x08, 0x11, 0xFF, 0x06, 0x09, 0x11, 0xFF, 0x06, 0x09, 0x11, 0xFF, 0x06, 0x09, 0x11, 0xFF, 0x06, 0x09, 0x11, 0xFF, 0x06, 0x08, 0x11, 0xFF,
  0x06, 0x08, 0x0F, 0xFF, 0x06, 0x08, 0x0F, 0xFF, 0x06, 0x07, 0x0E, 0xFF, 0x06, 0x07, 0x0D, 0xFF, 0x06, 0x07, 0x0D, 0xFF, 0x06, 0x07, 0x0D, 0xFF,
  0x06, 0x07, 0x0E, 0xFF, 0x05, 0x07, 0x0D, 0xFF, 0x05, 0x06, 0x0C, 0xFF, 0x05, 0x06, 0x0B, 0xFF, 0x05, 0x06, 0x0A, 0xFF, 0x05, 0x05, 0x09, 0xFF,
  0x05, 0x05, 0x09, 0xFF, 0x05, 0x05, 0x09, 0xFF, 0x05, 0x05, 0x08, 0xFF, 0x05, 0x05, 0x08, 0xFF, 0x04, 0x05, 0x07, 0xFF, 0x04, 0x04, 0x06, 0xFF,
  0x04, 0x04, 0x06, 0xFF, 0x04, 0x04, 0x05, 0xFF, 0x04, 0x04, 0x05, 0xFF, 0x04, 0x04, 0x05, 0xFF, 0x04, 0x04, 0x05, 0xFF, 0x04, 0x03, 0x04, 0xFF,
  0x04, 0x03, 0x04, 0xFF, 0x04, 0x03, 0x04, 0xFF, 0x04, 0x03, 0x03, 0xFF, 0x04, 0x03, 0x03, 0xFF, 0x04, 0x03, 0x04, 0xFF, 0x04, 0x03, 0x03, 0xFF,
  0x04, 0x03, 0x03, 0xFF, 0x04, 0x03, 0x03, 0xFF, 0x04, 0x03, 0x03, 0xFF, 0x04, 0x03, 0x03, 0xFF, 0x04, 0x03, 0x04, 0xFF, 0x04, 0x04, 0x08, 0xFF,
  0x04, 0x06, 0x19, 0xFF, 0x03, 0x0F, 0x58, 0xFF, 0x02, 0x1E, 0xD6, 0xFF, 0x01, 0x20, 0xE7, 0xFF, 0x01, 0x15, 0xD7, 0xFF, 0x0D, 0x48, 0xDF, 0xFF,
  0x35, 0xE2, 0xFA, 0xFF, 0x22, 0xD0, 0xFA, 0xFF, 0x03, 0x12, 0xD2, 0xFF, 0x04, 0x17, 0x70, 0xFF, 0x05, 0x0B, 0x25, 0xFF, 0x04, 0x05, 0x09, 0xFF,
  0x04, 0x03, 0x04, 0xFF, 0x04, 0x03, 0x03, 0xFF, 0x04, 0x03, 0x03, 0xFF, 0x04, 0x03, 0x03, 0xFF, 0x04, 0x03, 0x03, 0xFF, 0x04, 0x03, 0x03, 0xFF,
  0x04, 0x03, 0x03, 0xFF, 0x04, 0x03, 0x03, 0xFF, 0x04, 0x03, 0x03, 0xFF, 0x04, 0x03, 0x03, 0xFF, 0x04, 0x03, 0x03, 0xFF, 0x04, 0x03, 0x04, 0xFF,
  0x04, 0x06, 0x09, 0xFF, 0x05, 0x11, 0x1B, 0xFF, 0x05, 0x2B, 0x51, 0xFF, 0x02, 0x62, 0xBC, 0xFF, 0x38, 0xF5, 0xF8, 0xFF, 0x5B, 0xF8, 0xF9, 0xFF,
  0x15, 0x91, 0xC3, 0xFF, 0x00, 0x3A, 0x9A, 0xFF, 0x00, 0x42, 0xAC, 0xFF, 0x01, 0x3F, 0x9E, 0xFF, 0x03, 0x1E, 0x46, 0xFF, 0x04, 0x0A, 0x14, 0xFF,
  0x04, 0x05, 0x07, 0xFF, 0x04, 0x04, 0x05, 0xFF, 0x04, 0x03, 0x04, 0xFF, 0x04, 0x03, 0x04, 0xFF, 0x04, 0x03, 0x04, 0xFF, 0x04, 0x03, 0x04, 0xFF,
  0x04, 0x03, 0x04, 0xFF, 0x04, 0x03, 0x03, 0xFF, 0x04, 0x03, 0x03, 0xFF, 0x04, 0x03, 0x03, 0xFF, 0x04, 0x03, 0x04, 0xFF, 0x04, 0x03, 0x04, 0xFF,
  0x04, 0x03, 0x04, 0xFF, 0x04, 0x03, 0x04, 0xFF, 0x04, 0x04, 0x05, 0xFF, 0x04, 0x04, 0x05, 0xFF, 0x04, 0x04, 0x05, 0xFF, 0x04, 0x04, 0x06, 0xFF,
  0x04, 0x05, 0x06, 0xFF, 0x04, 0x05, 0x07, 0xFF, 0x04, 0x05, 0x07, 0xFF, 0x04, 0x06, 0x09, 0xFF, 0x05, 0x08, 0x0C, 0xFF, 0x05, 0x09, 0x0E, 0xFF,
  0x05, 0x0B, 0x11, 0xFF, 0x05, 0x0D, 0x14, 0xFF, 0x05, 0x0F, 0x18, 0xFF, 0x06, 0x12, 0x1C, 0xFF, 0x06, 0x15, 0x21, 0xFF, 0x06, 0x18, 0x27, 0xFF,
  0x06, 0x1B, 0x2C, 0xFF, 0x06, 0x1F, 0x33, 0xFF, 0x06, 0x25, 0x3C, 0xFF, 0x07, 0x28, 0x43, 0xFF, 0x06, 0x28, 0x42, 0xFF, 0x05, 0x23, 0x3A, 0xFF,
  0x05, 0x1E, 0x32, 0xFF, 0x05, 0x1C, 0x2E, 0xFF, 0x05, 0x1B, 0x2C, 0xFF, 0x05, 0x1A, 0x2B, 0xFF, 0x05, 0x19, 0x28, 0xFF, 0x05, 0x18, 0x27, 0xFF,
  0x05, 0x18, 0x27, 0xFF, 0x05, 0x17, 0x25, 0xFF, 0x05, 0x16, 0x24, 0xFF, 0x05, 0x15, 0x22, 0xFF, 0x04, 0x13, 0x1F, 0xFF, 0x04, 0x12, 0x1D, 0xFF,
  0x05, 0x11, 0x1B, 0xFF, 0x05, 0x10, 0x1A, 0xFF, 0x05, 0x10, 0x1A, 0xFF, 0x05, 0x0F, 0x19, 0xFF, 0x05, 0x0F, 0x18, 0xFF, 0x05, 0x0E, 0x16, 0xFF,
  0x05, 0x0C, 0x15, 0xFF, 0x05, 0x0C, 0x14, 0xFF, 0x05, 0x0C, 0x14, 0xFF, 0x05, 0x0B, 0x12, 0xFF, 0x04, 0x09, 0x0E, 0xFF, 0x04, 0x08, 0x0E, 0xFF,
  0x04, 0x09, 0x0E, 0xFF, 0x04, 0x08, 0x0E, 0xFF, 0x04, 0x08, 0x0E, 0xFF, 0x04, 0x08, 0x0C, 0xFF, 0x04, 0x07, 0x0B, 0xFF, 0x04, 0x07, 0x0A, 0xFF,
  0x04, 0x06, 0x0A, 0xFF, 0x04, 0x06, 0x0A, 0xFF, 0x04, 0x07, 0x0B, 0xFF, 0x04, 0x07, 0x0C, 0xFF, 0x04, 0x06, 0x0A, 0xFF, 0x04, 0x05, 0x09, 0xFF,
  0x04, 0x05, 0x08, 0xFF, 0x04, 0x05, 0x08, 0xFF, 0x04, 0x05, 0x08, 0xFF, 0x04, 0x05, 0x08, 0xFF, 0x04, 0x05, 0x08, 0xFF, 0x04, 0x05, 0x07, 0xFF,
  0x04, 0x04, 0x06, 0xFF, 0x04, 0x04, 0x06, 0xFF, 0x04, 0x04, 0x07, 0xFF, 0x04, 0x04, 0x07, 0xFF, 0x04, 0x04, 0x07, 0xFF, 0x04, 0x04, 0x06, 0xFF,
  0x04, 0x04, 0x06, 0xFF, 0x04, 0x04, 0x06, 0xFF, 0x04, 0x04, 0x06, 0xFF, 0x04, 0x04, 0x07, 0xFF, 0x04, 0x04, 0x06, 0xFF, 0x04, 0x04, 0x06, 0xFF,
  0x04, 0x04, 0x06, 0xFF, 0x05, 0x04, 0x07, 0xFF, 0x05, 0x04, 0x07, 0xFF, 0x05, 0x04, 0x07, 0xFF, 0x05, 0x04, 0x07, 0xFF, 0x05, 0x05, 0x07, 0xFF,
  0x05, 0x05, 0x08, 0xFF, 0x05, 0x05, 0x08, 0xFF, 0x05, 0x05, 0x0A, 0xFF, 0x05, 0x06, 0x0A, 0xFF, 0x05, 0x06, 0x0B, 0xFF, 0x06, 0x07, 0x0D, 0xFF,
  0x06, 0x07, 0x0D, 0xFF, 0x06, 0x07, 0x0E, 0xFF, 0x06, 0x08, 0x10, 0xFF, 0x06, 0x08, 0x10, 0xFF, 0x06, 0x08, 0x11, 0xFF, 0x07, 0x09, 0x12, 0xFF,
  0x07, 0x09, 0x13, 0xFF, 0x07, 0x0A, 0x15, 0xFF, 0x08, 0x0B, 0x18, 0xFF, 0x08, 0x0C, 0x19, 0xFF, 0x08, 0x0C, 0x1A, 0xFF, 0x08, 0x0C, 0x1B, 0xFF,
  0x08, 0x0C, 0x1A, 0xFF, 0x08, 0x0C, 0x1B, 0xFF, 0x08, 0x0C, 0x1A, 0xFF, 0x08, 0x0C, 0x19, 0xFF, 0x08, 0x0C, 0x19, 0xFF, 0x08, 0x0C, 0x19, 0xFF,
  0x07, 0x0B, 0x18, 0xFF, 0x07, 0x0B, 0x16, 0xFF, 0x07, 0x0B, 0x16, 0xFF, 0x07, 0x0A, 0x15, 0xFF, 0x06, 0x0A, 0x13, 0xFF, 0x06, 0x0A, 0x14, 0xFF,
  0x06, 0x0A, 0x14, 0xFF, 0x06, 0x09, 0x13, 0xFF, 0x06, 0x09, 0x12, 0xFF, 0x06, 0x08, 0x11, 0xFF, 0x06, 0x08, 0x10, 0xFF, 0x06, 0x08, 0x0F, 0xFF,
  0x05, 0x07, 0x0E, 0xFF, 0x05, 0x07, 0x0D, 0xFF, 0x05, 0x06, 0x0C, 0xFF, 0x05, 0x06, 0x0B, 0xFF, 0x05, 0x05, 0x0A, 0xFF, 0x05, 0x05, 0x09, 0xFF,
  0x04, 0x05, 0x08, 0xFF, 0x04, 0x04, 0x06, 0xFF, 0x04, 0x04, 0x06, 0xFF, 0x04, 0x04, 0x06, 0xFF, 0x04, 0x04, 0x05, 0xFF, 0x04, 0x04, 0x05, 0xFF,
  0x04, 0x04, 0x05, 0xFF, 0x04, 0x03, 0x04, 0xFF, 0x04, 0x03, 0x04, 0xFF, 0x04, 0x03, 0x04, 0xFF, 0x04, 0x03, 0x04, 0xFF, 0x04, 0x03, 0x03, 0xFF,
  0x04, 0x03, 0x03, 0xFF, 0x04, 0x03, 0x03, 0xFF, 0x04, 0x03, 0x03, 0xFF, 0x04, 0x03, 0x03, 0xFF, 0x04, 0x03, 0x04, 0xFF, 0x04, 0x03, 0x05, 0xFF,
  0x04, 0x05, 0x12, 0xFF, 0x03, 0x0D, 0x48, 0xFF, 0x02, 0x1D, 0xC9, 0xFF, 0x01, 0x20, 0xE4, 0xFF, 0x01, 0x16, 0xD9, 0xFF, 0x07, 0x31, 0xD9, 0xFF,
  0x37, 0xE4, 0xFA, 0xFF, 0x2A, 0xDB, 0xFA, 0xFF, 0x03, 0x1C, 0xD7, 0xFF, 0x04, 0x19, 0x80, 0xFF, 0x05, 0x0D, 0x2B, 0xFF, 0x04, 0x05, 0x0A, 0xFF,
  0x04, 0x03, 0x04, 0xFF, 0x04, 0x03, 0x03, 0xFF, 0x04, 0x03, 0x03, 0xFF, 0x04, 0x03, 0x03, 0xFF, 0x04, 0x03, 0x03, 0xFF, 0x04, 0x03, 0x03, 0xFF,
  0x04, 0x03, 0x03, 0xFF, 0x04, 0x03, 0x03, 0xFF, 0x04, 0x03, 0x03, 0xFF, 0x04, 0x03, 0x03, 0xFF, 0x04, 0x03, 0x03, 0xFF, 0x04, 0x04, 0x04, 0xFF,
  0x04, 0x06, 0x09, 0xFF, 0x05, 0x12, 0x1D, 0xFF, 0x05, 0x2F, 0x5B, 0xFF, 0x02, 0x6C, 0xC2, 0xFF, 0x3C, 0xF5, 0xF9, 0xFF, 0x5A, 0xF8, 0xFA, 0xFF,
  0x0D, 0x85, 0xBF, 0xFF, 0x00, 0x3A, 0x9A, 0xFF, 0x01, 0x41, 0xA7, 0xFF, 0x01, 0x3B, 0x92, 0xFF, 0x03, 0x18, 0x36, 0xFF, 0x04, 0x07, 0x0E, 0xFF,
  0x04, 0x04, 0x05, 0xFF, 0x04, 0x03, 0x04, 0xFF, 0x04, 0x03, 0x04, 0xFF, 0x04, 0x03, 0x03, 0xFF, 0x04, 0x03, 0x03, 0xFF, 0x04, 0x03, 0x03, 0xFF,
  0x04, 0x03, 0x03, 0xFF, 0x04, 0x03, 0x03, 0xFF, 0x04, 0x03, 0x03, 0xFF, 0x04, 0x03, 0x04, 0xFF, 0x04, 0x03, 0x04, 0xFF, 0x04, 0x03, 0x04, 0xFF,
  0x04, 0x03, 0x04, 0xFF, 0x04, 0x03, 0x04, 0xFF, 0x04, 0x04, 0x05, 0xFF, 0x04, 0x04, 0x05, 0xFF, 0x04, 0x04, 0x05, 0xFF, 0x04, 0x05, 0x06, 0xFF,
  0x04, 0x06, 0x08, 0xFF, 0x04, 0x06, 0x09, 0xFF, 0x05, 0x07, 0x0A, 0xFF, 0x05, 0x08, 0x0C, 0xFF, 0x05, 0x0A, 0x0F, 0xFF, 0x05, 0x0C, 0x13, 0xFF,
  0x05, 0x10, 0x19, 0xFF, 0x06, 0x13, 0x1E, 0xFF, 0x06, 0x17, 0x25, 0xFF, 0x07, 0x1E, 0x30, 0xFF, 0x08, 0x27, 0x40, 0xFF, 0x08, 0x2F, 0x4F, 0xFF,
  0x06, 0x36, 0x5C, 0xFF, 0x06, 0x3D, 0x68, 0xFF, 0x06, 0x49, 0x82, 0xFF, 0x06, 0x54, 0x99, 0xFF, 0x06, 0x54, 0x9B, 0xFF, 0x06, 0x53, 0x98, 0xFF,
  0x07, 0x51, 0x95, 0xFF, 0x07, 0x51, 0x92, 0xFF, 0x07, 0x4E, 0x8E, 0xFF, 0x07, 0x4D, 0x8E, 0xFF, 0x07, 0x46, 0x84, 0xFF, 0x07, 0x45, 0x80, 0xFF,
  0x07, 0x44, 0x7C, 0xFF, 0x07, 0x3F, 0x74, 0xFF, 0x06, 0x3F, 0x72, 0xFF, 0x07, 0x39, 0x69, 0xFF, 0x06, 0x36, 0x65, 0xFF, 0x06, 0x38, 0x6A, 0xFF,
  0x07, 0x3C, 0x70, 0xFF, 0x06, 0x3B, 0x70, 0xFF, 0x06, 0x39, 0x6D, 0xFF, 0x06, 0x35, 0x67, 0xFF, 0x06, 0x33, 0x61, 0xFF, 0x06, 0x2E, 0x58, 0xFF,
  0x06, 0x2A, 0x50, 0xFF, 0x06, 0x28, 0x4E, 0xFF, 0x06, 0x29, 0x4F, 0xFF, 0x06, 0x29, 0x51, 0xFF, 0x05, 0x26, 0x4B, 0xFF, 0x06, 0x24, 0x4B, 0xFF,
  0x05, 0x21, 0x44, 0xFF, 0x05, 0x1E, 0x3F, 0xFF, 0x05, 0x1E, 0x40, 0xFF, 0x06, 0x20, 0x44, 0xFF, 0x05, 0x1F, 0x44, 0xFF, 0x05, 0x1D, 0x42, 0xFF,
  0x06, 0x1C, 0x3F, 0xFF, 0x06, 0x1C, 0x3F, 0xFF, 0x06, 0x1C, 0x42, 0xFF, 0x06, 0x1B, 0x42, 0xFF, 0x06, 0x18, 0x3D, 0xFF, 0x06, 0x16, 0x37, 0xFF,
  0x06, 0x15, 0x34, 0xFF, 0x06, 0x13, 0x2F, 0xFF, 0x06, 0x13, 0x2F, 0xFF, 0x06, 0x13, 0x30, 0xFF, 0x06, 0x12, 0x2E, 0xFF, 0x06, 0x11, 0x2D, 0xFF,
  0x06, 0x11, 0x2F, 0xFF, 0x06, 0x10, 0x2E, 0xFF, 0x07, 0x11, 0x2F, 0xFF, 0x07, 0x11, 0x30, 0xFF, 0x07, 0x10, 0x2F, 0xFF, 0x07, 0x10, 0x2D, 0xFF,
  0x07, 0x10, 0x2D, 0xFF, 0x07, 0x0F, 0x2B, 0xFF, 0x07, 0x0F, 0x29, 0xFF, 0x07, 0x10, 0x2B, 0xFF, 0x07, 0x10, 0x2B, 0xFF, 0x07, 0x0F, 0x28, 0xFF,
  0x07, 0x0D, 0x25, 0xFF, 0x07, 0x0D, 0x23, 0xFF, 0x07, 0x0E, 0x25, 0xFF, 0x08, 0x0F, 0x27, 0xFF, 0x08, 0x0E, 0x26, 0xFF, 0x08, 0x0E, 0x25, 0xFF,
  0x08, 0x0E, 0x25, 0xFF, 0x08, 0x0E, 0x24, 0xFF, 0x09, 0x0F, 0x26, 0xFF, 0x09, 0x0F, 0x26, 0xFF, 0x09, 0x10, 0x29, 0xFF, 0x0A, 0x11, 0x2C, 0xFF,
  0x0A, 0x12, 0x2E, 0xFF, 0x0A, 0x11, 0x2B, 0xFF, 0x0A, 0x11, 0x2A, 0xFF, 0x0B, 0x13, 0x2F, 0xFF, 0x0B, 0x15, 0x35, 0xFF, 0x0C, 0x18, 0x3D, 0xFF,
  0x0D, 0x19, 0x40, 0xFF, 0x0E, 0x1B, 0x43, 0xFF, 0x0F, 0x1E, 0x4C, 0xFF, 0x0F, 0x20, 0x53, 0xFF, 0x0F, 0x20, 0x54, 0xFF, 0x0F, 0x22, 0x58, 0xFF,
  0x11, 0x25, 0x5E, 0xFF, 0x12, 0x27, 0x60, 0xFF, 0x11, 0x24, 0x5A, 0xFF, 0x0E, 0x20, 0x51, 0xFF, 0x0E, 0x1E, 0x4B, 0xFF, 0x0E, 0x1D, 0x46, 0xFF,
  0x0D, 0x1B, 0x42, 0xFF, 0x0D, 0x1B, 0x41, 0xFF, 0x0D, 0x1C, 0x43, 0xFF, 0x0D, 0x1C, 0x43, 0xFF, 0x0C, 0x1B, 0x41, 0xFF, 0x0C, 0x1A, 0x3F, 0xFF,
  0x0B, 0x18, 0x39, 0xFF, 0x0B, 0x18, 0x38, 0xFF, 0x0A, 0x17, 0x37, 0xFF, 0x0A, 0x16, 0x34, 0xFF, 0x09, 0x15, 0x32, 0xFF, 0x08, 0x13, 0x2D, 0xFF,
  0x08, 0x12, 0x2B, 0xFF, 0x08, 0x11, 0x28, 0xFF, 0x07, 0x0E, 0x22, 0xFF, 0x06, 0x0D, 0x1F, 0xFF, 0x06, 0x0E, 0x21, 0xFF, 0x06, 0x0D, 0x21, 0xFF,
  0x06, 0x0C, 0x1E, 0xFF, 0x05, 0x0A, 0x19, 0xFF, 0x05, 0x0A, 0x18, 0xFF, 0x05, 0x09, 0x15, 0xFF, 0x05, 0x08, 0x12, 0xFF, 0x04, 0x07, 0x0F, 0xFF,
  0x04, 0x05, 0x0B, 0xFF, 0x04, 0x05, 0x0A, 0xFF, 0x04, 0x04, 0x07, 0xFF, 0x04, 0x03, 0x05, 0xFF, 0x04, 0x03, 0x04, 0xFF, 0x04, 0x03, 0x03, 0xFF,
  0x04, 0x03, 0x03, 0xFF, 0x04, 0x03, 0x03, 0xFF, 0x04, 0x03, 0x03, 0xFF, 0x04, 0x03, 0x04, 0xFF, 0x04, 0x03, 0x04, 0xFF, 0x04, 0x03, 0x05, 0xFF,
  0x04, 0x05, 0x0F, 0xFF, 0x03, 0x0C, 0x41, 0xFF, 0x02, 0x1C, 0xC1, 0xFF, 0x01, 0x20, 0xE3, 0xFF, 0x01, 0x16, 0xDA, 0xFF, 0x04, 0x27, 0xD5, 0xFF,
  0x37, 0xE6, 0xFA, 0xFF, 0x31, 0xDE, 0xFA, 0xFF, 0x03, 0x1D, 0xD7, 0xFF, 0x04, 0x1A, 0x88, 0xFF, 0x05, 0x0E, 0x2E, 0xFF, 0x04, 0x05, 0x0B, 0xFF,
  0x04, 0x03, 0x05, 0xFF, 0x04, 0x03, 0x03, 0xFF, 0x04, 0x03, 0x03, 0xFF, 0x04, 0x03, 0x03, 0xFF, 0x04, 0x03, 0x03, 0xFF, 0x04, 0x03, 0x03, 0xFF,
  0x04, 0x03, 0x03, 0xFF, 0x04, 0x03, 0x03, 0xFF, 0x04, 0x03, 0x03, 0xFF, 0x04, 0x03, 0x03, 0xFF, 0x04, 0x03, 0x03, 0xFF, 0x04, 0x04, 0x04, 0xFF,
  0x04, 0x06, 0x08, 0xFF, 0x05, 0x12, 0x1E, 0xFF, 0x05, 0x33, 0x62, 0xFF, 0x02, 0x72, 0xC7, 0xFF, 0x3A, 0xF6, 0xF9, 0xFF, 0x59, 0xF9, 0xFA, 0xFF,
  0x08, 0x79, 0xB9, 0xFF, 0x00, 0x39, 0x98, 0xFF, 0x00, 0x40, 0xA3, 0xFF, 0x01, 0x37, 0x88, 0xFF, 0x03, 0x14, 0x2C, 0xFF, 0x04, 0x06, 0x0A, 0xFF,
  0x04, 0x03, 0x04, 0xFF, 0x04, 0x03, 0x03, 0xFF, 0x04, 0x03, 0x03, 0xFF, 0x04, 0x03, 0x03, 0xFF, 0x04, 0x03, 0x03, 0xFF, 0x04, 0x03, 0x03, 0xFF,
  0x04, 0x03, 0x03, 0xFF, 0x04, 0x03, 0x03, 0xFF, 0x04, 0x03, 0x03, 0xFF, 0x04, 0x03, 0x04, 0xFF, 0x04, 0x03, 0x04, 0xFF, 0x04, 0x03, 0x04, 0xFF,
  0x04, 0x03, 0x04, 0xFF, 0x04, 0x04, 0x05, 0xFF, 0x04, 0x04, 0x05, 0xFF, 0x04, 0x04, 0x05, 0xFF, 0x04, 0x04, 0x06, 0xFF, 0x04, 0x05, 0x08, 0xFF,
  0x05, 0x07, 0x0A, 0xFF, 0x05, 0x08, 0x0D, 0xFF, 0x05, 0x09, 0x0E, 0xFF, 0x05, 0x0B, 0x11, 0xFF, 0x05, 0x0E, 0x16, 0xFF, 0x06, 0x13, 0x1D, 0xFF,
  0x06, 0x19, 0x28, 0xFF, 0x07, 0x20, 0x33, 0xFF, 0x07, 0x2C, 0x48, 0xFF, 0x08, 0x42, 0x71, 0xFF, 0x26, 0x6C, 0xA4, 0xFF, 0x4C, 0x9B, 0xC6, 0xFF,
  0x4E, 0xBC, 0xDB, 0xFF, 0x4B, 0xD5, 0xE8, 0xFF, 0x45, 0xE9, 0xF4, 0xFF, 0x3D, 0xF0, 0xF8, 0xFF, 0x30, 0xEE, 0xF7, 0xFF, 0x34, 0xEE, 0xF8, 0xFF,
  0x34, 0xED, 0xF8, 0xFF, 0x32, 0xEB, 0xF8, 0xFF, 0x33, 0xE9, 0xF8, 0xFF, 0x32, 0xE5, 0xF6, 0xFF, 0x2A, 0xDE, 0xF5, 0xFF, 0x2B, 0xDB, 0xF4, 0xFF,
  0x2B, 0xDA, 0xF3, 0xFF, 0x27, 0xD7, 0xF2, 0xFF, 0x22, 0xD6, 0xF3, 0xFF, 0x21, 0xD1, 0xF1, 0xFF, 0x22, 0xCF, 0xF1, 0xFF, 0x24, 0xD0, 0xF2, 0xFF,
  0x2A, 0xD0, 0xF4, 0xFF, 0x23, 0xCC, 0xF4, 0xFF, 0x21, 0xC8, 0xF5, 0xFF, 0x23, 0xC5, 0xF4, 0xFF, 0x23, 0xC3, 0xF4, 0xFF, 0x23, 0xBF, 0xF4, 0xFF,
  0x22, 0xBA, 0xF2, 0xFF, 0x20, 0xB6, 0xF1, 0xFF, 0x23, 0xB4, 0xF1, 0xFF, 0x24, 0xB3, 0xF2, 0xFF, 0x25, 0xAF, 0xF1, 0xFF, 0x25, 0xAC, 0xF1, 0xFF,
  0x26, 0xA9, 0xF0, 0xFF, 0x26, 0xA5, 0xEE, 0xFF, 0x26, 0xA2, 0xEE, 0xFF, 0x27, 0xA3, 0xF0, 0xFF, 0x28, 0xA2, 0xF0, 0xFF, 0x28, 0x9F, 0xEF, 0xFF,
  0x2A, 0x9B, 0xEF, 0xFF, 0x2B, 0x97, 0xEE, 0xFF, 0x2B, 0x94, 0xEE, 0xFF, 0x2B, 0x90, 0xED, 0xFF, 0x2F, 0x8E, 0xED, 0xFF, 0x31, 0x8D, 0xED, 0xFF,
  0x2E, 0x8A, 0xEE, 0xFF, 0x2F, 0x88, 0xED, 0xFF, 0x2F, 0x84, 0xEC, 0xFF, 0x30, 0x82, 0xEC, 0xFF, 0x32, 0x80, 0xEC, 0xFF, 0x33, 0x81, 0xEB, 0xFF,
  0x35, 0x81, 0xEE, 0xFF, 0x36, 0x7E, 0xED, 0xFF, 0x37, 0x7D, 0xEE, 0xFF, 0x3C, 0x7F, 0xEE, 0xFF, 0x3D, 0x7E, 0xED, 0xFF, 0x3F, 0x7F, 0xEE, 0xFF,
  0x41, 0x7D, 0xEF, 0xFF, 0x40, 0x7C, 0xED, 0xFF, 0x3F, 0x79, 0xEB, 0xFF, 0x43, 0x7A, 0xEB, 0xFF, 0x44, 0x7A, 0xED, 0xFF, 0x49, 0x7C, 0xED, 0xFF,
  0x4B, 0x7E, 0xEC, 0xFF, 0x4D, 0x7D, 0xEA, 0xFF, 0x4E, 0x7B, 0xEA, 0xFF, 0x51, 0x7A, 0xEA, 0xFF, 0x53, 0x7A, 0xE8, 0xFF, 0x55, 0x7B, 0xE7, 0xFF,
  0x56, 0x79, 0xE5, 0xFF, 0x53, 0x77, 0xE3, 0xFF, 0x56, 0x7B, 0xE2, 0xFF, 0x58, 0x7C, 0xE1, 0xFF, 0x57, 0x7D, 0xE0, 0xFF, 0x59, 0x7D, 0xE0, 0xFF,
  0x59, 0x7D, 0xE0, 0xFF, 0x59, 0x7D, 0xDD, 0xFF, 0x59, 0x7E, 0xDB, 0xFF, 0x5B, 0x81, 0xDE, 0xFF, 0x65, 0x88, 0xE0, 0xFF, 0x67, 0x8D, 0xE4, 0xFF,
  0x6D, 0x94, 0xE4, 0xFF, 0x6E, 0x96, 0xE5, 0xFF, 0x6F, 0x98, 0xE7, 0xFF, 0x73, 0x9D, 0xEA, 0xFF, 0x71, 0xA0, 0xE8, 0xFF, 0x76, 0xAA, 0xE9, 0xFF,
  0x7B, 0xB3, 0xEC, 0xFF, 0x7C, 0xB6, 0xED, 0xFF, 0x7B, 0xB4, 0xEC, 0xFF, 0x73, 0xAC, 0xE9, 0xFF, 0x71, 0xAB, 0xE6, 0xFF, 0x6F, 0xA4, 0xE4, 0xFF,
  0x70, 0x9F, 0xE3, 0xFF, 0x73, 0x9D, 0xE2, 0xFF, 0x6F, 0x9D, 0xE3, 0xFF, 0x6A, 0xA1, 0xE2, 0xFF, 0x68, 0xA1, 0xE1, 0xFF, 0x63, 0xA0, 0xE1, 0xFF,
  0x5E, 0x9B, 0xDC, 0xFF, 0x58, 0x9A, 0xDB, 0xFF, 0x53, 0x99, 0xDC, 0xFF, 0x52, 0x99, 0xDB, 0xFF, 0x4D, 0x97, 0xDA, 0xFF, 0x48, 0x95, 0xD7, 0xFF,
  0x43, 0x96, 0xD6, 0xFF, 0x41, 0x95, 0xD6, 0xFF, 0x41, 0x90, 0xD1, 0xFF, 0x3C, 0x8E, 0xCD, 0xFF, 0x3F, 0x8F, 0xD0, 0xFF, 0x37, 0x8E, 0xD1, 0xFF,
  0x2A, 0x8B, 0xD0, 0xFF, 0x26, 0x88, 0xCC, 0xFF, 0x1D, 0x86, 0xCA, 0xFF, 0x14, 0x7F, 0xC7, 0xFF, 0x0B, 0x7A, 0xC4, 0xFF, 0x07, 0x78, 0xC1, 0xFF,
  0x09, 0x75, 0xBC, 0xFF, 0x07, 0x70, 0xBC, 0xFF, 0x04, 0x58, 0xB1, 0xFF, 0x06, 0x20, 0x53, 0xFF, 0x04, 0x04, 0x06, 0xFF, 0x04, 0x03, 0x03, 0xFF,
  0x04, 0x03, 0x03, 0xFF, 0x04, 0x03, 0x04, 0xFF, 0x04, 0x03, 0x04, 0xFF, 0x04, 0x03, 0x04, 0xFF, 0x04, 0x03, 0x04, 0xFF, 0x04, 0x03, 0x04, 0xFF,
  0x04, 0x04, 0x0C, 0xFF, 0x03, 0x0B, 0x3C, 0xFF, 0x02, 0x1C, 0xBB, 0xFF, 0x02, 0x20, 0xE1, 0xFF, 0x01, 0x16, 0xD8, 0xFF, 0x03, 0x20, 0xD3, 0xFF,
  0x3A, 0xE8, 0xFA, 0xFF, 0x31, 0xDE, 0xF9, 0xFF, 0x03, 0x24, 0xDA, 0xFF, 0x04, 0x1A, 0x8B, 0xFF, 0x05, 0x0E, 0x2F, 0xFF, 0x04, 0x05, 0x0B, 0xFF,
  0x04, 0x03, 0x05, 0xFF, 0x04, 0x03, 0x03, 0xFF, 0x04, 0x03, 0x03, 0xFF, 0x04, 0x03, 0x03, 0xFF, 0x04, 0x03, 0x03, 0xFF, 0x04, 0x03, 0x03, 0xFF,
  0x04, 0x03, 0x03, 0xFF, 0x04, 0x03, 0x03, 0xFF, 0x04, 0x03, 0x03, 0xFF, 0x04, 0x03, 0x03, 0xFF, 0x04, 0x03, 0x03, 0xFF, 0x04, 0x04, 0x05, 0xFF,
  0x04, 0x07, 0x09, 0xFF, 0x05, 0x12, 0x1D, 0xFF, 0x04, 0x34, 0x63, 0xFF, 0x01, 0x74, 0xC8, 0xFF, 0x37, 0xF6, 0xF9, 0xFF, 0x55, 0xF9, 0xFA, 0xFF,
  0x06, 0x6F, 0xB2, 0xFF, 0x01, 0x38, 0x95, 0xFF, 0x01, 0x3F, 0xA2, 0xFF, 0x01, 0x36, 0x85, 0xFF, 0x03, 0x12, 0x26, 0xFF, 0x04, 0x05, 0x08, 0xFF,
  0x04, 0x03, 0x03, 0xFF, 0x04, 0x03, 0x03, 0xFF, 0x04, 0x03, 0x03, 0xFF, 0x04, 0x03, 0x03, 0xFF, 0x04, 0x03, 0x03, 0xFF, 0x04, 0x03, 0x03, 0xFF,
  0x04, 0x03, 0x03, 0xFF, 0x04, 0x03, 0x03, 0xFF, 0x04, 0x03, 0x03, 0xFF, 0x04, 0x03, 0x04, 0xFF, 0x04, 0x03, 0x04, 0xFF, 0x04, 0x03, 0x04, 0xFF,
  0x04, 0x04, 0x05, 0xFF, 0x04, 0x04, 0x05, 0xFF, 0x04, 0x04, 0x05, 0xFF, 0x04, 0x04, 0x06, 0xFF, 0x04, 0x05, 0x07, 0xFF, 0x04, 0x07, 0x0A, 0xFF,
  0x05, 0x09, 0x0E, 0xFF, 0x05, 0x0C, 0x12, 0xFF, 0x05, 0x0D, 0x15, 0xFF, 0x06, 0x11, 0x1B, 0xFF, 0x06, 0x17, 0x25, 0xFF, 0x07, 0x21, 0x36, 0xFF,
  0x07, 0x30, 0x52, 0xFF, 0x0B, 0x4D, 0x85, 0xFF, 0x4F, 0x97, 0xC2, 0xFF, 0x5F, 0xDC, 0xEE, 0xFF, 0x36, 0xF5, 0xF6, 0xFF, 0x09, 0xF4, 0xF9, 0xFF,
  0x06, 0xF1, 0xF9, 0xFF, 0x02, 0xEB, 0xFA, 0xFF, 0x01, 0xE6, 0xFA, 0xFF, 0x02, 0xE2, 0xFA, 0xFF, 0x02, 0xDE, 0xFA, 0xFF, 0x02, 0xDB, 0xFA, 0xFF,
  0x02, 0xD8, 0xFA, 0xFF, 0x02, 0xD6, 0xFA, 0xFF, 0x02, 0xD3, 0xFA, 0xFF, 0x01, 0xCE, 0xFA, 0xFF, 0x00, 0xC9, 0xFA, 0xFF, 0x00, 0xC4, 0xFA, 0xFF,
  0x01, 0xC2, 0xF9, 0xFF, 0x00, 0xBF, 0xF9, 0xFF, 0x00, 0xBB, 0xF9, 0xFF, 0x00, 0xB8, 0xF9, 0xFF, 0x00, 0xB6, 0xF9, 0xFF, 0x01, 0xB4, 0xF9, 0xFF,
  0x01, 0xB1, 0xFA, 0xFF, 0x00, 0xAE, 0xF9, 0xFF, 0x00, 0xA9, 0xFA, 0xFF, 0x00, 0xA6, 0xF9, 0xFF, 0x00, 0xA3, 0xF9, 0xFF, 0x00, 0x9E, 0xF9, 0xFF,
  0x00, 0x98, 0xF9, 0xFF, 0x00, 0x94, 0xF9, 0xFF, 0x00, 0x91, 0xF9, 0xFF, 0x00, 0x8E, 0xF9, 0xFF, 0x00, 0x88, 0xF9, 0xFF, 0x00, 0x83, 0xF9, 0xFF,
  0x00, 0x7F, 0xF9, 0xFF, 0x00, 0x7C, 0xF9, 0xFF, 0x00, 0x79, 0xF9, 0xFF, 0x00, 0x75, 0xF9, 0xFF, 0x00, 0x72, 0xF9, 0xFF, 0x00, 0x70, 0xF9, 0xFF,
  0x00, 0x6D, 0xFA, 0xFF, 0x00, 0x69, 0xF9, 0xFF, 0x00, 0x63, 0xF9, 0xFF, 0x00, 0x5F, 0xF9, 0xFF, 0x00, 0x5B, 0xF8, 0xFF, 0x00, 0x58, 0xF9, 0xFF,
  0x00, 0x56, 0xF9, 0xFF, 0x00, 0x52, 0xFA, 0xFF, 0x00, 0x4D, 0xF9, 0xFF, 0x00, 0x4A, 0xF9, 0xFF, 0x00, 0x48, 0xF9, 0xFF, 0x00, 0x46, 0xF9, 0xFF,
  0x00, 0x44, 0xF9, 0xFF, 0x00, 0x41, 0xF9, 0xFF, 0x00, 0x3F, 0xF9, 0xFF, 0x00, 0x3C, 0xF9, 0xFF, 0x00, 0x3B, 0xF9, 0xFF, 0x00, 0x38, 0xF9, 0xFF,
  0x00, 0x33, 0xF9, 0xFF, 0x00, 0x31, 0xF9, 0xFF, 0x00, 0x30, 0xF8, 0xFF, 0x01, 0x2F, 0xF8, 0xFF, 0x00, 0x2D, 0xF7, 0xFF, 0x00, 0x2C, 0xF7, 0xFF,
  0x00, 0x2C, 0xF4, 0xFF, 0x00, 0x2C, 0xF1, 0xFF, 0x01, 0x2B, 0xF0, 0xFF, 0x00, 0x2A, 0xED, 0xFF, 0x01, 0x2A, 0xE9, 0xFF, 0x01, 0x2A, 0xE4, 0xFF,
  0x01, 0x29, 0xE0, 0xFF, 0x01, 0x2A, 0xDF, 0xFF, 0x01, 0x2B, 0xDD, 0xFF, 0x02, 0x2A, 0xDB, 0xFF, 0x02, 0x2A, 0xDA, 0xFF, 0x03, 0x2C, 0xD9, 0xFF,
  0x03, 0x2D, 0xD8, 0xFF, 0x03, 0x2E, 0xD7, 0xFF, 0x03, 0x2F, 0xD7, 0xFF, 0x03, 0x31, 0xD8, 0xFF, 0x03, 0x31, 0xD8, 0xFF, 0x03, 0x33, 0xDA, 0xFF,
  0x03, 0x35, 0xDB, 0xFF, 0x03, 0x37, 0xDE, 0xFF, 0x03, 0x37, 0xE0, 0xFF, 0x02, 0x39, 0xE3, 0xFF, 0x02, 0x3E, 0xE6, 0xFF, 0x02, 0x40, 0xE9, 0xFF,
  0x02, 0x41, 0xEC, 0xFF, 0x02, 0x43, 0xEC, 0xFF, 0x02, 0x44, 0xEA, 0xFF, 0x02, 0x40, 0xE8, 0xFF, 0x02, 0x3F, 0xE7, 0xFF, 0x02, 0x3E, 0xE5, 0xFF,
  0x02, 0x3B, 0xE1, 0xFF, 0x02, 0x3A, 0xDF, 0xFF, 0x02, 0x39, 0xDA, 0xFF, 0x02, 0x3A, 0xD8, 0xFF, 0x02, 0x39, 0xD6, 0xFF, 0x02, 0x37, 0xD4, 0xFF,
  0x02, 0x37, 0xD2, 0xFF, 0x02, 0x38, 0xD1, 0xFF, 0x02, 0x37, 0xD0, 0xFF, 0x02, 0x34, 0xCE, 0xFF, 0x02, 0x32, 0xCE, 0xFF, 0x02, 0x30, 0xD6, 0xFF,
  0x02, 0x30, 0xDF, 0xFF, 0x02, 0x2F, 0xDB, 0xFF, 0x02, 0x2D, 0xD9, 0xFF, 0x02, 0x2B, 0xD5, 0xFF, 0x02, 0x28, 0xD5, 0xFF, 0x02, 0x24, 0xD6, 0xFF,
  0x01, 0x21, 0xD7, 0xFF, 0x01, 0x1D, 0xD9, 0xFF, 0x01, 0x19, 0xD9, 0xFF, 0x00, 0x12, 0xDA, 0xFF, 0x00, 0x0E, 0xDB, 0xFF, 0x01, 0x0A, 0xDC, 0xFF,
  0x01, 0x04, 0xDF, 0xFF, 0x01, 0x09, 0xEF, 0xFF, 0x02, 0x1B, 0xBF, 0xFF, 0x04, 0x06, 0x17, 0xFF, 0x04, 0x04, 0x06, 0xFF, 0x04, 0x03, 0x03, 0xFF,
  0x04, 0x03, 0x03, 0xFF, 0x04, 0x03, 0x03, 0xFF, 0x04, 0x03, 0x04, 0xFF, 0x04, 0x03, 0x04, 0xFF, 0x04, 0x03, 0x04, 0xFF, 0x04, 0x03, 0x04, 0xFF,
  0x04, 0x04, 0x0A, 0xFF, 0x03, 0x0B, 0x36, 0xFF, 0x02, 0x1C, 0xB6, 0xFF, 0x02, 0x21, 0xDD, 0xFF, 0x01, 0x19, 0xD8, 0xFF, 0x02, 0x1B, 0xD1, 0xFF,
  0x3B, 0xE8, 0xF9, 0xFF, 0x31, 0xDE, 0xF9, 0xFF, 0x03, 0x1F, 0xDA, 0xFF, 0x04, 0x1B, 0x8C, 0xFF, 0x05, 0x0E, 0x2E, 0xFF, 0x04, 0x05, 0x0B, 0xFF,
  0x04, 0x04, 0x05, 0xFF, 0x04, 0x03, 0x03, 0xFF, 0x04, 0x03, 0x03, 0xFF, 0x04, 0x03, 0x03, 0xFF, 0x04, 0x03, 0x03, 0xFF, 0x04, 0x03, 0x03, 0xFF,
  0x04, 0x03, 0x03, 0xFF, 0x04, 0x03, 0x03, 0xFF, 0x04, 0x03, 0x03, 0xFF, 0x04, 0x03, 0x03, 0xFF, 0x04, 0x03, 0x03, 0xFF, 0x04, 0x04, 0x04, 0xFF,
  0x04, 0x06, 0x08, 0xFF, 0x05, 0x10, 0x1A, 0xFF, 0x04, 0x30, 0x5E, 0xFF, 0x01, 0x6D, 0xC7, 0xFF, 0x30, 0xF4, 0xF9, 0xFF, 0x51, 0xF8, 0xF9, 0xFF,
  0x05, 0x6E, 0xAF, 0xFF, 0x00, 0x39, 0x95, 0xFF, 0x01, 0x3E, 0xA2, 0xFF, 0x02, 0x34, 0x80, 0xFF, 0x03, 0x10, 0x22, 0xFF, 0x04, 0x04, 0x06, 0xFF,
  0x04, 0x03, 0x03, 0xFF, 0x04, 0x03, 0x03, 0xFF, 0x04, 0x03, 0x03, 0xFF, 0x04, 0x03, 0x03, 0xFF, 0x04, 0x03, 0x03, 0xFF, 0x04, 0x03, 0x03, 0xFF,
  0x04, 0x03, 0x03, 0xFF, 0x04, 0x03, 0x04, 0xFF, 0x04, 0x03, 0x04, 0xFF, 0x04, 0x03, 0x04, 0xFF, 0x04, 0x03, 0x04, 0xFF, 0x04, 0x04, 0x05, 0xFF,
  0x04, 0x04, 0x05, 0xFF, 0x04, 0x05, 0x06, 0xFF, 0x04, 0x05, 0x06, 0xFF, 0x04, 0x06, 0x08, 0xFF, 0x04, 0x06, 0x09, 0xFF, 0x05, 0x08, 0x0D, 0xFF,
  0x05, 0x0B, 0x12, 0xFF, 0x05, 0x0F, 0x18, 0xFF, 0x06, 0x15, 0x21, 0xFF, 0x07, 0x20, 0x34, 0xFF, 0x0A, 0x37, 0x5E, 0xFF, 0x14, 0x5B, 0x9A, 0xFF,
  0x59, 0xA6, 0xD0, 0xFF, 0x66, 0xEB, 0xF6, 0xFF, 0x1E, 0xF7, 0xF9, 0xFF, 0x06, 0xF3, 0xFA, 0xFF, 0x03, 0xEE, 0xFA, 0xFF, 0x02, 0xEA, 0xFA, 0xFF,
  0x02, 0xE5, 0xFA, 0xFF, 0x03, 0xE1, 0xFA, 0xFF, 0x03, 0xDC, 0xFA, 0xFF, 0x03, 0xDA, 0xFA, 0xFF, 0x03, 0xD7, 0xFA, 0xFF, 0x02, 0xD5, 0xFA, 0xFF,
  0x02, 0xD2, 0xFA, 0xFF, 0x02, 0xD0, 0xFA, 0xFF, 0x02, 0xCD, 0xFA, 0xFF, 0x02, 0xCA, 0xF9, 0xFF, 0x01, 0xC8, 0xFA, 0xFF, 0x02, 0xC5, 0xFA, 0xFF,
  0x01, 0xC2, 0xFA, 0xFF, 0x01, 0xC0, 0xF9, 0xFF, 0x01, 0xBD, 0xF9, 0xFF, 0x01, 0xB9, 0xF9, 0xFF, 0x01, 0xB5, 0xFA, 0xFF, 0x01, 0xB3, 0xFA, 0xFF,
  0x01, 0xB0, 0xFA, 0xFF, 0x01, 0xAD, 0xFA, 0xFF, 0x01, 0xA9, 0xFA, 0xFF, 0x01, 0xA6, 0xFA, 0xFF, 0x01, 0xA3, 0xF9, 0xFF, 0x00, 0x9F, 0xF9, 0xFF,
  0x00, 0x99, 0xF9, 0xFF, 0x00, 0x97, 0xF9, 0xFF, 0x00, 0x94, 0xFA, 0xFF, 0x00, 0x90, 0xFA, 0xFF, 0x00, 0x8C, 0xFA, 0xFF, 0x00, 0x85, 0xF9, 0xFF,
  0x00, 0x80, 0xF9, 0xFF, 0x00, 0x7D, 0xF9, 0xFF, 0x01, 0x7B, 0xF9, 0xFF, 0x00, 0x76, 0xF9, 0xFF, 0x00, 0x74, 0xF9, 0xFF, 0x01, 0x72, 0xF9, 0xFF,
  0x00, 0x6E, 0xF9, 0xFF, 0x00, 0x6A, 0xF9, 0xFF, 0x00, 0x65, 0xF8, 0xFF, 0x00, 0x61, 0xF8, 0xFF, 0x00, 0x5E, 0xF8, 0xFF, 0x01, 0x5A, 0xF9, 0xFF,
  0x00, 0x57, 0xF9, 0xFF, 0x00, 0x53, 0xF9, 0xFF, 0x00, 0x4F, 0xF9, 0xFF, 0x00, 0x4D, 0xF9, 0xFF, 0x01, 0x4A, 0xF9, 0xFF, 0x00, 0x48, 0xF9, 0xFF,
  0x00, 0x45, 0xF9, 0xFF, 0x00, 0x43, 0xF9, 0xFF, 0x00, 0x41, 0xF9, 0xFF, 0x00, 0x3E, 0xF9, 0xFF, 0x00, 0x3D, 0xFA, 0xFF, 0x00, 0x39, 0xFA, 0xFF,
  0x00, 0x36, 0xFA, 0xFF, 0x00, 0x32, 0xF9, 0xFF, 0x00, 0x31, 0xF9, 0xFF, 0x00, 0x2E, 0xF8, 0xFF, 0x00, 0x2C, 0xF6, 0xFF, 0x00, 0x2B, 0xF3, 0xFF,
  0x00, 0x2A, 0xEF, 0xFF, 0x00, 0x2A, 0xED, 0xFF, 0x00, 0x2A, 0xEA, 0xFF, 0x00, 0x29, 0xE7, 0xFF, 0x00, 0x29, 0xE1, 0xFF, 0x00, 0x28, 0xDC, 0xFF,
  0x00, 0x27, 0xD9, 0xFF, 0x01, 0x28, 0xD8, 0xFF, 0x01, 0x28, 0xD5, 0xFF, 0x00, 0x27, 0xD3, 0xFF, 0x00, 0x27, 0xD2, 0xFF, 0x01, 0x27, 0xCE, 0xFF,
  0x01, 0x28, 0xCD, 0xFF, 0x01, 0x29, 0xCC, 0xFF, 0x01, 0x2A, 0xCA, 0xFF, 0x01, 0x2B, 0xCA, 0xFF, 0x01, 0x2C, 0xCB, 0xFF, 0x01, 0x2D, 0xCA, 0xFF,
  0x01, 0x30, 0xCA, 0xFF, 0x01, 0x31, 0xCA, 0xFF, 0x01, 0x33, 0xCC, 0xFF, 0x01, 0x35, 0xCE, 0xFF, 0x01, 0x37, 0xD1, 0xFF, 0x00, 0x37, 0xD2, 0xFF,
  0x00, 0x36, 0xD2, 0xFF, 0x00, 0x38, 0xD2, 0xFF, 0x00, 0x39, 0xD2, 0xFF, 0x00, 0x3A, 0xD1, 0xFF, 0x00, 0x3A, 0xD0, 0xFF, 0x00, 0x37, 0xCD, 0xFF,
  0x00, 0x36, 0xCB, 0xFF, 0x00, 0x37, 0xCA, 0xFF, 0x00, 0x37, 0xC9, 0xFF, 0x00, 0x37, 0xC9, 0xFF, 0x00, 0x37, 0xC8, 0xFF, 0x00, 0x35, 0xC6, 0xFF,
  0x00, 0x35, 0xC4, 0xFF, 0x00, 0x36, 0xC5, 0xFF, 0x00, 0x35, 0xC6, 0xFF, 0x00, 0x33, 0xC7, 0xFF, 0x00, 0x33, 0xCB, 0xFF, 0x00, 0x32, 0xD6, 0xFF,
  0x00, 0x32, 0xDF, 0xFF, 0x00, 0x31, 0xDB, 0xFF, 0x00, 0x2D, 0xDC, 0xFF, 0x00, 0x2B, 0xD9, 0xFF, 0x00, 0x29, 0xD7, 0xFF, 0x00, 0x27, 0xD6, 0xFF,
  0x00, 0x25, 0xDA, 0xFF, 0x00, 0x21, 0xD7, 0xFF, 0x00, 0x1C, 0xD7, 0xFF, 0x00, 0x16, 0xD9, 0xFF, 0x00, 0x13, 0xD7, 0xFF, 0x01, 0x0E, 0xDB, 0xFF,
  0x01, 0x12, 0xEC, 0xFF, 0x04, 0x1D, 0xBE, 0xFF, 0x03, 0x08, 0x25, 0xFF, 0x04, 0x04, 0x06, 0xFF, 0x04, 0x03, 0x05, 0xFF, 0x04, 0x03, 0x03, 0xFF,
  0x04, 0x03, 0x03, 0xFF, 0x04, 0x03, 0x03, 0xFF, 0x04, 0x03, 0x03, 0xFF, 0x04, 0x03, 0x03, 0xFF, 0x04, 0x03, 0x04, 0xFF, 0x04, 0x03, 0x04, 0xFF,
  0x04, 0x04, 0x0A, 0xFF, 0x04, 0x0B, 0x35, 0xFF, 0x03, 0x1B, 0xAF, 0xFF, 0x02, 0x21, 0xDC, 0xFF, 0x01, 0x1B, 0xD8, 0xFF, 0x03, 0x1B, 0xD1, 0xFF,
  0x3D, 0xE9, 0xF9, 0xFF, 0x32, 0xDF, 0xF8, 0xFF, 0x03, 0x21, 0xDC, 0xFF, 0x05, 0x1B, 0x8B, 0xFF, 0x05, 0x0D, 0x2C, 0xFF, 0x04, 0x05, 0x0B, 0xFF,
  0x04, 0x04, 0x05, 0xFF, 0x04, 0x03, 0x03, 0xFF, 0x04, 0x03, 0x03, 0xFF, 0x04, 0x03, 0x03, 0xFF, 0x04, 0x03, 0x03, 0xFF, 0x04, 0x03, 0x03, 0xFF,
  0x04, 0x03, 0x03, 0xFF, 0x04, 0x03, 0x03, 0xFF, 0x04, 0x03, 0x03, 0xFF, 0x04, 0x03, 0x03, 0xFF, 0x04, 0x03, 0x03, 0xFF, 0x04, 0x04, 0x04, 0xFF,
  0x04, 0x06, 0x08, 0xFF, 0x04, 0x10, 0x19, 0xFF, 0x04, 0x2E, 0x58, 0xFF, 0x01, 0x6C, 0xC7, 0xFF, 0x27, 0xF2, 0xF8, 0xFF, 0x49, 0xF8, 0xF9, 0xFF,
  0x04, 0x6E, 0xB2, 0xFF, 0x00, 0x39, 0x94, 0xFF, 0x01, 0x3D, 0xA0, 0xFF, 0x02, 0x31, 0x7A, 0xFF, 0x03, 0x10, 0x21, 0xFF, 0x04, 0x05, 0x07, 0xFF,
  0x04, 0x03, 0x04, 0xFF, 0x04, 0x03, 0x03, 0xFF, 0x04, 0x03, 0x03, 0xFF, 0x04, 0x03, 0x03, 0xFF, 0x04, 0x03, 0x03, 0xFF, 0x04, 0x03, 0x03, 0xFF,
  0x04, 0x03, 0x03, 0xFF, 0x04, 0x03, 0x04, 0xFF, 0x04, 0x03, 0x04, 0xFF, 0x04, 0x03, 0x04, 0xFF, 0x04, 0x03, 0x04, 0xFF, 0x04, 0x04, 0x05, 0xFF,
  0x04, 0x05, 0x06, 0xFF, 0x04, 0x05, 0x07, 0xFF, 0x04, 0x06, 0x09, 0xFF, 0x05, 0x07, 0x0A, 0xFF, 0x05, 0x08, 0x0C, 0xFF, 0x05, 0x0B, 0x11, 0xFF,
  0x06, 0x10, 0x19, 0xFF, 0x06, 0x17, 0x25, 0xFF, 0x08, 0x25, 0x3D, 0xFF, 0x09, 0x42, 0x76, 0xFF, 0x50, 0x94, 0xCB, 0xFF, 0x64, 0xE9, 0xF4, 0xFF,
  0x15, 0xF7, 0xF9, 0xFF, 0x07, 0xF5, 0xF9, 0xFF, 0x02, 0xF0, 0xF9, 0xFF, 0x02, 0xEA, 0xFA, 0xFF, 0x03, 0xE6, 0xFA, 0xFF, 0x02, 0xE2, 0xFA, 0xFF,
  0x02, 0xDE, 0xFA, 0xFF, 0x02, 0xDB, 0xFA, 0xFF, 0x03, 0xD8, 0xFA, 0xFF, 0x03, 0xD5, 0xFA, 0xFF, 0x03, 0xD2, 0xFA, 0xFF, 0x02, 0xD2, 0xFA, 0xFF,
  0x02, 0xCF, 0xFA, 0xFF, 0x02, 0xCD, 0xFA, 0xFF, 0x02, 0xCC, 0xF9, 0xFF, 0x02, 0xCC, 0xF9, 0xFF, 0x02, 0xCA, 0xFA, 0xFF, 0x02, 0xC9, 0xFA, 0xFF,
  0x01, 0xC7, 0xFA, 0xFF, 0x01, 0xC4, 0xFA, 0xFF, 0x02, 0xC1, 0xFA, 0xFF, 0x01, 0xBE, 0xFA, 0xFF, 0x02, 0xBA, 0xFA, 0xFF, 0x01, 0xB7, 0xF9, 0xFF,
  0x01, 0xB4, 0xF9, 0xFF, 0x01, 0xB1, 0xFA, 0xFF, 0x01, 0xAF, 0xFA, 0xFF, 0x01, 0xAC, 0xF9, 0xFF, 0x01, 0xA7, 0xFA, 0xFF, 0x00, 0xA3, 0xF9, 0xFF,
  0x00, 0x9F, 0xF9, 0xFF, 0x00, 0x9E, 0xFA, 0xFF, 0x00, 0x9C, 0xFA, 0xFF, 0x00, 0x99, 0xFB, 0xFF, 0x00, 0x95, 0xFB, 0xFF, 0x01, 0x90, 0xFA, 0xFF,
  0x00, 0x8B, 0xFA, 0xFF, 0x01, 0x88, 0xF9, 0xFF, 0x00, 0x85, 0xF9, 0xFF, 0x00, 0x83, 0xF9, 0xFF, 0x00, 0x81, 0xFA, 0xFF, 0x01, 0x7F, 0xFA, 0xFF,
  0x01, 0x7B, 0xFA, 0xFF, 0x00, 0x76, 0xFA, 0xFF, 0x00, 0x72, 0xFA, 0xFF, 0x01, 0x70, 0xF9, 0xFF, 0x01, 0x6F, 0xF9, 0xFF, 0x02, 0x6D, 0xFA, 0xFF,
  0x01, 0x6A, 0xFA, 0xFF, 0x02, 0x68, 0xFA, 0xFF, 0x02, 0x64, 0xFA, 0xFF, 0x02, 0x61, 0xFA, 0xFF, 0x02, 0x5E, 0xFB, 0xFF, 0x03, 0x5C, 0xFB, 0xFF,
  0x03, 0x5A, 0xFB, 0xFF, 0x03, 0x58, 0xFB, 0xFF, 0x03, 0x54, 0xFA, 0xFF, 0x03, 0x51, 0xFB, 0xFF, 0x03, 0x4F, 0xFA, 0xFF, 0x03, 0x4C, 0xFA, 0xFF,
  0x03, 0x4A, 0xFA, 0xFF, 0x04, 0x47, 0xFA, 0xFF, 0x03, 0x41, 0xF9, 0xFF, 0x04, 0x41, 0xF9, 0xFF, 0x04, 0x40, 0xF9, 0xFF, 0x04, 0x3E, 0xF9, 0xFF,
  0x04, 0x3C, 0xF7, 0xFF, 0x04, 0x39, 0xF5, 0xFF, 0x04, 0x3A, 0xF4, 0xFF, 0x05, 0x3A, 0xF2, 0xFF, 0x05, 0x3A, 0xF0, 0xFF, 0x05, 0x3A, 0xED, 0xFF,
  0x05, 0x39, 0xEC, 0xFF, 0x05, 0x38, 0xE9, 0xFF, 0x05, 0x37, 0xE6, 0xFF, 0x05, 0x35, 0xE4, 0xFF, 0x05, 0x35, 0xE3, 0xFF, 0x04, 0x36, 0xE1, 0xFF,
  0x04, 0x36, 0xDF, 0xFF, 0x05, 0x37, 0xDE, 0xFF, 0x05, 0x3A, 0xDD, 0xFF, 0x06, 0x3C, 0xDE, 0xFF, 0x05, 0x3C, 0xDD, 0xFF, 0x05, 0x3C, 0xDB, 0xFF,
  0x06, 0x40, 0xDC, 0xFF, 0x05, 0x40, 0xDC, 0xFF, 0x04, 0x41, 0xDD, 0xFF, 0x04, 0x43, 0xDE, 0xFF, 0x04, 0x44, 0xDF, 0xFF, 0x03, 0x41, 0xDD, 0xFF,
  0x03, 0x42, 0xDE, 0xFF, 0x03, 0x45, 0xDF, 0xFF, 0x03, 0x44, 0xDE, 0xFF, 0x02, 0x43, 0xDD, 0xFF, 0x02, 0x43, 0xDD, 0xFF, 0x01, 0x43, 0xDD, 0xFF,
  0x02, 0x45, 0xDF, 0xFF, 0x01, 0x44, 0xDE, 0xFF, 0x01, 0x43, 0xDB, 0xFF, 0x01, 0x43, 0xDB, 0xFF, 0x01, 0x43, 0xDC, 0xFF, 0x00, 0x42, 0xDB, 0xFF,
  0x00, 0x41, 0xDA, 0xFF, 0x00, 0x40, 0xDC, 0xFF, 0x00, 0x40, 0xDF, 0xFF, 0x00, 0x3F, 0xE0, 0xFF, 0x01, 0x3F, 0xE4, 0xFF, 0x00, 0x3E, 0xEB, 0xFF,
  0x00, 0x39, 0xF0, 0xFF, 0x00, 0x36, 0xEB, 0xFF, 0x00, 0x33, 0xEE, 0xFF, 0x00, 0x31, 0xEE, 0xFF, 0x00, 0x30, 0xEB, 0xFF, 0x00, 0x30, 0xEB, 0xFF,
  0x00, 0x2E, 0xED, 0xFF, 0x00, 0x27, 0xEB, 0xFF, 0x00, 0x1F, 0xF1, 0xFF, 0x00, 0x27, 0xF9, 0xFF, 0x01, 0x20, 0xF6, 0xFF, 0x01, 0x35, 0xF7, 0xFF,
  0x02, 0x3C, 0xC8, 0xFF, 0x03, 0x0E, 0x3E, 0xFF, 0x04, 0x04, 0x08, 0xFF, 0x04, 0x03, 0x05, 0xFF, 0x04, 0x03, 0x04, 0xFF, 0x04, 0x03, 0x03, 0xFF,
  0x04, 0x03, 0x03, 0xFF, 0x04, 0x03, 0x03, 0xFF, 0x04, 0x03, 0x03, 0xFF, 0x04, 0x03, 0x03, 0xFF, 0x04, 0x03, 0x04, 0xFF, 0x04, 0x03, 0x04, 0xFF,
  0x04, 0x04, 0x0B, 0xFF, 0x03, 0x0B, 0x35, 0xFF, 0x03, 0x1C, 0xAB, 0xFF, 0x02, 0x22, 0xDB, 0xFF, 0x02, 0x1C, 0xD8, 0xFF, 0x04, 0x24, 0xD3, 0xFF,
  0x36, 0xEA, 0xF9, 0xFF, 0x2E, 0xDA, 0xF8, 0xFF, 0x03, 0x22, 0xDE, 0xFF, 0x05, 0x1A, 0x89, 0xFF, 0x05, 0x0D, 0x2A, 0xFF, 0x04, 0x05, 0x0A, 0xFF,
  0x04, 0x04, 0x05, 0xFF, 0x04, 0x03, 0x03, 0xFF, 0x04, 0x03, 0x03, 0xFF, 0x04, 0x03, 0x03, 0xFF, 0x04, 0x03, 0x03, 0xFF, 0x04, 0x03, 0x03, 0xFF,
  0x04, 0x03, 0x03, 0xFF, 0x04, 0x03, 0x03, 0xFF, 0x04, 0x03, 0x03, 0xFF, 0x04, 0x03, 0x03, 0xFF, 0x04, 0x03, 0x03, 0xFF, 0x04, 0x04, 0x04, 0xFF,
  0x04, 0x06, 0x08, 0xFF, 0x04, 0x0F, 0x19, 0xFF, 0x04, 0x2F, 0x5A, 0xFF, 0x01, 0x6A, 0xC8, 0xFF, 0x27, 0xF4, 0xF9, 0xFF, 0x47, 0xF9, 0xFA, 0xFF,
  0x05, 0x6D, 0xB0, 0xFF, 0x00, 0x35, 0x8E, 0xFF, 0x01, 0x3B, 0x9D, 0xFF, 0x02, 0x2F, 0x75, 0xFF, 0x03, 0x0F, 0x20, 0xFF, 0x04, 0x04, 0x06, 0xFF,
  0x04, 0x03, 0x04, 0xFF, 0x04, 0x03, 0x03, 0xFF, 0x04, 0x03, 0x03, 0xFF, 0x04, 0x03, 0x03, 0xFF, 0x04, 0x03, 0x03, 0xFF, 0x04, 0x03, 0x03, 0xFF,
  0x04, 0x03, 0x03, 0xFF, 0x04, 0x03, 0x04, 0xFF, 0x04, 0x03, 0x04, 0xFF, 0x04, 0x03, 0x04, 0xFF, 0x04, 0x04, 0x05, 0xFF, 0x04, 0x04, 0x05, 0xFF,
  0x04, 0x05, 0x07, 0xFF, 0x04, 0x06, 0x08, 0xFF, 0x05, 0x07, 0x0A, 0xFF, 0x05, 0x08, 0x0D, 0xFF, 0x05, 0x0B, 0x10, 0xFF, 0x06, 0x10, 0x1A, 0xFF,
  0x07, 0x1B, 0x2B, 0xFF, 0x09, 0x2F, 0x4E, 0xFF, 0x0B, 0x5B, 0xA4, 0xFF, 0x6B, 0xBB, 0xE6, 0xFF, 0x4E, 0xF7, 0xF8, 0xFF, 0x0C, 0xF7, 0xFA, 0xFF,
  0x04, 0xF4, 0xFA, 0xFF, 0x03, 0xEF, 0xFA, 0xFF, 0x02, 0xE9, 0xFA, 0xFF, 0x02, 0xE4, 0xFA, 0xFF, 0x02, 0xE0, 0xFA, 0xFF, 0x02, 0xDE, 0xFB, 0xFF,
  0x02, 0xDC, 0xFB, 0xFF, 0x01, 0xD7, 0xFA, 0xFF, 0x02, 0xD5, 0xFA, 0xFF, 0x03, 0xD4, 0xFA, 0xFF, 0x03, 0xD4, 0xFA, 0xFF, 0x03, 0xD3, 0xFA, 0xFF,
  0x02, 0xD4, 0xFA, 0xFF, 0x03, 0xD4, 0xFA, 0xFF, 0x03, 0xD6, 0xFA, 0xFF, 0x03, 0xD7, 0xF9, 0xFF, 0x02, 0xD6, 0xFA, 0xFF, 0x02, 0xD5, 0xFA, 0xFF,
  0x02, 0xD3, 0xFA, 0xFF, 0x02, 0xD0, 0xFA, 0xFF, 0x03, 0xCE, 0xFA, 0xFF, 0x03, 0xCB, 0xFA, 0xFF, 0x03, 0xC8, 0xFA, 0xFF, 0x02, 0xC5, 0xFA, 0xFF,
  0x02, 0xC2, 0xFA, 0xFF, 0x02, 0xC0, 0xFA, 0xFF, 0x02, 0xBE, 0xFA, 0xFF, 0x02, 0xBB, 0xFA, 0xFF, 0x01, 0xB7, 0xF9, 0xFF, 0x01, 0xB4, 0xFA, 0xFF,
  0x01, 0xB0, 0xF9, 0xFF, 0x01, 0xAE, 0xF9, 0xFF, 0x01, 0xAD, 0xFA, 0xFF, 0x01, 0xAD, 0xFB, 0xFF, 0x02, 0xAA, 0xFB, 0xFF, 0x01, 0xA4, 0xFA, 0xFF,
  0x01, 0xA2, 0xFA, 0xFF, 0x01, 0xA1, 0xFA, 0xFF, 0x01, 0x9F, 0xFA, 0xFF, 0x01, 0x9D, 0xFA, 0xFF, 0x02, 0x9E, 0xF9, 0xFF, 0x01, 0x9D, 0xF9, 0xFF,
  0x01, 0x9C, 0xFA, 0xFF, 0x02, 0x9B, 0xFA, 0xFF, 0x02, 0x9A, 0xFA, 0xFF, 0x04, 0x98, 0xFA, 0xFF, 0x05, 0x98, 0xFA, 0xFF, 0x06, 0x96, 0xFA, 0xFF,
  0x08, 0x96, 0xFA, 0xFF, 0x0A, 0x97, 0xFA, 0xFF, 0x0C, 0x97, 0xFA, 0xFF, 0x0C, 0x96, 0xFA, 0xFF, 0x0C, 0x94, 0xFA, 0xFF, 0x0D, 0x92, 0xFA, 0xFF,
  0x0F, 0x91, 0xFA, 0xFF, 0x0F, 0x8F, 0xFA, 0xFF, 0x10, 0x8E, 0xFA, 0xFF, 0x11, 0x8A, 0xFA, 0xFF, 0x11, 0x86, 0xFA, 0xFF, 0x11, 0x85, 0xFB, 0xFF,
  0x13, 0x84, 0xFA, 0xFF, 0x14, 0x82, 0xFA, 0xFF, 0x14, 0x7E, 0xFA, 0xFF, 0x14, 0x7D, 0xFA, 0xFF, 0x15, 0x7B, 0xFA, 0xFF, 0x15, 0x79, 0xF9, 0xFF,
  0x16, 0x76, 0xF9, 0xFF, 0x17, 0x76, 0xFA, 0xFF, 0x18, 0x77, 0xF9, 0xFF, 0x19, 0x77, 0xFA, 0xFF, 0x19, 0x75, 0xFA, 0xFF, 0x1A, 0x74, 0xFA, 0xFF,
  0x1B, 0x75, 0xFA, 0xFF, 0x1D, 0x76, 0xFA, 0xFF, 0x1F, 0x78, 0xF9, 0xFF, 0x1F, 0x7A, 0xF9, 0xFF, 0x20, 0x7B, 0xF9, 0xFF, 0x22, 0x7D, 0xF9, 0xFF,
  0x24, 0x7F, 0xF9, 0xFF, 0x28, 0x86, 0xF9, 0xFF, 0x2B, 0x89, 0xFA, 0xFF, 0x2C, 0x8C, 0xF9, 0xFF, 0x2E, 0x91, 0xF9, 0xFF, 0x2F, 0x95, 0xF9, 0xFF,
  0x2F, 0x97, 0xFA, 0xFF, 0x2E, 0x99, 0xFA, 0xFF, 0x2D, 0x9C, 0xFA, 0xFF, 0x2E, 0x9F, 0xFA, 0xFF, 0x2D, 0xA0, 0xFA, 0xFF, 0x2C, 0x9F, 0xFA, 0xFF,
  0x2A, 0xA0, 0xFA, 0xFF, 0x2B, 0xA2, 0xFA, 0xFF, 0x2B, 0xA2, 0xFA, 0xFF, 0x29, 0xA2, 0xFA, 0xFF, 0x27, 0xA4, 0xFA, 0xFF, 0x26, 0xA9, 0xFB, 0xFF,
  0x23, 0xAE, 0xFB, 0xFF, 0x1E, 0xAE, 0xFB, 0xFF, 0x1A, 0xAE, 0xFB, 0xFF, 0x13, 0xAE, 0xFB, 0xFF, 0x0A, 0xAE, 0xFA, 0xFF, 0x06, 0xAE, 0xFB, 0xFF,
  0x06, 0xAC, 0xFB, 0xFF, 0x02, 0xAD, 0xFA, 0xFF, 0x01, 0xAD, 0xFA, 0xFF, 0x02, 0xAD, 0xFB, 0xFF, 0x02, 0xAB, 0xFB, 0xFF, 0x01, 0xAB, 0xFA, 0xFF,
  0x00, 0xA5, 0xFA, 0xFF, 0x00, 0x9F, 0xF9, 0xFF, 0x01, 0xA1, 0xFA, 0xFF, 0x01, 0xA1, 0xFA, 0xFF, 0x00, 0x9C, 0xFA, 0xFF, 0x02, 0x92, 0xFB, 0xFF,
  0x01, 0x84, 0xFB, 0xFF, 0x00, 0x77, 0xF8, 0xFF, 0x00, 0x6B, 0xF8, 0xFF, 0x00, 0x68, 0xFB, 0xFF, 0x00, 0x80, 0xFA, 0xFF, 0x01, 0x67, 0xEA, 0xFF,
  0x03, 0x0D, 0x4A, 0xFF, 0x04, 0x06, 0x0E, 0xFF, 0x04, 0x04, 0x06, 0xFF, 0x04, 0x03, 0x04, 0xFF, 0x04, 0x03, 0x03, 0xFF, 0x04, 0x03, 0x03, 0xFF,
  0x04, 0x03, 0x03, 0xFF, 0x04, 0x03, 0x03, 0xFF, 0x04, 0x03, 0x03, 0xFF, 0x04, 0x03, 0x03, 0xFF, 0x04, 0x03, 0x03, 0xFF, 0x04, 0x03, 0x04, 0xFF,
  0x04, 0x04, 0x0A, 0xFF, 0x04, 0x0B, 0x35, 0xFF, 0x02, 0x1B, 0xA7, 0xFF, 0x02, 0x22, 0xDB, 0xFF, 0x01, 0x1B, 0xD7, 0xFF, 0x04, 0x24, 0xD2, 0xFF,
  0x34, 0xEA, 0xF9, 0xFF, 0x2E, 0xD9, 0xF9, 0xFF, 0x02, 0x1D, 0xE1, 0xFF, 0x04, 0x1A, 0x88, 0xFF, 0x05, 0x0D, 0x2A, 0xFF, 0x04, 0x05, 0x0A, 0xFF,
  0x04, 0x04, 0x06, 0xFF, 0x04, 0x03, 0x04, 0xFF, 0x04, 0x03, 0x03, 0xFF, 0x04, 0x03, 0x03, 0xFF, 0x04, 0x03, 0x03, 0xFF, 0x04, 0x03, 0x03, 0xFF,
  0x04, 0x03, 0x03, 0xFF, 0x04, 0x03, 0x03, 0xFF, 0x04, 0x03, 0x03, 0xFF, 0x04, 0x03, 0x03, 0xFF, 0x04, 0x03, 0x03, 0xFF, 0x04, 0x04, 0x04, 0xFF,
  0x04, 0x06, 0x07, 0xFF, 0x04, 0x0F, 0x18, 0xFF, 0x04, 0x2F, 0x5C, 0xFF, 0x01, 0x68, 0xC9, 0xFF, 0x29, 0xF5, 0xFA, 0xFF, 0x47, 0xF9, 0xFA, 0xFF,
  0x05, 0x6D, 0xAF, 0xFF, 0x01, 0x2F, 0x85, 0xFF, 0x01, 0x38, 0x98, 0xFF, 0x02, 0x2E, 0x72, 0xFF, 0x03, 0x0F, 0x1F, 0xFF, 0x04, 0x04, 0x06, 0xFF,
  0x04, 0x03, 0x04, 0xFF, 0x04, 0x03, 0x03, 0xFF, 0x04, 0x03, 0x03, 0xFF, 0x04, 0x03, 0x03, 0xFF, 0x04, 0x03, 0x03, 0xFF, 0x04, 0x03, 0x03, 0xFF,
  0x04, 0x03, 0x03, 0xFF, 0x04, 0x03, 0x04, 0xFF, 0x04, 0x03, 0x04, 0xFF, 0x04, 0x04, 0x05, 0xFF, 0x04, 0x04, 0x05, 0xFF, 0x04, 0x05, 0x06, 0xFF,
  0x04, 0x05, 0x08, 0xFF, 0x04, 0x07, 0x0A, 0xFF, 0x05, 0x08, 0x0C, 0xFF, 0x05, 0x0A, 0x10, 0xFF, 0x05, 0x0F, 0x17, 0xFF, 0x07, 0x17, 0x25, 0xFF,
  0x09, 0x2E, 0x4D, 0xFF, 0x0E, 0x63, 0xA3, 0xFF, 0x65, 0xD2, 0xF0, 0xFF, 0x34, 0xF8, 0xF9, 0xFF, 0x08, 0xF7, 0xFA, 0xFF, 0x04, 0xF3, 0xFA, 0xFF,
  0x04, 0xED, 0xFA, 0xFF, 0x03, 0xE9, 0xFA, 0xFF, 0x02, 0xE4, 0xFA, 0xFF, 0x02, 0xE1, 0xFA, 0xFF, 0x01, 0xDE, 0xFA, 0xFF, 0x02, 0xDC, 0xFB, 0xFF,
  0x01, 0xDA, 0xFA, 0xFF, 0x02, 0xD8, 0xFA, 0xFF, 0x02, 0xD8, 0xF9, 0xFF, 0x03, 0xD9, 0xFA, 0xFF, 0x03, 0xDC, 0xFA, 0xFF, 0x03, 0xE0, 0xFA, 0xFF,
  0x06, 0xE6, 0xFB, 0xFF, 0x07, 0xEA, 0xFA, 0xFF, 0x05, 0xEC, 0xFA, 0xFF, 0x04, 0xED, 0xFA, 0xFF, 0x04, 0xEE, 0xFB, 0xFF, 0x04, 0xED, 0xFB, 0xFF,
  0x03, 0xEB, 0xFB, 0xFF, 0x02, 0xE9, 0xFB, 0xFF, 0x02, 0xE7, 0xFB, 0xFF, 0x02, 0xE5, 0xFB, 0xFF, 0x02, 0xE1, 0xFA, 0xFF, 0x03, 0xE0, 0xFA, 0xFF,
  0x02, 0xDD, 0xFA, 0xFF, 0x02, 0xDA, 0xFA, 0xFF, 0x02, 0xD7, 0xFA, 0xFF, 0x02, 0xD5, 0xFA, 0xFF, 0x02, 0xD2, 0xFA, 0xFF, 0x01, 0xCF, 0xFA, 0xFF,
  0x01, 0xCB, 0xFA, 0xFF, 0x02, 0xC9, 0xFA, 0xFF, 0x02, 0xC6, 0xFA, 0xFF, 0x02, 0xC4, 0xFB, 0xFF, 0x02, 0xC0, 0xFB, 0xFF, 0x02, 0xBC, 0xFA, 0xFF,
  0x02, 0xB9, 0xFA, 0xFF, 0x02, 0xB8, 0xFA, 0xFF, 0x02, 0xB7, 0xFA, 0xFF, 0x02, 0xB3, 0xFA, 0xFF, 0x03, 0xB1, 0xFA, 0xFF, 0x02, 0xAE, 0xFA, 0xFF,
  0x02, 0xAD, 0xFA, 0xFF, 0x03, 0xAE, 0xFB, 0xFF, 0x04, 0xAF, 0xFB, 0xFF, 0x04, 0xAB, 0xFA, 0xFF, 0x06, 0xA8, 0xFA, 0xFF, 0x08, 0xA7, 0xFA, 0xFF,
  0x0A, 0xA6, 0xFA, 0xFF, 0x0C, 0xA5, 0xFA, 0xFF, 0x0E, 0xA5, 0xFA, 0xFF, 0x0E, 0xA4, 0xFA, 0xFF, 0x0E, 0xA1, 0xFA, 0xFF, 0x10, 0x9E, 0xFA, 0xFF,
  0x12, 0x9C, 0xFA, 0xFF, 0x14, 0x9A, 0xFA, 0xFF, 0x14, 0x98, 0xFA, 0xFF, 0x14, 0x94, 0xFA, 0xFF, 0x15, 0x91, 0xFA, 0xFF, 0x16, 0x8F, 0xFA, 0xFF,
  0x17, 0x8E, 0xFB, 0xFF, 0x18, 0x8B, 0xFB, 0xFF, 0x17, 0x87, 0xFB, 0xFF, 0x17, 0x84, 0xFB, 0xFF, 0x16, 0x81, 0xFA, 0xFF, 0x17, 0x7F, 0xFA, 0xFF,
  0x18, 0x7C, 0xFA, 0xFF, 0x17, 0x7B, 0xFA, 0xFF, 0x19, 0x7B, 0xFA, 0xFF, 0x1A, 0x7B, 0xFA, 0xFF, 0x1A, 0x7B, 0xFB, 0xFF, 0x1B, 0x7C, 0xFA, 0xFF,
  0x1D, 0x7D, 0xFA, 0xFF, 0x1D, 0x80, 0xFB, 0xFF, 0x1F, 0x81, 0xFA, 0xFF, 0x20, 0x83, 0xFA, 0xFF, 0x21, 0x84, 0xFA, 0xFF, 0x22, 0x84, 0xF9, 0xFF,
  0x23, 0x85, 0xF9, 0xFF, 0x26, 0x8A, 0xFA, 0xFF, 0x28, 0x8C, 0xFA, 0xFF, 0x2A, 0x92, 0xFA, 0xFF, 0x2C, 0x97, 0xFA, 0xFF, 0x2B, 0x97, 0xFA, 0xFF,
  0x2B, 0x9A, 0xFA, 0xFF, 0x2A, 0x9E, 0xFA, 0xFF, 0x2A, 0xA1, 0xFB, 0xFF, 0x2A, 0xA4, 0xFB, 0xFF, 0x29, 0xA6, 0xFB, 0xFF, 0x28, 0xA7, 0xFA, 0xFF,
  0x27, 0xA9, 0xFA, 0xFF, 0x27, 0xA9, 0xFA, 0xFF, 0x26, 0xA9, 0xFA, 0xFF, 0x24, 0xAA, 0xFA, 0xFF, 0x22, 0xAB, 0xFB, 0xFF, 0x20, 0xAF, 0xFB, 0xFF,
  0x1A, 0xB5, 0xFB, 0xFF, 0x16, 0xB9, 0xFB, 0xFF, 0x12, 0xBD, 0xFB, 0xFF, 0x0E, 0xC1, 0xFA, 0xFF, 0x07, 0xBE, 0xFA, 0xFF, 0x03, 0xB7, 0xFA, 0xFF,
  0x03, 0xB7, 0xFB, 0xFF, 0x03, 0xBA, 0xFB, 0xFF, 0x01, 0xB9, 0xFB, 0xFF, 0x01, 0xB6, 0xFA, 0xFF, 0x01, 0xB3, 0xFB, 0xFF, 0x01, 0xB3, 0xFB, 0xFF,
  0x03, 0xB1, 0xFB, 0xFF, 0x01, 0xAE, 0xFB, 0xFF, 0x00, 0xAA, 0xFA, 0xFF, 0x01, 0xA7, 0xFA, 0xFF, 0x01, 0xA3, 0xFB, 0xFF, 0x01, 0x97, 0xFB, 0xFF,
  0x01, 0x8B, 0xFB, 0xFF, 0x01, 0x82, 0xFA, 0xFF, 0x01, 0x7C, 0xFA, 0xFF, 0x01, 0x80, 0xF7, 0xFF, 0x03, 0x61, 0xE1, 0xFF, 0x03, 0x0F, 0x75, 0xFF,
  0x04, 0x07, 0x10, 0xFF, 0x04, 0x05, 0x09, 0xFF, 0x04, 0x04, 0x05, 0xFF, 0x04, 0x03, 0x04, 0xFF, 0x04, 0x03, 0x03, 0xFF, 0x04, 0x03, 0x03, 0xFF,
  0x04, 0x03, 0x03, 0xFF, 0x04, 0x03, 0x03, 0xFF, 0x04, 0x03, 0x03, 0xFF, 0x04, 0x03, 0x03, 0xFF, 0x04, 0x03, 0x03, 0xFF, 0x04, 0x03, 0x04, 0xFF,
  0x04, 0x04, 0x0B, 0xFF, 0x04, 0x0B, 0x35, 0xFF, 0x03, 0x1B, 0xA7, 0xFF, 0x02, 0x22, 0xDA, 0xFF, 0x01, 0x1A, 0xD5, 0xFF, 0x04, 0x25, 0xD3, 0xFF,
  0x35, 0xEA, 0xF9, 0xFF, 0x2E, 0xD6, 0xF8, 0xFF, 0x02, 0x1C, 0xE1, 0xFF, 0x04, 0x19, 0x88, 0xFF, 0x05, 0x0D, 0x29, 0xFF, 0x04, 0x05, 0x0A, 0xFF,
  0x04, 0x04, 0x06, 0xFF, 0x04, 0x03, 0x04, 0xFF, 0x04, 0x03, 0x03, 0xFF, 0x04, 0x03, 0x03, 0xFF, 0x04, 0x03, 0x03, 0xFF, 0x04, 0x03, 0x03, 0xFF,
  0x04, 0x03, 0x03, 0xFF, 0x04, 0x03, 0x03, 0xFF, 0x04, 0x03, 0x03, 0xFF, 0x04, 0x03, 0x03, 0xFF, 0x04, 0x03, 0x03, 0xFF, 0x04, 0x03, 0x04, 0xFF,
  0x04, 0x06, 0x07, 0xFF, 0x04, 0x0F, 0x18, 0xFF, 0x03, 0x2F, 0x5B, 0xFF, 0x01, 0x63, 0xC7, 0xFF, 0x26, 0xF5, 0xF9, 0xFF, 0x43, 0xF9, 0xFA, 0xFF,
  0x05, 0x6B, 0xA8, 0xFF, 0x01, 0x2D, 0x81, 0xFF, 0x01, 0x37, 0x95, 0xFF, 0x02, 0x2E, 0x72, 0xFF, 0x03, 0x0F, 0x20, 0xFF, 0x04, 0x05, 0x07, 0xFF,
  0x04, 0x03, 0x04, 0xFF, 0x04, 0x03, 0x03, 0xFF, 0x04, 0x03, 0x03, 0xFF, 0x04, 0x03, 0x03, 0xFF, 0x04, 0x03, 0x03, 0xFF, 0x04, 0x03, 0x03, 0xFF,
  0x04, 0x03, 0x03, 0xFF, 0x04, 0x03, 0x04, 0xFF, 0x04, 0x04, 0x05, 0xFF, 0x04, 0x04, 0x05, 0xFF, 0x04, 0x04, 0x05, 0xFF, 0x04, 0x05, 0x07, 0xFF,
  0x04, 0x06, 0x09, 0xFF, 0x05, 0x07, 0x0B, 0xFF, 0x05, 0x0A, 0x10, 0xFF, 0x05, 0x0E, 0x16, 0xFF, 0x06, 0x16, 0x24, 0xFF, 0x09, 0x31, 0x52, 0xFF,
  0x12, 0x66, 0xA8, 0xFF, 0x5A, 0xE0, 0xEF, 0xFF, 0x21, 0xF8, 0xF9, 0xFF, 0x04, 0xF6, 0xFA, 0xFF, 0x01, 0xF2, 0xFA, 0xFF, 0x03, 0xEC, 0xFA, 0xFF,
  0x03, 0xE7, 0xFA, 0xFF, 0x02, 0xE4, 0xF9, 0xFF, 0x03, 0xE2, 0xFB, 0xFF, 0x02, 0xE0, 0xFB, 0xFF, 0x02, 0xDE, 0xFB, 0xFF, 0x02, 0xDD, 0xFB, 0xFF,
  0x02, 0xDE, 0xFB, 0xFF, 0x02, 0xE1, 0xFA, 0xFF, 0x03, 0xE6, 0xFA, 0xFF, 0x0D, 0xED, 0xF9, 0xFF, 0x38, 0xF0, 0xF7, 0xFF, 0x3B, 0xD4, 0xEF, 0xFF,
  0x3B, 0xB4, 0xE8, 0xFF, 0x3F, 0xA4, 0xE8, 0xFF, 0x39, 0x96, 0xE7, 0xFF, 0x3A, 0x93, 0xE3, 0xFF, 0x38, 0x94, 0xE2, 0xFF, 0x37, 0x95, 0xE1, 0xFF,
  0x36, 0x95, 0xE0, 0xFF, 0x33, 0x95, 0xDF, 0xFF, 0x2F, 0x94, 0xDD, 0xFF, 0x30, 0x94, 0xDD, 0xFF, 0x31, 0x94, 0xDE, 0xFF, 0x30, 0x95, 0xDC, 0xFF,
  0x2D, 0x93, 0xDB, 0xFF, 0x29, 0x90, 0xD9, 0xFF, 0x27, 0x8E, 0xD7, 0xFF, 0x27, 0x8D, 0xD4, 0xFF, 0x29, 0x8E, 0xD6, 0xFF, 0x28, 0x8F, 0xD9, 0xFF,
  0x24, 0x8D, 0xD9, 0xFF, 0x25, 0x8D, 0xD9, 0xFF, 0x24, 0x89, 0xD9, 0xFF, 0x23, 0x86, 0xD7, 0xFF, 0x22, 0x86, 0xD9, 0xFF, 0x23, 0x86, 0xDA, 0xFF,
  0x22, 0x82, 0xDA, 0xFF, 0x22, 0x7F, 0xD9, 0xFF, 0x24, 0x7E, 0xD8, 0xFF, 0x26, 0x7D, 0xD8, 0xFF, 0x24, 0x7B, 0xD8, 0xFF, 0x21, 0x79, 0xD6, 0xFF,
  0x1F, 0x7A, 0xD9, 0xFF, 0x24, 0x7C, 0xDC, 0xFF, 0x29, 0x7D, 0xE0, 0xFF, 0x24, 0x78, 0xDF, 0xFF, 0x24, 0x76, 0xDC, 0xFF, 0x23, 0x75, 0xDF, 0xFF,
  0x25, 0x76, 0xE3, 0xFF, 0x26, 0x75, 0xE4, 0xFF, 0x24, 0x73, 0xE3, 0xFF, 0x27, 0x72, 0xE5, 0xFF, 0x28, 0x71, 0xE7, 0xFF, 0x28, 0x6F, 0xE6, 0xFF,
  0x27, 0x6C, 0xE4, 0xFF, 0x26, 0x6A, 0xE1, 0xFF, 0x28, 0x6A, 0xDD, 0xFF, 0x29, 0x69, 0xDD, 0xFF, 0x2C, 0x6A, 0xDC, 0xFF, 0x2D, 0x6A, 0xDB, 0xFF,
  0x2A, 0x6B, 0xDB, 0xFF, 0x2B, 0x6A, 0xD7, 0xFF, 0x2B, 0x67, 0xD6, 0xFF, 0x29, 0x64, 0xD6, 0xFF, 0x2C, 0x65, 0xD6, 0xFF, 0x2E, 0x64, 0xD7, 0xFF,
  0x32, 0x66, 0xD5, 0xFF, 0x32, 0x65, 0xD5, 0xFF, 0x30, 0x63, 0xD3, 0xFF, 0x34, 0x64, 0xD5, 0xFF, 0x37, 0x65, 0xD5, 0xFF, 0x3B, 0x67, 0xD3, 0xFF,
  0x3B, 0x67, 0xD5, 0xFF, 0x3A, 0x67, 0xD5, 0xFF, 0x39, 0x66, 0xD6, 0xFF, 0x3A, 0x66, 0xD6, 0xFF, 0x3B, 0x67, 0xD4, 0xFF, 0x3A, 0x66, 0xD5, 0xFF,
  0x3B, 0x66, 0xD4, 0xFF, 0x3C, 0x67, 0xD5, 0xFF, 0x3D, 0x68, 0xD6, 0xFF, 0x3F, 0x69, 0xD8, 0xFF, 0x40, 0x6A, 0xD7, 0xFF, 0x3D, 0x68, 0xD3, 0xFF,
  0x43, 0x6A, 0xD3, 0xFF, 0x47, 0x6D, 0xD4, 0xFF, 0x44, 0x6C, 0xD6, 0xFF, 0x45, 0x6C, 0xD5, 0xFF, 0x47, 0x6F, 0xD4, 0xFF, 0x49, 0x71, 0xD5, 0xFF,
  0x47, 0x71, 0xD7, 0xFF, 0x47, 0x71, 0xD7, 0xFF, 0x46, 0x71, 0xD8, 0xFF, 0x48, 0x71, 0xD9, 0xFF, 0x4A, 0x72, 0xDB, 0xFF, 0x49, 0x74, 0xDD, 0xFF,
  0x49, 0x76, 0xDF, 0xFF, 0x49, 0x78, 0xE5, 0xFF, 0x47, 0x77, 0xE7, 0xFF, 0x4B, 0x7A, 0xE9, 0xFF, 0x49, 0x7B, 0xEA, 0xFF, 0x40, 0x78, 0xE9, 0xFF,
  0x3B, 0x79, 0xEB, 0xFF, 0x3E, 0x7C, 0xED, 0xFF, 0x3A, 0x7D, 0xEE, 0xFF, 0x29, 0x78, 0xF0, 0xFF, 0x1F, 0x76, 0xF1, 0xFF, 0x1C, 0x77, 0xF3, 0xFF,
  0x13, 0x76, 0xF3, 0xFF, 0x0E, 0x74, 0xF3, 0xFF, 0x07, 0x70, 0xF3, 0xFF, 0x04, 0x70, 0xF5, 0xFF, 0x03, 0x70, 0xF8, 0xFF, 0x02, 0x66, 0xF3, 0xFF,
  0x01, 0x61, 0xEF, 0xFF, 0x04, 0x64, 0xE5, 0xFF, 0x0C, 0x6A, 0xD5, 0xFF, 0x0E, 0x5C, 0xAB, 0xFF, 0x03, 0x13, 0x41, 0xFF, 0x04, 0x0B, 0x18, 0xFF,
  0x04, 0x05, 0x09, 0xFF, 0x04, 0x04, 0x06, 0xFF, 0x04, 0x03, 0x04, 0xFF, 0x04, 0x03, 0x03, 0xFF, 0x04, 0x03, 0x03, 0xFF, 0x04, 0x03, 0x03, 0xFF,
  0x04, 0x03, 0x03, 0xFF, 0x04, 0x03, 0x03, 0xFF, 0x04, 0x03, 0x03, 0xFF, 0x04, 0x03, 0x03, 0xFF, 0x04, 0x03, 0x03, 0xFF, 0x04, 0x03, 0x04, 0xFF,
  0x04, 0x04, 0x0B, 0xFF, 0x03, 0x0B, 0x33, 0xFF, 0x02, 0x19, 0xA6, 0xFF, 0x01, 0x21, 0xD9, 0xFF, 0x01, 0x1A, 0xD3, 0xFF, 0x04, 0x25, 0xD2, 0xFF,
  0x39, 0xE8, 0xF9, 0xFF, 0x30, 0xD7, 0xF9, 0xFF, 0x02, 0x19, 0xDD, 0xFF, 0x04, 0x1A, 0x87, 0xFF, 0x05, 0x0D, 0x2A, 0xFF, 0x04, 0x05, 0x0A, 0xFF,
  0x04, 0x04, 0x05, 0xFF, 0x04, 0x03, 0x04, 0xFF, 0x04, 0x03, 0x03, 0xFF, 0x04, 0x03, 0x03, 0xFF, 0x04, 0x03, 0x03, 0xFF, 0x04, 0x03, 0x03, 0xFF,
  0x04, 0x03, 0x03, 0xFF, 0x04, 0x03, 0x03, 0xFF, 0x04, 0x03, 0x03, 0xFF, 0x04, 0x03, 0x03, 0xFF, 0x04, 0x03, 0x03, 0xFF, 0x04, 0x03, 0x04, 0xFF,
  0x04, 0x06, 0x07, 0xFF, 0x04, 0x0E, 0x16, 0xFF, 0x04, 0x2C, 0x55, 0xFF, 0x01, 0x60, 0xC5, 0xFF, 0x24, 0xF5, 0xF9, 0xFF, 0x41, 0xF8, 0xFA, 0xFF,
  0x04, 0x66, 0xA3, 0xFF, 0x01, 0x2B, 0x7F, 0xFF, 0x00, 0x36, 0x93, 0xFF, 0x02, 0x2E, 0x72, 0xFF, 0x04, 0x0F, 0x20, 0xFF, 0x04, 0x05, 0x07, 0xFF,
  0x04, 0x03, 0x04, 0xFF, 0x04, 0x03, 0x03, 0xFF, 0x04, 0x03, 0x03, 0xFF, 0x04, 0x03, 0x03, 0xFF, 0x04, 0x03, 0x03, 0xFF, 0x04, 0x03, 0x03, 0xFF,
  0x04, 0x03, 0x03, 0xFF, 0x04, 0x03, 0x04, 0xFF, 0x04, 0x04, 0x05, 0xFF, 0x04, 0x04, 0x05, 0xFF, 0x04, 0x05, 0x06, 0xFF, 0x04, 0x06, 0x08, 0xFF,
  0x04, 0x07, 0x0A, 0xFF, 0x05, 0x09, 0x0E, 0xFF, 0x05, 0x0D, 0x14, 0xFF, 0x06, 0x13, 0x1E, 0xFF, 0x07, 0x23, 0x3A, 0xFF, 0x0B, 0x5F, 0xA3, 0xFF,
  0x61, 0xD9, 0xF2, 0xFF, 0x16, 0xF8, 0xF9, 0xFF, 0x07, 0xF6, 0xFA, 0xFF, 0x03, 0xF1, 0xFA, 0xFF, 0x02, 0xEB, 0xFB, 0xFF, 0x02, 0xE7, 0xFA, 0xFF,
  0x02, 0xE4, 0xFA, 0xFF, 0x03, 0xE1, 0xFA, 0xFF, 0x03, 0xE1, 0xFB, 0xFF, 0x02, 0xE1, 0xFB, 0xFF, 0x02, 0xE1, 0xFB, 0xFF, 0x02, 0xE4, 0xFB, 0xFF,
  0x02, 0xEE, 0xFA, 0xFF, 0x27, 0xF0, 0xF8, 0xFF, 0x41, 0xB4, 0xE4, 0xFF, 0x34, 0x6C, 0xDE, 0xFF, 0x09, 0x3D, 0xD9, 0xFF, 0x02, 0x30, 0xC4, 0xFF,
  0x03, 0x33, 0xAB, 0xFF, 0x04, 0x33, 0x99, 0xFF, 0x04, 0x2E, 0x87, 0xFF, 0x03, 0x2F, 0x82, 0xFF, 0x03, 0x2F, 0x82, 0xFF, 0x04, 0x2F, 0x82, 0xFF,
  0x03, 0x30, 0x82, 0xFF, 0x04, 0x30, 0x7F, 0xFF, 0x04, 0x30, 0x7B, 0xFF, 0x04, 0x32, 0x7D, 0xFF, 0x03, 0x31, 0x7E, 0xFF, 0x04, 0x30, 0x7E, 0xFF,
  0x04, 0x31, 0x7D, 0xFF, 0x04, 0x31, 0x7C, 0xFF, 0x03, 0x2F, 0x79, 0xFF, 0x03, 0x2B, 0x75, 0xFF, 0x03, 0x2B, 0x74, 0xFF, 0x03, 0x2E, 0x76, 0xFF,
  0x03, 0x2E, 0x75, 0xFF, 0x03, 0x2D, 0x77, 0xFF, 0x03, 0x2C, 0x78, 0xFF, 0x03, 0x29, 0x74, 0xFF, 0x03, 0x28, 0x73, 0xFF, 0x04, 0x29, 0x75, 0xFF,
  0x03, 0x27, 0x76, 0xFF, 0x04, 0x25, 0x79, 0xFF, 0x04, 0x24, 0x78, 0xFF, 0x03, 0x24, 0x77, 0xFF, 0x04, 0x22, 0x77, 0xFF, 0x03, 0x1E, 0x72, 0xFF,
  0x03, 0x1E, 0x72, 0xFF, 0x04, 0x21, 0x77, 0xFF, 0x04, 0x20, 0x78, 0xFF, 0x04, 0x1D, 0x77, 0xFF, 0x04, 0x1D, 0x77, 0xFF, 0x04, 0x1E, 0x7A, 0xFF,
  0x04, 0x1C, 0x7B, 0xFF, 0x04, 0x1B, 0x79, 0xFF, 0x04, 0x1A, 0x78, 0xFF, 0x04, 0x19, 0x76, 0xFF, 0x04, 0x18, 0x76, 0xFF, 0x05, 0x18, 0x7A, 0xFF,
  0x05, 0x15, 0x7A, 0xFF, 0x05, 0x13, 0x7A, 0xFF, 0x05, 0x12, 0x77, 0xFF, 0x05, 0x12, 0x78, 0xFF, 0x05, 0x12, 0x7B, 0xFF, 0x05, 0x12, 0x76, 0xFF,
  0x05, 0x12, 0x76, 0xFF, 0x05, 0x12, 0x76, 0xFF, 0x05, 0x11, 0x74, 0xFF, 0x06, 0x11, 0x76, 0xFF, 0x05, 0x10, 0x79, 0xFF, 0x06, 0x11, 0x7D, 0xFF,
  0x06, 0x11, 0x7D, 0xFF, 0x06, 0x11, 0x79, 0xFF, 0x06, 0x0F, 0x73, 0xFF, 0x06, 0x10, 0x75, 0xFF, 0x06, 0x0F, 0x75, 0xFF, 0x06, 0x0F, 0x75, 0xFF,
  0x07, 0x11, 0x79, 0xFF, 0x06, 0x10, 0x77, 0xFF, 0x07, 0x13, 0x7B, 0xFF, 0x07, 0x13, 0x7F, 0xFF, 0x08, 0x13, 0x81, 0xFF, 0x08, 0x16, 0x7F, 0xFF,
  0x07, 0x13, 0x79, 0xFF, 0x06, 0x11, 0x72, 0xFF, 0x07, 0x12, 0x74, 0xFF, 0x08, 0x15, 0x7B, 0xFF, 0x08, 0x16, 0x7B, 0xFF, 0x08, 0x15, 0x7B, 0xFF,
  0x08, 0x18, 0x7B, 0xFF, 0x09, 0x1A, 0x7D, 0xFF, 0x09, 0x1B, 0x7F, 0xFF, 0x09, 0x1A, 0x7E, 0xFF, 0x08, 0x18, 0x7C, 0xFF, 0x08, 0x1A, 0x7A, 0xFF,
  0x08, 0x1B, 0x7B, 0xFF, 0x08, 0x1B, 0x7C, 0xFF, 0x08, 0x1B, 0x7B, 0xFF, 0x08, 0x1C, 0x7C, 0xFF, 0x08, 0x1B, 0x79, 0xFF, 0x07, 0x1C, 0x78, 0xFF,
  0x07, 0x1D, 0x79, 0xFF, 0x07, 0x1F, 0x7B, 0xFF, 0x07, 0x1D, 0x7C, 0xFF, 0x06, 0x1E, 0x7E, 0xFF, 0x07, 0x21, 0x81, 0xFF, 0x06, 0x1F, 0x83, 0xFF,
  0x06, 0x20, 0x7F, 0xFF, 0x05, 0x1E, 0x7B, 0xFF, 0x05, 0x20, 0x7E, 0xFF, 0x05, 0x23, 0x84, 0xFF, 0x04, 0x24, 0x87, 0xFF, 0x04, 0x24, 0x85, 0xFF,
  0x03, 0x23, 0x84, 0xFF, 0x04, 0x23, 0x88, 0xFF, 0x04, 0x27, 0x8F, 0xFF, 0x16, 0x45, 0xAF, 0xFF, 0x2C, 0x64, 0xC9, 0xFF, 0x33, 0x83, 0xD9, 0xFF,
  0x30, 0xAF, 0xEC, 0xFF, 0x26, 0xCE, 0xF5, 0xFF, 0x0D, 0xC1, 0xF8, 0xFF, 0x07, 0x6F, 0xA9, 0xFF, 0x04, 0x0A, 0x14, 0xFF, 0x04, 0x06, 0x0A, 0xFF,
  0x04, 0x04, 0x06, 0xFF, 0x04, 0x04, 0x05, 0xFF, 0x04, 0x03, 0x04, 0xFF, 0x04, 0x03, 0x03, 0xFF, 0x04, 0x03, 0x03, 0xFF, 0x04, 0x03, 0x03, 0xFF,
  0x04, 0x03, 0x03, 0xFF, 0x04, 0x03, 0x03, 0xFF, 0x04, 0x03, 0x03, 0xFF, 0x04, 0x03, 0x03, 0xFF, 0x04, 0x03, 0x03, 0xFF, 0x04, 0x03, 0x04, 0xFF,
  0x04, 0x04, 0x0A, 0xFF, 0x03, 0x0A, 0x31, 0xFF, 0x02, 0x19, 0xA4, 0xFF, 0x02, 0x1F, 0xD8, 0xFF, 0x01, 0x19, 0xD3, 0xFF, 0x04, 0x25, 0xD3, 0xFF,
  0x3C, 0xE5, 0xF9, 0xFF, 0x34, 0xD7, 0xF9, 0xFF, 0x02, 0x19, 0xDA, 0xFF, 0x05, 0x19, 0x85, 0xFF, 0x05, 0x0D, 0x2A, 0xFF, 0x04, 0x05, 0x0A, 0xFF,
  0x04, 0x03, 0x05, 0xFF, 0x04, 0x03, 0x04, 0xFF, 0x04, 0x03, 0x03, 0xFF, 0x04, 0x03, 0x03, 0xFF, 0x04, 0x03, 0x03, 0xFF, 0x04, 0x03, 0x03, 0xFF,
  0x04, 0x03, 0x03, 0xFF, 0x04, 0x03, 0x03, 0xFF, 0x04, 0x03, 0x03, 0xFF, 0x04, 0x03, 0x03, 0xFF, 0x04, 0x03, 0x03, 0xFF, 0x04, 0x03, 0x04, 0xFF,
  0x04, 0x05, 0x07, 0xFF, 0x04, 0x0D, 0x15, 0xFF, 0x03, 0x2A, 0x52, 0xFF, 0x01, 0x61, 0xC6, 0xFF, 0x23, 0xF5, 0xF9, 0xFF, 0x3F, 0xF7, 0xF9, 0xFF,
  0x03, 0x67, 0xA5, 0xFF, 0x00, 0x2B, 0x7F, 0xFF, 0x01, 0x34, 0x92, 0xFF, 0x02, 0x2C, 0x6E, 0xFF, 0x03, 0x0F, 0x21, 0xFF, 0x04, 0x05, 0x07, 0xFF,
  0x04, 0x03, 0x03, 0xFF, 0x04, 0x03, 0x03, 0xFF, 0x04, 0x03, 0x03, 0xFF, 0x04, 0x03, 0x03, 0xFF, 0x04, 0x03, 0x03, 0xFF, 0x04, 0x03, 0x03, 0xFF,
  0x04, 0x03, 0x04, 0xFF, 0x04, 0x03, 0x04, 0xFF, 0x04, 0x04, 0x05, 0xFF, 0x04, 0x04, 0x05, 0xFF, 0x04, 0x05, 0x07, 0xFF, 0x04, 0x06, 0x09, 0xFF,
  0x05, 0x08, 0x0C, 0xFF, 0x05, 0x0B, 0x11, 0xFF, 0x05, 0x10, 0x1A, 0xFF, 0x06, 0x1A, 0x2A, 0xFF, 0x08, 0x37, 0x61, 0xFF, 0x4B, 0xB4, 0xDA, 0xFF,
  0x31, 0xF8, 0xF9, 0xFF, 0x07, 0xF6, 0xFA, 0xFF, 0x04, 0xF1, 0xFA, 0xFF, 0x04, 0xEA, 0xFB, 0xFF, 0x03, 0xE6, 0xFB, 0xFF, 0x02, 0xE3, 0xFA, 0xFF,
  0x02, 0xE1, 0xFA, 0xFF, 0x02, 0xE1, 0xFB, 0xFF, 0x03, 0xE1, 0xFB, 0xFF, 0x04, 0xE5, 0xFB, 0xFF, 0x05, 0xEC, 0xFB, 0xFF, 0x29, 0xF1, 0xF8, 0xFF,
  0x42, 0x9F, 0xDD, 0xFF, 0x1C, 0x3E, 0xD7, 0xFF, 0x02, 0x26, 0xBC, 0xFF, 0x03, 0x2E, 0x92, 0xFF, 0x04, 0x28, 0x62, 0xFF, 0x05, 0x1F, 0x3D, 0xFF,
  0x05, 0x1B, 0x31, 0xFF, 0x05, 0x16, 0x27, 0xFF, 0x05, 0x13, 0x20, 0xFF, 0x05, 0x12, 0x1E, 0xFF, 0x05, 0x10, 0x1A, 0xFF, 0x05, 0x10, 0x1A, 0xFF,
  0x05, 0x10, 0x1A, 0xFF, 0x05, 0x0F, 0x18, 0xFF, 0x05, 0x0E, 0x16, 0xFF, 0x05, 0x0D, 0x15, 0xFF, 0x05, 0x0D, 0x14, 0xFF, 0x05, 0x0D, 0x14, 0xFF,
  0x05, 0x0C, 0x13, 0xFF, 0x05, 0x0C, 0x13, 0xFF, 0x05, 0x0B, 0x10, 0xFF, 0x05, 0x09, 0x0E, 0xFF, 0x05, 0x09, 0x0D, 0xFF, 0x04, 0x08, 0x0B, 0xFF,
  0x04, 0x08, 0x0B, 0xFF, 0x04, 0x07, 0x0B, 0xFF, 0x04, 0x07, 0x0A, 0xFF, 0x04, 0x07, 0x09, 0xFF, 0x04, 0x06, 0x09, 0xFF, 0x04, 0x06, 0x08, 0xFF,
  0x04, 0x06, 0x08, 0xFF, 0x04, 0x06, 0x09, 0xFF, 0x04, 0x07, 0x0A, 0xFF, 0x05, 0x08, 0x0C, 0xFF, 0x05, 0x08, 0x0C, 0xFF, 0x04, 0x07, 0x0A, 0xFF,
  0x04, 0x06, 0x09, 0xFF, 0x04, 0x06, 0x09, 0xFF, 0x05, 0x07, 0x0A, 0xFF, 0x05, 0x07, 0x0A, 0xFF, 0x04, 0x06, 0x09, 0xFF, 0x04, 0x06, 0x09, 0xFF,
  0x04, 0x06, 0x09, 0xFF, 0x05, 0x06, 0x0A, 0xFF, 0x05, 0x07, 0x0A, 0xFF, 0x05, 0x06, 0x0A, 0xFF, 0x05, 0x06, 0x0A, 0xFF, 0x05, 0x08, 0x0C, 0xFF,
  0x05, 0x08, 0x0D, 0xFF, 0x05, 0x07, 0x0C, 0xFF, 0x05, 0x06, 0x0A, 0xFF, 0x05, 0x06, 0x09, 0xFF, 0x05, 0x07, 0x0A, 0xFF, 0x05, 0x07, 0x0A, 0xFF,
  0x05, 0x06, 0x0B, 0xFF, 0x05, 0x07, 0x0B, 0xFF, 0x05, 0x07, 0x0B, 0xFF, 0x05, 0x07, 0x0C, 0xFF, 0x05, 0x07, 0x0B, 0xFF, 0x05, 0x07, 0x0C, 0xFF,
  0x05, 0x07, 0x0C, 0xFF, 0x05, 0x06, 0x0B, 0xFF, 0x05, 0x07, 0x0B, 0xFF, 0x05, 0x06, 0x0A, 0xFF, 0x05, 0x06, 0x0A, 0xFF, 0x05, 0x06, 0x0A, 0xFF,
  0x05, 0x06, 0x0A, 0xFF, 0x05, 0x07, 0x0B, 0xFF, 0x06, 0x07, 0x0C, 0xFF, 0x06, 0x08, 0x0D, 0xFF, 0x06, 0x08, 0x0E, 0xFF, 0x06, 0x08, 0x0E, 0xFF,
  0x06, 0x08, 0x0D, 0xFF, 0x06, 0x08, 0x0D, 0xFF, 0x06, 0x08, 0x0E, 0xFF, 0x06, 0x09, 0x0F, 0xFF, 0x07, 0x0A, 0x11, 0xFF, 0x07, 0x0A, 0x12, 0xFF,
  0x07, 0x0A, 0x11, 0xFF, 0x07, 0x0A, 0x11, 0xFF, 0x07, 0x0A, 0x11, 0xFF, 0x07, 0x0A, 0x10, 0xFF, 0x07, 0x0A, 0x11, 0xFF, 0x07, 0x0B, 0x13, 0xFF,
  0x07, 0x0C, 0x13, 0xFF, 0x07, 0x0C, 0x15, 0xFF, 0x07, 0x0B, 0x13, 0xFF, 0x07, 0x0C, 0x14, 0xFF, 0x07, 0x0D, 0x15, 0xFF, 0x07, 0x0E, 0x17, 0xFF,
  0x07, 0x0F, 0x19, 0xFF, 0x07, 0x0F, 0x19, 0xFF, 0x08, 0x11, 0x1E, 0xFF, 0x08, 0x13, 0x22, 0xFF, 0x07, 0x15, 0x25, 0xFF, 0x08, 0x17, 0x29, 0xFF,
  0x08, 0x18, 0x2C, 0xFF, 0x08, 0x1C, 0x35, 0xFF, 0x09, 0x22, 0x41, 0xFF, 0x09, 0x2B, 0x54, 0xFF, 0x14, 0x44, 0x6F, 0xFF, 0x22, 0x66, 0x90, 0xFF,
  0x23, 0x88, 0xB3, 0xFF, 0x20, 0xA6, 0xD2, 0xFF, 0x21, 0xBA, 0xF1, 0xFF, 0x1D, 0xC6, 0xF8, 0xFF, 0x03, 0xCC, 0xF9, 0xFF, 0x02, 0xCB, 0xF7, 0xFF,
  0x01, 0xBB, 0xF8, 0xFF, 0x02, 0xB1, 0xF8, 0xFF, 0x08, 0x94, 0xD4, 0xFF, 0x03, 0x18, 0x3B, 0xFF, 0x04, 0x08, 0x0D, 0xFF, 0x04, 0x05, 0x07, 0xFF,
  0x04, 0x04, 0x05, 0xFF, 0x04, 0x03, 0x04, 0xFF, 0x04, 0x03, 0x03, 0xFF, 0x04, 0x03, 0x03, 0xFF, 0x04, 0x03, 0x03, 0xFF, 0x04, 0x03, 0x03, 0xFF,
  0x04, 0x03, 0x03, 0xFF, 0x04, 0x03, 0x03, 0xFF, 0x04, 0x03, 0x03, 0xFF, 0x04, 0x03, 0x03, 0xFF, 0x04, 0x03, 0x03, 0xFF, 0x04, 0x03, 0x04, 0xFF,
  0x04, 0x04, 0x0A, 0xFF, 0x03, 0x0A, 0x30, 0xFF, 0x02, 0x19, 0xA4, 0xFF, 0x02, 0x20, 0xD8, 0xFF, 0x01, 0x19, 0xD4, 0xFF, 0x04, 0x27, 0xD4, 0xFF,
  0x3E, 0xDF, 0xFA, 0xFF, 0x36, 0xD5, 0xF9, 0xFF, 0x02, 0x19, 0xDA, 0xFF, 0x05, 0x19, 0x8A, 0xFF, 0x05, 0x0D, 0x2B, 0xFF, 0x04, 0x05, 0x09, 0xFF,
  0x04, 0x03, 0x05, 0xFF, 0x04, 0x03, 0x03, 0xFF, 0x04, 0x03, 0x03, 0xFF, 0x04, 0x03, 0x03, 0xFF, 0x04, 0x03, 0x03, 0xFF, 0x04, 0x03, 0x03, 0xFF,
  0x04, 0x03, 0x03, 0xFF, 0x04, 0x03, 0x03, 0xFF, 0x04, 0x03, 0x03, 0xFF, 0x04, 0x03, 0x03, 0xFF, 0x04, 0x03, 0x03, 0xFF, 0x04, 0x03, 0x04, 0xFF,
  0x04, 0x06, 0x07, 0xFF, 0x04, 0x0E, 0x17, 0xFF, 0x04, 0x2C, 0x56, 0xFF, 0x01, 0x60, 0xC6, 0xFF, 0x1F, 0xF4, 0xF9, 0xFF, 0x3A, 0xF7, 0xF8, 0xFF,
  0x04, 0x66, 0xA4, 0xFF, 0x00, 0x2B, 0x7F, 0xFF, 0x01, 0x33, 0x93, 0xFF, 0x02, 0x29, 0x69, 0xFF, 0x03, 0x0E, 0x1F, 0xFF, 0x04, 0x05, 0x07, 0xFF,
  0x04, 0x03, 0x03, 0xFF, 0x04, 0x03, 0x03, 0xFF, 0x04, 0x03, 0x03, 0xFF, 0x04, 0x03, 0x03, 0xFF, 0x04, 0x03, 0x03, 0xFF, 0x04, 0x03, 0x04, 0xFF,
  0x04, 0x03, 0x04, 0xFF, 0x04, 0x04, 0x05, 0xFF, 0x04, 0x04, 0x05, 0xFF, 0x04, 0x05, 0x06, 0xFF, 0x04, 0x06, 0x08, 0xFF, 0x05, 0x08, 0x0C, 0xFF,
  0x05, 0x0A, 0x10, 0xFF, 0x05, 0x0F, 0x18, 0xFF, 0x06, 0x18, 0x27, 0xFF, 0x08, 0x32, 0x55, 0xFF, 0x22, 0x73, 0xAD, 0xFF, 0x4C, 0xF3, 0xF6, 0xFF,
  0x09, 0xF6, 0xF9, 0xFF, 0x04, 0xEF, 0xFA, 0xFF, 0x03, 0xEB, 0xFA, 0xFF, 0x03, 0xE6, 0xFB, 0xFF, 0x03, 0xE3, 0xFA, 0xFF, 0x02, 0xE1, 0xFA, 0xFF,
  0x02, 0xE0, 0xFA, 0xFF, 0x02, 0xE2, 0xFB, 0xFF, 0x02, 0xE7, 0xFA, 0xFF, 0x06, 0xF0, 0xFA, 0xFF, 0x3C, 0xBF, 0xE9, 0xFF, 0x1C, 0x3F, 0xD8, 0xFF,
  0x03, 0x2C, 0xBE, 0xFF, 0x03, 0x20, 0x5C, 0xFF, 0x05, 0x19, 0x2F, 0xFF, 0x05, 0x11, 0x1D, 0xFF, 0x05, 0x0D, 0x15, 0xFF, 0x05, 0x0B, 0x12, 0xFF,
  0x05, 0x0A, 0x10, 0xFF, 0x05, 0x09, 0x0F, 0xFF, 0x05, 0x09, 0x0E, 0xFF, 0x04, 0x08, 0x0D, 0xFF, 0x04, 0x08, 0x0B, 0xFF, 0x04, 0x07, 0x0B, 0xFF,
  0x04, 0x08, 0x0B, 0xFF, 0x04, 0x08, 0x0B, 0xFF, 0x04, 0x08, 0x0B, 0xFF, 0x04, 0x07, 0x0A, 0xFF, 0x04, 0x07, 0x0A, 0xFF, 0x04, 0x06, 0x09, 0xFF,
  0x04, 0x05, 0x07, 0xFF, 0x04, 0x06, 0x08, 0xFF, 0x04, 0x05, 0x07, 0xFF, 0x04, 0x05, 0x06, 0xFF, 0x04, 0x04, 0x06, 0xFF, 0x04, 0x04, 0x05, 0xFF,
  0x04, 0x04, 0x05, 0xFF, 0x04, 0x04, 0x05, 0xFF, 0x04, 0x03, 0x04, 0xFF, 0x04, 0x03, 0x04, 0xFF, 0x04, 0x03, 0x04, 0xFF, 0x04, 0x03, 0x04, 0xFF,
  0x04, 0x03, 0x05, 0xFF, 0x04, 0x04, 0x05, 0xFF, 0x04, 0x04, 0x05, 0xFF, 0x04, 0x04, 0x05, 0xFF, 0x04, 0x04, 0x05, 0xFF, 0x04, 0x03, 0x04, 0xFF,
  0x04, 0x03, 0x04, 0xFF, 0x04, 0x03, 0x05, 0xFF, 0x04, 0x03, 0x04, 0xFF, 0x04, 0x03, 0x04, 0xFF, 0x04, 0x03, 0x04, 0xFF, 0x04, 0x03, 0x04, 0xFF,
  0x04, 0x03, 0x04, 0xFF, 0x04, 0x04, 0x05, 0xFF, 0x04, 0x04, 0x05, 0xFF, 0x04, 0x04, 0x05, 0xFF, 0x04, 0x04, 0x05, 0xFF, 0x04, 0x04, 0x05, 0xFF,
  0x04, 0x04, 0x05, 0xFF, 0x04, 0x04, 0x05, 0xFF, 0x04, 0x04, 0x05, 0xFF, 0x04, 0x04, 0x05, 0xFF, 0x04, 0x04, 0x05, 0xFF, 0x04, 0x04, 0x05, 0xFF,
  0x04, 0x04, 0x05, 0xFF, 0x04, 0x04, 0x05, 0xFF, 0x04, 0x04, 0x05, 0xFF, 0x04, 0x03, 0x04, 0xFF, 0x04, 0x03, 0x04, 0xFF, 0x04, 0x03, 0x05, 0xFF,
  0x04, 0x03, 0x05, 0xFF, 0x04, 0x03, 0x05, 0xFF, 0x04, 0x04, 0x05, 0xFF, 0x04, 0x04, 0x05, 0xFF, 0x04, 0x03, 0x05, 0xFF, 0x04, 0x03, 0x05, 0xFF,
  0x04, 0x03, 0x05, 0xFF, 0x04, 0x04, 0x05, 0xFF, 0x04, 0x04, 0x05, 0xFF, 0x04, 0x04, 0x05, 0xFF, 0x04, 0x04, 0x05, 0xFF, 0x04, 0x04, 0x06, 0xFF,
  0x05, 0x05, 0x07, 0xFF, 0x05, 0x05, 0x07, 0xFF, 0x05, 0x05, 0x07, 0xFF, 0x05, 0x05, 0x07, 0xFF, 0x05, 0x06, 0x08, 0xFF, 0x05, 0x06, 0x09, 0xFF,
  0x05, 0x06, 0x08, 0xFF, 0x05, 0x06, 0x08, 0xFF, 0x05, 0x06, 0x09, 0xFF, 0x05, 0x07, 0x0A, 0xFF, 0x06, 0x07, 0x0A, 0xFF, 0x06, 0x07, 0x0A, 0xFF,
  0x06, 0x07, 0x0A, 0xFF, 0x06, 0x08, 0x0B, 0xFF, 0x06, 0x08, 0x0C, 0xFF, 0x06, 0x09, 0x0D, 0xFF, 0x06, 0x0A, 0x0F, 0xFF, 0x07, 0x0B, 0x11, 0xFF,
  0x07, 0x0C, 0x14, 0xFF, 0x07, 0x0E, 0x18, 0xFF, 0x08, 0x11, 0x1D, 0xFF, 0x09, 0x16, 0x28, 0xFF, 0x0B, 0x23, 0x3F, 0xFF, 0x25, 0x46, 0x66, 0xFF,
  0x35, 0x70, 0x95, 0xFF, 0x32, 0x8D, 0xBE, 0xFF, 0x28, 0xA4, 0xDE, 0xFF, 0x24, 0xB4, 0xF0, 0xFF, 0x0E, 0xB8, 0xF7, 0xFF, 0x02, 0xB7, 0xF7, 0xFF,
  0x01, 0xB4, 0xF9, 0xFF, 0x00, 0xA9, 0xFA, 0xFF, 0x00, 0xA6, 0xFA, 0xFF, 0x00, 0xB0, 0xFA, 0xFF, 0x00, 0xA9, 0xF8, 0xFF, 0x00, 0xA2, 0xF9, 0xFF,
  0x01, 0xBB, 0xF9, 0xFF, 0x09, 0xB0, 0xEA, 0xFF, 0x04, 0x21, 0x53, 0xFF, 0x04, 0x09, 0x0F, 0xFF, 0x04, 0x05, 0x07, 0xFF, 0x04, 0x04, 0x05, 0xFF,
  0x04, 0x03, 0x04, 0xFF, 0x04, 0x03, 0x04, 0xFF, 0x04, 0x03, 0x03, 0xFF, 0x04, 0x03, 0x03, 0xFF, 0x04, 0x03, 0x03, 0xFF, 0x04, 0x03, 0x03, 0xFF,
  0x04, 0x03, 0x03, 0xFF, 0x04, 0x03, 0x03, 0xFF, 0x04, 0x03, 0x03, 0xFF, 0x04, 0x03, 0x03, 0xFF, 0x04, 0x03, 0x03, 0xFF, 0x04, 0x03, 0x04, 0xFF,
  0x04, 0x04, 0x0A, 0xFF, 0x04, 0x0B, 0x33, 0xFF, 0x03, 0x1B, 0xA9, 0xFF, 0x02, 0x20, 0xD7, 0xFF, 0x01, 0x19, 0xD3, 0xFF, 0x04, 0x25, 0xD1, 0xFF,
  0x3F, 0xDB, 0xF9, 0xFF, 0x37, 0xD2, 0xF9, 0xFF, 0x02, 0x1A, 0xDB, 0xFF, 0x05, 0x1B, 0x95, 0xFF, 0x05, 0x0E, 0x32, 0xFF, 0x04, 0x05, 0x0B, 0xFF,
  0x04, 0x03, 0x05, 0xFF, 0x04, 0x03, 0x04, 0xFF, 0x04, 0x03, 0x03, 0xFF, 0x04, 0x03, 0x03, 0xFF, 0x04, 0x03, 0x03, 0xFF, 0x04, 0x03, 0x03, 0xFF,
  0x04, 0x03, 0x03, 0xFF, 0x04, 0x03, 0x03, 0xFF, 0x04, 0x03, 0x03, 0xFF, 0x04, 0x03, 0x03, 0xFF, 0x04, 0x03, 0x03, 0xFF, 0x04, 0x03, 0x04, 0xFF,
  0x04, 0x06, 0x08, 0xFF, 0x04, 0x0F, 0x18, 0xFF, 0x04, 0x2D, 0x59, 0xFF, 0x01, 0x5E, 0xC6, 0xFF, 0x1F, 0xF4, 0xF9, 0xFF, 0x3B, 0xF7, 0xF9, 0xFF,
  0x02, 0x64, 0xA3, 0xFF, 0x00, 0x2B, 0x7F, 0xFF, 0x00, 0x32, 0x91, 0xFF, 0x02, 0x27, 0x66, 0xFF, 0x03, 0x0E, 0x1E, 0xFF, 0x04, 0x05, 0x07, 0xFF,
  0x04, 0x03, 0x03, 0xFF, 0x04, 0x03, 0x03, 0xFF, 0x04, 0x03, 0x03, 0xFF, 0x04, 0x03, 0x03, 0xFF, 0x04, 0x03, 0x04, 0xFF, 0x04, 0x03, 0x04, 0xFF,
  0x04, 0x03, 0x04, 0xFF, 0x04, 0x04, 0x05, 0xFF, 0x04, 0x04, 0x05, 0xFF, 0x04, 0x05, 0x07, 0xFF, 0x04, 0x07, 0x0A, 0xFF, 0x05, 0x0A, 0x0F, 0xFF,
  0x05, 0x0D, 0x15, 0xFF, 0x05, 0x13, 0x1F, 0xFF, 0x06, 0x21, 0x36, 0xFF, 0x08, 0x4A, 0x86, 0xFF, 0x59, 0xC8, 0xE0, 0xFF, 0x09, 0xF6, 0xF9, 0xFF,
  0x03, 0xF0, 0xFA, 0xFF, 0x03, 0xE9, 0xFA, 0xFF, 0x03, 0xE5, 0xFB, 0xFF, 0x03, 0xE2, 0xFB, 0xFF, 0x02, 0xE0, 0xFA, 0xFF, 0x03, 0xDF, 0xFA, 0xFF,
  0x02, 0xE1, 0xFA, 0xFF, 0x02, 0xE6, 0xFA, 0xFF, 0x07, 0xF0, 0xFA, 0xFF, 0x47, 0xA6, 0xE7, 0xFF, 0x08, 0x25, 0xDD, 0xFF, 0x02, 0x24, 0x89, 0xFF,
  0x05, 0x20, 0x3D, 0xFF, 0x05, 0x14, 0x23, 0xFF, 0x05, 0x0D, 0x17, 0xFF, 0x04, 0x09, 0x10, 0xFF, 0x04, 0x08, 0x0C, 0xFF, 0x04, 0x07, 0x0A, 0xFF,
  0x04, 0x06, 0x09, 0xFF, 0x04, 0x06, 0x09, 0xFF, 0x04, 0x06, 0x09, 0xFF, 0x04, 0x06, 0x08, 0xFF, 0x04, 0x05, 0x07, 0xFF, 0x04, 0x05, 0x06, 0xFF,
  0x04, 0x05, 0x06, 0xFF, 0x04, 0x05, 0x07, 0xFF, 0x04, 0x05, 0x07, 0xFF, 0x04, 0x05, 0x07, 0xFF, 0x04, 0x05, 0x07, 0xFF, 0x04, 0x05, 0x06, 0xFF,
  0x04, 0x04, 0x05, 0xFF, 0x04, 0x04, 0x05, 0xFF, 0x04, 0x04, 0x05, 0xFF, 0x04, 0x04, 0x05, 0xFF, 0x04, 0x04, 0x05, 0xFF, 0x04, 0x03, 0x04, 0xFF,
  0x04, 0x03, 0x04, 0xFF, 0x04, 0x03, 0x04, 0xFF, 0x04, 0x03, 0x03, 0xFF, 0x04, 0x03, 0x03, 0xFF, 0x04, 0x03, 0x03, 0xFF, 0x04, 0x03, 0x04, 0xFF,
  0x04, 0x03, 0x04, 0xFF, 0x04, 0x03, 0x04, 0xFF, 0x04, 0x03, 0x04, 0xFF, 0x04, 0x03, 0x03, 0xFF, 0x04, 0x03, 0x03, 0xFF, 0x04, 0x03, 0x03, 0xFF,
  0x04, 0x03, 0x03, 0xFF, 0x04, 0x03, 0x03, 0xFF, 0x04, 0x03, 0x03, 0xFF, 0x04, 0x03, 0x04, 0xFF, 0x04, 0x03, 0x03, 0xFF, 0x04, 0x03, 0x03, 0xFF,
  0x04, 0x03, 0x04, 0xFF, 0x04, 0x03, 0x04, 0xFF, 0x04, 0x03, 0x04, 0xFF, 0x04, 0x03, 0x04, 0xFF, 0x04, 0x03, 0x04, 0xFF, 0x04, 0x03, 0x04, 0xFF,
  0x04, 0x03, 0x04, 0xFF, 0x04, 0x03, 0x04, 0xFF, 0x04, 0x03, 0x04, 0xFF, 0x04, 0x03, 0x04, 0xFF, 0x04, 0x03, 0x04, 0xFF, 0x04, 0x03, 0x04, 0xFF,
  0x04, 0x03, 0x04, 0xFF, 0x04, 0x03, 0x04, 0xFF, 0x04, 0x03, 0x03, 0xFF, 0x04, 0x03, 0x03, 0xFF, 0x04, 0x03, 0x03, 0xFF, 0x04, 0x03, 0x03, 0xFF,
  0x04, 0x03, 0x04, 0xFF, 0x04, 0x03, 0x04, 0xFF, 0x04, 0x03, 0x04, 0xFF, 0x04, 0x03, 0x04, 0xFF, 0x04, 0x03, 0x04, 0xFF, 0x04, 0x03, 0x04, 0xFF,
  0x04, 0x03, 0x04, 0xFF, 0x04, 0x03, 0x04, 0xFF, 0x04, 0x03, 0x04, 0xFF, 0x04, 0x03, 0x04, 0xFF, 0x04, 0x03, 0x04, 0xFF, 0x04, 0x03, 0x04, 0xFF,
  0x04, 0x04, 0x05, 0xFF, 0x05, 0x04, 0x06, 0xFF, 0x05, 0x04, 0x06, 0xFF, 0x05, 0x04, 0x06, 0xFF, 0x05, 0x04, 0x06, 0xFF, 0x05, 0x05, 0x07, 0xFF,
  0x05, 0x05, 0x07, 0xFF, 0x05, 0x05, 0x07, 0xFF, 0x05, 0x06, 0x08, 0xFF, 0x05, 0x06, 0x09, 0xFF, 0x06, 0x07, 0x09, 0xFF, 0x06, 0x07, 0x0A, 0xFF,
  0x06, 0x07, 0x0A, 0xFF, 0x06, 0x08, 0x0B, 0xFF, 0x06, 0x08, 0x0C, 0xFF, 0x06, 0x0A, 0x0F, 0xFF, 0x07, 0x0D, 0x15, 0xFF, 0x08, 0x11, 0x1E, 0xFF,
  0x0E, 0x22, 0x3A, 0xFF, 0x36, 0x53, 0x6F, 0xFF, 0x38, 0x7A, 0x9F, 0xFF, 0x32, 0x99, 0xCD, 0xFF, 0x35, 0xB4, 0xED, 0xFF, 0x13, 0xA9, 0xF6, 0xFF,
  0x03, 0x9D, 0xF8, 0xFF, 0x01, 0x9B, 0xF9, 0xFF, 0x01, 0x9A, 0xF9, 0xFF, 0x01, 0x9E, 0xFA, 0xFF, 0x00, 0xA6, 0xF9, 0xFF, 0x00, 0xA7, 0xF9, 0xFF,
  0x00, 0xA5, 0xF9, 0xFF, 0x01, 0x9F, 0xF9, 0xFF, 0x01, 0x98, 0xF9, 0xFF, 0x00, 0x99, 0xFA, 0xFF, 0x00, 0x9F, 0xF9, 0xFF, 0x01, 0xB3, 0xFA, 0xFF,
  0x0F, 0xCC, 0xF6, 0xFF, 0x04, 0x3A, 0x87, 0xFF, 0x04, 0x12, 0x20, 0xFF, 0x04, 0x07, 0x0B, 0xFF, 0x04, 0x04, 0x06, 0xFF, 0x04, 0x04, 0x05, 0xFF,
  0x04, 0x03, 0x04, 0xFF, 0x04, 0x03, 0x04, 0xFF, 0x04, 0x03, 0x03, 0xFF, 0x04, 0x03, 0x03, 0xFF, 0x04, 0x03, 0x03, 0xFF, 0x04, 0x03, 0x03, 0xFF,
  0x04, 0x03, 0x03, 0xFF, 0x04, 0x03, 0x03, 0xFF, 0x04, 0x03, 0x03, 0xFF, 0x04, 0x03, 0x03, 0xFF, 0x04, 0x03, 0x04, 0xFF, 0x04, 0x03, 0x04, 0xFF,
  0x04, 0x04, 0x0A, 0xFF, 0x04, 0x0A, 0x33, 0xFF, 0x03, 0x1B, 0xA7, 0xFF, 0x01, 0x20, 0xD5, 0xFF, 0x01, 0x17, 0xD1, 0xFF, 0x04, 0x25, 0xCF, 0xFF,
  0x42, 0xD9, 0xF9, 0xFF, 0x39, 0xD0, 0xF9, 0xFF, 0x03, 0x1B, 0xDC, 0xFF, 0x05, 0x1C, 0x9B, 0xFF, 0x06, 0x0F, 0x36, 0xFF, 0x04, 0x05, 0x0C, 0xFF,
  0x04, 0x04, 0x05, 0xFF, 0x04, 0x03, 0x03, 0xFF, 0x04, 0x03, 0x03, 0xFF, 0x04, 0x03, 0x03, 0xFF, 0x04, 0x03, 0x03, 0xFF, 0x04, 0x03, 0x03, 0xFF,
  0x04, 0x03, 0x03, 0xFF, 0x04, 0x03, 0x03, 0xFF, 0x04, 0x03, 0x03, 0xFF, 0x04, 0x03, 0x03, 0xFF, 0x04, 0x03, 0x03, 0xFF, 0x04, 0x03, 0x04, 0xFF,
  0x04, 0x06, 0x08, 0xFF, 0x04, 0x0E, 0x18, 0xFF, 0x03, 0x2D, 0x5C, 0xFF, 0x01, 0x5E, 0xC7, 0xFF, 0x20, 0xF5, 0xFA, 0xFF, 0x3C, 0xF9, 0xFA, 0xFF,
  0x02, 0x62, 0xA3, 0xFF, 0x00, 0x2B, 0x7C, 0xFF, 0x01, 0x31, 0x8E, 0xFF, 0x02, 0x27, 0x65, 0xFF, 0x03, 0x0D, 0x1D, 0xFF, 0x04, 0x05, 0x07, 0xFF,
  0x04, 0x03, 0x03, 0xFF, 0x04, 0x03, 0x03, 0xFF, 0x04, 0x03, 0x03, 0xFF, 0x04, 0x03, 0x03, 0xFF, 0x04, 0x03, 0x04, 0xFF, 0x04, 0x03, 0x04, 0xFF,
  0x04, 0x04, 0x05, 0xFF, 0x04, 0x04, 0x05, 0xFF, 0x04, 0x05, 0x06, 0xFF, 0x04, 0x05, 0x07, 0xFF, 0x04, 0x08, 0x0B, 0xFF, 0x05, 0x0B, 0x11, 0xFF,
  0x05, 0x10, 0x19, 0xFF, 0x06, 0x18, 0x27, 0xFF, 0x07, 0x2D, 0x4C, 0xFF, 0x1E, 0x80, 0xC1, 0xFF, 0x43, 0xF4, 0xF6, 0xFF, 0x03, 0xF3, 0xFA, 0xFF,
  0x02, 0xEB, 0xFA, 0xFF, 0x03, 0xE5, 0xFB, 0xFF, 0x03, 0xE2, 0xFA, 0xFF, 0x03, 0xE1, 0xFA, 0xFF, 0x02, 0xDF, 0xFA, 0xFF, 0x02, 0xDF, 0xFA, 0xFF,
  0x02, 0xE4, 0xF9, 0xFF, 0x03, 0xEE, 0xF9, 0xFF, 0x3B, 0xAC, 0xEA, 0xFF, 0x04, 0x28, 0xE5, 0xFF, 0x03, 0x22, 0x70, 0xFF, 0x05, 0x1E, 0x36, 0xFF,
  0x05, 0x0F, 0x1A, 0xFF, 0x04, 0x0B, 0x12, 0xFF, 0x04, 0x08, 0x0D, 0xFF, 0x04, 0x06, 0x0A, 0xFF, 0x04, 0x06, 0x08, 0xFF, 0x04, 0x05, 0x07, 0xFF,
  0x04, 0x05, 0x06, 0xFF, 0x04, 0x05, 0x06, 0xFF, 0x04, 0x05, 0x06, 0xFF, 0x04, 0x04, 0x06, 0xFF, 0x04, 0x04, 0x05, 0xFF, 0x04, 0x04, 0x05, 0xFF,
  0x04, 0x04, 0x05, 0xFF, 0x04, 0x04, 0x05, 0xFF, 0x04, 0x04, 0x05, 0xFF, 0x04, 0x04, 0x05, 0xFF, 0x04, 0x04, 0x05, 0xFF, 0x04, 0x04, 0x05, 0xFF,
  0x04, 0x04, 0x05, 0xFF, 0x04, 0x04, 0x05, 0xFF, 0x04, 0x03, 0x04, 0xFF, 0x04, 0x03, 0x04, 0xFF, 0x04, 0x03, 0x04, 0xFF, 0x04, 0x03, 0x04, 0xFF,
  0x04, 0x03, 0x04, 0xFF, 0x04, 0x03, 0x03, 0xFF, 0x04, 0x03, 0x03, 0xFF, 0x04, 0x03, 0x03, 0xFF, 0x04, 0x03, 0x03, 0xFF, 0x04, 0x03, 0x03, 0xFF,
  0x04, 0x03, 0x03, 0xFF, 0x04, 0x03, 0x03, 0xFF, 0x04, 0x03, 0x04, 0xFF, 0x04, 0x03, 0x03, 0xFF, 0x04, 0x03, 0x03, 0xFF, 0x04, 0x03, 0x03, 0xFF,
  0x04, 0x03, 0x03, 0xFF, 0x04, 0x03, 0x03, 0xFF, 0x04, 0x03, 0x03, 0xFF, 0x04, 0x03, 0x03, 0xFF, 0x04, 0x03, 0x03, 0xFF, 0x04, 0x03, 0x03, 0xFF,
  0x04, 0x03, 0x03, 0xFF, 0x04, 0x03, 0x03, 0xFF, 0x04, 0x03, 0x03, 0xFF, 0x04, 0x03, 0x04, 0xFF, 0x04, 0x03, 0x04, 0xFF, 0x04, 0x03, 0x04, 0xFF,
  0x04, 0x03, 0x04, 0xFF, 0x04, 0x03, 0x03, 0xFF, 0x04, 0x03, 0x04, 0xFF, 0x04, 0x03, 0x04, 0xFF, 0x04, 0x03, 0x04, 0xFF, 0x04, 0x03, 0x04, 0xFF,
  0x04, 0x03, 0x04, 0xFF, 0x04, 0x03, 0x04, 0xFF, 0x04, 0x03, 0x03, 0xFF, 0x04, 0x03, 0x03, 0xFF, 0x04, 0x03, 0x03, 0xFF, 0x04, 0x03, 0x04, 0xFF,
  0x04, 0x03, 0x04, 0xFF, 0x04, 0x03, 0x04, 0xFF, 0x04, 0x03, 0x04, 0xFF, 0x04, 0x03, 0x04, 0xFF, 0x04, 0x03, 0x04, 0xFF, 0x04, 0x03, 0x04, 0xFF,
  0x04, 0x03, 0x04, 0xFF, 0x04, 0x03, 0x04, 0xFF, 0x04, 0x03, 0x04, 0xFF, 0x04, 0x03, 0x04, 0xFF, 0x04, 0x04, 0x04, 0xFF, 0x04, 0x04, 0x05, 0xFF,
  0x04, 0x04, 0x05, 0xFF, 0x04, 0x04, 0x05, 0xFF, 0x05, 0x05, 0x06, 0xFF, 0x05, 0x05, 0x06, 0xFF, 0x05, 0x05, 0x06, 0xFF, 0x05, 0x05, 0x07, 0xFF,
  0x05, 0x06, 0x08, 0xFF, 0x05, 0x06, 0x09, 0xFF, 0x06, 0x07, 0x0A, 0xFF, 0x06, 0x08, 0x0B, 0xFF, 0x06, 0x09, 0x0D, 0xFF, 0x07, 0x0B, 0x11, 0xFF,
  0x08, 0x0F, 0x17, 0xFF, 0x0C, 0x1A, 0x2C, 0xFF, 0x2D, 0x43, 0x5C, 0xFF, 0x40, 0x67, 0x81, 0xFF, 0x41, 0x85, 0xB1, 0xFF, 0x3E, 0xA0, 0xDD, 0xFF,
  0x38, 0xB1, 0xF5, 0xFF, 0x19, 0xA7, 0xF7, 0xFF, 0x0F, 0xA0, 0xF9, 0xFF, 0x0F, 0xA0, 0xF9, 0xFF, 0x0D, 0xA0, 0xF9, 0xFF, 0x0A, 0x9F, 0xFA, 0xFF,
  0x03, 0x9C, 0xFA, 0xFF, 0x01, 0x9C, 0xF9, 0xFF, 0x00, 0xA2, 0xFA, 0xFF, 0x01, 0xA2, 0xFB, 0xFF, 0x01, 0x99, 0xF9, 0xFF, 0x01, 0x92, 0xF9, 0xFF,
  0x00, 0x91, 0xF9, 0xFF, 0x01, 0x96, 0xF9, 0xFF, 0x01, 0x9C, 0xFA, 0xFF, 0x01, 0xA3, 0xFB, 0xFF, 0x01, 0xAF, 0xFA, 0xFF, 0x07, 0xCB, 0xF6, 0xFF,
  0x06, 0x44, 0xAD, 0xFF, 0x04, 0x13, 0x24, 0xFF, 0x04, 0x0B, 0x13, 0xFF, 0x04, 0x06, 0x09, 0xFF, 0x04, 0x04, 0x05, 0xFF, 0x04, 0x04, 0x05, 0xFF,
  0x04, 0x03, 0x04, 0xFF, 0x04, 0x03, 0x03, 0xFF, 0x04, 0x03, 0x03, 0xFF, 0x04, 0x03, 0x03, 0xFF, 0x04, 0x03, 0x03, 0xFF, 0x04, 0x03, 0x03, 0xFF,
  0x04, 0x03, 0x03, 0xFF, 0x04, 0x03, 0x03, 0xFF, 0x04, 0x03, 0x03, 0xFF, 0x04, 0x03, 0x03, 0xFF, 0x04, 0x03, 0x04, 0xFF, 0x04, 0x03, 0x04, 0xFF,
  0x04, 0x04, 0x0A, 0xFF, 0x04, 0x0A, 0x33, 0xFF, 0x03, 0x1A, 0xA6, 0xFF, 0x01, 0x20, 0xD3, 0xFF, 0x01, 0x17, 0xCF, 0xFF, 0x04, 0x27, 0xD0, 0xFF,
  0x45, 0xD9, 0xF9, 0xFF, 0x38, 0xCD, 0xF9, 0xFF, 0x03, 0x1B, 0xDA, 0xFF, 0x05, 0x1B, 0x98, 0xFF, 0x06, 0x0F, 0x37, 0xFF, 0x04, 0x05, 0x0C, 0xFF,
  0x04, 0x03, 0x05, 0xFF, 0x04, 0x03, 0x03, 0xFF, 0x04, 0x03, 0x03, 0xFF, 0x04, 0x03, 0x03, 0xFF, 0x04, 0x03, 0x03, 0xFF, 0x04, 0x03, 0x03, 0xFF,
  0x04, 0x03, 0x03, 0xFF, 0x04, 0x03, 0x03, 0xFF, 0x04, 0x03, 0x03, 0xFF, 0x04, 0x03, 0x03, 0xFF, 0x04, 0x03, 0x03, 0xFF, 0x04, 0x03, 0x04, 0xFF,
  0x04, 0x05, 0x08, 0xFF, 0x04, 0x0E, 0x17, 0xFF, 0x03, 0x2D, 0x5D, 0xFF, 0x01, 0x5E, 0xC8, 0xFF, 0x20, 0xF5, 0xFA, 0xFF, 0x3D, 0xF9, 0xFA, 0xFF,
  0x01, 0x60, 0xA2, 0xFF, 0x01, 0x2A, 0x7B, 0xFF, 0x01, 0x30, 0x8C, 0xFF, 0x02, 0x26, 0x64, 0xFF, 0x03, 0x0D, 0x1C, 0xFF, 0x04, 0x04, 0x07, 0xFF,
  0x04, 0x03, 0x04, 0xFF, 0x04, 0x03, 0x04, 0xFF, 0x04, 0x03, 0x04, 0xFF, 0x04, 0x03, 0x03, 0xFF, 0x04, 0x03, 0x04, 0xFF, 0x04, 0x04, 0x04, 0xFF,
  0x04, 0x04, 0x05, 0xFF, 0x04, 0x05, 0x06, 0xFF, 0x04, 0x05, 0x06, 0xFF, 0x04, 0x06, 0x08, 0xFF, 0x05, 0x08, 0x0C, 0xFF, 0x05, 0x0C, 0x13, 0xFF,
  0x05, 0x12, 0x1D, 0xFF, 0x06, 0x1E, 0x32, 0xFF, 0x07, 0x44, 0x76, 0xFF, 0x40, 0xC9, 0xEC, 0xFF, 0x18, 0xF8, 0xF9, 0xFF, 0x03, 0xEF, 0xF9, 0xFF,
  0x03, 0xE7, 0xFA, 0xFF, 0x03, 0xE2, 0xFA, 0xFF, 0x04, 0xE1, 0xFB, 0xFF, 0x04, 0xE0, 0xFA, 0xFF, 0x03, 0xDF, 0xFA, 0xFF, 0x03, 0xE1, 0xFA, 0xFF,
  0x05, 0xEB, 0xFA, 0xFF, 0x36, 0xCE, 0xE8, 0xFF, 0x0E, 0x31, 0xE4, 0xFF, 0x02, 0x27, 0x79, 0xFF, 0x04, 0x15, 0x26, 0xFF, 0x05, 0x0D, 0x16, 0xFF,
  0x04, 0x08, 0x0D, 0xFF, 0x04, 0x06, 0x0A, 0xFF, 0x04, 0x05, 0x07, 0xFF, 0x04, 0x04, 0x06, 0xFF, 0x04, 0x04, 0x05, 0xFF, 0x04, 0x04, 0x05, 0xFF,
  0x04, 0x04, 0x05, 0xFF, 0x04, 0x04, 0x05, 0xFF, 0x04, 0x04, 0x05, 0xFF, 0x04, 0x04, 0x05, 0xFF, 0x04, 0x03, 0x04, 0xFF, 0x04, 0x03, 0x04, 0xFF,
  0x04, 0x03, 0x04, 0xFF, 0x04, 0x03, 0x04, 0xFF, 0x04, 0x03, 0x04, 0xFF, 0x04, 0x03, 0x04, 0xFF, 0x04, 0x03, 0x04, 0xFF, 0x04, 0x03, 0x04, 0xFF,
  0x04, 0x03, 0x04, 0xFF, 0x04, 0x03, 0x04, 0xFF, 0x04, 0x03, 0x04, 0xFF, 0x04, 0x03, 0x03, 0xFF, 0x04, 0x03, 0x03, 0xFF, 0x04, 0x03, 0x03, 0xFF,
  0x04, 0x03, 0x03, 0xFF, 0x04, 0x03, 0x03, 0xFF, 0x04, 0x03, 0x03, 0xFF, 0x04, 0x03, 0x03, 0xFF, 0x04, 0x03, 0x04, 0xFF, 0x04, 0x03, 0x03, 0xFF,
  0x04, 0x03, 0x03, 0xFF, 0x04, 0x03, 0x03, 0xFF, 0x04, 0x03, 0x03, 0xFF, 0x04, 0x03, 0x03, 0xFF, 0x04, 0x03, 0x03, 0xFF, 0x04, 0x03, 0x03, 0xFF,
  0x04, 0x03, 0x03, 0xFF, 0x04, 0x03, 0x03, 0xFF, 0x04, 0x03, 0x03, 0xFF, 0x04, 0x03, 0x03, 0xFF, 0x04, 0x03, 0x03, 0xFF, 0x04, 0x03, 0x03, 0xFF,
  0x04, 0x03, 0x03, 0xFF, 0x04, 0x03, 0x03, 0xFF, 0x04, 0x03, 0x03, 0xFF, 0x04, 0x03, 0x03, 0xFF, 0x04, 0x04, 0x04, 0xFF, 0x04, 0x04, 0x04, 0xFF,
  0x04, 0x03, 0x03, 0xFF, 0x04, 0x03, 0x03, 0xFF, 0x04, 0x03, 0x03, 0xFF, 0x04, 0x03, 0x03, 0xFF, 0x04, 0x04, 0x04, 0xFF, 0x04, 0x04, 0x04, 0xFF,
  0x04, 0x04, 0x04, 0xFF, 0x04, 0x04, 0x04, 0xFF, 0x04, 0x03, 0x03, 0xFF, 0x04, 0x03, 0x03, 0xFF, 0x04, 0x04, 0x04, 0xFF, 0x04, 0x04, 0x04, 0xFF,
  0x04, 0x04, 0x04, 0xFF, 0x04, 0x04, 0x04, 0xFF, 0x04, 0x04, 0x04, 0xFF, 0x04, 0x04, 0x04, 0xFF, 0x04, 0x04, 0x04, 0xFF, 0x04, 0x04, 0x04, 0xFF,
  0x04, 0x04, 0x05, 0xFF, 0x04, 0x04, 0x05, 0xFF, 0x04, 0x04, 0x04, 0xFF, 0x04, 0x04, 0x04, 0xFF, 0x04, 0x04, 0x05, 0xFF, 0x04, 0x04, 0x05, 0xFF,
  0x05, 0x05, 0x06, 0xFF, 0x05, 0x05, 0x06, 0xFF, 0x05, 0x05, 0x06, 0xFF, 0x05, 0x05, 0x07, 0xFF, 0x05, 0x06, 0x08, 0xFF, 0x06, 0x07, 0x09, 0xFF,
  0x07, 0x09, 0x0D, 0xFF, 0x08, 0x0C, 0x11, 0xFF, 0x0A, 0x14, 0x20, 0xFF, 0x26, 0x36, 0x49, 0xFF, 0x45, 0x5D, 0x72, 0xFF, 0x4B, 0x7F, 0xA2, 0xFF,
  0x59, 0xA3, 0xD3, 0xFF, 0x5C, 0xBD, 0xF4, 0xFF, 0x36, 0xAF, 0xF8, 0xFF, 0x21, 0xA5, 0xF8, 0xFF, 0x1F, 0xA3, 0xF9, 0xFF, 0x1C, 0xA2, 0xF8, 0xFF,
  0x1B, 0xA4, 0xF9, 0xFF, 0x19, 0xA4, 0xF9, 0xFF, 0x15, 0xA4, 0xF9, 0xFF, 0x0F, 0xA4, 0xFA, 0xFF, 0x11, 0xAD, 0xFA, 0xFF, 0x21, 0xB4, 0xFA, 0xFF,
  0x18, 0xA5, 0xFA, 0xFF, 0x0A, 0x95, 0xFA, 0xFF, 0x01, 0x89, 0xFA, 0xFF, 0x00, 0x86, 0xFA, 0xFF, 0x00, 0x8A, 0xF9, 0xFF, 0x00, 0x8D, 0xF9, 0xFF,
  0x01, 0x93, 0xF9, 0xFF, 0x01, 0x9D, 0xFA, 0xFF, 0x01, 0xAA, 0xFA, 0xFF, 0x01, 0xB9, 0xFB, 0xFF, 0x1A, 0xD7, 0xF8, 0xFF, 0x0B, 0x58, 0xC9, 0xFF,
  0x04, 0x1B, 0x39, 0xFF, 0x04, 0x0A, 0x12, 0xFF, 0x04, 0x07, 0x0B, 0xFF, 0x04, 0x05, 0x07, 0xFF, 0x04, 0x04, 0x05, 0xFF, 0x04, 0x04, 0x05, 0xFF,
  0x04, 0x03, 0x04, 0xFF, 0x04, 0x03, 0x03, 0xFF, 0x04, 0x03, 0x03, 0xFF, 0x04, 0x03, 0x03, 0xFF, 0x04, 0x03, 0x03, 0xFF, 0x04, 0x03, 0x03, 0xFF,
  0x04, 0x03, 0x03, 0xFF, 0x04, 0x03, 0x03, 0xFF, 0x04, 0x03, 0x03, 0xFF, 0x04, 0x03, 0x03, 0xFF, 0x04, 0x03, 0x03, 0xFF, 0x04, 0x03, 0x04, 0xFF,
  0x04, 0x04, 0x0A, 0xFF, 0x04, 0x0B, 0x33, 0xFF, 0x03, 0x19, 0xA6, 0xFF, 0x01, 0x1F, 0xD0, 0xFF, 0x01, 0x19, 0xCE, 0xFF, 0x04, 0x29, 0xD0, 0xFF,
  0x44, 0xD9, 0xF9, 0xFF, 0x35, 0xCA, 0xF9, 0xFF, 0x03, 0x1B, 0xDB, 0xFF, 0x04, 0x1A, 0x96, 0xFF, 0x06, 0x0F, 0x35, 0xFF, 0x05, 0x05, 0x0C, 0xFF,
  0x04, 0x03, 0x05, 0xFF, 0x04, 0x03, 0x03, 0xFF, 0x04, 0x03, 0x03, 0xFF, 0x04, 0x03, 0x03, 0xFF, 0x04, 0x03, 0x03, 0xFF, 0x04, 0x03, 0x03, 0xFF,
  0x04, 0x03, 0x03, 0xFF, 0x04, 0x03, 0x03, 0xFF, 0x04, 0x03, 0x03, 0xFF, 0x04, 0x03, 0x03, 0xFF, 0x04, 0x03, 0x03, 0xFF, 0x04, 0x03, 0x04, 0xFF,
  0x04, 0x05, 0x07, 0xFF, 0x04, 0x0E, 0x17, 0xFF, 0x03, 0x2D, 0x5C, 0xFF, 0x01, 0x5C, 0xC6, 0xFF, 0x20, 0xF5, 0xF9, 0xFF, 0x3B, 0xF8, 0xFA, 0xFF,
  0x02, 0x61, 0xA2, 0xFF, 0x00, 0x28, 0x79, 0xFF, 0x01, 0x30, 0x8D, 0xFF, 0x02, 0x25, 0x62, 0xFF, 0x03, 0x0C, 0x1A, 0xFF, 0x04, 0x04, 0x06, 0xFF,
  0x04, 0x03, 0x03, 0xFF, 0x04, 0x03, 0x03, 0xFF, 0x04, 0x03, 0x03, 0xFF, 0x04, 0x03, 0x03, 0xFF, 0x04, 0x03, 0x04, 0xFF, 0x04, 0x03, 0x04, 0xFF,
  0x04, 0x04, 0x05, 0xFF, 0x04, 0x05, 0x06, 0xFF, 0x04, 0x05, 0x07, 0xFF, 0x04, 0x07, 0x09, 0xFF, 0x05, 0x09, 0x0E, 0xFF, 0x05, 0x0D, 0x15, 0xFF,
  0x05, 0x15, 0x22, 0xFF, 0x06, 0x28, 0x44, 0xFF, 0x0B, 0x61, 0xA0, 0xFF, 0x57, 0xF4, 0xF6, 0xFF, 0x07, 0xF7, 0xFA, 0xFF, 0x03, 0xEC, 0xFA, 0xFF,
  0x04, 0xE4, 0xFA, 0xFF, 0x03, 0xE1, 0xFA, 0xFF, 0x04, 0xE1, 0xFA, 0xFF, 0x04, 0xE1, 0xFA, 0xFF, 0x04, 0xE1, 0xFA, 0xFF, 0x04, 0xE5, 0xFA, 0xFF,
  0x12, 0xEF, 0xF9, 0xFF, 0x1B, 0x45, 0xC7, 0xFF, 0x02, 0x28, 0xA5, 0xFF, 0x04, 0x24, 0x43, 0xFF, 0x05, 0x0D, 0x17, 0xFF, 0x04, 0x09, 0x0F, 0xFF,
  0x04, 0x06, 0x0A, 0xFF, 0x04, 0x05, 0x08, 0xFF, 0x04, 0x05, 0x06, 0xFF, 0x04, 0x04, 0x05, 0xFF, 0x04, 0x04, 0x05, 0xFF, 0x04, 0x04, 0x05, 0xFF,
  0x04, 0x04, 0x05, 0xFF, 0x04, 0x03, 0x04, 0xFF, 0x04, 0x03, 0x04, 0xFF, 0x04, 0x03, 0x04, 0xFF, 0x04, 0x03, 0x04, 0xFF, 0x04, 0x03, 0x04, 0xFF,
  0x04, 0x03, 0x04, 0xFF, 0x04, 0x03, 0x04, 0xFF, 0x04, 0x03, 0x04, 0xFF, 0x04, 0x03, 0x04, 0xFF, 0x04, 0x03, 0x04, 0xFF, 0x04, 0x03, 0x04, 0xFF,
  0x04, 0x03, 0x04, 0xFF, 0x04, 0x03, 0x04, 0xFF, 0x04, 0x03, 0x03, 0xFF, 0x04, 0x03, 0x03, 0xFF, 0x04, 0x03, 0x03, 0xFF, 0x04, 0x03, 0x03, 0xFF,
  0x04, 0x03, 0x03, 0xFF, 0x04, 0x03, 0x03, 0xFF, 0x04, 0x03, 0x03, 0xFF, 0x04, 0x03, 0x03, 0xFF, 0x04, 0x03, 0x03, 0xFF, 0x04, 0x03, 0x03, 0xFF,
  0x04, 0x03, 0x03, 0xFF, 0x04, 0x03, 0x03, 0xFF, 0x04, 0x03, 0x03, 0xFF, 0x04, 0x03, 0x03, 0xFF, 0x04, 0x03, 0x03, 0xFF, 0x04, 0x03, 0x03, 0xFF,
  0x04, 0x03, 0x03, 0xFF, 0x04, 0x03, 0x03, 0xFF, 0x04, 0x03, 0x03, 0xFF, 0x04, 0x03, 0x03, 0xFF, 0x04, 0x03, 0x03, 0xFF, 0x04, 0x03, 0x03, 0xFF,
  0x04, 0x03, 0x03, 0xFF, 0x04, 0x03, 0x03, 0xFF, 0x04, 0x03, 0x03, 0xFF, 0x04, 0x03, 0x03, 0xFF, 0x04, 0x04, 0x04, 0xFF, 0x04, 0x03, 0x03, 0xFF,
  0x04, 0x03, 0x03, 0xFF, 0x04, 0x04, 0x04, 0xFF, 0x04, 0x03, 0x03, 0xFF, 0x04, 0x03, 0x03, 0xFF, 0x04, 0x04, 0x04, 0xFF, 0x04, 0x04, 0x04, 0xFF,
  0x04, 0x04, 0x04, 0xFF, 0x04, 0x04, 0x04, 0xFF, 0x04, 0x04, 0x04, 0xFF, 0x04, 0x04, 0x04, 0xFF, 0x04, 0x04, 0x04, 0xFF, 0x04, 0x04, 0x04, 0xFF,
  0x04, 0x04, 0x04, 0xFF, 0x04, 0x04, 0x04, 0xFF, 0x04, 0x04, 0x04, 0xFF, 0x04, 0x04, 0x04, 0xFF, 0x04, 0x04, 0x04, 0xFF, 0x05, 0x04, 0x05, 0xFF,
  0x05, 0x04, 0x05, 0xFF, 0x05, 0x05, 0x06, 0xFF, 0x05, 0x04, 0x05, 0xFF, 0x05, 0x04, 0x06, 0xFF, 0x05, 0x05, 0x06, 0xFF, 0x05, 0x05, 0x07, 0xFF,
  0x05, 0x06, 0x08, 0xFF, 0x05, 0x06, 0x09, 0xFF, 0x06, 0x08, 0x0B, 0xFF, 0x07, 0x0A, 0x0F, 0xFF, 0x0A, 0x14, 0x23, 0xFF, 0x2E, 0x3C, 0x50, 0xFF,
  0x58, 0x75, 0x8F, 0xFF, 0x60, 0x9C, 0xC6, 0xFF, 0x68, 0xBC, 0xF0, 0xFF, 0x52, 0xB9, 0xF8, 0xFF, 0x2F, 0xA7, 0xF9, 0xFF, 0x30, 0xA7, 0xF9, 0xFF,
  0x2F, 0xA9, 0xF9, 0xFF, 0x2B, 0xA7, 0xF9, 0xFF, 0x2B, 0xA8, 0xFA, 0xFF, 0x27, 0xA9, 0xF9, 0xFF, 0x26, 0xAA, 0xF9, 0xFF, 0x23, 0xAB, 0xF9, 0xFF,
  0x21, 0xB4, 0xF9, 0xFF, 0x3B, 0xC3, 0xF9, 0xFF, 0x37, 0xB4, 0xFA, 0xFF, 0x2E, 0x9C, 0xFA, 0xFF, 0x1B, 0x84, 0xFA, 0xFF, 0x02, 0x6F, 0xFA, 0xFF,
  0x01, 0x75, 0xF9, 0xFF, 0x01, 0x7D, 0xFA, 0xFF, 0x01, 0x83, 0xFA, 0xFF, 0x01, 0x86, 0xF9, 0xFF, 0x00, 0x8C, 0xFA, 0xFF, 0x00, 0x92, 0xFA, 0xFF,
  0x01, 0x9B, 0xFA, 0xFF, 0x01, 0xA9, 0xFA, 0xFF, 0x01, 0xBA, 0xFB, 0xFF, 0x18, 0xE5, 0xFB, 0xFF, 0x2A, 0x7E, 0xE4, 0xFF, 0x04, 0x2A, 0x67, 0xFF,
  0x04, 0x12, 0x21, 0xFF, 0x04, 0x08, 0x0D, 0xFF, 0x04, 0x05, 0x08, 0xFF, 0x04, 0x04, 0x05, 0xFF, 0x04, 0x04, 0x05, 0xFF, 0x04, 0x03, 0x04, 0xFF,
  0x04, 0x03, 0x04, 0xFF, 0x04, 0x03, 0x04, 0xFF, 0x04, 0x03, 0x03, 0xFF, 0x04, 0x03, 0x03, 0xFF, 0x04, 0x03, 0x03, 0xFF, 0x04, 0x03, 0x03, 0xFF,
  0x04, 0x03, 0x03, 0xFF, 0x04, 0x03, 0x03, 0xFF, 0x04, 0x03, 0x03, 0xFF, 0x04, 0x03, 0x03, 0xFF, 0x04, 0x03, 0x03, 0xFF, 0x04, 0x03, 0x04, 0xFF,
  0x04, 0x04, 0x0A, 0xFF, 0x04, 0x0A, 0x34, 0xFF, 0x04, 0x18, 0xA5, 0xFF, 0x02, 0x1F, 0xD0, 0xFF, 0x02, 0x18, 0xCA, 0xFF, 0x04, 0x24, 0xCF, 0xFF,
  0x40, 0xD6, 0xF9, 0xFF, 0x36, 0xC8, 0xF8, 0xFF, 0x04, 0x18, 0xDD, 0xFF, 0x04, 0x1A, 0x9D, 0xFF, 0x06, 0x0E, 0x36, 0xFF, 0x05, 0x05, 0x0B, 0xFF,
  0x04, 0x03, 0x05, 0xFF, 0x04, 0x03, 0x03, 0xFF, 0x04, 0x03, 0x03, 0xFF, 0x04, 0x03, 0x03, 0xFF, 0x04, 0x03, 0x03, 0xFF, 0x04, 0x03, 0x03, 0xFF,
  0x04, 0x03, 0x03, 0xFF, 0x04, 0x03, 0x03, 0xFF, 0x04, 0x03, 0x03, 0xFF, 0x04, 0x03, 0x03, 0xFF, 0x04, 0x03, 0x03, 0xFF, 0x04, 0x03, 0x04, 0xFF,
  0x04, 0x05, 0x07, 0xFF, 0x04, 0x0E, 0x18, 0xFF, 0x03, 0x30, 0x64, 0xFF, 0x01, 0x58, 0xC5, 0xFF, 0x1D, 0xF3, 0xF9, 0xFF, 0x37, 0xF8, 0xF9, 0xFF,
  0x02, 0x5F, 0xA0, 0xFF, 0x01, 0x27, 0x78, 0xFF, 0x01, 0x30, 0x8D, 0xFF, 0x02, 0x25, 0x61, 0xFF, 0x03, 0x0C, 0x19, 0xFF, 0x04, 0x04, 0x06, 0xFF,
  0x04, 0x03, 0x03, 0xFF, 0x04, 0x03, 0x03, 0xFF, 0x04, 0x03, 0x03, 0xFF, 0x04, 0x03, 0x03, 0xFF, 0x04, 0x03, 0x04, 0xFF, 0x04, 0x03, 0x04, 0xFF,
  0x04, 0x04, 0x05, 0xFF, 0x04, 0x05, 0x07, 0xFF, 0x04, 0x06, 0x08, 0xFF, 0x04, 0x07, 0x0A, 0xFF, 0x05, 0x0A, 0x0F, 0xFF, 0x05, 0x0E, 0x17, 0xFF,
  0x06, 0x19, 0x2A, 0xFF, 0x07, 0x35, 0x5B, 0xFF, 0x26, 0x92, 0xC2, 0xFF, 0x39, 0xF7, 0xF8, 0xFF, 0x04, 0xF3, 0xFA, 0xFF, 0x03, 0xE8, 0xFA, 0xFF,
  0x03, 0xE3, 0xFA, 0xFF, 0x03, 0xE1, 0xFA, 0xFF, 0x03, 0xE2, 0xFA, 0xFF, 0x04, 0xE3, 0xFA, 0xFF, 0x03, 0xE5, 0xFA, 0xFF, 0x05, 0xED, 0xFA, 0xFF,
  0x28, 0xAE, 0xE1, 0xFF, 0x03, 0x21, 0xD1, 0xFF, 0x03, 0x20, 0x44, 0xFF, 0x04, 0x10, 0x1D, 0xFF, 0x04, 0x08, 0x0D, 0xFF, 0x04, 0x06, 0x09, 0xFF,
  0x04, 0x05, 0x07, 0xFF, 0x04, 0x04, 0x06, 0xFF, 0x04, 0x04, 0x05, 0xFF, 0x04, 0x04, 0x05, 0xFF, 0x04, 0x03, 0x04, 0xFF, 0x04, 0x03, 0x04, 0xFF,
  0x04, 0x03, 0x04, 0xFF, 0x04, 0x03, 0x04, 0xFF, 0x04, 0x03, 0x04, 0xFF, 0x04, 0x03, 0x04, 0xFF, 0x04, 0x03, 0x04, 0xFF, 0x04, 0x03, 0x04, 0xFF,
  0x04, 0x03, 0x04, 0xFF, 0x04, 0x03, 0x04, 0xFF, 0x04, 0x03, 0x04, 0xFF, 0x04, 0x03, 0x04, 0xFF, 0x04, 0x03, 0x04, 0xFF, 0x04, 0x03, 0x04, 0xFF,
  0x04, 0x03, 0x03, 0xFF, 0x04, 0x03, 0x03, 0xFF, 0x04, 0x03, 0x03, 0xFF, 0x04, 0x03, 0x03, 0xFF, 0x04, 0x03, 0x03, 0xFF, 0x04, 0x03, 0x03, 0xFF,
  0x04, 0x03, 0x03, 0xFF, 0x04, 0x03, 0x03, 0xFF, 0x04, 0x03, 0x03, 0xFF, 0x04, 0x03, 0x03, 0xFF, 0x04, 0x03, 0x04, 0xFF, 0x04, 0x03, 0x03, 0xFF,
  0x04, 0x03, 0x03, 0xFF, 0x04, 0x03, 0x03, 0xFF, 0x04, 0x03, 0x03, 0xFF, 0x04, 0x03, 0x03, 0xFF, 0x04, 0x03, 0x03, 0xFF, 0x04, 0x03, 0x03, 0xFF,
  0x04, 0x03, 0x03, 0xFF, 0x04, 0x03, 0x03, 0xFF, 0x04, 0x03, 0x03, 0xFF, 0x04, 0x03, 0x03, 0xFF, 0x04, 0x03, 0x03, 0xFF, 0x04, 0x03, 0x03, 0xFF,
  0x04, 0x03, 0x03, 0xFF, 0x04, 0x03, 0x03, 0xFF, 0x04, 0x03, 0x03, 0xFF, 0x04, 0x03, 0x03, 0xFF, 0x04, 0x03, 0x03, 0xFF, 0x04, 0x03, 0x03, 0xFF,
  0x04, 0x03, 0x03, 0xFF, 0x04, 0x04, 0x04, 0xFF, 0x04, 0x04, 0x04, 0xFF, 0x04, 0x04, 0x04, 0xFF, 0x04, 0x04, 0x04, 0xFF, 0x04, 0x04, 0x04, 0xFF,
  0x04, 0x04, 0x04, 0xFF, 0x04, 0x04, 0x04, 0xFF, 0x04, 0x04, 0x04, 0xFF, 0x04, 0x04, 0x04, 0xFF, 0x05, 0x04, 0x05, 0xFF, 0x05, 0x04, 0x05, 0xFF,
  0x05, 0x04, 0x05, 0xFF, 0x04, 0x04, 0x05, 0xFF, 0x05, 0x04, 0x05, 0xFF, 0x05, 0x04, 0x05, 0xFF, 0x05, 0x04, 0x05, 0xFF, 0x05, 0x05, 0x06, 0xFF,
  0x05, 0x05, 0x07, 0xFF, 0x05, 0x06, 0x08, 0xFF, 0x06, 0x07, 0x09, 0xFF, 0x06, 0x08, 0x0B, 0xFF, 0x07, 0x0B, 0x10, 0xFF, 0x0A, 0x13, 0x1D, 0xFF,
  0x19, 0x27, 0x3A, 0xFF, 0x49, 0x5F, 0x74, 0xFF, 0x58, 0x86, 0xA4, 0xFF, 0x61, 0xA6, 0xD1, 0xFF, 0x62, 0xBD, 0xF2, 0xFF, 0x51, 0xBE, 0xF9, 0xFF,
  0x37, 0xAF, 0xF9, 0xFF, 0x33, 0xA9, 0xF9, 0xFF, 0x33, 0xA9, 0xF9, 0xFF, 0x36, 0xAA, 0xF9, 0xFF, 0x36, 0xAB, 0xF9, 0xFF, 0x38, 0xB0, 0xFA, 0xFF,
  0x37, 0xB4, 0xFA, 0xFF, 0x36, 0xB8, 0xFA, 0xFF, 0x3A, 0xBE, 0xFA, 0xFF, 0x4B, 0xC4, 0xFA, 0xFF, 0x44, 0xB0, 0xFA, 0xFF, 0x37, 0x9A, 0xF7, 0xFF,
  0x2E, 0x87, 0xF5, 0xFF, 0x0C, 0x70, 0xF5, 0xFF, 0x01, 0x68, 0xF7, 0xFF, 0x00, 0x69, 0xF9, 0xFF, 0x00, 0x6D, 0xF9, 0xFF, 0x00, 0x72, 0xFA, 0xFF,
  0x00, 0x78, 0xFA, 0xFF, 0x01, 0x80, 0xFA, 0xFF, 0x01, 0x86, 0xFA, 0xFF, 0x01, 0x8A, 0xFA, 0xFF, 0x01, 0x91, 0xFA, 0xFF, 0x01, 0x99, 0xFB, 0xFF,
  0x01, 0xA6, 0xFA, 0xFF, 0x01, 0xB8, 0xFB, 0xFF, 0x11, 0xDD, 0xFA, 0xFF, 0x32, 0xA6, 0xF3, 0xFF, 0x04, 0x34, 0x89, 0xFF, 0x04, 0x16, 0x2A, 0xFF,
  0x04, 0x0B, 0x13, 0xFF, 0x04, 0x06, 0x0A, 0xFF, 0x04, 0x05, 0x06, 0xFF, 0x04, 0x04, 0x05, 0xFF, 0x04, 0x03, 0x04, 0xFF, 0x04, 0x03, 0x04, 0xFF,
  0x04, 0x03, 0x04, 0xFF, 0x04, 0x03, 0x04, 0xFF, 0x04, 0x03, 0x04, 0xFF, 0x04, 0x03, 0x03, 0xFF, 0x04, 0x03, 0x03, 0xFF, 0x04, 0x03, 0x03, 0xFF,
  0x04, 0x03, 0x03, 0xFF, 0x04, 0x03, 0x03, 0xFF, 0x04, 0x03, 0x03, 0xFF, 0x04, 0x03, 0x03, 0xFF, 0x04, 0x03, 0x03, 0xFF, 0x04, 0x03, 0x04, 0xFF,
  0x04, 0x04, 0x0A, 0xFF, 0x04, 0x0A, 0x34, 0xFF, 0x05, 0x18, 0xA2, 0xFF, 0x03, 0x1F, 0xD0, 0xFF, 0x01, 0x16, 0xC6, 0xFF, 0x05, 0x22, 0xCA, 0xFF,
  0x42, 0xD7, 0xF9, 0xFF, 0x3C, 0xCC, 0xF9, 0xFF, 0x04, 0x1A, 0xE1, 0xFF, 0x05, 0x1C, 0xA6, 0xFF, 0x06, 0x0F, 0x37, 0xFF, 0x04, 0x05, 0x0B, 0xFF,
  0x04, 0x03, 0x05, 0xFF, 0x04, 0x03, 0x03, 0xFF, 0x04, 0x03, 0x03, 0xFF, 0x04, 0x03, 0x03, 0xFF, 0x04, 0x03, 0x03, 0xFF, 0x04, 0x03, 0x03, 0xFF,
  0x04, 0x03, 0x03, 0xFF, 0x04, 0x03, 0x03, 0xFF, 0x04, 0x03, 0x03, 0xFF, 0x04, 0x03, 0x03, 0xFF, 0x04, 0x03, 0x03, 0xFF, 0x04, 0x03, 0x04, 0xFF,
  0x04, 0x05, 0x07, 0xFF, 0x04, 0x0E, 0x17, 0xFF, 0x03, 0x2D, 0x5E, 0xFF, 0x01, 0x58, 0xC6, 0xFF, 0x1C, 0xF3, 0xF9, 0xFF, 0x32, 0xF7, 0xF9, 0xFF,
  0x01, 0x5C, 0x9F, 0xFF, 0x01, 0x27, 0x76, 0xFF, 0x01, 0x2F, 0x8B, 0xFF, 0x02, 0x25, 0x61, 0xFF, 0x04, 0x0C, 0x19, 0xFF, 0x04, 0x04, 0x05, 0xFF,
  0x04, 0x03, 0x03, 0xFF, 0x04, 0x03, 0x03, 0xFF, 0x04, 0x03, 0x03, 0xFF, 0x04, 0x03, 0x03, 0xFF, 0x04, 0x03, 0x04, 0xFF, 0x04, 0x03, 0x04, 0xFF,
  0x04, 0x04, 0x05, 0xFF, 0x04, 0x05, 0x07, 0xFF, 0x04, 0x06, 0x09, 0xFF, 0x05, 0x08, 0x0B, 0xFF, 0x05, 0x0A, 0x11, 0xFF, 0x05, 0x10, 0x1A, 0xFF,
  0x06, 0x1E, 0x31, 0xFF, 0x07, 0x40, 0x6F, 0xFF, 0x47, 0xBC, 0xD9, 0xFF, 0x22, 0xF7, 0xF8, 0xFF, 0x05, 0xF2, 0xFA, 0xFF, 0x04, 0xE8, 0xFA, 0xFF,
  0x03, 0xE4, 0xF9, 0xFF, 0x03, 0xE3, 0xFA, 0xFF, 0x04, 0xE3, 0xFA, 0xFF, 0x04, 0xE5, 0xFA, 0xFF, 0x04, 0xE9, 0xF9, 0xFF, 0x0F, 0xF3, 0xF9, 0xFF,
  0x29, 0x60, 0xEB, 0xFF, 0x04, 0x34, 0x93, 0xFF, 0x05, 0x1A, 0x2F, 0xFF, 0x04, 0x0C, 0x15, 0xFF, 0x04, 0x06, 0x0A, 0xFF, 0x04, 0x05, 0x07, 0xFF,
  0x04, 0x04, 0x05, 0xFF, 0x04, 0x04, 0x05, 0xFF, 0x04, 0x04, 0x05, 0xFF, 0x04, 0x03, 0x04, 0xFF, 0x04, 0x03, 0x04, 0xFF, 0x04, 0x03, 0x04, 0xFF,
  0x04, 0x03, 0x04, 0xFF, 0x04, 0x03, 0x04, 0xFF, 0x04, 0x03, 0x04, 0xFF, 0x04, 0x03, 0x04, 0xFF, 0x04, 0x03, 0x04, 0xFF, 0x04, 0x03, 0x04, 0xFF,
  0x04, 0x03, 0x04, 0xFF, 0x04, 0x03, 0x04, 0xFF, 0x04, 0x03, 0x04, 0xFF, 0x04, 0x03, 0x04, 0xFF, 0x04, 0x03, 0x04, 0xFF, 0x04, 0x03, 0x03, 0xFF,
  0x04, 0x03, 0x03, 0xFF, 0x04, 0x03, 0x03, 0xFF, 0x04, 0x03, 0x03, 0xFF, 0x04, 0x03, 0x03, 0xFF, 0x04, 0x03, 0x03, 0xFF, 0x04, 0x03, 0x03, 0xFF,
  0x04, 0x03, 0x03, 0xFF, 0x04, 0x03, 0x03, 0xFF, 0x04, 0x03, 0x03, 0xFF, 0x04, 0x03, 0x03, 0xFF, 0x04, 0x03, 0x03, 0xFF, 0x04, 0x03, 0x03, 0xFF,
  0x04, 0x03, 0x03, 0xFF, 0x04, 0x03, 0x03, 0xFF, 0x04, 0x03, 0x03, 0xFF, 0x04, 0x03, 0x03, 0xFF, 0x04, 0x03, 0x03, 0xFF, 0x04, 0x03, 0x03, 0xFF,
  0x04, 0x03, 0x03, 0xFF, 0x04, 0x03, 0x03, 0xFF, 0x04, 0x03, 0x03, 0xFF, 0x04, 0x03, 0x03, 0xFF, 0x04, 0x03, 0x03, 0xFF, 0x04, 0x03, 0x03, 0xFF,
  0x04, 0x03, 0x03, 0xFF, 0x04, 0x03, 0x03, 0xFF, 0x04, 0x03, 0x03, 0xFF, 0x04, 0x03, 0x03, 0xFF, 0x04, 0x03, 0x03, 0xFF, 0x04, 0x03, 0x03, 0xFF,
  0x04, 0x04, 0x04, 0xFF, 0x04, 0x04, 0x04, 0xFF, 0x04, 0x04, 0x04, 0xFF, 0x04, 0x04, 0x04, 0xFF, 0x04, 0x04, 0x04, 0xFF, 0x04, 0x04, 0x04, 0xFF,
  0x04, 0x04, 0x04, 0xFF, 0x04, 0x04, 0x04, 0xFF, 0x04, 0x04, 0x04, 0xFF, 0x05, 0x04, 0x05, 0xFF, 0x05, 0x04, 0x05, 0xFF, 0x05, 0x05, 0x06, 0xFF,
  0x05, 0x05, 0x06, 0xFF, 0x05, 0x04, 0x05, 0xFF, 0x05, 0x05, 0x06, 0xFF, 0x05, 0x06, 0x08, 0xFF, 0x06, 0x07, 0x09, 0xFF, 0x06, 0x08, 0x0B, 0xFF,
  0x08, 0x0B, 0x10, 0xFF, 0x0D, 0x16, 0x23, 0xFF, 0x32, 0x43, 0x58, 0xFF, 0x4B, 0x6D, 0x85, 0xFF, 0x5B, 0x94, 0xB8, 0xFF, 0x61, 0xB5, 0xE9, 0xFF,
  0x5A, 0xBE, 0xF7, 0xFF, 0x3C, 0xB4, 0xF9, 0xFF, 0x36, 0xB0, 0xF9, 0xFF, 0x37, 0xAF, 0xF9, 0xFF, 0x37, 0xAE, 0xF9, 0xFF, 0x38, 0xAF, 0xF9, 0xFF,
  0x39, 0xB0, 0xFA, 0xFF, 0x39, 0xAE, 0xFA, 0xFF, 0x3B, 0xB3, 0xFA, 0xFF, 0x3B, 0xBA, 0xFB, 0xFF, 0x4A, 0xC9, 0xFA, 0xFF, 0x64, 0xD0, 0xFB, 0xFF,
  0x58, 0xB9, 0xFA, 0xFF, 0x47, 0xA0, 0xF8, 0xFF, 0x38, 0x87, 0xF5, 0xFF, 0x0E, 0x6B, 0xF2, 0xFF, 0x07, 0x68, 0xF1, 0xFF, 0x03, 0x67, 0xED, 0xFF,
  0x01, 0x6A, 0xEF, 0xFF, 0x00, 0x6B, 0xF1, 0xFF, 0x00, 0x6A, 0xF5, 0xFF, 0x00, 0x6B, 0xF8, 0xFF, 0x00, 0x6F, 0xFA, 0xFF, 0x01, 0x73, 0xFA, 0xFF,
  0x00, 0x78, 0xF9, 0xFF, 0x01, 0x82, 0xFA, 0xFF, 0x01, 0x89, 0xFA, 0xFF, 0x00, 0x8E, 0xF9, 0xFF, 0x01, 0x97, 0xFA, 0xFF, 0x01, 0xA3, 0xFB, 0xFF,
  0x01, 0xB2, 0xFB, 0xFF, 0x0E, 0xD8, 0xF9, 0xFF, 0x52, 0xBB, 0xF5, 0xFF, 0x03, 0x4B, 0xB1, 0xFF, 0x05, 0x1B, 0x35, 0xFF, 0x05, 0x0E, 0x1A, 0xFF,
  0x05, 0x09, 0x0F, 0xFF, 0x04, 0x06, 0x09, 0xFF, 0x04, 0x04, 0x06, 0xFF, 0x04, 0x04, 0x05, 0xFF, 0x04, 0x03, 0x04, 0xFF, 0x04, 0x03, 0x04, 0xFF,
  0x04, 0x03, 0x04, 0xFF, 0x04, 0x03, 0x04, 0xFF, 0x04, 0x03, 0x04, 0xFF, 0x04, 0x03, 0x03, 0xFF, 0x04, 0x03, 0x03, 0xFF, 0x04, 0x03, 0x03, 0xFF,
  0x04, 0x03, 0x03, 0xFF, 0x04, 0x03, 0x03, 0xFF, 0x04, 0x03, 0x03, 0xFF, 0x04, 0x03, 0x03, 0xFF, 0x04, 0x03, 0x03, 0xFF, 0x04, 0x03, 0x03, 0xFF,
  0x04, 0x04, 0x0A, 0xFF, 0x04, 0x0A, 0x34, 0xFF, 0x07, 0x18, 0xA1, 0xFF, 0x06, 0x1E, 0xCE, 0xFF, 0x01, 0x15, 0xC5, 0xFF, 0x06, 0x21, 0xC8, 0xFF,
  0x44, 0xD6, 0xF8, 0xFF, 0x41, 0xCE, 0xF9, 0xFF, 0x05, 0x1C, 0xE3, 0xFF, 0x06, 0x1C, 0xA5, 0xFF, 0x06, 0x0E, 0x35, 0xFF, 0x04, 0x05, 0x0B, 0xFF,
  0x04, 0x03, 0x05, 0xFF, 0x04, 0x03, 0x03, 0xFF, 0x04, 0x03, 0x03, 0xFF, 0x04, 0x03, 0x03, 0xFF, 0x04, 0x03, 0x03, 0xFF, 0x04, 0x03, 0x03, 0xFF,
  0x04, 0x03, 0x03, 0xFF, 0x04, 0x03, 0x03, 0xFF, 0x04, 0x03, 0x03, 0xFF, 0x04, 0x03, 0x03, 0xFF, 0x04, 0x03, 0x03, 0xFF, 0x04, 0x03, 0x04, 0xFF,
  0x04, 0x05, 0x07, 0xFF, 0x04, 0x0D, 0x16, 0xFF, 0x03, 0x2D, 0x5E, 0xFF, 0x01, 0x5B, 0xC8, 0xFF, 0x1C, 0xF4, 0xF9, 0xFF, 0x30, 0xF7, 0xF9, 0xFF,
  0x01, 0x5A, 0x9F, 0xFF, 0x01, 0x26, 0x75, 0xFF, 0x01, 0x2E, 0x89, 0xFF, 0x02, 0x24, 0x60, 0xFF, 0x04, 0x0C, 0x1A, 0xFF, 0x04, 0x04, 0x05, 0xFF,
  0x04, 0x03, 0x03, 0xFF, 0x04, 0x03, 0x03, 0xFF, 0x04, 0x03, 0x04, 0xFF, 0x04, 0x03, 0x04, 0xFF, 0x04, 0x03, 0x04, 0xFF, 0x04, 0x04, 0x04, 0xFF,
  0x04, 0x04, 0x05, 0xFF, 0x04, 0x05, 0x07, 0xFF, 0x04, 0x06, 0x09, 0xFF, 0x05, 0x08, 0x0C, 0xFF, 0x05, 0x0B, 0x12, 0xFF, 0x05, 0x12, 0x1E, 0xFF,
  0x06, 0x24, 0x3B, 0xFF, 0x07, 0x4B, 0x86, 0xFF, 0x43, 0xD4, 0xE6, 0xFF, 0x1F, 0xF7, 0xF9, 0xFF, 0x06, 0xF2, 0xFA, 0xFF, 0x04, 0xEA, 0xFA, 0xFF,
  0x04, 0xE7, 0xFA, 0xFF, 0x04, 0xE5, 0xFA, 0xFF, 0x04, 0xE6, 0xFA, 0xFF, 0x04, 0xE9, 0xFA, 0xFF, 0x04, 0xEE, 0xFA, 0xFF, 0x27, 0xEA, 0xF3, 0xFF,
  0x04, 0x39, 0xDD, 0xFF, 0x04, 0x1C, 0x41, 0xFF, 0x05, 0x10, 0x1D, 0xFF, 0x04, 0x09, 0x0F, 0xFF, 0x04, 0x06, 0x08, 0xFF, 0x04, 0x05, 0x06, 0xFF,
  0x04, 0x04, 0x05, 0xFF, 0x04, 0x04, 0x05, 0xFF, 0x04, 0x03, 0x04, 0xFF, 0x04, 0x03, 0x04, 0xFF, 0x04, 0x03, 0x04, 0xFF, 0x04, 0x03, 0x04, 0xFF,
  0x04, 0x03, 0x04, 0xFF, 0x04, 0x03, 0x04, 0xFF, 0x04, 0x03, 0x04, 0xFF, 0x04, 0x03, 0x04, 0xFF, 0x04, 0x03, 0x04, 0xFF, 0x04, 0x03, 0x04, 0xFF,
  0x04, 0x03, 0x04, 0xFF, 0x04, 0x03, 0x04, 0xFF, 0x04, 0x03, 0x04, 0xFF, 0x04, 0x03, 0x04, 0xFF, 0x04, 0x03, 0x04, 0xFF, 0x04, 0x03, 0x03, 0xFF,
  0x04, 0x03, 0x03, 0xFF, 0x04, 0x03, 0x03, 0xFF, 0x04, 0x03, 0x03, 0xFF, 0x04, 0x03, 0x03, 0xFF, 0x04, 0x03, 0x03, 0xFF, 0x04, 0x03, 0x03, 0xFF,
  0x04, 0x03, 0x03, 0xFF, 0x04, 0x03, 0x03, 0xFF, 0x04, 0x03, 0x03, 0xFF, 0x04, 0x03, 0x03, 0xFF, 0x04, 0x03, 0x03, 0xFF, 0x04, 0x03, 0x03, 0xFF,
  0x04, 0x03, 0x03, 0xFF, 0x04, 0x03, 0x03, 0xFF, 0x04, 0x03, 0x03, 0xFF, 0x04, 0x03, 0x03, 0xFF, 0x04, 0x03, 0x03, 0xFF, 0x04, 0x03, 0x03, 0xFF,
  0x04, 0x03, 0x03, 0xFF, 0x04, 0x03, 0x03, 0xFF, 0x04, 0x03, 0x03, 0xFF, 0x04, 0x04, 0x04, 0xFF, 0x04, 0x04, 0x04, 0xFF, 0x04, 0x04, 0x04, 0xFF,
  0x04, 0x04, 0x04, 0xFF, 0x04, 0x04, 0x04, 0xFF, 0x04, 0x04, 0x04, 0xFF, 0x04, 0x04, 0x04, 0xFF, 0x04, 0x04, 0x04, 0xFF, 0x04, 0x04, 0x04, 0xFF,
  0x05, 0x04, 0x05, 0xFF, 0x05, 0x04, 0x05, 0xFF, 0x05, 0x04, 0x05, 0xFF, 0x05, 0x04, 0x05, 0xFF, 0x05, 0x05, 0x06, 0xFF, 0x05, 0x05, 0x06, 0xFF,
  0x05, 0x05, 0x06, 0xFF, 0x05, 0x05, 0x06, 0xFF, 0x05, 0x05, 0x06, 0xFF, 0x05, 0x05, 0x07, 0xFF, 0x05, 0x06, 0x08, 0xFF, 0x06, 0x07, 0x09, 0xFF,
  0x06, 0x08, 0x0B, 0xFF, 0x07, 0x0A, 0x0E, 0xFF, 0x0A, 0x10, 0x16, 0xFF, 0x10, 0x1E, 0x31, 0xFF, 0x35, 0x48, 0x61, 0xFF, 0x5D, 0x7E, 0x98, 0xFF,
  0x64, 0xA5, 0xCB, 0xFF, 0x69, 0xC3, 0xEE, 0xFF, 0x4B, 0xBD, 0xF8, 0xFF, 0x37, 0xB2, 0xF9, 0xFF, 0x39, 0xB0, 0xF9, 0xFF, 0x3A, 0xAF, 0xFA, 0xFF,
  0x3B, 0xAF, 0xFA, 0xFF, 0x3E, 0xB1, 0xFB, 0xFF, 0x3E, 0xB4, 0xFB, 0xFF, 0x3D, 0xB3, 0xFA, 0xFF, 0x3D, 0xB6, 0xFB, 0xFF, 0x3C, 0xB8, 0xFB, 0xFF,
  0x40, 0xBA, 0xFA, 0xFF, 0x61, 0xC3, 0xFA, 0xFF, 0x57, 0xB1, 0xFA, 0xFF, 0x4C, 0x99, 0xF7, 0xFF, 0x2B, 0x7D, 0xF5, 0xFF, 0x0C, 0x66, 0xF2, 0xFF,
  0x0A, 0x67, 0xEE, 0xFF, 0x08, 0x67, 0xED, 0xFF, 0x07, 0x66, 0xEC, 0xFF, 0x06, 0x65, 0xEB, 0xFF, 0x05, 0x66, 0xEB, 0xFF, 0x04, 0x67, 0xEA, 0xFF,
  0x02, 0x68, 0xEC, 0xFF, 0x01, 0x69, 0xEF, 0xFF, 0x01, 0x6A, 0xF4, 0xFF, 0x01, 0x6C, 0xF8, 0xFF, 0x01, 0x70, 0xF9, 0xFF, 0x01, 0x76, 0xFA, 0xFF,
  0x01, 0x7B, 0xFA, 0xFF, 0x01, 0x85, 0xFA, 0xFF, 0x01, 0x8D, 0xFA, 0xFF, 0x01, 0x95, 0xFA, 0xFF, 0x01, 0xA1, 0xFA, 0xFF, 0x01, 0xAF, 0xFB, 0xFF,
  0x07, 0xCF, 0xFA, 0xFF, 0x6F, 0xD0, 0xF6, 0xFF, 0x0A, 0x50, 0xC2, 0xFF, 0x07, 0x24, 0x48, 0xFF, 0x05, 0x11, 0x21, 0xFF, 0x05, 0x0B, 0x14, 0xFF,
  0x05, 0x08, 0x0E, 0xFF, 0x04, 0x06, 0x0A, 0xFF, 0x04, 0x05, 0x07, 0xFF, 0x04, 0x04, 0x05, 0xFF, 0x04, 0x04, 0x05, 0xFF, 0x04, 0x04, 0x05, 0xFF,
  0x04, 0x03, 0x04, 0xFF, 0x04, 0x03, 0x04, 0xFF, 0x04, 0x03, 0x04, 0xFF, 0x04, 0x03, 0x03, 0xFF, 0x04, 0x03, 0x03, 0xFF, 0x04, 0x03, 0x03, 0xFF,
  0x04, 0x03, 0x03, 0xFF, 0x04, 0x03, 0x03, 0xFF, 0x04, 0x03, 0x03, 0xFF, 0x04, 0x03, 0x03, 0xFF, 0x04, 0x03, 0x03, 0xFF, 0x04, 0x03, 0x03, 0xFF,
  0x04, 0x04, 0x0B, 0xFF, 0x04, 0x0B, 0x36, 0xFF, 0x07, 0x19, 0xA6, 0xFF, 0x07, 0x1F, 0xCE, 0xFF, 0x00, 0x15, 0xC6, 0xFF, 0x06, 0x21, 0xCC, 0xFF,
  0x46, 0xD4, 0xF8, 0xFF, 0x45, 0xCD, 0xF9, 0xFF, 0x06, 0x19, 0xE3, 0xFF, 0x06, 0x1B, 0xA2, 0xFF, 0x06, 0x0E, 0x34, 0xFF, 0x05, 0x05, 0x0B, 0xFF,
  0x04, 0x03, 0x05, 0xFF, 0x04, 0x03, 0x03, 0xFF, 0x04, 0x03, 0x03, 0xFF, 0x04, 0x03, 0x03, 0xFF, 0x04, 0x03, 0x03, 0xFF, 0x04, 0x03, 0x03, 0xFF,
  0x04, 0x03, 0x04, 0xFF, 0x04, 0x03, 0x03, 0xFF, 0x04, 0x03, 0x03, 0xFF, 0x04, 0x03, 0x03, 0xFF, 0x04, 0x03, 0x03, 0xFF, 0x04, 0x03, 0x04, 0xFF,
  0x04, 0x05, 0x07, 0xFF, 0x04, 0x0D, 0x16, 0xFF, 0x03, 0x2E, 0x5E, 0xFF, 0x01, 0x5D, 0xCA, 0xFF, 0x1A, 0xF4, 0xF9, 0xFF, 0x28, 0xF7, 0xF9, 0xFF,
  0x01, 0x58, 0x9E, 0xFF, 0x01, 0x26, 0x75, 0xFF, 0x01, 0x2D, 0x87, 0xFF, 0x02, 0x24, 0x5F, 0xFF, 0x03, 0x0C, 0x1A, 0xFF, 0x04, 0x04, 0x06, 0xFF,
  0x04, 0x03, 0x03, 0xFF, 0x04, 0x03, 0x03, 0xFF, 0x04, 0x03, 0x04, 0xFF, 0x04, 0x03, 0x04, 0xFF, 0x04, 0x03, 0x04, 0xFF, 0x04, 0x04, 0x04, 0xFF,
  0x04, 0x04, 0x05, 0xFF, 0x04, 0x05, 0x06, 0xFF, 0x04, 0x06, 0x09, 0xFF, 0x05, 0x08, 0x0C, 0xFF, 0x05, 0x0B, 0x12, 0xFF, 0x06, 0x13, 0x1F, 0xFF,
  0x07, 0x26, 0x41, 0xFF, 0x07, 0x4E, 0x8F, 0xFF, 0x40, 0xE4, 0xEC, 0xFF, 0x1F, 0xF7, 0xF9, 0xFF, 0x06, 0xF3, 0xF9, 0xFF, 0x05, 0xEE, 0xF9, 0xFF,
  0x05, 0xEB, 0xFA, 0xFF, 0x05, 0xEB, 0xFA, 0xFF, 0x05, 0xEB, 0xFA, 0xFF, 0x04, 0xEE, 0xFA, 0xFF, 0x05, 0xF3, 0xF9, 0xFF, 0x27, 0xC3, 0xE3, 0xFF,
  0x01, 0x25, 0xC4, 0xFF, 0x04, 0x16, 0x28, 0xFF, 0x05, 0x0C, 0x14, 0xFF, 0x04, 0x07, 0x0C, 0xFF, 0x04, 0x05, 0x07, 0xFF, 0x04, 0x04, 0x05, 0xFF,
  0x04, 0x04, 0x05, 0xFF, 0x04, 0x03, 0x04, 0xFF, 0x04, 0x03, 0x04, 0xFF, 0x04, 0x03, 0x04, 0xFF, 0x04, 0x03, 0x04, 0xFF, 0x04, 0x03, 0x04, 0xFF,
  0x04, 0x03, 0x04, 0xFF, 0x04, 0x03, 0x04, 0xFF, 0x04, 0x03, 0x04, 0xFF, 0x04, 0x03, 0x03, 0xFF, 0x04, 0x03, 0x03, 0xFF, 0x04, 0x03, 0x03, 0xFF,
  0x04, 0x03, 0x04, 0xFF, 0x04, 0x03, 0x04, 0xFF, 0x04, 0x03, 0x04, 0xFF, 0x04, 0x03, 0x04, 0xFF, 0x04, 0x03, 0x04, 0xFF, 0x04, 0x03, 0x03, 0xFF,
  0x04, 0x03, 0x03, 0xFF, 0x04, 0x03, 0x03, 0xFF, 0x04, 0x03, 0x03, 0xFF, 0x04, 0x03, 0x03, 0xFF, 0x04, 0x03, 0x03, 0xFF, 0x04, 0x03, 0x03, 0xFF,
  0x04, 0x03, 0x03, 0xFF, 0x04, 0x03, 0x03, 0xFF, 0x04, 0x03, 0x03, 0xFF, 0x04, 0x03, 0x03, 0xFF, 0x04, 0x03, 0x03, 0xFF, 0x04, 0x03, 0x03, 0xFF,
  0x04, 0x03, 0x03, 0xFF, 0x04, 0x03, 0x03, 0xFF, 0x04, 0x03, 0x03, 0xFF, 0x04, 0x03, 0x03, 0xFF, 0x04, 0x03, 0x03, 0xFF, 0x04, 0x03, 0x03, 0xFF,
  0x04, 0x03, 0x03, 0xFF, 0x04, 0x03, 0x03, 0xFF, 0x04, 0x03, 0x03, 0xFF, 0x04, 0x04, 0x04, 0xFF, 0x04, 0x04, 0x04, 0xFF, 0x04, 0x04, 0x04, 0xFF,
  0x04, 0x04, 0x04, 0xFF, 0x04, 0x04, 0x05, 0xFF, 0x04, 0x04, 0x05, 0xFF, 0x05, 0x04, 0x05, 0xFF, 0x05, 0x04, 0x05, 0xFF, 0x05, 0x05, 0x06, 0xFF,
  0x05, 0x05, 0x06, 0xFF, 0x05, 0x05, 0x07, 0xFF, 0x05, 0x06, 0x07, 0xFF, 0x05, 0x06, 0x07, 0xFF, 0x05, 0x06, 0x08, 0xFF, 0x06, 0x07, 0x08, 0xFF,
  0x06, 0x07, 0x09, 0xFF, 0x06, 0x08, 0x0A, 0xFF, 0x07, 0x09, 0x0B, 0xFF, 0x07, 0x0B, 0x0E, 0xFF, 0x0B, 0x12, 0x18, 0xFF, 0x15, 0x21, 0x31, 0xFF,
  0x41, 0x50, 0x62, 0xFF, 0x59, 0x85, 0xA0, 0xFF, 0x61, 0xAA, 0xCD, 0xFF, 0x67, 0xC7, 0xF1, 0xFF, 0x54, 0xC6, 0xF8, 0xFF, 0x39, 0xB8, 0xF9, 0xFF,
  0x37, 0xB4, 0xF9, 0xFF, 0x38, 0xB3, 0xF9, 0xFF, 0x39, 0xB2, 0xF9, 0xFF, 0x3B, 0xB2, 0xF9, 0xFF, 0x3B, 0xB1, 0xFA, 0xFF, 0x3C, 0xB1, 0xFA, 0xFF,
  0x3D, 0xB2, 0xFA, 0xFF, 0x3C, 0xB4, 0xFA, 0xFF, 0x4A, 0xBB, 0xFB, 0xFF, 0x60, 0xBF, 0xFA, 0xFF, 0x53, 0xAA, 0xF8, 0xFF, 0x45, 0x94, 0xF5, 0xFF,
  0x37, 0x7B, 0xF1, 0xFF, 0x11, 0x60, 0xED, 0xFF, 0x0D, 0x62, 0xEC, 0xFF, 0x0C, 0x63, 0xEA, 0xFF, 0x0B, 0x64, 0xEB, 0xFF, 0x0B, 0x62, 0xE8, 0xFF,
  0x0A, 0x63, 0xE8, 0xFF, 0x08, 0x64, 0xE9, 0xFF, 0x07, 0x64, 0xE8, 0xFF, 0x06, 0x64, 0xE8, 0xFF, 0x05, 0x65, 0xE9, 0xFF, 0x03, 0x65, 0xE9, 0xFF,
  0x02, 0x66, 0xEC, 0xFF, 0x01, 0x68, 0xEE, 0xFF, 0x00, 0x6A, 0xF3, 0xFF, 0x00, 0x6E, 0xF8, 0xFF, 0x00, 0x74, 0xF9, 0xFF, 0x01, 0x7A, 0xF9, 0xFF,
  0x01, 0x80, 0xF9, 0xFF, 0x01, 0x89, 0xFA, 0xFF, 0x01, 0x93, 0xFA, 0xFF, 0x01, 0xA0, 0xFA, 0xFF, 0x01, 0xB1, 0xFB, 0xFF, 0x02, 0xCE, 0xFA, 0xFF,
  0x5C, 0xD9, 0xF8, 0xFF, 0x16, 0x5D, 0xDF, 0xFF, 0x07, 0x2C, 0x60, 0xFF, 0x06, 0x16, 0x2B, 0xFF, 0x05, 0x0D, 0x18, 0xFF, 0x05, 0x0A, 0x12, 0xFF,
  0x05, 0x09, 0x10, 0xFF, 0x04, 0x06, 0x0B, 0xFF, 0x04, 0x05, 0x08, 0xFF, 0x04, 0x04, 0x05, 0xFF, 0x04, 0x04, 0x05, 0xFF, 0x04, 0x03, 0x04, 0xFF,
  0x04, 0x03, 0x04, 0xFF, 0x04, 0x03, 0x04, 0xFF, 0x04, 0x03, 0x03, 0xFF, 0x04, 0x03, 0x03, 0xFF, 0x04, 0x03, 0x03, 0xFF, 0x04, 0x03, 0x04, 0xFF,
  0x04, 0x03, 0x03, 0xFF, 0x04, 0x03, 0x03, 0xFF, 0x04, 0x03, 0x03, 0xFF, 0x04, 0x03, 0x03, 0xFF, 0x04, 0x03, 0x03, 0xFF, 0x04, 0x03, 0x04, 0xFF,
  0x04, 0x04, 0x0B, 0xFF, 0x04, 0x0A, 0x35, 0xFF, 0x08, 0x1A, 0xA9, 0xFF, 0x08, 0x1F, 0xCE, 0xFF, 0x02, 0x16, 0xC8, 0xFF, 0x06, 0x21, 0xCC, 0xFF,
  0x4A, 0xD0, 0xF8, 0xFF, 0x46, 0xC7, 0xF9, 0xFF, 0x07, 0x19, 0xE2, 0xFF, 0x07, 0x1A, 0x9E, 0xFF, 0x06, 0x0E, 0x33, 0xFF, 0x05, 0x05, 0x0A, 0xFF,
  0x04, 0x03, 0x05, 0xFF, 0x04, 0x03, 0x03, 0xFF, 0x04, 0x03, 0x03, 0xFF, 0x04, 0x03, 0x03, 0xFF, 0x04, 0x03, 0x03, 0xFF, 0x04, 0x03, 0x03, 0xFF,
  0x04, 0x03, 0x04, 0xFF, 0x04, 0x03, 0x03, 0xFF, 0x04, 0x03, 0x03, 0xFF, 0x04, 0x03, 0x03, 0xFF, 0x04, 0x03, 0x03, 0xFF, 0x04, 0x03, 0x04, 0xFF,
  0x04, 0x05, 0x06, 0xFF, 0x04, 0x0C, 0x15, 0xFF, 0x03, 0x2B, 0x5A, 0xFF, 0x01, 0x5C, 0xCB, 0xFF, 0x15, 0xF3, 0xF9, 0xFF, 0x23, 0xF7, 0xF9, 0xFF,
  0x01, 0x56, 0x9D, 0xFF, 0x01, 0x26, 0x74, 0xFF, 0x01, 0x2C, 0x85, 0xFF, 0x02, 0x23, 0x5F, 0xFF, 0x03, 0x0D, 0x1B, 0xFF, 0x04, 0x04, 0x06, 0xFF,
  0x04, 0x03, 0x03, 0xFF, 0x04, 0x03, 0x03, 0xFF, 0x04, 0x03, 0x04, 0xFF, 0x04, 0x03, 0x04, 0xFF, 0x04, 0x03, 0x04, 0xFF, 0x04, 0x04, 0x04, 0xFF,
  0x04, 0x05, 0x06, 0xFF, 0x04, 0x05, 0x07, 0xFF, 0x04, 0x06, 0x09, 0xFF, 0x05, 0x08, 0x0C, 0xFF, 0x05, 0x0B, 0x12, 0xFF, 0x05, 0x12, 0x1D, 0xFF,
  0x07, 0x25, 0x3E, 0xFF, 0x07, 0x4E, 0x90, 0xFF, 0x3F, 0xE7, 0xEE, 0xFF, 0x20, 0xF8, 0xF9, 0xFF, 0x09, 0xF6, 0xFA, 0xFF, 0x06, 0xF2, 0xFA, 0xFF,
  0x06, 0xF1, 0xFA, 0xFF, 0x06, 0xF0, 0xFA, 0xFF, 0x05, 0xF0, 0xFA, 0xFF, 0x06, 0xF2, 0xF9, 0xFF, 0x09, 0xF6, 0xF9, 0xFF, 0x2E, 0xAF, 0xE8, 0xFF,
  0x03, 0x2B, 0xBD, 0xFF, 0x05, 0x13, 0x1F, 0xFF, 0x05, 0x0B, 0x12, 0xFF, 0x04, 0x07, 0x0C, 0xFF, 0x04, 0x06, 0x08, 0xFF, 0x04, 0x05, 0x06, 0xFF,
  0x04, 0x04, 0x05, 0xFF, 0x04, 0x03, 0x04, 0xFF, 0x04, 0x03, 0x04, 0xFF, 0x04, 0x03, 0x04, 0xFF, 0x04, 0x03, 0x04, 0xFF, 0x04, 0x03, 0x04, 0xFF,
  0x04, 0x03, 0x03, 0xFF, 0x04, 0x03, 0x03, 0xFF, 0x04, 0x03, 0x03, 0xFF, 0x04, 0x03, 0x03, 0xFF, 0x04, 0x03, 0x03, 0xFF, 0x04, 0x03, 0x03, 0xFF,
  0x04, 0x03, 0x03, 0xFF, 0x04, 0x03, 0x03, 0xFF, 0x04, 0x03, 0x03, 0xFF, 0x04, 0x03, 0x04, 0xFF, 0x04, 0x03, 0x03, 0xFF, 0x04, 0x03, 0x03, 0xFF,
  0x04, 0x03, 0x03, 0xFF, 0x04, 0x03, 0x03, 0xFF, 0x04, 0x03, 0x03, 0xFF, 0x04, 0x03, 0x03, 0xFF, 0x04, 0x03, 0x03, 0xFF, 0x04, 0x03, 0x03, 0xFF,
  0x04, 0x03, 0x03, 0xFF, 0x04, 0x03, 0x03, 0xFF, 0x04, 0x03, 0x03, 0xFF, 0x04, 0x03, 0x03, 0xFF, 0x04, 0x03, 0x03, 0xFF, 0x04, 0x03, 0x03, 0xFF,
  0x04, 0x03, 0x03, 0xFF, 0x04, 0x03, 0x03, 0xFF, 0x04, 0x03, 0x03, 0xFF, 0x04, 0x04, 0x04, 0xFF, 0x04, 0x04, 0x04, 0xFF, 0x04, 0x04, 0x04, 0xFF,
  0x04, 0x04, 0x04, 0xFF, 0x04, 0x04, 0x04, 0xFF, 0x04, 0x04, 0x04, 0xFF, 0x04, 0x04, 0x04, 0xFF, 0x04, 0x04, 0x05, 0xFF, 0x04, 0x04, 0x05, 0xFF,
  0x05, 0x05, 0x06, 0xFF, 0x05, 0x06, 0x07, 0xFF, 0x05, 0x05, 0x07, 0xFF, 0x05, 0x06, 0x07, 0xFF, 0x05, 0x07, 0x08, 0xFF, 0x06, 0x07, 0x09, 0xFF,
  0x06, 0x09, 0x0B, 0xFF, 0x07, 0x0A, 0x0C, 0xFF, 0x07, 0x0A, 0x0C, 0xFF, 0x07, 0x0A, 0x0D, 0xFF, 0x08, 0x0D, 0x10, 0xFF, 0x09, 0x0F, 0x13, 0xFF,
  0x0B, 0x14, 0x1C, 0xFF, 0x21, 0x30, 0x44, 0xFF, 0x4F, 0x65, 0x79, 0xFF, 0x5F, 0x91, 0xA9, 0xFF, 0x6C, 0xBE, 0xE0, 0xFF, 0x6C, 0xD7, 0xF6, 0xFF,
  0x4C, 0xCF, 0xF9, 0xFF, 0x3C, 0xC6, 0xFA, 0xFF, 0x3B, 0xC1, 0xF9, 0xFF, 0x3C, 0xBD, 0xF9, 0xFF, 0x3B, 0xB9, 0xF9, 0xFF, 0x3C, 0xB8, 0xF9, 0xFF,
  0x3A, 0xB5, 0xF9, 0xFF, 0x3A, 0xB4, 0xF9, 0xFF, 0x3B, 0xB6, 0xFA, 0xFF, 0x3A, 0xB8, 0xFA, 0xFF, 0x50, 0xC0, 0xFA, 0xFF, 0x57, 0xBA, 0xFA, 0xFF,
  0x51, 0xA2, 0xF9, 0xFF, 0x46, 0x8A, 0xF6, 0xFF, 0x2F, 0x71, 0xF3, 0xFF, 0x10, 0x5C, 0xF1, 0xFF, 0x0E, 0x5D, 0xEC, 0xFF, 0x0D, 0x5C, 0xE9, 0xFF,
  0x0D, 0x5D, 0xE6, 0xFF, 0x0D, 0x60, 0xE6, 0xFF, 0x0D, 0x5F, 0xE4, 0xFF, 0x0B, 0x5F, 0xE3, 0xFF, 0x0B, 0x5F, 0xE3, 0xFF, 0x0B, 0x5F, 0xE3, 0xFF,
  0x0A, 0x61, 0xE5, 0xFF, 0x08, 0x62, 0xE6, 0xFF, 0x07, 0x62, 0xE5, 0xFF, 0x06, 0x62, 0xE6, 0xFF, 0x04, 0x63, 0xE7, 0xFF, 0x03, 0x65, 0xEA, 0xFF,
  0x01, 0x67, 0xED, 0xFF, 0x01, 0x69, 0xF0, 0xFF, 0x00, 0x6B, 0xF4, 0xFF, 0x00, 0x70, 0xF8, 0xFF, 0x00, 0x78, 0xF9, 0xFF, 0x00, 0x80, 0xFA, 0xFF,
  0x01, 0x86, 0xFA, 0xFF, 0x01, 0x8F, 0xFA, 0xFF, 0x01, 0xA0, 0xFB, 0xFF, 0x02, 0xB0, 0xFB, 0xFF, 0x03, 0xD5, 0xFA, 0xFF, 0x7A, 0xEE, 0xFA, 0xFF,
  0x29, 0x6F, 0xE5, 0xFF, 0x07, 0x35, 0x77, 0xFF, 0x07, 0x19, 0x32, 0xFF, 0x06, 0x0F, 0x1D, 0xFF, 0x05, 0x0A, 0x13, 0xFF, 0x05, 0x09, 0x10, 0xFF,
  0x05, 0x0A, 0x12, 0xFF, 0x04, 0x07, 0x0D, 0xFF, 0x04, 0x05, 0x08, 0xFF, 0x04, 0x04, 0x05, 0xFF, 0x04, 0x04, 0x05, 0xFF, 0x04, 0x03, 0x04, 0xFF,
  0x04, 0x03, 0x04, 0xFF, 0x04, 0x03, 0x04, 0xFF, 0x04, 0x03, 0x03, 0xFF, 0x04, 0x03, 0x04, 0xFF, 0x04, 0x03, 0x04, 0xFF, 0x04, 0x03, 0x03, 0xFF,
  0x04, 0x03, 0x03, 0xFF, 0x04, 0x03, 0x03, 0xFF, 0x04, 0x03, 0x03, 0xFF, 0x04, 0x03, 0x03, 0xFF, 0x04, 0x03, 0x03, 0xFF, 0x04, 0x03, 0x04, 0xFF,
  0x04, 0x04, 0x0A, 0xFF, 0x05, 0x0A, 0x32, 0xFF, 0x07, 0x18, 0xA8, 0xFF, 0x08, 0x1E, 0xCC, 0xFF, 0x03, 0x18, 0xC8, 0xFF, 0x06, 0x21, 0xCA, 0xFF,
  0x4D, 0xCB, 0xF9, 0xFF, 0x46, 0xC4, 0xF9, 0xFF, 0x05, 0x17, 0xDD, 0xFF, 0x06, 0x19, 0x99, 0xFF, 0x06, 0x0E, 0x33, 0xFF, 0x05, 0x05, 0x0A, 0xFF,
  0x04, 0x03, 0x05, 0xFF, 0x04, 0x03, 0x03, 0xFF, 0x04, 0x03, 0x03, 0xFF, 0x04, 0x03, 0x03, 0xFF, 0x04, 0x03, 0x03, 0xFF, 0x04, 0x03, 0x03, 0xFF,
  0x04, 0x03, 0x03, 0xFF, 0x04, 0x03, 0x03, 0xFF, 0x04, 0x03, 0x03, 0xFF, 0x04, 0x03, 0x03, 0xFF, 0x04, 0x03, 0x03, 0xFF, 0x04, 0x03, 0x04, 0xFF,
  0x04, 0x05, 0x06, 0xFF, 0x04, 0x0B, 0x12, 0xFF, 0x03, 0x29, 0x56, 0xFF, 0x01, 0x59, 0xCA, 0xFF, 0x14, 0xF2, 0xF9, 0xFF, 0x20, 0xF6, 0xF9, 0xFF,
  0x01, 0x55, 0x9D, 0xFF, 0x01, 0x26, 0x74, 0xFF, 0x01, 0x2C, 0x84, 0xFF, 0x02, 0x23, 0x5F, 0xFF, 0x03, 0x0D, 0x1C, 0xFF, 0x04, 0x04, 0x06, 0xFF,
  0x04, 0x03, 0x03, 0xFF, 0x04, 0x03, 0x03, 0xFF, 0x04, 0x03, 0x03, 0xFF, 0x04, 0x03, 0x04, 0xFF, 0x04, 0x03, 0x04, 0xFF, 0x04, 0x04, 0x04, 0xFF,
  0x04, 0x04, 0x05, 0xFF, 0x04, 0x05, 0x07, 0xFF, 0x04, 0x06, 0x08, 0xFF, 0x05, 0x08, 0x0B, 0xFF, 0x05, 0x0B, 0x11, 0xFF, 0x05, 0x12, 0x1C, 0xFF,
  0x07, 0x24, 0x3B, 0xFF, 0x08, 0x50, 0x8E, 0xFF, 0x4B, 0xE9, 0xF0, 0xFF, 0x26, 0xF9, 0xFA, 0xFF, 0x0E, 0xF7, 0xF9, 0xFF, 0x09, 0xF6, 0xFA, 0xFF,
  0x08, 0xF5, 0xFA, 0xFF, 0x08, 0xF4, 0xFA, 0xFF, 0x08, 0xF4, 0xFA, 0xFF, 0x09, 0xF5, 0xF9, 0xFF, 0x0D, 0xF7, 0xF9, 0xFF, 0x27, 0xB0, 0xEE, 0xFF,
  0x02, 0x2A, 0xAC, 0xFF, 0x05, 0x11, 0x1B, 0xFF, 0x05, 0x0A, 0x10, 0xFF, 0x05, 0x07, 0x0B, 0xFF, 0x04, 0x06, 0x08, 0xFF, 0x04, 0x05, 0x06, 0xFF,
  0x04, 0x04, 0x05, 0xFF, 0x04, 0x03, 0x04, 0xFF, 0x04, 0x03, 0x04, 0xFF, 0x04, 0x03, 0x03, 0xFF, 0x04, 0x03, 0x03, 0xFF, 0x04, 0x03, 0x04, 0xFF,
  0x04, 0x03, 0x03, 0xFF, 0x04, 0x03, 0x03, 0xFF, 0x04, 0x03, 0x03, 0xFF, 0x04, 0x03, 0x04, 0xFF, 0x04, 0x03, 0x04, 0xFF, 0x04, 0x03, 0x04, 0xFF,
  0x04, 0x03, 0x03, 0xFF, 0x04, 0x03, 0x03, 0xFF, 0x04, 0x03, 0x03, 0xFF, 0x04, 0x03, 0x03, 0xFF, 0x04, 0x03, 0x03, 0xFF, 0x04, 0x03, 0x03, 0xFF,
  0x04, 0x03, 0x03, 0xFF, 0x04, 0x03, 0x03, 0xFF, 0x04, 0x03, 0x03, 0xFF, 0x04, 0x03, 0x03, 0xFF, 0x04, 0x03, 0x03, 0xFF, 0x04, 0x03, 0x03, 0xFF,
  0x04, 0x03, 0x03, 0xFF, 0x04, 0x03, 0x03, 0xFF, 0x04, 0x03, 0x03, 0xFF, 0x04, 0x03, 0x03, 0xFF, 0x04, 0x03, 0x03, 0xFF, 0x04, 0x03, 0x03, 0xFF,
  0x04, 0x03, 0x03, 0xFF, 0x04, 0x04, 0x04, 0xFF, 0x04, 0x04, 0x04, 0xFF, 0x04, 0x04, 0x04, 0xFF, 0x04, 0x04, 0x04, 0xFF, 0x04, 0x04, 0x04, 0xFF,
  0x04, 0x04, 0x04, 0xFF, 0x04, 0x04, 0x04, 0xFF, 0x04, 0x04, 0x05, 0xFF, 0x04, 0x04, 0x05, 0xFF, 0x05, 0x05, 0x06, 0xFF, 0x05, 0x06, 0x08, 0xFF,
  0x06, 0x07, 0x09, 0xFF, 0x06, 0x08, 0x0A, 0xFF, 0x06, 0x09, 0x0A, 0xFF, 0x07, 0x0A, 0x0C, 0xFF, 0x07, 0x0B, 0x0D, 0xFF, 0x08, 0x0D, 0x11, 0xFF,
  0x0B, 0x13, 0x18, 0xFF, 0x0C, 0x18, 0x1E, 0xFF, 0x0E, 0x1D, 0x26, 0xFF, 0x18, 0x2F, 0x45, 0xFF, 0x4B, 0x62, 0x7A, 0xFF, 0x76, 0xA3, 0xBB, 0xFF,
  0x87, 0xD3, 0xEA, 0xFF, 0x7C, 0xE7, 0xF9, 0xFF, 0x49, 0xDB, 0xF9, 0xFF, 0x43, 0xD3, 0xF9, 0xFF, 0x43, 0xCF, 0xFA, 0xFF, 0x41, 0xCD, 0xFA, 0xFF,
  0x40, 0xC9, 0xFA, 0xFF, 0x3F, 0xC7, 0xFA, 0xFF, 0x3F, 0xC4, 0xFA, 0xFF, 0x3E, 0xC0, 0xFA, 0xFF, 0x3E, 0xBD, 0xFA, 0xFF, 0x3D, 0xBD, 0xFA, 0xFF,
  0x45, 0xC2, 0xFA, 0xFF, 0x63, 0xC8, 0xFA, 0xFF, 0x5A, 0xAD, 0xFA, 0xFF, 0x4E, 0x90, 0xFA, 0xFF, 0x26, 0x68, 0xF8, 0xFF, 0x09, 0x54, 0xF5, 0xFF,
  0x0A, 0x57, 0xEF, 0xFF, 0x0A, 0x57, 0xED, 0xFF, 0x0B, 0x59, 0xEB, 0xFF, 0x0B, 0x5A, 0xEA, 0xFF, 0x0B, 0x5A, 0xE6, 0xFF, 0x0B, 0x59, 0xE5, 0xFF,
  0x0B, 0x5B, 0xE3, 0xFF, 0x0B, 0x5D, 0xE2, 0xFF, 0x0B, 0x5B, 0xE0, 0xFF, 0x0A, 0x5B, 0xDF, 0xFF, 0x09, 0x5B, 0xDE, 0xFF, 0x09, 0x5C, 0xE0, 0xFF,
  0x0A, 0x5F, 0xE1, 0xFF, 0x08, 0x60, 0xE3, 0xFF, 0x06, 0x61, 0xE2, 0xFF, 0x05, 0x62, 0xE3, 0xFF, 0x04, 0x64, 0xE5, 0xFF, 0x02, 0x67, 0xE9, 0xFF,
  0x01, 0x68, 0xED, 0xFF, 0x00, 0x6A, 0xF1, 0xFF, 0x00, 0x6C, 0xF7, 0xFF, 0x00, 0x74, 0xF9, 0xFF, 0x01, 0x7E, 0xFA, 0xFF, 0x01, 0x89, 0xFB, 0xFF,
  0x01, 0x91, 0xFA, 0xFF, 0x01, 0xA1, 0xFA, 0xFF, 0x02, 0xB4, 0xFA, 0xFF, 0x04, 0xDA, 0xF9, 0xFF, 0x7C, 0xEF, 0xFA, 0xFF, 0x41, 0x87, 0xEF, 0xFF,
  0x07, 0x38, 0x7B, 0xFF, 0x07, 0x1A, 0x33, 0xFF, 0x06, 0x11, 0x21, 0xFF, 0x05, 0x0C, 0x16, 0xFF, 0x05, 0x09, 0x10, 0xFF, 0x05, 0x07, 0x0D, 0xFF,
  0x04, 0x06, 0x0B, 0xFF, 0x04, 0x06, 0x09, 0xFF, 0x04, 0x05, 0x07, 0xFF, 0x04, 0x04, 0x05, 0xFF, 0x04, 0x04, 0x05, 0xFF, 0x04, 0x03, 0x04, 0xFF,
  0x04, 0x03, 0x04, 0xFF, 0x04, 0x03, 0x04, 0xFF, 0x04, 0x03, 0x04, 0xFF, 0x04, 0x03, 0x04, 0xFF, 0x04, 0x03, 0x04, 0xFF, 0x04, 0x03, 0x03, 0xFF,
  0x04, 0x03, 0x03, 0xFF, 0x04, 0x03, 0x03, 0xFF, 0x04, 0x03, 0x03, 0xFF, 0x04, 0x03, 0x03, 0xFF, 0x04, 0x03, 0x03, 0xFF, 0x04, 0x03, 0x04, 0xFF,
  0x04, 0x04, 0x09, 0xFF, 0x05, 0x0A, 0x31, 0xFF, 0x08, 0x17, 0xA8, 0xFF, 0x08, 0x1D, 0xCA, 0xFF, 0x03, 0x18, 0xC7, 0xFF, 0x07, 0x21, 0xCA, 0xFF,
  0x51, 0xC9, 0xF8, 0xFF, 0x4C, 0xC4, 0xF9, 0xFF, 0x05, 0x16, 0xDA, 0xFF, 0x07, 0x19, 0x96, 0xFF, 0x06, 0x0D, 0x33, 0xFF, 0x04, 0x04, 0x0A, 0xFF,
  0x04, 0x03, 0x05, 0xFF, 0x04, 0x03, 0x03, 0xFF, 0x04, 0x03, 0x03, 0xFF, 0x04, 0x03, 0x03, 0xFF, 0x04, 0x03, 0x03, 0xFF, 0x04, 0x03, 0x03, 0xFF,
  0x04, 0x03, 0x03, 0xFF, 0x04, 0x03, 0x03, 0xFF, 0x04, 0x03, 0x03, 0xFF, 0x04, 0x03, 0x03, 0xFF, 0x04, 0x03, 0x03, 0xFF, 0x04, 0x03, 0x04, 0xFF,
  0x04, 0x05, 0x06, 0xFF, 0x04, 0x0B, 0x12, 0xFF, 0x03, 0x2A, 0x57, 0xFF, 0x01, 0x5B, 0xCA, 0xFF, 0x15, 0xF1, 0xFA, 0xFF, 0x1D, 0xF6, 0xF9, 0xFF,
  0x01, 0x54, 0x9C, 0xFF, 0x01, 0x27, 0x75, 0xFF, 0x01, 0x2C, 0x82, 0xFF, 0x02, 0x23, 0x5D, 0xFF, 0x03, 0x0D, 0x1C, 0xFF, 0x04, 0x04, 0x06, 0xFF,
  0x04, 0x03, 0x03, 0xFF, 0x04, 0x03, 0x03, 0xFF, 0x04, 0x03, 0x03, 0xFF, 0x04, 0x03, 0x04, 0xFF, 0x04, 0x03, 0x04, 0xFF, 0x04, 0x03, 0x04, 0xFF,
  0x04, 0x04, 0x05, 0xFF, 0x04, 0x05, 0x06, 0xFF, 0x04, 0x06, 0x08, 0xFF, 0x05, 0x07, 0x0B, 0xFF, 0x05, 0x0A, 0x0F, 0xFF, 0x06, 0x11, 0x1C, 0xFF,
  0x07, 0x23, 0x3A, 0xFF, 0x0A, 0x4F, 0x8C, 0xFF, 0x5B, 0xDE, 0xEB, 0xFF, 0x2C, 0xF9, 0xFA, 0xFF, 0x15, 0xF8, 0xFA, 0xFF, 0x12, 0xF8, 0xFA, 0xFF,
  0x10, 0xF8, 0xFB, 0xFF, 0x0F, 0xF7, 0xFA, 0xFF, 0x0E, 0xF7, 0xFA, 0xFF, 0x11, 0xF7, 0xFA, 0xFF, 0x18, 0xF7, 0xFA, 0xFF, 0x32, 0xBA, 0xED, 0xFF,
  0x02, 0x2A, 0xA9, 0xFF, 0x05, 0x12, 0x1C, 0xFF, 0x05, 0x0B, 0x11, 0xFF, 0x05, 0x08, 0x0C, 0xFF, 0x04, 0x06, 0x09, 0xFF, 0x04, 0x06, 0x08, 0xFF,
  0x04, 0x04, 0x05, 0xFF, 0x04, 0x03, 0x04, 0xFF, 0x04, 0x03, 0x04, 0xFF, 0x04, 0x03, 0x03, 0xFF, 0x04, 0x03, 0x03, 0xFF, 0x04, 0x03, 0x03, 0xFF,
  0x04, 0x03, 0x03, 0xFF, 0x04, 0x03, 0x03, 0xFF, 0x04, 0x03, 0x03, 0xFF, 0x04, 0x03, 0x04, 0xFF, 0x04, 0x03, 0x04, 0xFF, 0x04, 0x03, 0x03, 0xFF,
  0x04, 0x03, 0x03, 0xFF, 0x04, 0x03, 0x03, 0xFF, 0x04, 0x03, 0x03, 0xFF, 0x04, 0x03, 0x03, 0xFF, 0x04, 0x03, 0x03, 0xFF, 0x04, 0x03, 0x03, 0xFF,
  0x04, 0x03, 0x03, 0xFF, 0x04, 0x03, 0x03, 0xFF, 0x04, 0x03, 0x03, 0xFF, 0x04, 0x03, 0x03, 0xFF, 0x04, 0x03, 0x03, 0xFF, 0x04, 0x03, 0x03, 0xFF,
  0x04, 0x03, 0x03, 0xFF, 0x04, 0x03, 0x03, 0xFF, 0x04, 0x03, 0x03, 0xFF, 0x04, 0x03, 0x03, 0xFF, 0x04, 0x03, 0x03, 0xFF, 0x04, 0x03, 0x03, 0xFF,
  0x04, 0x03, 0x03, 0xFF, 0x04, 0x04, 0x04, 0xFF, 0x04, 0x04, 0x04, 0xFF, 0x04, 0x04, 0x04, 0xFF, 0x04, 0x04, 0x04, 0xFF, 0x04, 0x04, 0x04, 0xFF,
  0x04, 0x04, 0x05, 0xFF, 0x04, 0x04, 0x05, 0xFF, 0x05, 0x05, 0x06, 0xFF, 0x05, 0x06, 0x07, 0xFF, 0x05, 0x08, 0x09, 0xFF, 0x06, 0x09, 0x0C, 0xFF,
  0x07, 0x0B, 0x0E, 0xFF, 0x07, 0x0D, 0x10, 0xFF, 0x08, 0x0F, 0x13, 0xFF, 0x0A, 0x13, 0x19, 0xFF, 0x0D, 0x1A, 0x21, 0xFF, 0x13, 0x29, 0x3C, 0xFF,
  0x43, 0x62, 0x7E, 0xFF, 0x64, 0x92, 0xA9, 0xFF, 0x75, 0xC3, 0xD8, 0xFF, 0x79, 0xE8, 0xF8, 0xFF, 0x56, 0xE3, 0xF8, 0xFF, 0x44, 0xDF, 0xFA, 0xFF,
  0x45, 0xDA, 0xF9, 0xFF, 0x43, 0xD5, 0xF9, 0xFF, 0x43, 0xD3, 0xFA, 0xFF, 0x44, 0xD2, 0xFA, 0xFF, 0x43, 0xD1, 0xFA, 0xFF, 0x41, 0xCF, 0xFA, 0xFF,
  0x43, 0xCE, 0xFA, 0xFF, 0x40, 0xCF, 0xFB, 0xFF, 0x4D, 0xD1, 0xFB, 0xFF, 0x61, 0xCA, 0xFA, 0xFF, 0x55, 0xAF, 0xFB, 0xFF, 0x4B, 0x97, 0xFA, 0xFF,
  0x31, 0x76, 0xFA, 0xFF, 0x0D, 0x59, 0xF9, 0xFF, 0x0A, 0x5B, 0xFA, 0xFF, 0x09, 0x58, 0xF7, 0xFF, 0x08, 0x59, 0xF3, 0xFF, 0x09, 0x59, 0xF0, 0xFF,
  0x0A, 0x58, 0xED, 0xFF, 0x0A, 0x58, 0xEB, 0xFF, 0x0A, 0x58, 0xE9, 0xFF, 0x0A, 0x57, 0xE6, 0xFF, 0x0B, 0x58, 0xE4, 0xFF, 0x0B, 0x59, 0xE3, 0xFF,
  0x0B, 0x5A, 0xE0, 0xFF, 0x0B, 0x5A, 0xDE, 0xFF, 0x0B, 0x59, 0xDD, 0xFF, 0x0A, 0x59, 0xDC, 0xFF, 0x0A, 0x59, 0xDC, 0xFF, 0x08, 0x5D, 0xE3, 0xFF,
  0x08, 0x5F, 0xE4, 0xFF, 0x09, 0x61, 0xE2, 0xFF, 0x07, 0x62, 0xE2, 0xFF, 0x06, 0x63, 0xE3, 0xFF, 0x04, 0x63, 0xE4, 0xFF, 0x02, 0x65, 0xE7, 0xFF,
  0x01, 0x69, 0xED, 0xFF, 0x01, 0x6B, 0xF4, 0xFF, 0x00, 0x72, 0xF9, 0xFF, 0x00, 0x7F, 0xFA, 0xFF, 0x00, 0x8B, 0xFA, 0xFF, 0x00, 0x9C, 0xFB, 0xFF,
  0x01, 0xAD, 0xFA, 0xFF, 0x04, 0xCD, 0xFA, 0xFF, 0x37, 0xEB, 0xF9, 0xFF, 0x6B, 0xC4, 0xF5, 0xFF, 0x28, 0x68, 0xE5, 0xFF, 0x08, 0x39, 0x7B, 0xFF,
  0x08, 0x1B, 0x37, 0xFF, 0x07, 0x12, 0x21, 0xFF, 0x06, 0x0E, 0x1A, 0xFF, 0x05, 0x0B, 0x14, 0xFF, 0x05, 0x08, 0x0D, 0xFF, 0x05, 0x06, 0x0A, 0xFF,
  0x04, 0x05, 0x09, 0xFF, 0x04, 0x05, 0x08, 0xFF, 0x04, 0x04, 0x06, 0xFF, 0x04, 0x04, 0x05, 0xFF, 0x04, 0x04, 0x05, 0xFF, 0x04, 0x03, 0x04, 0xFF,
  0x04, 0x03, 0x04, 0xFF, 0x04, 0x03, 0x04, 0xFF, 0x04, 0x03, 0x04, 0xFF, 0x04, 0x03, 0x03, 0xFF, 0x04, 0x03, 0x03, 0xFF, 0x04, 0x03, 0x03, 0xFF,
  0x04, 0x03, 0x03, 0xFF, 0x04, 0x03, 0x03, 0xFF, 0x04, 0x03, 0x03, 0xFF, 0x04, 0x03, 0x03, 0xFF, 0x04, 0x03, 0x03, 0xFF, 0x04, 0x03, 0x04, 0xFF,
  0x04, 0x04, 0x08, 0xFF, 0x05, 0x09, 0x31, 0xFF, 0x09, 0x17, 0xAB, 0xFF, 0x07, 0x1C, 0xC8, 0xFF, 0x03, 0x17, 0xC7, 0xFF, 0x07, 0x20, 0xCC, 0xFF,
  0x53, 0xC8, 0xF9, 0xFF, 0x4F, 0xC3, 0xF9, 0xFF, 0x06, 0x15, 0xD9, 0xFF, 0x07, 0x19, 0x97, 0xFF, 0x07, 0x0E, 0x34, 0xFF, 0x04, 0x04, 0x0A, 0xFF,
  0x04, 0x03, 0x04, 0xFF, 0x04, 0x03, 0x03, 0xFF, 0x04, 0x03, 0x03, 0xFF, 0x04, 0x03, 0x03, 0xFF, 0x04, 0x03, 0x03, 0xFF, 0x04, 0x03, 0x03, 0xFF,
  0x04, 0x03, 0x03, 0xFF, 0x04, 0x03, 0x03, 0xFF, 0x04, 0x03, 0x03, 0xFF, 0x04, 0x03, 0x03, 0xFF, 0x04, 0x03, 0x03, 0xFF, 0x04, 0x03, 0x04, 0xFF,
  0x04, 0x05, 0x06, 0xFF, 0x04, 0x0B, 0x13, 0xFF, 0x03, 0x2B, 0x59, 0xFF, 0x00, 0x58, 0xC9, 0xFF, 0x13, 0xF0, 0xF9, 0xFF, 0x19, 0xF4, 0xF9, 0xFF,
  0x01, 0x53, 0x9E, 0xFF, 0x01, 0x26, 0x75, 0xFF, 0x01, 0x2A, 0x7E, 0xFF, 0x02, 0x21, 0x5B, 0xFF, 0x03, 0x0C, 0x1B, 0xFF, 0x04, 0x04, 0x06, 0xFF,
  0x04, 0x03, 0x03, 0xFF, 0x04, 0x03, 0x03, 0xFF, 0x04, 0x03, 0x03, 0xFF, 0x04, 0x03, 0x04, 0xFF, 0x04, 0x03, 0x04, 0xFF, 0x04, 0x03, 0x04, 0xFF,
  0x04, 0x04, 0x05, 0xFF, 0x04, 0x05, 0x06, 0xFF, 0x04, 0x06, 0x08, 0xFF, 0x05, 0x07, 0x0B, 0xFF, 0x05, 0x09, 0x0E, 0xFF, 0x06, 0x10, 0x1A, 0xFF,
  0x07, 0x1F, 0x33, 0xFF, 0x0B, 0x44, 0x75, 0xFF, 0x56, 0xD2, 0xE8, 0xFF, 0x51, 0xF9, 0xFA, 0xFF, 0x1E, 0xF9, 0xFA, 0xFF, 0x1E, 0xF9, 0xFB, 0xFF,
  0x1B, 0xF9, 0xFB, 0xFF, 0x19, 0xF8, 0xFB, 0xFF, 0x19, 0xF9, 0xFB, 0xFF, 0x1B, 0xF8, 0xFA, 0xFF, 0x20, 0xF8, 0xF9, 0xFF, 0x37, 0xD3, 0xEA, 0xFF,
  0x02, 0x30, 0xBC, 0xFF, 0x06, 0x17, 0x25, 0xFF, 0x05, 0x0C, 0x14, 0xFF, 0x05, 0x08, 0x0D, 0xFF, 0x04, 0x06, 0x09, 0xFF, 0x04, 0x05, 0x07, 0xFF,
  0x04, 0x04, 0x06, 0xFF, 0x04, 0x04, 0x05, 0xFF, 0x04, 0x03, 0x04, 0xFF, 0x04, 0x03, 0x04, 0xFF, 0x04, 0x03, 0x04, 0xFF, 0x04, 0x03, 0x04, 0xFF,
  0x04, 0x03, 0x04, 0xFF, 0x04, 0x03, 0x03, 0xFF, 0x04, 0x03, 0x03, 0xFF, 0x04, 0x03, 0x03, 0xFF, 0x04, 0x03, 0x03, 0xFF, 0x04, 0x03, 0x03, 0xFF,
  0x04, 0x03, 0x03, 0xFF, 0x04, 0x03, 0x03, 0xFF, 0x04, 0x03, 0x03, 0xFF, 0x04, 0x03, 0x03, 0xFF, 0x04, 0x03, 0x03, 0xFF, 0x04, 0x03, 0x03, 0xFF,
  0x04, 0x03, 0x03, 0xFF, 0x04, 0x03, 0x03, 0xFF, 0x04, 0x03, 0x03, 0xFF, 0x04, 0x03, 0x04, 0xFF, 0x04, 0x03, 0x04, 0xFF, 0x04, 0x03, 0x03, 0xFF,
  0x04, 0x03, 0x03, 0xFF, 0x04, 0x03, 0x03, 0xFF, 0x04, 0x03, 0x03, 0xFF, 0x04, 0x03, 0x03, 0xFF, 0x04, 0x03, 0x03, 0xFF, 0x04, 0x03, 0x03, 0xFF,
  0x04, 0x04, 0x04, 0xFF, 0x04, 0x04, 0x04, 0xFF, 0x04, 0x04, 0x04, 0xFF, 0x04, 0x04, 0x04, 0xFF, 0x04, 0x04, 0x05, 0xFF, 0x04, 0x04, 0x05, 0xFF,
  0x05, 0x05, 0x06, 0xFF, 0x05, 0x06, 0x07, 0xFF, 0x05, 0x07, 0x08, 0xFF, 0x06, 0x09, 0x0B, 0xFF, 0x08, 0x0D, 0x11, 0xFF, 0x0A, 0x14, 0x1A, 0xFF,
  0x0E, 0x1E, 0x28, 0xFF, 0x15, 0x34, 0x49, 0xFF, 0x31, 0x57, 0x78, 0xFF, 0x68, 0x8C, 0xA9, 0xFF, 0x70, 0xBE, 0xD4, 0xFF, 0x77, 0xE9, 0xF2, 0xFF,
  0x5C, 0xEF, 0xF8, 0xFF, 0x47, 0xE9, 0xFA, 0xFF, 0x47, 0xE5, 0xFA, 0xFF, 0x45, 0xE0, 0xFA, 0xFF, 0x44, 0xDE, 0xF9, 0xFF, 0x48, 0xDB, 0xFA, 0xFF,
  0x47, 0xD9, 0xFA, 0xFF, 0x47, 0xD7, 0xFA, 0xFF, 0x47, 0xD6, 0xFB, 0xFF, 0x44, 0xD6, 0xFB, 0xFF, 0x56, 0xD9, 0xFA, 0xFF, 0x65, 0xD3, 0xFB, 0xFF,
  0x55, 0xBA, 0xFA, 0xFF, 0x46, 0x9D, 0xFA, 0xFF, 0x2A, 0x7B, 0xFB, 0xFF, 0x08, 0x60, 0xFA, 0xFF, 0x09, 0x60, 0xFA, 0xFF, 0x08, 0x5F, 0xFA, 0xFF,
  0x07, 0x5C, 0xFA, 0xFF, 0x08, 0x5A, 0xFA, 0xFF, 0x08, 0x5A, 0xF9, 0xFF, 0x08, 0x58, 0xF5, 0xFF, 0x08, 0x58, 0xF1, 0xFF, 0x08, 0x58, 0xEE, 0xFF,
  0x09, 0x58, 0xEB, 0xFF, 0x09, 0x57, 0xE8, 0xFF, 0x09, 0x58, 0xE7, 0xFF, 0x0A, 0x57, 0xE5, 0xFF, 0x0B, 0x58, 0xE3, 0xFF, 0x0B, 0x59, 0xE1, 0xFF,
  0x0B, 0x59, 0xDE, 0xFF, 0x0C, 0x59, 0xDD, 0xFF, 0x0C, 0x5A, 0xDD, 0xFF, 0x0B, 0x5A, 0xDD, 0xFF, 0x0A, 0x5C, 0xDF, 0xFF, 0x08, 0x67, 0xE9, 0xFF,
  0x08, 0x63, 0xE5, 0xFF, 0x08, 0x60, 0xE0, 0xFF, 0x07, 0x63, 0xE2, 0xFF, 0x06, 0x65, 0xE4, 0xFF, 0x04, 0x66, 0xE6, 0xFF, 0x01, 0x6A, 0xEC, 0xFF,
  0x00, 0x6E, 0xF2, 0xFF, 0x01, 0x78, 0xF8, 0xFF, 0x00, 0x8A, 0xFA, 0xFF, 0x01, 0xA0, 0xFA, 0xFF, 0x04, 0xC3, 0xFA, 0xFF, 0x28, 0xDF, 0xF9, 0xFF,
  0x54, 0xDD, 0xF4, 0xFF, 0x54, 0x96, 0xE0, 0xFF, 0x32, 0x5E, 0xD7, 0xFF, 0x07, 0x40, 0x9E, 0xFF, 0x08, 0x22, 0x47, 0xFF, 0x07, 0x12, 0x22, 0xFF,
  0x06, 0x0C, 0x17, 0xFF, 0x05, 0x0A, 0x12, 0xFF, 0x05, 0x0A, 0x12, 0xFF, 0x05, 0x09, 0x11, 0xFF, 0x05, 0x07, 0x0B, 0xFF, 0x04, 0x05, 0x09, 0xFF,
  0x04, 0x04, 0x07, 0xFF, 0x04, 0x04, 0x05, 0xFF, 0x04, 0x04, 0x05, 0xFF, 0x04, 0x04, 0x05, 0xFF, 0x04, 0x03, 0x04, 0xFF, 0x04, 0x03, 0x04, 0xFF,
  0x04, 0x03, 0x04, 0xFF, 0x04, 0x03, 0x04, 0xFF, 0x04, 0x03, 0x04, 0xFF, 0x04, 0x03, 0x04, 0xFF, 0x04, 0x03, 0x03, 0xFF, 0x04, 0x03, 0x03, 0xFF,
  0x04, 0x03, 0x03, 0xFF, 0x04, 0x03, 0x03, 0xFF, 0x04, 0x03, 0x03, 0xFF, 0x04, 0x03, 0x03, 0xFF, 0x04, 0x03, 0x03, 0xFF, 0x04, 0x03, 0x03, 0xFF,
  0x04, 0x04, 0x08, 0xFF, 0x05, 0x09, 0x31, 0xFF, 0x09, 0x17, 0xA7, 0xFF, 0x07, 0x1B, 0xC8, 0xFF, 0x03, 0x17, 0xC7, 0xFF, 0x07, 0x1F, 0xCA, 0xFF,
  0x53, 0xC3, 0xF8, 0xFF, 0x4F, 0xBE, 0xF8, 0xFF, 0x06, 0x13, 0xDA, 0xFF, 0x08, 0x19, 0x9A, 0xFF, 0x07, 0x0E, 0x35, 0xFF, 0x05, 0x05, 0x0A, 0xFF,
  0x04, 0x03, 0x05, 0xFF, 0x04, 0x03, 0x03, 0xFF, 0x04, 0x03, 0x03, 0xFF, 0x04, 0x03, 0x03, 0xFF, 0x04, 0x03, 0x03, 0xFF, 0x04, 0x03, 0x03, 0xFF,
  0x04, 0x03, 0x03, 0xFF, 0x04, 0x03, 0x03, 0xFF, 0x04, 0x03, 0x03, 0xFF, 0x04, 0x03, 0x03, 0xFF, 0x04, 0x03, 0x04, 0xFF, 0x04, 0x03, 0x04, 0xFF,
  0x04, 0x05, 0x06, 0xFF, 0x04, 0x0C, 0x13, 0xFF, 0x03, 0x2A, 0x59, 0xFF, 0x00, 0x56, 0xC8, 0xFF, 0x12, 0xEF, 0xF9, 0xFF, 0x19, 0xF4, 0xF9, 0xFF,
  0x01, 0x51, 0x9D, 0xFF, 0x01, 0x23, 0x71, 0xFF, 0x00, 0x29, 0x7D, 0xFF, 0x02, 0x21, 0x5A, 0xFF, 0x03, 0x0C, 0x1B, 0xFF, 0x04, 0x04, 0x06, 0xFF,
  0x04, 0x03, 0x03, 0xFF, 0x04, 0x03, 0x03, 0xFF, 0x04, 0x03, 0x04, 0xFF, 0x04, 0x03, 0x04, 0xFF, 0x04, 0x03, 0x04, 0xFF, 0x04, 0x03, 0x04, 0xFF,
  0x04, 0x04, 0x05, 0xFF, 0x04, 0x05, 0x06, 0xFF, 0x04, 0x06, 0x08, 0xFF, 0x05, 0x07, 0x0B, 0xFF, 0x05, 0x09, 0x0D, 0xFF, 0x05, 0x0F, 0x17, 0xFF,
  0x07, 0x1B, 0x2C, 0xFF, 0x0B, 0x3A, 0x60, 0xFF, 0x26, 0xB2, 0xD4, 0xFF, 0x80, 0xF9, 0xFA, 0xFF, 0x30, 0xF9, 0xFB, 0xFF, 0x27, 0xF9, 0xFB, 0xFF,
  0x25, 0xF9, 0xFB, 0xFF, 0x23, 0xF9, 0xFB, 0xFF, 0x23, 0xF9, 0xFB, 0xFF, 0x23, 0xF9, 0xFB, 0xFF, 0x26, 0xF8, 0xFA, 0xFF, 0x3B, 0xF2, 0xF7, 0xFF,
  0x0D, 0x46, 0xDD, 0xFF, 0x06, 0x1E, 0x36, 0xFF, 0x05, 0x0F, 0x18, 0xFF, 0x05, 0x0A, 0x0F, 0xFF, 0x04, 0x07, 0x0B, 0xFF, 0x04, 0x05, 0x08, 0xFF,
  0x04, 0x05, 0x06, 0xFF, 0x04, 0x04, 0x05, 0xFF, 0x04, 0x03, 0x04, 0xFF, 0x04, 0x03, 0x04, 0xFF, 0x04, 0x03, 0x04, 0xFF, 0x04, 0x03, 0x04, 0xFF,
  0x04, 0x03, 0x04, 0xFF, 0x04, 0x03, 0x04, 0xFF, 0x04, 0x03, 0x03, 0xFF, 0x04, 0x03, 0x03, 0xFF, 0x04, 0x03, 0x03, 0xFF, 0x04, 0x03, 0x03, 0xFF,
  0x04, 0x03, 0x03, 0xFF, 0x04, 0x03, 0x03, 0xFF, 0x04, 0x03, 0x03, 0xFF, 0x04, 0x03, 0x03, 0xFF, 0x04, 0x03, 0x03, 0xFF, 0x04, 0x03, 0x03, 0xFF,
  0x04, 0x03, 0x03, 0xFF, 0x04, 0x03, 0x04, 0xFF, 0x04, 0x03, 0x04, 0xFF, 0x04, 0x04, 0x05, 0xFF, 0x04, 0x04, 0x05, 0xFF, 0x04, 0x03, 0x04, 0xFF,
  0x04, 0x03, 0x04, 0xFF, 0x04, 0x03, 0x04, 0xFF, 0x04, 0x03, 0x03, 0xFF, 0x04, 0x03, 0x04, 0xFF, 0x04, 0x03, 0x03, 0xFF, 0x04, 0x04, 0x04, 0xFF,
  0x04, 0x04, 0x04, 0xFF, 0x04, 0x04, 0x04, 0xFF, 0x04, 0x04, 0x05, 0xFF, 0x04, 0x04, 0x05, 0xFF, 0x04, 0x05, 0x06, 0xFF, 0x05, 0x06, 0x07, 0xFF,
  0x05, 0x07, 0x08, 0xFF, 0x06, 0x08, 0x0A, 0xFF, 0x06, 0x0A, 0x0D, 0xFF, 0x08, 0x0F, 0x14, 0xFF, 0x0E, 0x1F, 0x2A, 0xFF, 0x24, 0x4D, 0x6B, 0xFF,
  0x6E, 0x91, 0xAD, 0xFF, 0x98, 0xD7, 0xE8, 0xFF, 0x90, 0xF6, 0xF8, 0xFF, 0x5E, 0xF7, 0xF9, 0xFF, 0x50, 0xF6, 0xFA, 0xFF, 0x4B, 0xF1, 0xFA, 0xFF,
  0x4B, 0xED, 0xFA, 0xFF, 0x4B, 0xEA, 0xFA, 0xFF, 0x49, 0xE7, 0xFA, 0xFF, 0x48, 0xE4, 0xFA, 0xFF, 0x48, 0xE3, 0xFB, 0xFF, 0x48, 0xE1, 0xFA, 0xFF,
  0x4A, 0xE0, 0xFA, 0xFF, 0x6B, 0xE1, 0xFA, 0xFF, 0x60, 0xC5, 0xFA, 0xFF, 0x53, 0xAB, 0xFA, 0xFF, 0x28, 0x87, 0xFA, 0xFF, 0x09, 0x72, 0xFB, 0xFF,
  0x07, 0x71, 0xFA, 0xFF, 0x07, 0x6C, 0xFA, 0xFF, 0x06, 0x66, 0xFB, 0xFF, 0x05, 0x62, 0xFA, 0xFF, 0x06, 0x61, 0xF9, 0xFF, 0x07, 0x5E, 0xFA, 0xFF,
  0x07, 0x5D, 0xFB, 0xFF, 0x07, 0x5B, 0xFA, 0xFF, 0x07, 0x5A, 0xF8, 0xFF, 0x07, 0x59, 0xF4, 0xFF, 0x08, 0x58, 0xF1, 0xFF, 0x08, 0x58, 0xED, 0xFF,
  0x09, 0x58, 0xEB, 0xFF, 0x09, 0x57, 0xE8, 0xFF, 0x09, 0x57, 0xE6, 0xFF, 0x0A, 0x59, 0xE5, 0xFF, 0x0B, 0x59, 0xE3, 0xFF, 0x0C, 0x5A, 0xE2, 0xFF,
  0x0C, 0x5A, 0xE0, 0xFF, 0x0C, 0x5B, 0xDF, 0xFF, 0x0D, 0x5D, 0xDF, 0xFF, 0x0C, 0x5E, 0xDF, 0xFF, 0x0C, 0x5F, 0xE1, 0xFF, 0x0B, 0x5F, 0xE1, 0xFF,
  0x09, 0x60, 0xE1, 0xFF, 0x08, 0x62, 0xE2, 0xFF, 0x07, 0x66, 0xE6, 0xFF, 0x06, 0x69, 0xEB, 0xFF, 0x03, 0x70, 0xF2, 0xFF, 0x03, 0x7A, 0xF8, 0xFF,
  0x05, 0x92, 0xFA, 0xFF, 0x06, 0xB6, 0xFA, 0xFF, 0x15, 0xD4, 0xF9, 0xFF, 0x4F, 0xE1, 0xF4, 0xFF, 0x61, 0x9E, 0xD6, 0xFF, 0x3D, 0x57, 0xC9, 0xFF,
  0x07, 0x29, 0xB1, 0xFF, 0x06, 0x2C, 0x86, 0xFF, 0x08, 0x20, 0x4A, 0xFF, 0x07, 0x13, 0x25, 0xFF, 0x06, 0x0E, 0x19, 0xFF, 0x05, 0x0A, 0x11, 0xFF,
  0x05, 0x08, 0x0D, 0xFF, 0x05, 0x07, 0x0C, 0xFF, 0x05, 0x07, 0x0C, 0xFF, 0x05, 0x07, 0x0C, 0xFF, 0x04, 0x05, 0x09, 0xFF, 0x04, 0x05, 0x07, 0xFF,
  0x04, 0x04, 0x05, 0xFF, 0x04, 0x04, 0x05, 0xFF, 0x04, 0x04, 0x05, 0xFF, 0x04, 0x04, 0x04, 0xFF, 0x04, 0x03, 0x04, 0xFF, 0x04, 0x03, 0x03, 0xFF,
  0x04, 0x03, 0x04, 0xFF, 0x04, 0x03, 0x04, 0xFF, 0x04, 0x03, 0x04, 0xFF, 0x04, 0x03, 0x04, 0xFF, 0x04, 0x03, 0x04, 0xFF, 0x04, 0x03, 0x03, 0xFF,
  0x04, 0x03, 0x03, 0xFF, 0x04, 0x03, 0x03, 0xFF, 0x04, 0x03, 0x03, 0xFF, 0x04, 0x03, 0x03, 0xFF, 0x04, 0x03, 0x03, 0xFF, 0x04, 0x03, 0x04, 0xFF,
  0x04, 0x04, 0x08, 0xFF, 0x05, 0x09, 0x33, 0xFF, 0x09, 0x16, 0xA3, 0xFF, 0x06, 0x1B, 0xC7, 0xFF, 0x03, 0x15, 0xC5, 0xFF, 0x07, 0x1D, 0xC8, 0xFF,
  0x54, 0xC1, 0xF9, 0xFF, 0x50, 0xBA, 0xF8, 0xFF, 0x07, 0x12, 0xDD, 0xFF, 0x08, 0x18, 0x9C, 0xFF, 0x07, 0x0D, 0x34, 0xFF, 0x05, 0x05, 0x0A, 0xFF,
  0x04, 0x03, 0x05, 0xFF, 0x04, 0x03, 0x03, 0xFF, 0x04, 0x03, 0x03, 0xFF, 0x04, 0x03, 0x03, 0xFF, 0x04, 0x03, 0x03, 0xFF, 0x04, 0x03, 0x03, 0xFF,
  0x04, 0x03, 0x03, 0xFF, 0x04, 0x03, 0x03, 0xFF, 0x04, 0x03, 0x03, 0xFF, 0x04, 0x03, 0x03, 0xFF, 0x04, 0x03, 0x03, 0xFF, 0x04, 0x03, 0x04, 0xFF,
  0x04, 0x05, 0x06, 0xFF, 0x04, 0x0C, 0x13, 0xFF, 0x03, 0x2B, 0x5A, 0xFF, 0x00, 0x55, 0xC8, 0xFF, 0x11, 0xEE, 0xF9, 0xFF, 0x18, 0xF3, 0xF9, 0xFF,
  0x01, 0x4E, 0x99, 0xFF, 0x00, 0x22, 0x6F, 0xFF, 0x01, 0x2A, 0x7D, 0xFF, 0x02, 0x21, 0x5B, 0xFF, 0x03, 0x0C, 0x1B, 0xFF, 0x04, 0x04, 0x06, 0xFF,
  0x04, 0x03, 0x04, 0xFF, 0x04, 0x03, 0x03, 0xFF, 0x04, 0x03, 0x04, 0xFF, 0x04, 0x03, 0x04, 0xFF, 0x04, 0x03, 0x04, 0xFF, 0x04, 0x04, 0x04, 0xFF,
  0x04, 0x04, 0x05, 0xFF, 0x04, 0x05, 0x06, 0xFF, 0x04, 0x05, 0x07, 0xFF, 0x05, 0x07, 0x0A, 0xFF, 0x05, 0x09, 0x0D, 0xFF, 0x05, 0x0D, 0x15, 0xFF,
  0x07, 0x17, 0x25, 0xFF, 0x0A, 0x2E, 0x4B, 0xFF, 0x0F, 0x81, 0xAB, 0xFF, 0x87, 0xF8, 0xFA, 0xFF, 0x41, 0xF9, 0xFA, 0xFF, 0x2D, 0xF9, 0xFB, 0xFF,
  0x2C, 0xF9, 0xFB, 0xFF, 0x2B, 0xFA, 0xFB, 0xFF, 0x2B, 0xF9, 0xFB, 0xFF, 0x2B, 0xF9, 0xFB, 0xFF, 0x2B, 0xF9, 0xFB, 0xFF, 0x2D, 0xF8, 0xFB, 0xFF,
  0x30, 0x85, 0xF2, 0xFF, 0x05, 0x24, 0x5B, 0xFF, 0x06, 0x13, 0x1F, 0xFF, 0x05, 0x0B, 0x12, 0xFF, 0x05, 0x08, 0x0C, 0xFF, 0x04, 0x06, 0x09, 0xFF,
  0x04, 0x05, 0x07, 0xFF, 0x04, 0x04, 0x06, 0xFF, 0x04, 0x04, 0x05, 0xFF, 0x04, 0x03, 0x04, 0xFF, 0x04, 0x03, 0x04, 0xFF, 0x04, 0x03, 0x04, 0xFF,
  0x04, 0x03, 0x04, 0xFF, 0x04, 0x03, 0x04, 0xFF, 0x04, 0x03, 0x03, 0xFF, 0x04, 0x03, 0x03, 0xFF, 0x04, 0x03, 0x03, 0xFF, 0x04, 0x03, 0x03, 0xFF,
  0x04, 0x03, 0x03, 0xFF, 0x04, 0x03, 0x03, 0xFF, 0x04, 0x03, 0x03, 0xFF, 0x04, 0x03, 0x03, 0xFF, 0x04, 0x03, 0x03, 0xFF, 0x04, 0x03, 0x03, 0xFF,
  0x04, 0x03, 0x04, 0xFF, 0x04, 0x03, 0x04, 0xFF, 0x04, 0x04, 0x05, 0xFF, 0x04, 0x05, 0x07, 0xFF, 0x04, 0x06, 0x0A, 0xFF, 0x04, 0x06, 0x0A, 0xFF,
  0x04, 0x05, 0x07, 0xFF, 0x04, 0x03, 0x04, 0xFF, 0x04, 0x03, 0x04, 0xFF, 0x04, 0x03, 0x04, 0xFF, 0x04, 0x04, 0x04, 0xFF, 0x04, 0x04, 0x04, 0xFF,
  0x04, 0x04, 0x04, 0xFF, 0x04, 0x04, 0x05, 0xFF, 0x04, 0x05, 0x06, 0xFF, 0x05, 0x05, 0x07, 0xFF, 0x05, 0x06, 0x08, 0xFF, 0x05, 0x08, 0x0A, 0xFF,
  0x06, 0x0B, 0x0E, 0xFF, 0x08, 0x0F, 0x14, 0xFF, 0x0C, 0x1D, 0x2A, 0xFF, 0x2E, 0x52, 0x6E, 0xFF, 0x66, 0xB1, 0xC8, 0xFF, 0x7E, 0xF1, 0xF6, 0xFF,
  0x5D, 0xF7, 0xF9, 0xFF, 0x4B, 0xF5, 0xFA, 0xFF, 0x4B, 0xF1, 0xFA, 0xFF, 0x4F, 0xF3, 0xFA, 0xFF, 0x51, 0xF6, 0xFA, 0xFF, 0x4E, 0xF4, 0xFA, 0xFF,
  0x4C, 0xF1, 0xFB, 0xFF, 0x4A, 0xEE, 0xFB, 0xFF, 0x49, 0xED, 0xFB, 0xFF, 0x63, 0xEF, 0xFB, 0xFF, 0x64, 0xDB, 0xFB, 0xFF, 0x56, 0xBF, 0xFA, 0xFF,
  0x3C, 0x9E, 0xFA, 0xFF, 0x10, 0x7F, 0xFB, 0xFF, 0x07, 0x7D, 0xFB, 0xFF, 0x07, 0x7A, 0xFA, 0xFF, 0x06, 0x76, 0xFB, 0xFF, 0x07, 0x73, 0xFB, 0xFF,
  0x06, 0x6F, 0xFA, 0xFF, 0x06, 0x6B, 0xF9, 0xFF, 0x05, 0x67, 0xFA, 0xFF, 0x05, 0x65, 0xFA, 0xFF, 0x05, 0x62, 0xFA, 0xFF, 0x07, 0x5F, 0xFA, 0xFF,
  0x06, 0x5D, 0xFA, 0xFF, 0x07, 0x5C, 0xF9, 0xFF, 0x07, 0x5A, 0xF7, 0xFF, 0x08, 0x5A, 0xF5, 0xFF, 0x07, 0x59, 0xF2, 0xFF, 0x07, 0x58, 0xEE, 0xFF,
  0x09, 0x58, 0xED, 0xFF, 0x09, 0x58, 0xEA, 0xFF, 0x09, 0x58, 0xE7, 0xFF, 0x0A, 0x5A, 0xE6, 0xFF, 0x0B, 0x5B, 0xE6, 0xFF, 0x0C, 0x5C, 0xE4, 0xFF,
  0x0C, 0x5E, 0xE3, 0xFF, 0x0D, 0x5F, 0xE3, 0xFF, 0x0E, 0x61, 0xE3, 0xFF, 0x0E, 0x63, 0xE5, 0xFF, 0x0F, 0x66, 0xE6, 0xFF, 0x0F, 0x66, 0xE6, 0xFF,
  0x0C, 0x67, 0xEA, 0xFF, 0x0B, 0x6D, 0xF0, 0xFF, 0x09, 0x75, 0xF5, 0xFF, 0x0C, 0x85, 0xF9, 0xFF, 0x11, 0xA3, 0xFA, 0xFF, 0x22, 0xC4, 0xFA, 0xFF,
  0x4C, 0xD2, 0xF0, 0xFF, 0x4B, 0x99, 0xD8, 0xFF, 0x3D, 0x5C, 0xC9, 0xFF, 0x0A, 0x24, 0x9C, 0xFF, 0x05, 0x22, 0x73, 0xFF, 0x06, 0x1D, 0x48, 0xFF,
  0x06, 0x0F, 0x1B, 0xFF, 0x06, 0x0D, 0x16, 0xFF, 0x06, 0x0B, 0x13, 0xFF, 0x05, 0x09, 0x10, 0xFF, 0x05, 0x08, 0x0D, 0xFF, 0x05, 0x06, 0x0A, 0xFF,
  0x05, 0x06, 0x09, 0xFF, 0x04, 0x05, 0x08, 0xFF, 0x04, 0x05, 0x08, 0xFF, 0x04, 0x05, 0x08, 0xFF, 0x04, 0x05, 0x07, 0xFF, 0x04, 0x04, 0x06, 0xFF,
  0x04, 0x04, 0x05, 0xFF, 0x04, 0x04, 0x05, 0xFF, 0x04, 0x04, 0x04, 0xFF, 0x04, 0x03, 0x04, 0xFF, 0x04, 0x03, 0x04, 0xFF, 0x04, 0x03, 0x04, 0xFF,
  0x04, 0x03, 0x04, 0xFF, 0x04, 0x03, 0x04, 0xFF, 0x04, 0x03, 0x04, 0xFF, 0x04, 0x03, 0x04, 0xFF, 0x04, 0x03, 0x04, 0xFF, 0x04, 0x03, 0x03, 0xFF,
  0x04, 0x03, 0x04, 0xFF, 0x04, 0x03, 0x03, 0xFF, 0x04, 0x03, 0x03, 0xFF, 0x04, 0x03, 0x03, 0xFF, 0x04, 0x03, 0x03, 0xFF, 0x04, 0x03, 0x04, 0xFF,
  0x04, 0x04, 0x08, 0xFF, 0x05, 0x09, 0x36, 0xFF, 0x09, 0x16, 0xA5, 0xFF, 0x07, 0x1B, 0xC7, 0xFF, 0x03, 0x11, 0xC3, 0xFF, 0x07, 0x1D, 0xC6, 0xFF,
  0x54, 0xBF, 0xF9, 0xFF, 0x50, 0xB9, 0xF8, 0xFF, 0x07, 0x12, 0xDD, 0xFF, 0x08, 0x17, 0x9D, 0xFF, 0x07, 0x0D, 0x35, 0xFF, 0x05, 0x05, 0x0A, 0xFF,
  0x04, 0x03, 0x04, 0xFF, 0x04, 0x03, 0x03, 0xFF, 0x04, 0x03, 0x03, 0xFF, 0x04, 0x03, 0x03, 0xFF, 0x04, 0x03, 0x03, 0xFF, 0x04, 0x03, 0x03, 0xFF,
  0x04, 0x03, 0x03, 0xFF, 0x04, 0x03, 0x03, 0xFF, 0x04, 0x03, 0x03, 0xFF, 0x04, 0x03, 0x03, 0xFF, 0x04, 0x03, 0x03, 0xFF, 0x04, 0x03, 0x04, 0xFF,
  0x04, 0x05, 0x06, 0xFF, 0x04, 0x0C, 0x14, 0xFF, 0x03, 0x2C, 0x5D, 0xFF, 0x00, 0x57, 0xC9, 0xFF, 0x14, 0xED, 0xF9, 0xFF, 0x19, 0xF3, 0xFA, 0xFF,
  0x01, 0x4A, 0x98, 0xFF, 0x00, 0x21, 0x6F, 0xFF, 0x00, 0x29, 0x7F, 0xFF, 0x02, 0x21, 0x5A, 0xFF, 0x03, 0x0C, 0x1A, 0xFF, 0x04, 0x04, 0x06, 0xFF,
  0x04, 0x03, 0x03, 0xFF, 0x04, 0x03, 0x03, 0xFF, 0x04, 0x03, 0x04, 0xFF, 0x04, 0x03, 0x04, 0xFF, 0x04, 0x03, 0x04, 0xFF, 0x04, 0x03, 0x04, 0xFF,
  0x04, 0x04, 0x05, 0xFF, 0x04, 0x05, 0x06, 0xFF, 0x04, 0x05, 0x07, 0xFF, 0x04, 0x06, 0x09, 0xFF, 0x05, 0x08, 0x0C, 0xFF, 0x05, 0x0C, 0x13, 0xFF,
  0x06, 0x14, 0x1F, 0xFF, 0x09, 0x22, 0x37, 0xFF, 0x0B, 0x49, 0x74, 0xFF, 0x82, 0xEF, 0xF6, 0xFF, 0x47, 0xF9, 0xFA, 0xFF, 0x35, 0xF9, 0xFB, 0xFF,
  0x34, 0xFA, 0xFB, 0xFF, 0x32, 0xFA, 0xFB, 0xFF, 0x31, 0xF9, 0xFB, 0xFF, 0x31, 0xF9, 0xFB, 0xFF, 0x2F, 0xFA, 0xFB, 0xFF, 0x2F, 0xF9, 0xFB, 0xFF,
  0x2E, 0xC9, 0xF4, 0xFF, 0x03, 0x2E, 0x95, 0xFF, 0x06, 0x19, 0x28, 0xFF, 0x05, 0x0E, 0x15, 0xFF, 0x05, 0x08, 0x0D, 0xFF, 0x04, 0x07, 0x0B, 0xFF,
  0x04, 0x06, 0x08, 0xFF, 0x04, 0x05, 0x06, 0xFF, 0x04, 0x04, 0x05, 0xFF, 0x04, 0x03, 0x04, 0xFF, 0x04, 0x03, 0x04, 0xFF, 0x04, 0x03, 0x04, 0xFF,
  0x04, 0x03, 0x04, 0xFF, 0x04, 0x03, 0x03, 0xFF, 0x04, 0x03, 0x03, 0xFF, 0x04, 0x03, 0x03, 0xFF, 0x04, 0x03, 0x03, 0xFF, 0x04, 0x03, 0x03, 0xFF,
  0x04, 0x03, 0x03, 0xFF, 0x04, 0x03, 0x03, 0xFF, 0x04, 0x03, 0x04, 0xFF, 0x04, 0x03, 0x03, 0xFF, 0x04, 0x03, 0x03, 0xFF, 0x04, 0x03, 0x04, 0xFF,
  0x04, 0x03, 0x04, 0xFF, 0x04, 0x04, 0x05, 0xFF, 0x04, 0x06, 0x09, 0xFF, 0x04, 0x0C, 0x15, 0xFF, 0x04, 0x14, 0x2A, 0xFF, 0x04, 0x13, 0x26, 0xFF,
  0x04, 0x08, 0x0E, 0xFF, 0x04, 0x04, 0x06, 0xFF, 0x04, 0x03, 0x04, 0xFF, 0x04, 0x03, 0x04, 0xFF, 0x04, 0x04, 0x05, 0xFF, 0x04, 0x04, 0x05, 0xFF,
  0x04, 0x04, 0x05, 0xFF, 0x04, 0x05, 0x06, 0xFF, 0x05, 0x06, 0x07, 0xFF, 0x05, 0x07, 0x09, 0xFF, 0x06, 0x09, 0x0C, 0xFF, 0x07, 0x0D, 0x11, 0xFF,
  0x09, 0x16, 0x1E, 0xFF, 0x1B, 0x40, 0x58, 0xFF, 0x71, 0xBC, 0xDA, 0xFF, 0x61, 0xF1, 0xF8, 0xFF, 0x3E, 0xEF, 0xF9, 0xFF, 0x42, 0xF1, 0xF9, 0xFF,
  0x49, 0xF4, 0xF9, 0xFF, 0x4D, 0xF4, 0xFA, 0xFF, 0x4D, 0xF1, 0xFA, 0xFF, 0x4C, 0xF3, 0xFA, 0xFF, 0x4C, 0xF5, 0xFA, 0xFF, 0x56, 0xF7, 0xFA, 0xFF,
  0x71, 0xF1, 0xFB, 0xFF, 0x61, 0xD7, 0xFA, 0xFF, 0x4B, 0xB7, 0xFB, 0xFF, 0x16, 0x98, 0xFA, 0xFF, 0x05, 0x91, 0xFB, 0xFF, 0x06, 0x8A, 0xFA, 0xFF,
  0x07, 0x82, 0xFA, 0xFF, 0x06, 0x7F, 0xFA, 0xFF, 0x05, 0x7C, 0xFA, 0xFF, 0x05, 0x79, 0xFB, 0xFF, 0x05, 0x76, 0xFA, 0xFF, 0x06, 0x73, 0xFA, 0xFF,
  0x05, 0x70, 0xFA, 0xFF, 0x05, 0x6C, 0xFA, 0xFF, 0x05, 0x68, 0xFA, 0xFF, 0x06, 0x66, 0xFA, 0xFF, 0x06, 0x64, 0xFA, 0xFF, 0x06, 0x60, 0xFA, 0xFF,
  0x06, 0x5E, 0xFA, 0xFF, 0x06, 0x5D, 0xF9, 0xFF, 0x07, 0x5B, 0xF7, 0xFF, 0x08, 0x5A, 0xF5, 0xFF, 0x07, 0x59, 0xF3, 0xFF, 0x07, 0x59, 0xF1, 0xFF,
  0x08, 0x59, 0xEF, 0xFF, 0x09, 0x59, 0xED, 0xFF, 0x0A, 0x5B, 0xEB, 0xFF, 0x0B, 0x5C, 0xEA, 0xFF, 0x0C, 0x5E, 0xE9, 0xFF, 0x0D, 0x60, 0xE8, 0xFF,
  0x0E, 0x63, 0xE8, 0xFF, 0x0F, 0x66, 0xE9, 0xFF, 0x10, 0x69, 0xEA, 0xFF, 0x11, 0x6C, 0xED, 0xFF, 0x15, 0x72, 0xF2, 0xFF, 0x17, 0x7A, 0xF6, 0xFF,
  0x1B, 0x8A, 0xFA, 0xFF, 0x22, 0xA5, 0xFB, 0xFF, 0x2A, 0xC6, 0xFA, 0xFF, 0x61, 0xDD, 0xF2, 0xFF, 0x5E, 0x9B, 0xC9, 0xFF, 0x37, 0x50, 0xAE, 0xFF,
  0x06, 0x1D, 0x8B, 0xFF, 0x05, 0x1D, 0x66, 0xFF, 0x05, 0x0E, 0x25, 0xFF, 0x05, 0x07, 0x0B, 0xFF, 0x05, 0x06, 0x08, 0xFF, 0x05, 0x06, 0x08, 0xFF,
  0x05, 0x06, 0x09, 0xFF, 0x05, 0x06, 0x09, 0xFF, 0x05, 0x06, 0x09, 0xFF, 0x04, 0x05, 0x08, 0xFF, 0x04, 0x05, 0x07, 0xFF, 0x04, 0x04, 0x06, 0xFF,
  0x04, 0x04, 0x06, 0xFF, 0x04, 0x04, 0x05, 0xFF, 0x04, 0x04, 0x05, 0xFF, 0x04, 0x04, 0x05, 0xFF, 0x04, 0x04, 0x05, 0xFF, 0x04, 0x04, 0x05, 0xFF,
  0x04, 0x03, 0x04, 0xFF, 0x04, 0x03, 0x04, 0xFF, 0x04, 0x03, 0x04, 0xFF, 0x04, 0x03, 0x04, 0xFF, 0x04, 0x03, 0x04, 0xFF, 0x04, 0x03, 0x04, 0xFF,
  0x04, 0x03, 0x04, 0xFF, 0x04, 0x03, 0x04, 0xFF, 0x04, 0x03, 0x04, 0xFF, 0x04, 0x03, 0x04, 0xFF, 0x04, 0x03, 0x04, 0xFF, 0x04, 0x03, 0x03, 0xFF,
  0x04, 0x03, 0x04, 0xFF, 0x04, 0x03, 0x03, 0xFF, 0x04, 0x03, 0x03, 0xFF, 0x04, 0x03, 0x03, 0xFF, 0x04, 0x03, 0x03, 0xFF, 0x04, 0x03, 0x03, 0xFF,
  0x04, 0x04, 0x09, 0xFF, 0x05, 0x0A, 0x37, 0xFF, 0x0A, 0x16, 0xA9, 0xFF, 0x07, 0x1B, 0xC7, 0xFF, 0x03, 0x0F, 0xC3, 0xFF, 0x08, 0x1E, 0xC4, 0xFF,
  0x55, 0xBC, 0xF8, 0xFF, 0x51, 0xB8, 0xF9, 0xFF, 0x07, 0x12, 0xDE, 0xFF, 0x09, 0x17, 0x9D, 0xFF, 0x07, 0x0D, 0x38, 0xFF, 0x05, 0x05, 0x0B, 0xFF,
  0x04, 0x03, 0x05, 0xFF, 0x04, 0x03, 0x03, 0xFF, 0x04, 0x03, 0x03, 0xFF, 0x04, 0x03, 0x03, 0xFF, 0x04, 0x03, 0x03, 0xFF, 0x04, 0x03, 0x03, 0xFF,
  0x04, 0x03, 0x03, 0xFF, 0x04, 0x03, 0x03, 0xFF, 0x04, 0x03, 0x03, 0xFF, 0x04, 0x03, 0x03, 0xFF, 0x04, 0x03, 0x03, 0xFF, 0x04, 0x03, 0x04, 0xFF,
  0x04, 0x05, 0x06, 0xFF, 0x04, 0x0C, 0x15, 0xFF, 0x03, 0x2A, 0x5A, 0xFF, 0x01, 0x57, 0xC6, 0xFF, 0x16, 0xEE, 0xF9, 0xFF, 0x1B, 0xF4, 0xFA, 0xFF,
  0x01, 0x4A, 0x9A, 0xFF, 0x01, 0x23, 0x72, 0xFF, 0x00, 0x29, 0x7F, 0xFF, 0x02, 0x20, 0x59, 0xFF, 0x03, 0x0C, 0x19, 0xFF, 0x04, 0x04, 0x06, 0xFF,
  0x04, 0x03, 0x03, 0xFF, 0x04, 0x03, 0x03, 0xFF, 0x04, 0x03, 0x04, 0xFF, 0x04, 0x03, 0x04, 0xFF, 0x04, 0x03, 0x04, 0xFF, 0x04, 0x03, 0x04, 0xFF,
  0x04, 0x04, 0x05, 0xFF, 0x04, 0x04, 0x05, 0xFF, 0x04, 0x05, 0x06, 0xFF, 0x04, 0x06, 0x08, 0xFF, 0x05, 0x08, 0x0C, 0xFF, 0x05, 0x0B, 0x11, 0xFF,
  0x06, 0x11, 0x1B, 0xFF, 0x08, 0x1C, 0x2E, 0xFF, 0x0C, 0x38, 0x5C, 0xFF, 0x39, 0xBA, 0xDC, 0xFF, 0x7A, 0xFA, 0xFA, 0xFF, 0x3D, 0xFA, 0xFB, 0xFF,
  0x38, 0xF9, 0xFB, 0xFF, 0x36, 0xF9, 0xFA, 0xFF, 0x35, 0xF8, 0xFA, 0xFF, 0x34, 0xF9, 0xFA, 0xFF, 0x32, 0xF9, 0xFB, 0xFF, 0x30, 0xF9, 0xFA, 0xFF,
  0x33, 0xF7, 0xFA, 0xFF, 0x1E, 0x5A, 0xCD, 0xFF, 0x07, 0x27, 0x3F, 0xFF, 0x05, 0x12, 0x1C, 0xFF, 0x05, 0x0A, 0x0F, 0xFF, 0x05, 0x08, 0x0C, 0xFF,
  0x04, 0x06, 0x09, 0xFF, 0x04, 0x05, 0x07, 0xFF, 0x04, 0x04, 0x05, 0xFF, 0x04, 0x03, 0x04, 0xFF, 0x04, 0x03, 0x04, 0xFF, 0x04, 0x03, 0x04, 0xFF,
  0x04, 0x03, 0x04, 0xFF, 0x04, 0x03, 0x04, 0xFF, 0x04, 0x03, 0x03, 0xFF, 0x04, 0x03, 0x03, 0xFF, 0x04, 0x03, 0x03, 0xFF, 0x04, 0x03, 0x03, 0xFF,
  0x04, 0x03, 0x03, 0xFF, 0x04, 0x03, 0x03, 0xFF, 0x04, 0x03, 0x04, 0xFF, 0x04, 0x03, 0x03, 0xFF, 0x04, 0x03, 0x03, 0xFF, 0x04, 0x03, 0x04, 0xFF,
  0x04, 0x03, 0x04, 0xFF, 0x04, 0x04, 0x05, 0xFF, 0x04, 0x09, 0x0F, 0xFF, 0x04, 0x28, 0x51, 0xFF, 0x05, 0x62, 0x9E, 0xFF, 0x04, 0x26, 0x50, 0xFF,
  0x04, 0x0C, 0x15, 0xFF, 0x04, 0x05, 0x07, 0xFF, 0x04, 0x04, 0x05, 0xFF, 0x04, 0x04, 0x05, 0xFF, 0x04, 0x04, 0x05, 0xFF, 0x04, 0x05, 0x06, 0xFF,
  0x04, 0x05, 0x07, 0xFF, 0x05, 0x06, 0x08, 0xFF, 0x05, 0x08, 0x0B, 0xFF, 0x06, 0x0C, 0x0F, 0xFF, 0x07, 0x11, 0x17, 0xFF, 0x0B, 0x26, 0x39, 0xFF,
  0x4A, 0x90, 0xAE, 0xFF, 0x5A, 0xE4, 0xF4, 0xFF, 0x33, 0xE8, 0xF9, 0xFF, 0x3B, 0xE8, 0xF9, 0xFF, 0x44, 0xED, 0xFA, 0xFF, 0x44, 0xEF, 0xFA, 0xFF,
  0x44, 0xF2, 0xFA, 0xFF, 0x47, 0xF5, 0xFA, 0xFF, 0x59, 0xF7, 0xFA, 0xFF, 0x76, 0xF0, 0xFA, 0xFF, 0x5D, 0xD4, 0xFB, 0xFF, 0x3B, 0xB5, 0xFA, 0xFF,
  0x0E, 0x9D, 0xFA, 0xFF, 0x0A, 0x9E, 0xFA, 0xFF, 0x08, 0x99, 0xFA, 0xFF, 0x05, 0x94, 0xFA, 0xFF, 0x04, 0x8F, 0xFA, 0xFF, 0x05, 0x88, 0xFA, 0xFF,
  0x05, 0x84, 0xFA, 0xFF, 0x04, 0x7F, 0xFA, 0xFF, 0x04, 0x7B, 0xFA, 0xFF, 0x03, 0x78, 0xFA, 0xFF, 0x04, 0x75, 0xFA, 0xFF, 0x04, 0x73, 0xFA, 0xFF,
  0x03, 0x70, 0xFA, 0xFF, 0x04, 0x6D, 0xFA, 0xFF, 0x04, 0x69, 0xFA, 0xFF, 0x04, 0x66, 0xF9, 0xFF, 0x04, 0x65, 0xFA, 0xFF, 0x05, 0x62, 0xFA, 0xFF,
  0x06, 0x5F, 0xFA, 0xFF, 0x06, 0x5E, 0xFB, 0xFF, 0x07, 0x5C, 0xFA, 0xFF, 0x08, 0x5B, 0xF8, 0xFF, 0x08, 0x5B, 0xF6, 0xFF, 0x08, 0x5D, 0xF6, 0xFF,
  0x08, 0x5D, 0xF3, 0xFF, 0x0A, 0x5D, 0xF1, 0xFF, 0x0C, 0x61, 0xF1, 0xFF, 0x0D, 0x63, 0xF2, 0xFF, 0x0E, 0x64, 0xF0, 0xFF, 0x0F, 0x67, 0xF0, 0xFF,
  0x11, 0x6B, 0xF0, 0xFF, 0x14, 0x71, 0xF2, 0xFF, 0x18, 0x7B, 0xF7, 0xFF, 0x1C, 0x8B, 0xF9, 0xFF, 0x34, 0xB2, 0xFA, 0xFF, 0x63, 0xD4, 0xF9, 0xFF,
  0x6A, 0xD4, 0xF0, 0xFF, 0x50, 0x90, 0xD1, 0xFF, 0x45, 0x61, 0xB9, 0xFF, 0x10, 0x2A, 0x8B, 0xFF, 0x06, 0x1E, 0x62, 0xFF, 0x06, 0x11, 0x2B, 0xFF,
  0x05, 0x08, 0x0D, 0xFF, 0x05, 0x06, 0x08, 0xFF, 0x05, 0x05, 0x07, 0xFF, 0x04, 0x05, 0x06, 0xFF, 0x04, 0x04, 0x06, 0xFF, 0x04, 0x04, 0x06, 0xFF,
  0x04, 0x04, 0x06, 0xFF, 0x04, 0x05, 0x06, 0xFF, 0x04, 0x05, 0x06, 0xFF, 0x04, 0x05, 0x06, 0xFF, 0x04, 0x04, 0x06, 0xFF, 0x04, 0x04, 0x05, 0xFF,
  0x04, 0x04, 0x05, 0xFF, 0x04, 0x04, 0x05, 0xFF, 0x04, 0x03, 0x04, 0xFF, 0x04, 0x04, 0x05, 0xFF, 0x04, 0x04, 0x05, 0xFF, 0x04, 0x03, 0x04, 0xFF,
  0x04, 0x03, 0x04, 0xFF, 0x04, 0x03, 0x04, 0xFF, 0x04, 0x03, 0x04, 0xFF, 0x04, 0x03, 0x04, 0xFF, 0x04, 0x03, 0x04, 0xFF, 0x04, 0x03, 0x04, 0xFF,
  0x04, 0x03, 0x04, 0xFF, 0x04, 0x03, 0x04, 0xFF, 0x04, 0x03, 0x04, 0xFF, 0x04, 0x03, 0x04, 0xFF, 0x04, 0x03, 0x04, 0xFF, 0x04, 0x03, 0x03, 0xFF,
  0x04, 0x03, 0x03, 0xFF, 0x04, 0x03, 0x03, 0xFF, 0x04, 0x03, 0x03, 0xFF, 0x04, 0x03, 0x03, 0xFF, 0x04, 0x03, 0x03, 0xFF, 0x04, 0x03, 0x03, 0xFF,
  0x04, 0x04, 0x09, 0xFF, 0x05, 0x09, 0x39, 0xFF, 0x0B, 0x15, 0xA9, 0xFF, 0x07, 0x1A, 0xC7, 0xFF, 0x04, 0x12, 0xC5, 0xFF, 0x08, 0x1E, 0xC5, 0xFF,
  0x56, 0xB9, 0xF9, 0xFF, 0x4E, 0xB0, 0xF8, 0xFF, 0x07, 0x0F, 0xDE, 0xFF, 0x09, 0x17, 0x9F, 0xFF, 0x08, 0x0D, 0x38, 0xFF, 0x05, 0x05, 0x0B, 0xFF,
  0x04, 0x03, 0x05, 0xFF, 0x04, 0x03, 0x04, 0xFF, 0x04, 0x03, 0x03, 0xFF, 0x04, 0x03, 0x03, 0xFF, 0x04, 0x03, 0x03, 0xFF, 0x04, 0x03, 0x03, 0xFF,
  0x04, 0x03, 0x03, 0xFF, 0x04, 0x03, 0x03, 0xFF, 0x04, 0x03, 0x03, 0xFF, 0x04, 0x03, 0x03, 0xFF, 0x04, 0x03, 0x03, 0xFF, 0x04, 0x03, 0x04, 0xFF,
  0x04, 0x05, 0x07, 0xFF, 0x04, 0x0D, 0x15, 0xFF, 0x03, 0x29, 0x58, 0xFF, 0x00, 0x55, 0xC6, 0xFF, 0x16, 0xEE, 0xF9, 0xFF, 0x19, 0xF2, 0xF9, 0xFF,
  0x01, 0x49, 0x98, 0xFF, 0x00, 0x23, 0x72, 0xFF, 0x00, 0x29, 0x7E, 0xFF, 0x02, 0x1F, 0x58, 0xFF, 0x03, 0x0C, 0x1A, 0xFF, 0x04, 0x04, 0x06, 0xFF,
  0x04, 0x03, 0x03, 0xFF, 0x04, 0x03, 0x03, 0xFF, 0x04, 0x03, 0x03, 0xFF, 0x04, 0x03, 0x04, 0xFF, 0x04, 0x03, 0x04, 0xFF, 0x04, 0x03, 0x04, 0xFF,
  0x04, 0x04, 0x05, 0xFF, 0x04, 0x04, 0x05, 0xFF, 0x04, 0x05, 0x06, 0xFF, 0x04, 0x05, 0x08, 0xFF, 0x05, 0x07, 0x0A, 0xFF, 0x05, 0x0A, 0x0F, 0xFF,
  0x06, 0x0E, 0x16, 0xFF, 0x07, 0x16, 0x23, 0xFF, 0x0A, 0x27, 0x40, 0xFF, 0x0F, 0x70, 0xA6, 0xFF, 0x94, 0xF6, 0xF8, 0xFF, 0x4C, 0xF9, 0xF9, 0xFF,
  0x3A, 0xF8, 0xFA, 0xFF, 0x39, 0xF8, 0xFA, 0xFF, 0x38, 0xF8, 0xFA, 0xFF, 0x37, 0xF9, 0xFB, 0xFF, 0x35, 0xF9, 0xFB, 0xFF, 0x2E, 0xF9, 0xFA, 0xFF,
  0x2E, 0xF9, 0xFA, 0xFF, 0x42, 0xC0, 0xF3, 0xFF, 0x06, 0x37, 0x84, 0xFF, 0x06, 0x19, 0x27, 0xFF, 0x05, 0x0D, 0x13, 0xFF, 0x05, 0x0A, 0x0E, 0xFF,
  0x04, 0x07, 0x0A, 0xFF, 0x04, 0x05, 0x07, 0xFF, 0x04, 0x05, 0x06, 0xFF, 0x04, 0x04, 0x05, 0xFF, 0x04, 0x04, 0x05, 0xFF, 0x04, 0x04, 0x05, 0xFF,
  0x04, 0x03, 0x04, 0xFF, 0x04, 0x03, 0x04, 0xFF, 0x04, 0x03, 0x04, 0xFF, 0x04, 0x03, 0x04, 0xFF, 0x04, 0x03, 0x04, 0xFF, 0x04, 0x03, 0x03, 0xFF,
  0x04, 0x03, 0x03, 0xFF, 0x04, 0x03, 0x03, 0xFF, 0x04, 0x03, 0x04, 0xFF, 0x04, 0x03, 0x03, 0xFF, 0x04, 0x03, 0x03, 0xFF, 0x04, 0x03, 0x03, 0xFF,
  0x04, 0x03, 0x04, 0xFF, 0x04, 0x04, 0x05, 0xFF, 0x04, 0x0A, 0x12, 0xFF, 0x04, 0x2F, 0x5E, 0xFF, 0x03, 0x51, 0x93, 0xFF, 0x04, 0x22, 0x47, 0xFF,
  0x04, 0x09, 0x0E, 0xFF, 0x04, 0x04, 0x06, 0xFF, 0x04, 0x04, 0x05, 0xFF, 0x04, 0x04, 0x06, 0xFF, 0x04, 0x05, 0x06, 0xFF, 0x04, 0x05, 0x07, 0xFF,
  0x05, 0x06, 0x08, 0xFF, 0x05, 0x08, 0x0B, 0xFF, 0x05, 0x0C, 0x11, 0xFF, 0x09, 0x1D, 0x2B, 0xFF, 0x1D, 0x55, 0x78, 0xFF, 0x51, 0xCA, 0xE2, 0xFF,
  0x29, 0xE4, 0xF9, 0xFF, 0x27, 0xE1, 0xFA, 0xFF, 0x2F, 0xE5, 0xFA, 0xFF, 0x38, 0xE8, 0xFA, 0xFF, 0x3D, 0xED, 0xFA, 0xFF, 0x42, 0xF2, 0xFB, 0xFF,
  0x66, 0xF2, 0xFA, 0xFF, 0x5E, 0xDA, 0xFB, 0xFF, 0x3C, 0xBE, 0xFA, 0xFF, 0x0C, 0xA9, 0xFB, 0xFF, 0x0A, 0xA6, 0xFB, 0xFF, 0x08, 0xA1, 0xFA, 0xFF,
  0x07, 0x9D, 0xFA, 0xFF, 0x08, 0x9A, 0xFA, 0xFF, 0x07, 0x98, 0xFB, 0xFF, 0x06, 0x93, 0xFA, 0xFF, 0x05, 0x8D, 0xFA, 0xFF, 0x04, 0x88, 0xFA, 0xFF,
  0x04, 0x83, 0xF9, 0xFF, 0x05, 0x7F, 0xFA, 0xFF, 0x04, 0x7C, 0xF9, 0xFF, 0x03, 0x79, 0xFA, 0xFF, 0x02, 0x75, 0xFA, 0xFF, 0x02, 0x72, 0xF9, 0xFF,
  0x02, 0x70, 0xF9, 0xFF, 0x03, 0x6D, 0xFA, 0xFF, 0x04, 0x6A, 0xFA, 0xFF, 0x03, 0x68, 0xFA, 0xFF, 0x04, 0x67, 0xFA, 0xFF, 0x05, 0x65, 0xF9, 0xFF,
  0x06, 0x62, 0xF9, 0xFF, 0x06, 0x62, 0xFB, 0xFF, 0x09, 0x62, 0xFB, 0xFF, 0x09, 0x62, 0xFA, 0xFF, 0x0A, 0x63, 0xF9, 0xFF, 0x0A, 0x65, 0xF9, 0xFF,
  0x0B, 0x67, 0xF9, 0xFF, 0x0C, 0x69, 0xFA, 0xFF, 0x0E, 0x6C, 0xF9, 0xFF, 0x12, 0x73, 0xFA, 0xFF, 0x16, 0x7A, 0xFA, 0xFF, 0x19, 0x81, 0xFA, 0xFF,
  0x21, 0x94, 0xFB, 0xFF, 0x3C, 0xBC, 0xFB, 0xFF, 0x6F, 0xDD, 0xFA, 0xFF, 0x93, 0xD8, 0xEF, 0xFF, 0x6E, 0x91, 0xC9, 0xFF, 0x3D, 0x59, 0xB2, 0xFF,
  0x0A, 0x22, 0x81, 0xFF, 0x06, 0x1A, 0x51, 0xFF, 0x06, 0x0E, 0x20, 0xFF, 0x05, 0x06, 0x0A, 0xFF, 0x04, 0x05, 0x07, 0xFF, 0x04, 0x04, 0x06, 0xFF,
  0x04, 0x04, 0x05, 0xFF, 0x04, 0x04, 0x05, 0xFF, 0x04, 0x03, 0x04, 0xFF, 0x04, 0x03, 0x04, 0xFF, 0x04, 0x03, 0x04, 0xFF, 0x04, 0x03, 0x04, 0xFF,
  0x04, 0x03, 0x04, 0xFF, 0x04, 0x04, 0x05, 0xFF, 0x04, 0x04, 0x06, 0xFF, 0x04, 0x04, 0x06, 0xFF, 0x04, 0x04, 0x06, 0xFF, 0x04, 0x04, 0x05, 0xFF,
  0x04, 0x04, 0x05, 0xFF, 0x04, 0x04, 0x05, 0xFF, 0x04, 0x03, 0x04, 0xFF, 0x04, 0x03, 0x04, 0xFF, 0x04, 0x03, 0x04, 0xFF, 0x04, 0x03, 0x04, 0xFF,
  0x04, 0x03, 0x04, 0xFF, 0x04, 0x03, 0x04, 0xFF, 0x04, 0x03, 0x04, 0xFF, 0x04, 0x03, 0x04, 0xFF, 0x04, 0x03, 0x04, 0xFF, 0x04, 0x03, 0x04, 0xFF,
  0x04, 0x03, 0x04, 0xFF, 0x04, 0x03, 0x04, 0xFF, 0x04, 0x03, 0x04, 0xFF, 0x04, 0x03, 0x04, 0xFF, 0x04, 0x03, 0x04, 0xFF, 0x04, 0x03, 0x03, 0xFF,
  0x04, 0x03, 0x03, 0xFF, 0x04, 0x03, 0x03, 0xFF, 0x04, 0x03, 0x03, 0xFF, 0x04, 0x03, 0x03, 0xFF, 0x04, 0x03, 0x03, 0xFF, 0x04, 0x03, 0x03, 0xFF,
  0x04, 0x04, 0x09, 0xFF, 0x06, 0x09, 0x3B, 0xFF, 0x0C, 0x14, 0xAB, 0xFF, 0x07, 0x19, 0xC7, 0xFF, 0x04, 0x13, 0xC6, 0xFF, 0x09, 0x1F, 0xC5, 0xFF,
  0x55, 0xB7, 0xF9, 0xFF, 0x4D, 0xAC, 0xF8, 0xFF, 0x07, 0x0F, 0xDF, 0xFF, 0x09, 0x16, 0xAA, 0xFF, 0x08, 0x0D, 0x3B, 0xFF, 0x05, 0x05, 0x0B, 0xFF,
  0x04, 0x03, 0x05, 0xFF, 0x04, 0x03, 0x03, 0xFF, 0x04, 0x03, 0x03, 0xFF, 0x04, 0x03, 0x03, 0xFF, 0x04, 0x03, 0x03, 0xFF, 0x04, 0x03, 0x03, 0xFF,
  0x04, 0x03, 0x03, 0xFF, 0x04, 0x03, 0x03, 0xFF, 0x04, 0x03, 0x03, 0xFF, 0x04, 0x03, 0x03, 0xFF, 0x04, 0x03, 0x03, 0xFF, 0x04, 0x03, 0x04, 0xFF,
  0x04, 0x05, 0x07, 0xFF, 0x04, 0x0D, 0x16, 0xFF, 0x03, 0x29, 0x57, 0xFF, 0x01, 0x51, 0xC4, 0xFF, 0x16, 0xEB, 0xF9, 0xFF, 0x18, 0xF0, 0xF9, 0xFF,
  0x01, 0x49, 0x9A, 0xFF, 0x00, 0x24, 0x73, 0xFF, 0x01, 0x29, 0x7F, 0xFF, 0x02, 0x20, 0x58, 0xFF, 0x03, 0x0B, 0x1A, 0xFF, 0x04, 0x04, 0x06, 0xFF,
  0x04, 0x03, 0x03, 0xFF, 0x04, 0x03, 0x03, 0xFF, 0x04, 0x03, 0x03, 0xFF, 0x04, 0x03, 0x03, 0xFF, 0x04, 0x03, 0x04, 0xFF, 0x04, 0x03, 0x04, 0xFF,
  0x04, 0x03, 0x04, 0xFF, 0x04, 0x04, 0x05, 0xFF, 0x04, 0x04, 0x05, 0xFF, 0x04, 0x05, 0x07, 0xFF, 0x05, 0x07, 0x0A, 0xFF, 0x05, 0x09, 0x0E, 0xFF,
  0x05, 0x0D, 0x15, 0xFF, 0x06, 0x12, 0x1D, 0xFF, 0x09, 0x1F, 0x32, 0xFF, 0x0F, 0x52, 0x8A, 0xFF, 0x85, 0xD7, 0xEC, 0xFF, 0x5E, 0xF9, 0xF9, 0xFF,
  0x3B, 0xF8, 0xF9, 0xFF, 0x3C, 0xF8, 0xFA, 0xFF, 0x3B, 0xF9, 0xFB, 0xFF, 0x37, 0xF9, 0xFB, 0xFF, 0x34, 0xF9, 0xFA, 0xFF, 0x30, 0xFA, 0xFB, 0xFF,
  0x2E, 0xFA, 0xFB, 0xFF, 0x34, 0xF7, 0xF9, 0xFF, 0x19, 0x61, 0xCF, 0xFF, 0x06, 0x22, 0x36, 0xFF, 0x05, 0x0F, 0x18, 0xFF, 0x05, 0x0B, 0x11, 0xFF,
  0x05, 0x08, 0x0C, 0xFF, 0x04, 0x06, 0x09, 0xFF, 0x04, 0x05, 0x07, 0xFF, 0x04, 0x04, 0x06, 0xFF, 0x04, 0x04, 0x05, 0xFF, 0x04, 0x04, 0x05, 0xFF,
  0x04, 0x03, 0x04, 0xFF, 0x04, 0x03, 0x04, 0xFF, 0x04, 0x03, 0x04, 0xFF, 0x04, 0x03, 0x04, 0xFF, 0x04, 0x03, 0x04, 0xFF, 0x04, 0x03, 0x04, 0xFF,
  0x04, 0x03, 0x03, 0xFF, 0x04, 0x03, 0x03, 0xFF, 0x04, 0x03, 0x03, 0xFF, 0x04, 0x03, 0x03, 0xFF, 0x04, 0x03, 0x03, 0xFF, 0x04, 0x03, 0x03, 0xFF,
  0x04, 0x03, 0x04, 0xFF, 0x04, 0x04, 0x05, 0xFF, 0x04, 0x08, 0x0C, 0xFF, 0x05, 0x12, 0x21, 0xFF, 0x04, 0x13, 0x25, 0xFF, 0x04, 0x0C, 0x15, 0xFF,
  0x04, 0x06, 0x09, 0xFF, 0x04, 0x04, 0x06, 0xFF, 0x04, 0x04, 0x06, 0xFF, 0x04, 0x05, 0x07, 0xFF, 0x04, 0x06, 0x07, 0xFF, 0x05, 0x06, 0x08, 0xFF,
  0x05, 0x08, 0x0B, 0xFF, 0x05, 0x0B, 0x0F, 0xFF, 0x06, 0x13, 0x1C, 0xFF, 0x18, 0x64, 0x8D, 0xFF, 0x44, 0xE1, 0xF6, 0xFF, 0x19, 0xD7, 0xFA, 0xFF,
  0x22, 0xDC, 0xFA, 0xFF, 0x29, 0xE2, 0xFB, 0xFF, 0x2E, 0xE7, 0xFA, 0xFF, 0x32, 0xEF, 0xFB, 0xFF, 0x5E, 0xEF, 0xFB, 0xFF, 0x5A, 0xD0, 0xFA, 0xFF,
  0x18, 0xB2, 0xFA, 0xFF, 0x07, 0xAE, 0xFB, 0xFF, 0x07, 0xAB, 0xFB, 0xFF, 0x06, 0xA7, 0xFB, 0xFF, 0x07, 0xA3, 0xFB, 0xFF, 0x07, 0x9F, 0xFB, 0xFF,
  0x06, 0x9B, 0xFA, 0xFF, 0x07, 0x98, 0xFA, 0xFF, 0x05, 0x94, 0xFA, 0xFF, 0x04, 0x90, 0xFA, 0xFF, 0x04, 0x8C, 0xFA, 0xFF, 0x03, 0x86, 0xF9, 0xFF,
  0x03, 0x83, 0xF9, 0xFF, 0x03, 0x7F, 0xFA, 0xFF, 0x02, 0x7D, 0xFA, 0xFF, 0x02, 0x7A, 0xFA, 0xFF, 0x02, 0x76, 0xF9, 0xFF, 0x02, 0x73, 0xF9, 0xFF,
  0x02, 0x6F, 0xF9, 0xFF, 0x02, 0x6E, 0xFA, 0xFF, 0x03, 0x6C, 0xF9, 0xFF, 0x03, 0x6B, 0xFA, 0xFF, 0x04, 0x69, 0xF9, 0xFF, 0x05, 0x68, 0xF9, 0xFF,
  0x06, 0x66, 0xFA, 0xFF, 0x07, 0x67, 0xFA, 0xFF, 0x08, 0x67, 0xFA, 0xFF, 0x09, 0x69, 0xFA, 0xFF, 0x0C, 0x6D, 0xFA, 0xFF, 0x0C, 0x6F, 0xFA, 0xFF,
  0x0F, 0x73, 0xF9, 0xFF, 0x14, 0x78, 0xFA, 0xFF, 0x1A, 0x7E, 0xFA, 0xFF, 0x23, 0x8F, 0xFA, 0xFF, 0x30, 0xAE, 0xFB, 0xFF, 0x57, 0xD0, 0xFA, 0xFF,
  0x96, 0xE6, 0xF5, 0xFF, 0x7F, 0x9D, 0xCC, 0xFF, 0x3F, 0x54, 0xB8, 0xFF, 0x09, 0x23, 0x8F, 0xFF, 0x07, 0x1F, 0x5C, 0xFF, 0x08, 0x0E, 0x1F, 0xFF,
  0x06, 0x07, 0x0B, 0xFF, 0x05, 0x05, 0x07, 0xFF, 0x04, 0x04, 0x05, 0xFF, 0x04, 0x04, 0x05, 0xFF, 0x04, 0x04, 0x05, 0xFF, 0x04, 0x03, 0x04, 0xFF,
  0x04, 0x03, 0x04, 0xFF, 0x04, 0x03, 0x04, 0xFF, 0x04, 0x03, 0x04, 0xFF, 0x04, 0x03, 0x04, 0xFF, 0x04, 0x03, 0x04, 0xFF, 0x04, 0x03, 0x04, 0xFF,
  0x04, 0x03, 0x04, 0xFF, 0x04, 0x04, 0x05, 0xFF, 0x04, 0x04, 0x06, 0xFF, 0x04, 0x04, 0x06, 0xFF, 0x04, 0x04, 0x06, 0xFF, 0x04, 0x04, 0x05, 0xFF,
  0x04, 0x04, 0x05, 0xFF, 0x04, 0x04, 0x05, 0xFF, 0x04, 0x04, 0x05, 0xFF, 0x04, 0x04, 0x05, 0xFF, 0x04, 0x04, 0x05, 0xFF, 0x04, 0x03, 0x04, 0xFF,
  0x04, 0x03, 0x04, 0xFF, 0x04, 0x03, 0x04, 0xFF, 0x04, 0x03, 0x04, 0xFF, 0x04, 0x03, 0x04, 0xFF, 0x04, 0x03, 0x04, 0xFF, 0x04, 0x03, 0x04, 0xFF,
  0x04, 0x03, 0x04, 0xFF, 0x04, 0x03, 0x04, 0xFF, 0x04, 0x03, 0x04, 0xFF, 0x04, 0x03, 0x04, 0xFF, 0x04, 0x03, 0x04, 0xFF, 0x04, 0x03, 0x03, 0xFF,
  0x04, 0x03, 0x03, 0xFF, 0x04, 0x03, 0x03, 0xFF, 0x04, 0x03, 0x03, 0xFF, 0x04, 0x03, 0x03, 0xFF, 0x04, 0x03, 0x03, 0xFF, 0x04, 0x03, 0x03, 0xFF,
  0x04, 0x04, 0x09, 0xFF, 0x05, 0x09, 0x39, 0xFF, 0x0D, 0x14, 0xA9, 0xFF, 0x07, 0x18, 0xC8, 0xFF, 0x04, 0x12, 0xC6, 0xFF, 0x08, 0x1E, 0xC6, 0xFF,
  0x56, 0xB3, 0xFA, 0xFF, 0x4F, 0xA8, 0xF9, 0xFF, 0x09, 0x0F, 0xE1, 0xFF, 0x0B, 0x17, 0xB4, 0xFF, 0x08, 0x0E, 0x3D, 0xFF, 0x05, 0x05, 0x0B, 0xFF,
  0x04, 0x03, 0x05, 0xFF, 0x04, 0x03, 0x03, 0xFF, 0x04, 0x03, 0x03, 0xFF, 0x04, 0x03, 0x03, 0xFF, 0x04, 0x03, 0x03, 0xFF, 0x04, 0x03, 0x03, 0xFF,
  0x04, 0x03, 0x03, 0xFF, 0x04, 0x03, 0x03, 0xFF, 0x04, 0x03, 0x03, 0xFF, 0x04, 0x03, 0x03, 0xFF, 0x04, 0x03, 0x03, 0xFF, 0x04, 0x03, 0x04, 0xFF,
  0x04, 0x05, 0x07, 0xFF, 0x04, 0x0D, 0x16, 0xFF, 0x03, 0x29, 0x58, 0xFF, 0x00, 0x4F, 0xC4, 0xFF, 0x15, 0xE8, 0xF9, 0xFF, 0x19, 0xED, 0xF9, 0xFF,
  0x01, 0x4A, 0x9B, 0xFF, 0x01, 0x25, 0x74, 0xFF, 0x01, 0x29, 0x80, 0xFF, 0x02, 0x20, 0x59, 0xFF, 0x03, 0x0B, 0x19, 0xFF, 0x04, 0x04, 0x06, 0xFF,
  0x04, 0x03, 0x03, 0xFF, 0x04, 0x03, 0x03, 0xFF, 0x04, 0x03, 0x03, 0xFF, 0x04, 0x03, 0x03, 0xFF, 0x04, 0x03, 0x03, 0xFF, 0x04, 0x03, 0x04, 0xFF,
  0x04, 0x03, 0x04, 0xFF, 0x04, 0x04, 0x05, 0xFF, 0x04, 0x04, 0x05, 0xFF, 0x04, 0x05, 0x07, 0xFF, 0x05, 0x06, 0x09, 0xFF, 0x05, 0x09, 0x0D, 0xFF,
  0x05, 0x0B, 0x12, 0xFF, 0x06, 0x10, 0x19, 0xFF, 0x08, 0x1A, 0x2A, 0xFF, 0x0C, 0x39, 0x60, 0xFF, 0x28, 0x95, 0xC6, 0xFF, 0xA2, 0xF7, 0xF8, 0xFF,
  0x47, 0xF8, 0xF9, 0xFF, 0x3C, 0xF9, 0xFA, 0xFF, 0x3A, 0xF9, 0xFB, 0xFF, 0x35, 0xF9, 0xFB, 0xFF, 0x31, 0xF9, 0xFB, 0xFF, 0x2E, 0xF9, 0xFB, 0xFF,
  0x2D, 0xFA, 0xFB, 0xFF, 0x2A, 0xF9, 0xFA, 0xFF, 0x2B, 0xA5, 0xE9, 0xFF, 0x05, 0x2D, 0x64, 0xFF, 0x06, 0x16, 0x21, 0xFF, 0x05, 0x0E, 0x16, 0xFF,
  0x05, 0x09, 0x0E, 0xFF, 0x04, 0x07, 0x0A, 0xFF, 0x04, 0x05, 0x07, 0xFF, 0x04, 0x04, 0x06, 0xFF, 0x04, 0x04, 0x05, 0xFF, 0x04, 0x04, 0x05, 0xFF,
  0x04, 0x03, 0x04, 0xFF, 0x04, 0x03, 0x04, 0xFF, 0x04, 0x03, 0x04, 0xFF, 0x04, 0x03, 0x04, 0xFF, 0x04, 0x03, 0x04, 0xFF, 0x04, 0x03, 0x03, 0xFF,
  0x04, 0x03, 0x03, 0xFF, 0x04, 0x03, 0x03, 0xFF, 0x04, 0x03, 0x04, 0xFF, 0x04, 0x03, 0x03, 0xFF, 0x04, 0x03, 0x03, 0xFF, 0x04, 0x03, 0x03, 0xFF,
  0x04, 0x03, 0x04, 0xFF, 0x04, 0x04, 0x05, 0xFF, 0x04, 0x05, 0x07, 0xFF, 0x04, 0x08, 0x0C, 0xFF, 0x04, 0x07, 0x0A, 0xFF, 0x04, 0x05, 0x08, 0xFF,
  0x04, 0x05, 0x07, 0xFF, 0x04, 0x05, 0x06, 0xFF, 0x04, 0x05, 0x07, 0xFF, 0x04, 0x06, 0x08, 0xFF, 0x04, 0x07, 0x09, 0xFF, 0x05, 0x09, 0x0C, 0xFF,
  0x05, 0x0D, 0x13, 0xFF, 0x07, 0x18, 0x24, 0xFF, 0x14, 0x4E, 0x70, 0xFF, 0x2E, 0xD2, 0xF2, 0xFF, 0x12, 0xCF, 0xF9, 0xFF, 0x1A, 0xD5, 0xFA, 0xFF,
  0x20, 0xDC, 0xFB, 0xFF, 0x24, 0xE4, 0xFB, 0xFF, 0x44, 0xED, 0xFB, 0xFF, 0x47, 0xD4, 0xFA, 0xFF, 0x14, 0xB4, 0xFA, 0xFF, 0x05, 0xB0, 0xFA, 0xFF,
  0x06, 0xB0, 0xFB, 0xFF, 0x05, 0xAE, 0xFB, 0xFF, 0x04, 0xAA, 0xFB, 0xFF, 0x04, 0xA6, 0xFB, 0xFF, 0x04, 0xA1, 0xFB, 0xFF, 0x04, 0x9E, 0xFB, 0xFF,
  0x04, 0x99, 0xFA, 0xFF, 0x04, 0x96, 0xFA, 0xFF, 0x03, 0x92, 0xFA, 0xFF, 0x03, 0x8E, 0xFA, 0xFF, 0x03, 0x8B, 0xFA, 0xFF, 0x04, 0x87, 0xF9, 0xFF,
  0x03, 0x84, 0xFA, 0xFF, 0x02, 0x80, 0xF9, 0xFF, 0x01, 0x7E, 0xF9, 0xFF, 0x02, 0x7C, 0xF9, 0xFF, 0x02, 0x7A, 0xF9, 0xFF, 0x02, 0x76, 0xF9, 0xFF,
  0x01, 0x73, 0xF9, 0xFF, 0x01, 0x71, 0xFA, 0xFF, 0x03, 0x6F, 0xFA, 0xFF, 0x03, 0x6E, 0xFA, 0xFF, 0x04, 0x6D, 0xFA, 0xFF, 0x05, 0x6B, 0xFA, 0xFF,
  0x06, 0x6A, 0xFB, 0xFF, 0x07, 0x6C, 0xFA, 0xFF, 0x0A, 0x6E, 0xFA, 0xFF, 0x0B, 0x72, 0xFA, 0xFF, 0x0F, 0x77, 0xFA, 0xFF, 0x13, 0x7D, 0xFA, 0xFF,
  0x1B, 0x87, 0xFA, 0xFF, 0x28, 0xA0, 0xFA, 0xFF, 0x53, 0xC3, 0xF9, 0xFF, 0x7E, 0xD8, 0xF3, 0xFF, 0x6C, 0x9F, 0xD5, 0xFF, 0x4B, 0x61, 0xC6, 0xFF,
  0x0F, 0x25, 0x8E, 0xFF, 0x09, 0x1C, 0x65, 0xFF, 0x09, 0x13, 0x31, 0xFF, 0x06, 0x08, 0x0E, 0xFF, 0x05, 0x05, 0x08, 0xFF, 0x04, 0x04, 0x05, 0xFF,
  0x04, 0x04, 0x05, 0xFF, 0x04, 0x04, 0x05, 0xFF, 0x04, 0x03, 0x04, 0xFF, 0x04, 0x03, 0x04, 0xFF, 0x04, 0x03, 0x04, 0xFF, 0x04, 0x03, 0x04, 0xFF,
  0x04, 0x03, 0x04, 0xFF, 0x04, 0x03, 0x05, 0xFF, 0x04, 0x04, 0x05, 0xFF, 0x04, 0x04, 0x05, 0xFF, 0x04, 0x04, 0x05, 0xFF, 0x04, 0x04, 0x05, 0xFF,
  0x04, 0x04, 0x05, 0xFF, 0x04, 0x04, 0x05, 0xFF, 0x04, 0x04, 0x06, 0xFF, 0x04, 0x05, 0x07, 0xFF, 0x04, 0x05, 0x08, 0xFF, 0x04, 0x05, 0x07, 0xFF,
  0x04, 0x04, 0x05, 0xFF, 0x04, 0x04, 0x05, 0xFF, 0x04, 0x04, 0x05, 0xFF, 0x04, 0x04, 0x05, 0xFF, 0x04, 0x03, 0x04, 0xFF, 0x04, 0x03, 0x04, 0xFF,
  0x04, 0x03, 0x04, 0xFF, 0x04, 0x03, 0x04, 0xFF, 0x04, 0x03, 0x04, 0xFF, 0x04, 0x03, 0x04, 0xFF, 0x04, 0x03, 0x04, 0xFF, 0x04, 0x03, 0x04, 0xFF,
  0x04, 0x03, 0x04, 0xFF, 0x04, 0x03, 0x04, 0xFF, 0x04, 0x03, 0x04, 0xFF, 0x04, 0x03, 0x04, 0xFF, 0x04, 0x03, 0x03, 0xFF, 0x04, 0x03, 0x03, 0xFF,
  0x04, 0x03, 0x03, 0xFF, 0x04, 0x03, 0x03, 0xFF, 0x04, 0x03, 0x03, 0xFF, 0x04, 0x03, 0x03, 0xFF, 0x04, 0x03, 0x03, 0xFF, 0x04, 0x03, 0x03, 0xFF,
  0x04, 0x03, 0x07, 0xFF, 0x05, 0x08, 0x35, 0xFF, 0x0E, 0x14, 0xA6, 0xFF, 0x08, 0x18, 0xC7, 0xFF, 0x03, 0x11, 0xC4, 0xFF, 0x08, 0x1B, 0xC2, 0xFF,
  0x57, 0xB0, 0xFA, 0xFF, 0x51, 0xA6, 0xF9, 0xFF, 0x08, 0x0F, 0xE1, 0xFF, 0x0B, 0x16, 0xAF, 0xFF, 0x08, 0x0D, 0x3D, 0xFF, 0x05, 0x04, 0x0B, 0xFF,
  0x04, 0x03, 0x05, 0xFF, 0x04, 0x03, 0x03, 0xFF, 0x04, 0x03, 0x03, 0xFF, 0x04, 0x03, 0x03, 0xFF, 0x04, 0x03, 0x03, 0xFF, 0x04, 0x03, 0x03, 0xFF,
  0x04, 0x03, 0x03, 0xFF, 0x04, 0x03, 0x03, 0xFF, 0x04, 0x03, 0x03, 0xFF, 0x04, 0x03, 0x03, 0xFF, 0x04, 0x03, 0x03, 0xFF, 0x04, 0x03, 0x04, 0xFF,
  0x04, 0x05, 0x06, 0xFF, 0x04, 0x0C, 0x14, 0xFF, 0x03, 0x28, 0x57, 0xFF, 0x00, 0x50, 0xC4, 0xFF, 0x17, 0xE8, 0xF9, 0xFF, 0x1A, 0xEC, 0xF9, 0xFF,
  0x01, 0x4B, 0x9B, 0xFF, 0x01, 0x24, 0x74, 0xFF, 0x01, 0x29, 0x80, 0xFF, 0x02, 0x20, 0x5A, 0xFF, 0x04, 0x0B, 0x18, 0xFF, 0x04, 0x04, 0x05, 0xFF,
  0x04, 0x03, 0x03, 0xFF, 0x04, 0x03, 0x03, 0xFF, 0x04, 0x03, 0x03, 0xFF, 0x04, 0x03, 0x03, 0xFF, 0x04, 0x03, 0x03, 0xFF, 0x04, 0x03, 0x04, 0xFF,
  0x04, 0x03, 0x04, 0xFF, 0x04, 0x04, 0x05, 0xFF, 0x04, 0x04, 0x05, 0xFF, 0x04, 0x05, 0x07, 0xFF, 0x04, 0x06, 0x08, 0xFF, 0x05, 0x08, 0x0B, 0xFF,
  0x05, 0x0A, 0x10, 0xFF, 0x06, 0x0F, 0x17, 0xFF, 0x07, 0x16, 0x24, 0xFF, 0x0A, 0x25, 0x3D, 0xFF, 0x0B, 0x50, 0x89, 0xFF, 0x8D, 0xE4, 0xF0, 0xFF,
  0x61, 0xF9, 0xF9, 0xFF, 0x39, 0xF9, 0xFA, 0xFF, 0x36, 0xF8, 0xFB, 0xFF, 0x32, 0xF9, 0xFB, 0xFF, 0x2C, 0xF9, 0xFB, 0xFF, 0x27, 0xF9, 0xFB, 0xFF,
  0x22, 0xF9, 0xFB, 0xFF, 0x1E, 0xF9, 0xFA, 0xFF, 0x1E, 0xEE, 0xF8, 0xFF, 0x0C, 0x45, 0xB0, 0xFF, 0x07, 0x24, 0x38, 0xFF, 0x05, 0x15, 0x20, 0xFF,
  0x05, 0x0A, 0x10, 0xFF, 0x04, 0x07, 0x0A, 0xFF, 0x04, 0x06, 0x08, 0xFF, 0x04, 0x05, 0x06, 0xFF, 0x04, 0x04, 0x06, 0xFF, 0x04, 0x04, 0x05, 0xFF,
  0x04, 0x03, 0x04, 0xFF, 0x04, 0x03, 0x04, 0xFF, 0x04, 0x03, 0x04, 0xFF, 0x04, 0x03, 0x04, 0xFF, 0x04, 0x03, 0x03, 0xFF, 0x04, 0x03, 0x03, 0xFF,
  0x04, 0x03, 0x04, 0xFF, 0x04, 0x03, 0x04, 0xFF, 0x04, 0x03, 0x04, 0xFF, 0x04, 0x03, 0x03, 0xFF, 0x04, 0x03, 0x03, 0xFF, 0x04, 0x03, 0x03, 0xFF,
  0x04, 0x03, 0x04, 0xFF, 0x04, 0x03, 0x04, 0xFF, 0x04, 0x04, 0x05, 0xFF, 0x04, 0x04, 0x06, 0xFF, 0x04, 0x04, 0x06, 0xFF, 0x04, 0x04, 0x06, 0xFF,
  0x04, 0x05, 0x07, 0xFF, 0x04, 0x05, 0x07, 0xFF, 0x04, 0x07, 0x09, 0xFF, 0x05, 0x07, 0x0A, 0xFF, 0x05, 0x08, 0x0C, 0xFF, 0x05, 0x0C, 0x11, 0xFF,
  0x06, 0x19, 0x26, 0xFF, 0x12, 0x56, 0x7B, 0xFF, 0x21, 0xCE, 0xEE, 0xFF, 0x0F, 0xCC, 0xFA, 0xFF, 0x15, 0xD0, 0xFA, 0xFF, 0x18, 0xD6, 0xFA, 0xFF,
  0x23, 0xE6, 0xFB, 0xFF, 0x49, 0xDA, 0xFA, 0xFF, 0x1C, 0xB0, 0xF9, 0xFF, 0x02, 0xAC, 0xF9, 0xFF, 0x01, 0xAE, 0xFA, 0xFF, 0x03, 0xAF, 0xFA, 0xFF,
  0x02, 0xAE, 0xFA, 0xFF, 0x02, 0xAB, 0xFA, 0xFF, 0x02, 0xA7, 0xFA, 0xFF, 0x03, 0xA3, 0xFB, 0xFF, 0x03, 0x9F, 0xFA, 0xFF, 0x03, 0x9B, 0xFB, 0xFF,
  0x03, 0x97, 0xFB, 0xFF, 0x02, 0x94, 0xFA, 0xFF, 0x02, 0x90, 0xFA, 0xFF, 0x02, 0x8C, 0xF9, 0xFF, 0x02, 0x8A, 0xFA, 0xFF, 0x03, 0x88, 0xFA, 0xFF,
  0x02, 0x85, 0xFA, 0xFF, 0x03, 0x82, 0xF9, 0xFF, 0x03, 0x7F, 0xFA, 0xFF, 0x01, 0x7F, 0xF9, 0xFF, 0x02, 0x8B, 0xF9, 0xFF, 0x01, 0x7B, 0xFA, 0xFF,
  0x01, 0x78, 0xFA, 0xFF, 0x01, 0x75, 0xFA, 0xFF, 0x03, 0x73, 0xFB, 0xFF, 0x04, 0x71, 0xFA, 0xFF, 0x05, 0x70, 0xFA, 0xFF, 0x06, 0x70, 0xFA, 0xFF,
  0x08, 0x70, 0xFA, 0xFF, 0x0A, 0x73, 0xFB, 0xFF, 0x0F, 0x79, 0xFA, 0xFF, 0x12, 0x80, 0xFB, 0xFF, 0x1C, 0x95, 0xFA, 0xFF, 0x34, 0xBC, 0xFB, 0xFF,
  0x75, 0xD4, 0xF5, 0xFF, 0x73, 0x9C, 0xD3, 0xFF, 0x4E, 0x5B, 0xC1, 0xFF, 0x10, 0x1E, 0x99, 0xFF, 0x08, 0x18, 0x69, 0xFF, 0x08, 0x0E, 0x27, 0xFF,
  0x06, 0x07, 0x0A, 0xFF, 0x05, 0x05, 0x07, 0xFF, 0x04, 0x04, 0x05, 0xFF, 0x04, 0x03, 0x04, 0xFF, 0x04, 0x03, 0x04, 0xFF, 0x04, 0x03, 0x03, 0xFF,
  0x04, 0x03, 0x04, 0xFF, 0x04, 0x03, 0x04, 0xFF, 0x04, 0x03, 0x04, 0xFF, 0x04, 0x03, 0x04, 0xFF, 0x04, 0x03, 0x04, 0xFF, 0x04, 0x04, 0x05, 0xFF,
  0x04, 0x04, 0x05, 0xFF, 0x04, 0x04, 0x06, 0xFF, 0x04, 0x04, 0x06, 0xFF, 0x04, 0x04, 0x06, 0xFF, 0x04, 0x04, 0x06, 0xFF, 0x05, 0x05, 0x07, 0xFF,
  0x04, 0x04, 0x06, 0xFF, 0x04, 0x05, 0x07, 0xFF, 0x05, 0x05, 0x08, 0xFF, 0x05, 0x05, 0x09, 0xFF, 0x05, 0x05, 0x09, 0xFF, 0x04, 0x05, 0x08, 0xFF,
  0x04, 0x04, 0x06, 0xFF, 0x04, 0x04, 0x05, 0xFF, 0x04, 0x04, 0x05, 0xFF, 0x04, 0x04, 0x05, 0xFF, 0x04, 0x03, 0x04, 0xFF, 0x04, 0x03, 0x04, 0xFF,
  0x04, 0x03, 0x04, 0xFF, 0x04, 0x03, 0x04, 0xFF, 0x04, 0x03, 0x04, 0xFF, 0x04, 0x03, 0x04, 0xFF, 0x04, 0x03, 0x04, 0xFF, 0x04, 0x03, 0x04, 0xFF,
  0x04, 0x03, 0x04, 0xFF, 0x04, 0x03, 0x04, 0xFF, 0x04, 0x03, 0x04, 0xFF, 0x04, 0x03, 0x04, 0xFF, 0x04, 0x03, 0x04, 0xFF, 0x04, 0x03, 0x03, 0xFF,
  0x04, 0x03, 0x03, 0xFF, 0x04, 0x03, 0x03, 0xFF, 0x04, 0x03, 0x03, 0xFF, 0x04, 0x03, 0x03, 0xFF, 0x04, 0x03, 0x03, 0xFF, 0x04, 0x03, 0x03, 0xFF,
  0x04, 0x03, 0x07, 0xFF, 0x06, 0x08, 0x32, 0xFF, 0x0E, 0x13, 0xA3, 0xFF, 0x0B, 0x16, 0xC4, 0xFF, 0x04, 0x10, 0xC2, 0xFF, 0x07, 0x19, 0xBF, 0xFF,
  0x58, 0xAE, 0xF9, 0xFF, 0x54, 0xA6, 0xF9, 0xFF, 0x09, 0x0F, 0xE0, 0xFF, 0x0B, 0x15, 0xA5, 0xFF, 0x08, 0x0D, 0x38, 0xFF, 0x05, 0x04, 0x0A, 0xFF,
  0x04, 0x03, 0x04, 0xFF, 0x04, 0x03, 0x03, 0xFF, 0x04, 0x03, 0x03, 0xFF, 0x04, 0x03, 0x03, 0xFF, 0x04, 0x03, 0x03, 0xFF, 0x04, 0x03, 0x03, 0xFF,
  0x04, 0x03, 0x03, 0xFF, 0x04, 0x03, 0x03, 0xFF, 0x04, 0x03, 0x03, 0xFF, 0x04, 0x03, 0x03, 0xFF, 0x04, 0x03, 0x03, 0xFF, 0x04, 0x03, 0x04, 0xFF,
  0x04, 0x05, 0x07, 0xFF, 0x04, 0x0C, 0x14, 0xFF, 0x03, 0x27, 0x56, 0xFF, 0x00, 0x50, 0xC2, 0xFF, 0x1C, 0xE8, 0xF9, 0xFF, 0x1E, 0xEC, 0xF9, 0xFF,
  0x01, 0x48, 0x9A, 0xFF, 0x00, 0x23, 0x74, 0xFF, 0x01, 0x29, 0x80, 0xFF, 0x02, 0x20, 0x59, 0xFF, 0x04, 0x0B, 0x18, 0xFF, 0x04, 0x04, 0x05, 0xFF,
  0x04, 0x03, 0x03, 0xFF, 0x04, 0x03, 0x03, 0xFF, 0x04, 0x03, 0x03, 0xFF, 0x04, 0x03, 0x03, 0xFF, 0x04, 0x03, 0x03, 0xFF, 0x04, 0x03, 0x04, 0xFF,
  0x04, 0x03, 0x04, 0xFF, 0x04, 0x04, 0x05, 0xFF, 0x04, 0x04, 0x05, 0xFF, 0x04, 0x05, 0x06, 0xFF, 0x04, 0x05, 0x08, 0xFF, 0x05, 0x07, 0x0A, 0xFF,
  0x05, 0x09, 0x0E, 0xFF, 0x05, 0x0D, 0x15, 0xFF, 0x07, 0x14, 0x20, 0xFF, 0x09, 0x20, 0x35, 0xFF, 0x0D, 0x3C, 0x68, 0xFF, 0x23, 0x9D, 0xD6, 0xFF,
  0xA6, 0xF9, 0xF9, 0xFF, 0x41, 0xF8, 0xFA, 0xFF, 0x32, 0xF9, 0xFB, 0xFF, 0x2B, 0xF9, 0xFB, 0xFF, 0x24, 0xF9, 0xFB, 0xFF, 0x1D, 0xF9, 0xFB, 0xFF,
  0x14, 0xF8, 0xFB, 0xFF, 0x14, 0xF7, 0xFA, 0xFF, 0x14, 0xF5, 0xFA, 0xFF, 0x22, 0xA1, 0xE5, 0xFF, 0x06, 0x2E, 0x5E, 0xFF, 0x06, 0x1B, 0x2B, 0xFF,
  0x05, 0x0C, 0x12, 0xFF, 0x05, 0x08, 0x0C, 0xFF, 0x04, 0x07, 0x09, 0xFF, 0x04, 0x05, 0x08, 0xFF, 0x04, 0x05, 0x07, 0xFF, 0x04, 0x04, 0x06, 0xFF,
  0x04, 0x04, 0x05, 0xFF, 0x04, 0x03, 0x04, 0xFF, 0x04, 0x03, 0x03, 0xFF, 0x04, 0x03, 0x03, 0xFF, 0x04, 0x03, 0x03, 0xFF, 0x04, 0x03, 0x03, 0xFF,
  0x04, 0x03, 0x03, 0xFF, 0x04, 0x03, 0x03, 0xFF, 0x04, 0x03, 0x04, 0xFF, 0x04, 0x03, 0x03, 0xFF, 0x04, 0x03, 0x03, 0xFF, 0x04, 0x03, 0x03, 0xFF,
  0x04, 0x03, 0x03, 0xFF, 0x04, 0x03, 0x04, 0xFF, 0x04, 0x04, 0x05, 0xFF, 0x04, 0x04, 0x05, 0xFF, 0x04, 0x04, 0x06, 0xFF, 0x04, 0x05, 0x07, 0xFF,
  0x04, 0x06, 0x08, 0xFF, 0x04, 0x06, 0x09, 0xFF, 0x04, 0x07, 0x0B, 0xFF, 0x05, 0x09, 0x0D, 0xFF, 0x05, 0x0B, 0x10, 0xFF, 0x05, 0x10, 0x18, 0xFF,
  0x07, 0x30, 0x4E, 0xFF, 0x23, 0xCA, 0xE9, 0xFF, 0x09, 0xCF, 0xF9, 0xFF, 0x0F, 0xCF, 0xFB, 0xFF, 0x15, 0xD5, 0xFA, 0xFF, 0x2F, 0xE7, 0xFA, 0xFF,
  0x3E, 0xBE, 0xF9, 0xFF, 0x02, 0xA0, 0xF9, 0xFF, 0x01, 0xA5, 0xFA, 0xFF, 0x01, 0xA7, 0xFA, 0xFF, 0x01, 0xA8, 0xFA, 0xFF, 0x01, 0xA7, 0xFA, 0xFF,
  0x01, 0xA7, 0xF9, 0xFF, 0x00, 0xA5, 0xF9, 0xFF, 0x01, 0xA2, 0xF9, 0xFF, 0x01, 0x9E, 0xFA, 0xFF, 0x01, 0x9B, 0xFA, 0xFF, 0x01, 0x96, 0xFA, 0xFF,
  0x02, 0x94, 0xFA, 0xFF, 0x01, 0x92, 0xFA, 0xFF, 0x01, 0x8F, 0xFA, 0xFF, 0x02, 0x8C, 0xF9, 0xFF, 0x02, 0x8A, 0xF9, 0xFF, 0x03, 0x89, 0xFA, 0xFF,
  0x03, 0x88, 0xFA, 0xFF, 0x02, 0x85, 0xF9, 0xFF, 0x02, 0x81, 0xFA, 0xFF, 0x01, 0x7F, 0xFA, 0xFF, 0x01, 0x7E, 0xF9, 0xFF, 0x02, 0x7C, 0xFA, 0xFF,
  0x01, 0x79, 0xFA, 0xFF, 0x03, 0x78, 0xFB, 0xFF, 0x04, 0x77, 0xFB, 0xFF, 0x04, 0x76, 0xF9, 0xFF, 0x05, 0x76, 0xFA, 0xFF, 0x09, 0x78, 0xFA, 0xFF,
  0x0C, 0x7A, 0xFA, 0xFF, 0x10, 0x84, 0xFB, 0xFF, 0x27, 0xAD, 0xFB, 0xFF, 0x48, 0xCF, 0xFA, 0xFF, 0x75, 0xBC, 0xE5, 0xFF, 0x5A, 0x64, 0xC6, 0xFF,
  0x11, 0x1F, 0xAF, 0xFF, 0x08, 0x18, 0x81, 0xFF, 0x08, 0x10, 0x38, 0xFF, 0x07, 0x09, 0x0F, 0xFF, 0x05, 0x06, 0x08, 0xFF, 0x05, 0x05, 0x07, 0xFF,
  0x04, 0x04, 0x05, 0xFF, 0x04, 0x03, 0x04, 0xFF, 0x04, 0x03, 0x04, 0xFF, 0x04, 0x03, 0x04, 0xFF, 0x04, 0x03, 0x04, 0xFF, 0x04, 0x03, 0x04, 0xFF,
  0x04, 0x03, 0x04, 0xFF, 0x04, 0x03, 0x04, 0xFF, 0x04, 0x04, 0x05, 0xFF, 0x04, 0x04, 0x05, 0xFF, 0x04, 0x04, 0x05, 0xFF, 0x04, 0x04, 0x06, 0xFF,
  0x04, 0x04, 0x06, 0xFF, 0x05, 0x04, 0x07, 0xFF, 0x05, 0x04, 0x07, 0xFF, 0x05, 0x05, 0x07, 0xFF, 0x05, 0x05, 0x08, 0xFF, 0x05, 0x06, 0x0A, 0xFF,
  0x05, 0x05, 0x09, 0xFF, 0x05, 0x06, 0x0A, 0xFF, 0x05, 0x06, 0x0B, 0xFF, 0x05, 0x06, 0x0B, 0xFF, 0x05, 0x06, 0x0C, 0xFF, 0x04, 0x05, 0x09, 0xFF,
  0x04, 0x04, 0x06, 0xFF, 0x04, 0x04, 0x05, 0xFF, 0x04, 0x04, 0x05, 0xFF, 0x04, 0x04, 0x05, 0xFF, 0x04, 0x03, 0x04, 0xFF, 0x04, 0x03, 0x04, 0xFF,
  0x04, 0x03, 0x04, 0xFF, 0x04, 0x03, 0x04, 0xFF, 0x04, 0x03, 0x04, 0xFF, 0x04, 0x03, 0x04, 0xFF, 0x04, 0x03, 0x04, 0xFF, 0x04, 0x03, 0x04, 0xFF,
  0x04, 0x03, 0x04, 0xFF, 0x04, 0x03, 0x04, 0xFF, 0x04, 0x03, 0x04, 0xFF, 0x04, 0x03, 0x04, 0xFF, 0x04, 0x03, 0x04, 0xFF, 0x04, 0x03, 0x04, 0xFF,
  0x04, 0x03, 0x03, 0xFF, 0x04, 0x03, 0x03, 0xFF, 0x04, 0x03, 0x03, 0xFF, 0x04, 0x03, 0x03, 0xFF, 0x04, 0x03, 0x03, 0xFF, 0x04, 0x03, 0x03, 0xFF,
  0x04, 0x04, 0x09, 0xFF, 0x06, 0x08, 0x37, 0xFF, 0x0F, 0x12, 0xA2, 0xFF, 0x0F, 0x15, 0xC2, 0xFF, 0x07, 0x0E, 0xC0, 0xFF, 0x06, 0x17, 0xBE, 0xFF,
  0x5A, 0xAB, 0xF8, 0xFF, 0x56, 0xA4, 0xF9, 0xFF, 0x0C, 0x10, 0xE1, 0xFF, 0x0C, 0x14, 0xA5, 0xFF, 0x08, 0x0C, 0x39, 0xFF, 0x05, 0x04, 0x0A, 0xFF,
  0x04, 0x03, 0x04, 0xFF, 0x04, 0x03, 0x03, 0xFF, 0x04, 0x03, 0x03, 0xFF, 0x04, 0x03, 0x03, 0xFF, 0x04, 0x03, 0x03, 0xFF, 0x04, 0x03, 0x03, 0xFF,
  0x04, 0x03, 0x03, 0xFF, 0x04, 0x03, 0x03, 0xFF, 0x04, 0x03, 0x03, 0xFF, 0x04, 0x03, 0x03, 0xFF, 0x04, 0x03, 0x03, 0xFF, 0x04, 0x03, 0x04, 0xFF,
  0x04, 0x05, 0x06, 0xFF, 0x04, 0x0C, 0x14, 0xFF, 0x03, 0x2C, 0x60, 0xFF, 0x01, 0x50, 0xC4, 0xFF, 0x1B, 0xE5, 0xF9, 0xFF, 0x1F, 0xEA, 0xF9, 0xFF,
  0x01, 0x47, 0x97, 0xFF, 0x01, 0x23, 0x74, 0xFF, 0x01, 0x2A, 0x80, 0xFF, 0x02, 0x20, 0x57, 0xFF, 0x03, 0x0A, 0x17, 0xFF, 0x04, 0x04, 0x05, 0xFF,
  0x04, 0x03, 0x03, 0xFF, 0x04, 0x03, 0x03, 0xFF, 0x04, 0x03, 0x03, 0xFF, 0x04, 0x03, 0x03, 0xFF, 0x04, 0x03, 0x03, 0xFF, 0x04, 0x03, 0x03, 0xFF,
  0x04, 0x03, 0x04, 0xFF, 0x04, 0x03, 0x04, 0xFF, 0x04, 0x04, 0x05, 0xFF, 0x04, 0x04, 0x06, 0xFF, 0x04, 0x05, 0x07, 0xFF, 0x04, 0x06, 0x09, 0xFF,
  0x05, 0x08, 0x0D, 0xFF, 0x05, 0x0C, 0x13, 0xFF, 0x06, 0x11, 0x1C, 0xFF, 0x08, 0x1B, 0x2E, 0xFF, 0x0B, 0x2D, 0x4C, 0xFF, 0x0D, 0x60, 0xA9, 0xFF,
  0x89, 0xE2, 0xF3, 0xFF, 0x5A, 0xF9, 0xFA, 0xFF, 0x2F, 0xF9, 0xFA, 0xFF, 0x27, 0xF9, 0xFB, 0xFF, 0x1C, 0xF9, 0xFB, 0xFF, 0x15, 0xF8, 0xFB, 0xFF,
  0x12, 0xF7, 0xFB, 0xFF, 0x12, 0xF3, 0xFB, 0xFF, 0x19, 0xF6, 0xFA, 0xFF, 0x22, 0xEE, 0xF8, 0xFF, 0x0D, 0x4D, 0xA6, 0xFF, 0x07, 0x25, 0x3A, 0xFF,
  0x05, 0x0F, 0x17, 0xFF, 0x05, 0x0A, 0x0F, 0xFF, 0x05, 0x08, 0x0C, 0xFF, 0x04, 0x07, 0x0B, 0xFF, 0x04, 0x06, 0x09, 0xFF, 0x04, 0x05, 0x07, 0xFF,
  0x04, 0x04, 0x05, 0xFF, 0x04, 0x03, 0x04, 0xFF, 0x04, 0x03, 0x04, 0xFF, 0x04, 0x03, 0x04, 0xFF, 0x04, 0x03, 0x04, 0xFF, 0x04, 0x03, 0x04, 0xFF,
  0x04, 0x03, 0x03, 0xFF, 0x04, 0x03, 0x03, 0xFF, 0x04, 0x03, 0x04, 0xFF, 0x04, 0x03, 0x03, 0xFF, 0x04, 0x03, 0x03, 0xFF, 0x04, 0x03, 0x03, 0xFF,
  0x04, 0x03, 0x04, 0xFF, 0x04, 0x03, 0x04, 0xFF, 0x04, 0x03, 0x04, 0xFF, 0x04, 0x04, 0x05, 0xFF, 0x04, 0x04, 0x06, 0xFF, 0x04, 0x05, 0x07, 0xFF,
  0x04, 0x05, 0x08, 0xFF, 0x04, 0x07, 0x0A, 0xFF, 0x05, 0x09, 0x0E, 0xFF, 0x05, 0x0C, 0x12, 0xFF, 0x05, 0x11, 0x1B, 0xFF, 0x06, 0x1B, 0x2B, 0xFF,
  0x11, 0x91, 0xB1, 0xFF, 0x07, 0xCC, 0xF9, 0xFF, 0x09, 0xCE, 0xF9, 0xFF, 0x0D, 0xD8, 0xFA, 0xFF, 0x31, 0xE7, 0xFB, 0xFF, 0x2E, 0xB4, 0xF9, 0xFF,
  0x01, 0x9F, 0xFA, 0xFF, 0x00, 0xA1, 0xFA, 0xFF, 0x00, 0xA2, 0xFA, 0xFF, 0x00, 0xA1, 0xFA, 0xFF, 0x00, 0x9F, 0xFA, 0xFF, 0x01, 0x9E, 0xFA, 0xFF,
  0x01, 0xA0, 0xF9, 0xFF, 0x01, 0xA7, 0xF8, 0xFF, 0x01, 0x9C, 0xF9, 0xFF, 0x01, 0x9A, 0xFA, 0xFF, 0x01, 0x98, 0xFA, 0xFF, 0x01, 0x95, 0xFA, 0xFF,
  0x01, 0x93, 0xFA, 0xFF, 0x01, 0x91, 0xFA, 0xFF, 0x01, 0x8F, 0xF9, 0xFF, 0x01, 0x8D, 0xF9, 0xFF, 0x01, 0x8B, 0xF9, 0xFF, 0x02, 0x8A, 0xF9, 0xFF,
  0x02, 0x89, 0xFA, 0xFF, 0x02, 0x87, 0xFA, 0xFF, 0x02, 0x83, 0xFA, 0xFF, 0x02, 0x80, 0xFA, 0xFF, 0x02, 0x7E, 0xFA, 0xFF, 0x02, 0x7B, 0xFA, 0xFF,
  0x02, 0x7B, 0xFA, 0xFF, 0x03, 0x7D, 0xFA, 0xFF, 0x04, 0x7E, 0xFA, 0xFF, 0x05, 0x7E, 0xF9, 0xFF, 0x08, 0x83, 0xFA, 0xFF, 0x13, 0x99, 0xFA, 0xFF,
  0x33, 0xC4, 0xF9, 0xFF, 0x6D, 0xCB, 0xEB, 0xFF, 0x5D, 0x80, 0xC6, 0xFF, 0x33, 0x3A, 0xAC, 0xFF, 0x07, 0x12, 0x7F, 0xFF, 0x06, 0x10, 0x45, 0xFF,
  0x06, 0x08, 0x13, 0xFF, 0x05, 0x05, 0x07, 0xFF, 0x04, 0x04, 0x06, 0xFF, 0x04, 0x04, 0x05, 0xFF, 0x04, 0x04, 0x05, 0xFF, 0x04, 0x03, 0x04, 0xFF,
  0x04, 0x03, 0x04, 0xFF, 0x04, 0x03, 0x04, 0xFF, 0x04, 0x04, 0x05, 0xFF, 0x05, 0x05, 0x07, 0xFF, 0x06, 0x07, 0x0C, 0xFF, 0x05, 0x06, 0x09, 0xFF,
  0x05, 0x05, 0x07, 0xFF, 0x05, 0x05, 0x07, 0xFF, 0x05, 0x04, 0x06, 0xFF, 0x04, 0x04, 0x06, 0xFF, 0x05, 0x05, 0x07, 0xFF, 0x05, 0x04, 0x07, 0xFF,
  0x05, 0x05, 0x08, 0xFF, 0x05, 0x06, 0x09, 0xFF, 0x05, 0x06, 0x0A, 0xFF, 0x05, 0x06, 0x0B, 0xFF, 0x05, 0x06, 0x0C, 0xFF, 0x05, 0x07, 0x0E, 0xFF,
  0x05, 0x07, 0x0F, 0xFF, 0x05, 0x08, 0x11, 0xFF, 0x05, 0x08, 0x10, 0xFF, 0x05, 0x07, 0x0D, 0xFF, 0x05, 0x05, 0x0A, 0xFF, 0x04, 0x05, 0x08, 0xFF,
  0x04, 0x04, 0x07, 0xFF, 0x04, 0x04, 0x06, 0xFF, 0x04, 0x04, 0x05, 0xFF, 0x04, 0x04, 0x05, 0xFF, 0x04, 0x03, 0x05, 0xFF, 0x04, 0x03, 0x04, 0xFF,
  0x04, 0x03, 0x04, 0xFF, 0x04, 0x03, 0x04, 0xFF, 0x04, 0x03, 0x04, 0xFF, 0x04, 0x03, 0x04, 0xFF, 0x04, 0x03, 0x04, 0xFF, 0x04, 0x03, 0x04, 0xFF,
  0x04, 0x03, 0x04, 0xFF, 0x04, 0x03, 0x04, 0xFF, 0x04, 0x03, 0x04, 0xFF, 0x04, 0x03, 0x04, 0xFF, 0x04, 0x03, 0x04, 0xFF, 0x04, 0x03, 0x03, 0xFF,
  0x04, 0x03, 0x03, 0xFF, 0x04, 0x03, 0x03, 0xFF, 0x04, 0x03, 0x03, 0xFF, 0x04, 0x03, 0x03, 0xFF, 0x04, 0x03, 0x03, 0xFF, 0x04, 0x03, 0x03, 0xFF,
  0x04, 0x04, 0x0A, 0xFF, 0x07, 0x08, 0x3C, 0xFF, 0x10, 0x11, 0xA4, 0xFF, 0x12, 0x14, 0xC2, 0xFF, 0x0B, 0x0E, 0xBF, 0xFF, 0x07, 0x15, 0xBD, 0xFF,
  0x5A, 0xA9, 0xF8, 0xFF, 0x59, 0xA5, 0xF8, 0xFF, 0x0C, 0x10, 0xE4, 0xFF, 0x0C, 0x15, 0xA7, 0xFF, 0x08, 0x0D, 0x3B, 0xFF, 0x05, 0x04, 0x0B, 0xFF,
  0x04, 0x03, 0x04, 0xFF, 0x04, 0x03, 0x03, 0xFF, 0x04, 0x03, 0x03, 0xFF, 0x04, 0x03, 0x03, 0xFF, 0x04, 0x03, 0x03, 0xFF, 0x04, 0x03, 0x03, 0xFF,
  0x04, 0x03, 0x03, 0xFF, 0x04, 0x03, 0x03, 0xFF, 0x04, 0x03, 0x03, 0xFF, 0x04, 0x03, 0x03, 0xFF, 0x04, 0x03, 0x03, 0xFF, 0x04, 0x03, 0x03, 0xFF,
  0x04, 0x04, 0x06, 0xFF, 0x04, 0x0B, 0x12, 0xFF, 0x03, 0x28, 0x59, 0xFF, 0x01, 0x51, 0xC4, 0xFF, 0x19, 0xE2, 0xF9, 0xFF, 0x1D, 0xE8, 0xF9, 0xFF,
  0x01, 0x45, 0x95, 0xFF, 0x01, 0x24, 0x74, 0xFF, 0x01, 0x29, 0x80, 0xFF, 0x02, 0x1E, 0x54, 0xFF, 0x03, 0x0A, 0x16, 0xFF, 0x04, 0x04, 0x05, 0xFF,
  0x04, 0x03, 0x03, 0xFF, 0x04, 0x03, 0x03, 0xFF, 0x04, 0x03, 0x03, 0xFF, 0x04, 0x03, 0x03, 0xFF, 0x04, 0x03, 0x03, 0xFF, 0x04, 0x03, 0x03, 0xFF,
  0x04, 0x03, 0x04, 0xFF, 0x04, 0x03, 0x04, 0xFF, 0x04, 0x03, 0x04, 0xFF, 0x04, 0x04, 0x05, 0xFF, 0x04, 0x05, 0x07, 0xFF, 0x04, 0x06, 0x09, 0xFF,
  0x05, 0x08, 0x0D, 0xFF, 0x05, 0x0C, 0x13, 0xFF, 0x06, 0x10, 0x1B, 0xFF, 0x07, 0x18, 0x29, 0xFF, 0x09, 0x27, 0x43, 0xFF, 0x0E, 0x4A, 0x81, 0xFF,
  0x26, 0xA0, 0xD8, 0xFF, 0x9C, 0xF8, 0xF8, 0xFF, 0x33, 0xF9, 0xFA, 0xFF, 0x1E, 0xF9, 0xFB, 0xFF, 0x16, 0xF9, 0xFB, 0xFF, 0x13, 0xF7, 0xFB, 0xFF,
  0x12, 0xF4, 0xFB, 0xFF, 0x10, 0xF1, 0xFB, 0xFF, 0x1A, 0xF2, 0xFA, 0xFF, 0x1C, 0xF2, 0xFA, 0xFF, 0x19, 0x9E, 0xE2, 0xFF, 0x06, 0x2C, 0x57, 0xFF,
  0x05, 0x13, 0x1D, 0xFF, 0x05, 0x0C, 0x13, 0xFF, 0x05, 0x0A, 0x0F, 0xFF, 0x05, 0x0A, 0x0F, 0xFF, 0x05, 0x08, 0x0D, 0xFF, 0x04, 0x05, 0x07, 0xFF,
  0x04, 0x04, 0x06, 0xFF, 0x04, 0x04, 0x05, 0xFF, 0x04, 0x03, 0x04, 0xFF, 0x04, 0x03, 0x04, 0xFF, 0x04, 0x03, 0x04, 0xFF, 0x04, 0x03, 0x04, 0xFF,
  0x04, 0x03, 0x04, 0xFF, 0x04, 0x03, 0x04, 0xFF, 0x04, 0x03, 0x03, 0xFF, 0x04, 0x03, 0x03, 0xFF, 0x04, 0x03, 0x03, 0xFF, 0x04, 0x03, 0x04, 0xFF,
  0x04, 0x03, 0x04, 0xFF, 0x04, 0x03, 0x04, 0xFF, 0x04, 0x04, 0x05, 0xFF, 0x04, 0x04, 0x05, 0xFF, 0x04, 0x04, 0x06, 0xFF, 0x04, 0x05, 0x07, 0xFF,
  0x04, 0x06, 0x08, 0xFF, 0x04, 0x08, 0x0D, 0xFF, 0x05, 0x0B, 0x12, 0xFF, 0x05, 0x10, 0x19, 0xFF, 0x05, 0x1B, 0x2C, 0xFF, 0x09, 0x45, 0x68, 0xFF,
  0x0A, 0xCC, 0xF1, 0xFF, 0x06, 0xCE, 0xFA, 0xFF, 0x09, 0xD4, 0xF9, 0xFF, 0x2D, 0xE7, 0xFA, 0xFF, 0x29, 0xAE, 0xF8, 0xFF, 0x01, 0x9F, 0xF9, 0xFF,
  0x00, 0x9E, 0xF9, 0xFF, 0x00, 0x9E, 0xFA, 0xFF, 0x00, 0x9D, 0xFA, 0xFF, 0x01, 0x9B, 0xF9, 0xFF, 0x01, 0x98, 0xF9, 0xFF, 0x01, 0x97, 0xF9, 0xFF,
  0x00, 0x98, 0xF9, 0xFF, 0x01, 0x99, 0xF9, 0xFF, 0x00, 0x96, 0xF9, 0xFF, 0x01, 0x95, 0xF9, 0xFF, 0x01, 0x94, 0xFA, 0xFF, 0x00, 0x93, 0xFA, 0xFF,
  0x01, 0x92, 0xFA, 0xFF, 0x00, 0x90, 0xF9, 0xFF, 0x01, 0x8F, 0xF9, 0xFF, 0x01, 0x8E, 0xF9, 0xFF, 0x01, 0x8D, 0xFA, 0xFF, 0x01, 0x8B, 0xFA, 0xFF,
  0x02, 0x8A, 0xF9, 0xFF, 0x02, 0x87, 0xFA, 0xFF, 0x03, 0x84, 0xFA, 0xFF, 0x03, 0x83, 0xFA, 0xFF, 0x03, 0x80, 0xFA, 0xFF, 0x04, 0x7F, 0xFA, 0xFF,
  0x05, 0x80, 0xFA, 0xFF, 0x08, 0x84, 0xFA, 0xFF, 0x09, 0x94, 0xFA, 0xFF, 0x19, 0xB2, 0xF9, 0xFF, 0x50, 0xC3, 0xF1, 0xFF, 0x56, 0x8E, 0xD2, 0xFF,
  0x3B, 0x43, 0xB2, 0xFF, 0x0A, 0x13, 0x91, 0xFF, 0x07, 0x10, 0x54, 0xFF, 0x07, 0x0B, 0x1D, 0xFF, 0x06, 0x07, 0x0A, 0xFF, 0x05, 0x04, 0x06, 0xFF,
  0x04, 0x04, 0x05, 0xFF, 0x04, 0x03, 0x04, 0xFF, 0x04, 0x03, 0x04, 0xFF, 0x04, 0x03, 0x04, 0xFF, 0x04, 0x03, 0x04, 0xFF, 0x04, 0x03, 0x03, 0xFF,
  0x04, 0x03, 0x04, 0xFF, 0x04, 0x03, 0x04, 0xFF, 0x04, 0x04, 0x05, 0xFF, 0x06, 0x08, 0x0E, 0xFF, 0x0B, 0x23, 0x42, 0xFF, 0x08, 0x0C, 0x1B, 0xFF,
  0x05, 0x06, 0x09, 0xFF, 0x05, 0x05, 0x08, 0xFF, 0x05, 0x05, 0x07, 0xFF, 0x05, 0x05, 0x07, 0xFF, 0x05, 0x05, 0x08, 0xFF, 0x05, 0x05, 0x09, 0xFF,
  0x05, 0x06, 0x0A, 0xFF, 0x05, 0x07, 0x0D, 0xFF, 0x05, 0x07, 0x0F, 0xFF, 0x05, 0x08, 0x10, 0xFF, 0x05, 0x08, 0x12, 0xFF, 0x06, 0x0A, 0x16, 0xFF,
  0x06, 0x0A, 0x16, 0xFF, 0x06, 0x09, 0x14, 0xFF, 0x05, 0x08, 0x11, 0xFF, 0x05, 0x07, 0x0E, 0xFF, 0x05, 0x06, 0x0B, 0xFF, 0x04, 0x05, 0x09, 0xFF,
  0x04, 0x04, 0x07, 0xFF, 0x04, 0x04, 0x07, 0xFF, 0x04, 0x04, 0x06, 0xFF, 0x04, 0x04, 0x05, 0xFF, 0x04, 0x03, 0x05, 0xFF, 0x04, 0x03, 0x04, 0xFF,
  0x04, 0x03, 0x04, 0xFF, 0x04, 0x03, 0x04, 0xFF, 0x04, 0x03, 0x04, 0xFF, 0x04, 0x03, 0x04, 0xFF, 0x04, 0x03, 0x04, 0xFF, 0x04, 0x03, 0x04, 0xFF,
  0x04, 0x03, 0x04, 0xFF, 0x04, 0x03, 0x04, 0xFF, 0x04, 0x03, 0x03, 0xFF, 0x04, 0x03, 0x03, 0xFF, 0x04, 0x03, 0x03, 0xFF, 0x04, 0x03, 0x03, 0xFF,
  0x04, 0x03, 0x03, 0xFF, 0x04, 0x03, 0x03, 0xFF, 0x04, 0x03, 0x03, 0xFF, 0x04, 0x03, 0x03, 0xFF, 0x04, 0x03, 0x03, 0xFF, 0x04, 0x03, 0x03, 0xFF,
  0x04, 0x04, 0x09, 0xFF, 0x07, 0x08, 0x39, 0xFF, 0x10, 0x10, 0xA6, 0xFF, 0x12, 0x14, 0xC2, 0xFF, 0x0D, 0x0E, 0xBF, 0xFF, 0x07, 0x14, 0xBE, 0xFF,
  0x5C, 0xA8, 0xF9, 0xFF, 0x58, 0xA4, 0xF9, 0xFF, 0x0C, 0x0E, 0xE3, 0xFF, 0x0D, 0x14, 0xAA, 0xFF, 0x09, 0x0C, 0x3B, 0xFF, 0x05, 0x04, 0x0B, 0xFF,
  0x04, 0x03, 0x04, 0xFF, 0x04, 0x03, 0x03, 0xFF, 0x04, 0x03, 0x03, 0xFF, 0x04, 0x03, 0x03, 0xFF, 0x04, 0x03, 0x03, 0xFF, 0x04, 0x03, 0x03, 0xFF,
  0x04, 0x03, 0x03, 0xFF, 0x04, 0x03, 0x03, 0xFF, 0x04, 0x03, 0x03, 0xFF, 0x04, 0x03, 0x03, 0xFF, 0x04, 0x03, 0x03, 0xFF, 0x04, 0x03, 0x03, 0xFF,
  0x04, 0x04, 0x06, 0xFF, 0x04, 0x0B, 0x12, 0xFF, 0x03, 0x26, 0x54, 0xFF, 0x00, 0x4F, 0xC3, 0xFF, 0x18, 0xE1, 0xF9, 0xFF, 0x1B, 0xE7, 0xF9, 0xFF,
  0x01, 0x44, 0x98, 0xFF, 0x01, 0x25, 0x76, 0xFF, 0x01, 0x29, 0x7F, 0xFF, 0x02, 0x1E, 0x52, 0xFF, 0x04, 0x0A, 0x15, 0xFF, 0x04, 0x04, 0x05, 0xFF,
  0x04, 0x03, 0x03, 0xFF, 0x04, 0x03, 0x03, 0xFF, 0x04, 0x03, 0x03, 0xFF, 0x04, 0x03, 0x03, 0xFF, 0x04, 0x03, 0x03, 0xFF, 0x04, 0x03, 0x03, 0xFF,
  0x04, 0x03, 0x04, 0xFF, 0x04, 0x03, 0x04, 0xFF, 0x04, 0x04, 0x05, 0xFF, 0x04, 0x04, 0x05, 0xFF, 0x04, 0x05, 0x07, 0xFF, 0x04, 0x06, 0x09, 0xFF,
  0x05, 0x09, 0x0E, 0xFF, 0x05, 0x0C, 0x14, 0xFF, 0x06, 0x11, 0x1C, 0xFF, 0x06, 0x18, 0x2A, 0xFF, 0x08, 0x33, 0x50, 0xFF, 0x0B, 0x43, 0x70, 0xFF,
  0x0D, 0x5E, 0xA6, 0xFF, 0x86, 0xE6, 0xF1, 0xFF, 0x55, 0xF9, 0xFA, 0xFF, 0x19, 0xF8, 0xFA, 0xFF, 0x14, 0xF7, 0xFB, 0xFF, 0x11, 0xF4, 0xFB, 0xFF,
  0x0F, 0xF0, 0xFB, 0xFF, 0x0C, 0xED, 0xFA, 0xFF, 0x12, 0xEB, 0xFA, 0xFF, 0x1B, 0xF1, 0xFA, 0xFF, 0x1E, 0xE8, 0xF7, 0xFF, 0x09, 0x43, 0xA0, 0xFF,
  0x06, 0x1D, 0x2C, 0xFF, 0x05, 0x11, 0x1A, 0xFF, 0x05, 0x0E, 0x16, 0xFF, 0x05, 0x0C, 0x13, 0xFF, 0x05, 0x0A, 0x0E, 0xFF, 0x04, 0x06, 0x08, 0xFF,
  0x04, 0x05, 0x06, 0xFF, 0x04, 0x04, 0x06, 0xFF, 0x04, 0x04, 0x05, 0xFF, 0x04, 0x04, 0x05, 0xFF, 0x04, 0x03, 0x04, 0xFF, 0x04, 0x03, 0x04, 0xFF,
  0x04, 0x03, 0x04, 0xFF, 0x04, 0x03, 0x04, 0xFF, 0x04, 0x03, 0x04, 0xFF, 0x04, 0x03, 0x04, 0xFF, 0x04, 0x03, 0x04, 0xFF, 0x04, 0x03, 0x04, 0xFF,
  0x04, 0x03, 0x04, 0xFF, 0x04, 0x03, 0x04, 0xFF, 0x04, 0x04, 0x05, 0xFF, 0x04, 0x04, 0x06, 0xFF, 0x04, 0x05, 0x07, 0xFF, 0x04, 0x06, 0x08, 0xFF,
  0x04, 0x07, 0x0B, 0xFF, 0x05, 0x0A, 0x10, 0xFF, 0x05, 0x0E, 0x16, 0xFF, 0x05, 0x15, 0x22, 0xFF, 0x06, 0x2D, 0x4E, 0xFF, 0x0C, 0x9D, 0xC5, 0xFF,
  0x02, 0xC8, 0xF8, 0xFF, 0x05, 0xD4, 0xF9, 0xFF, 0x10, 0xE8, 0xFA, 0xFF, 0x3D, 0xBE, 0xF9, 0xFF, 0x01, 0x9F, 0xF9, 0xFF, 0x00, 0x9D, 0xF9, 0xFF,
  0x00, 0x9C, 0xF9, 0xFF, 0x00, 0x9A, 0xF9, 0xFF, 0x00, 0x99, 0xF9, 0xFF, 0x01, 0x96, 0xF9, 0xFF, 0x00, 0x95, 0xF9, 0xFF, 0x00, 0x95, 0xF9, 0xFF,
  0x01, 0x94, 0xF9, 0xFF, 0x01, 0x94, 0xF9, 0xFF, 0x00, 0x93, 0xF9, 0xFF, 0x00, 0x93, 0xF9, 0xFF, 0x00, 0x92, 0xF9, 0xFF, 0x01, 0x91, 0xF9, 0xFF,
  0x00, 0x90, 0xF9, 0xFF, 0x00, 0x90, 0xF9, 0xFF, 0x00, 0x8F, 0xF9, 0xFF, 0x00, 0x8F, 0xF9, 0xFF, 0x01, 0x8F, 0xF9, 0xFF, 0x02, 0x8D, 0xF9, 0xFF,
  0x02, 0x8C, 0xF9, 0xFF, 0x03, 0x8B, 0xF9, 0xFF, 0x03, 0x8A, 0xFA, 0xFF, 0x05, 0x8A, 0xF9, 0xFF, 0x06, 0x8A, 0xFA, 0xFF, 0x06, 0x8E, 0xFA, 0xFF,
  0x0A, 0xA1, 0xFA, 0xFF, 0x3E, 0xC1, 0xF9, 0xFF, 0x5C, 0xA6, 0xD8, 0xFF, 0x48, 0x54, 0xB8, 0xFF, 0x0A, 0x15, 0xA3, 0xFF, 0x05, 0x0E, 0x69, 0xFF,
  0x06, 0x0C, 0x27, 0xFF, 0x06, 0x07, 0x0C, 0xFF, 0x05, 0x04, 0x06, 0xFF, 0x04, 0x04, 0x05, 0xFF, 0x04, 0x04, 0x05, 0xFF, 0x04, 0x03, 0x04, 0xFF,
  0x04, 0x03, 0x04, 0xFF, 0x04, 0x03, 0x04, 0xFF, 0x04, 0x03, 0x04, 0xFF, 0x04, 0x03, 0x04, 0xFF, 0x04, 0x03, 0x04, 0xFF, 0x04, 0x03, 0x04, 0xFF,
  0x04, 0x03, 0x04, 0xFF, 0x04, 0x04, 0x05, 0xFF, 0x05, 0x05, 0x07, 0xFF, 0x06, 0x07, 0x0D, 0xFF, 0x08, 0x0D, 0x1B, 0xFF, 0x07, 0x09, 0x11, 0xFF,
  0x06, 0x07, 0x0B, 0xFF, 0x05, 0x06, 0x0A, 0xFF, 0x05, 0x06, 0x0A, 0xFF, 0x05, 0x06, 0x0A, 0xFF, 0x05, 0x06, 0x0B, 0xFF, 0x06, 0x07, 0x0D, 0xFF,
  0x06, 0x07, 0x0F, 0xFF, 0x06, 0x08, 0x12, 0xFF, 0x06, 0x09, 0x13, 0xFF, 0x06, 0x09, 0x15, 0xFF, 0x06, 0x0A, 0x19, 0xFF, 0x07, 0x12, 0x26, 0xFF,
  0x06, 0x0B, 0x1B, 0xFF, 0x06, 0x09, 0x14, 0xFF, 0x05, 0x08, 0x12, 0xFF, 0x05, 0x07, 0x0F, 0xFF, 0x05, 0x06, 0x0D, 0xFF, 0x05, 0x05, 0x0B, 0xFF,
  0x04, 0x05, 0x08, 0xFF, 0x04, 0x04, 0x07, 0xFF, 0x04, 0x04, 0x06, 0xFF, 0x04, 0x04, 0x05, 0xFF, 0x04, 0x03, 0x05, 0xFF, 0x04, 0x03, 0x04, 0xFF,
  0x04, 0x03, 0x04, 0xFF, 0x04, 0x03, 0x04, 0xFF, 0x04, 0x03, 0x04, 0xFF, 0x04, 0x03, 0x04, 0xFF, 0x04, 0x03, 0x04, 0xFF, 0x04, 0x03, 0x04, 0xFF,
  0x04, 0x03, 0x04, 0xFF, 0x04, 0x03, 0x04, 0xFF, 0x04, 0x03, 0x03, 0xFF, 0x04, 0x03, 0x03, 0xFF, 0x04, 0x03, 0x03, 0xFF, 0x04, 0x03, 0x03, 0xFF,
  0x04, 0x03, 0x03, 0xFF, 0x04, 0x03, 0x03, 0xFF, 0x04, 0x03, 0x03, 0xFF, 0x04, 0x03, 0x03, 0xFF, 0x04, 0x03, 0x03, 0xFF, 0x04, 0x03, 0x04, 0xFF,
  0x04, 0x04, 0x09, 0xFF, 0x07, 0x07, 0x38, 0xFF, 0x13, 0x10, 0xA6, 0xFF, 0x14, 0x13, 0xC2, 0xFF, 0x0A, 0x0B, 0xBE, 0xFF, 0x08, 0x13, 0xBE, 0xFF,
  0x5D, 0xA8, 0xF9, 0xFF, 0x5B, 0xA4, 0xF8, 0xFF, 0x0B, 0x0F, 0xDF, 0xFF, 0x0D, 0x14, 0xAC, 0xFF, 0x09, 0x0C, 0x39, 0xFF, 0x05, 0x04, 0x0A, 0xFF,
  0x04, 0x03, 0x05, 0xFF, 0x04, 0x03, 0x03, 0xFF, 0x04, 0x03, 0x03, 0xFF, 0x04, 0x03, 0x03, 0xFF, 0x04, 0x03, 0x03, 0xFF, 0x04, 0x03, 0x03, 0xFF,
  0x04, 0x03, 0x03, 0xFF, 0x04, 0x03, 0x03, 0xFF, 0x04, 0x03, 0x03, 0xFF, 0x04, 0x03, 0x03, 0xFF, 0x04, 0x03, 0x03, 0xFF, 0x04, 0x03, 0x04, 0xFF,
  0x04, 0x04, 0x06, 0xFF, 0x04, 0x0B, 0x13, 0xFF, 0x03, 0x25, 0x53, 0xFF, 0x00, 0x4D, 0xC2, 0xFF, 0x19, 0xE2, 0xF9, 0xFF, 0x1D, 0xE6, 0xF9, 0xFF,
  0x01, 0x43, 0x98, 0xFF, 0x01, 0x24, 0x76, 0xFF, 0x01, 0x29, 0x7E, 0xFF, 0x02, 0x1D, 0x52, 0xFF, 0x04, 0x09, 0x14, 0xFF, 0x04, 0x04, 0x05, 0xFF,
  0x04, 0x03, 0x03, 0xFF, 0x04, 0x03, 0x03, 0xFF, 0x04, 0x03, 0x03, 0xFF, 0x04, 0x03, 0x03, 0xFF, 0x04, 0x03, 0x03, 0xFF, 0x04, 0x03, 0x03, 0xFF,
  0x04, 0x03, 0x04, 0xFF, 0x04, 0x03, 0x04, 0xFF, 0x04, 0x04, 0x05, 0xFF, 0x04, 0x04, 0x05, 0xFF, 0x04, 0x05, 0x07, 0xFF, 0x04, 0x07, 0x0A, 0xFF,
  0x05, 0x09, 0x0F, 0xFF, 0x05, 0x0D, 0x16, 0xFF, 0x05, 0x12, 0x1F, 0xFF, 0x06, 0x17, 0x2A, 0xFF, 0x07, 0x24, 0x41, 0xFF, 0x09, 0x2F, 0x50, 0xFF,
  0x0C, 0x42, 0x74, 0xFF, 0x24, 0x9E, 0xD0, 0xFF, 0x9A, 0xF9, 0xFA, 0xFF, 0x2A, 0xF8, 0xFA, 0xFF, 0x12, 0xF3, 0xFB, 0xFF, 0x0F, 0xEF, 0xFB, 0xFF,
  0x0A, 0xEA, 0xFB, 0xFF, 0x08, 0xE6, 0xFA, 0xFF, 0x06, 0xE4, 0xFA, 0xFF, 0x1D, 0xEE, 0xFA, 0xFF, 0x19, 0xEE, 0xFA, 0xFF, 0x14, 0xA3, 0xE5, 0xFF,
  0x05, 0x30, 0x5B, 0xFF, 0x06, 0x18, 0x26, 0xFF, 0x05, 0x12, 0x1B, 0xFF, 0x05, 0x0D, 0x15, 0xFF, 0x05, 0x09, 0x0E, 0xFF, 0x04, 0x06, 0x09, 0xFF,
  0x04, 0x05, 0x07, 0xFF, 0x04, 0x04, 0x06, 0xFF, 0x04, 0x04, 0x06, 0xFF, 0x04, 0x04, 0x05, 0xFF, 0x04, 0x03, 0x04, 0xFF, 0x04, 0x03, 0x04, 0xFF,
  0x04, 0x03, 0x04, 0xFF, 0x04, 0x03, 0x04, 0xFF, 0x04, 0x03, 0x04, 0xFF, 0x04, 0x03, 0x04, 0xFF, 0x04, 0x03, 0x04, 0xFF, 0x04, 0x03, 0x04, 0xFF,
  0x04, 0x03, 0x04, 0xFF, 0x04, 0x03, 0x04, 0xFF, 0x04, 0x04, 0x05, 0xFF, 0x04, 0x04, 0x06, 0xFF, 0x04, 0x05, 0x07, 0xFF, 0x04, 0x06, 0x09, 0xFF,
  0x04, 0x09, 0x0E, 0xFF, 0x05, 0x0C, 0x14, 0xFF, 0x05, 0x11, 0x1B, 0xFF, 0x05, 0x1A, 0x2C, 0xFF, 0x07, 0x4E, 0x85, 0xFF, 0x0A, 0xD2, 0xF4, 0xFF,
  0x02, 0xD0, 0xF9, 0xFF, 0x08, 0xE7, 0xFA, 0xFF, 0x43, 0xDA, 0xFA, 0xFF, 0x04, 0xA5, 0xFA, 0xFF, 0x01, 0xA1, 0xFA, 0xFF, 0x01, 0x9D, 0xFA, 0xFF,
  0x01, 0x9A, 0xF9, 0xFF, 0x01, 0x98, 0xF9, 0xFF, 0x01, 0x97, 0xF9, 0xFF, 0x00, 0x95, 0xF9, 0xFF, 0x00, 0x94, 0xF9, 0xFF, 0x00, 0x93, 0xF9, 0xFF,
  0x00, 0x94, 0xF9, 0xFF, 0x00, 0x93, 0xF9, 0xFF, 0x00, 0x93, 0xF9, 0xFF, 0x01, 0x92, 0xF9, 0xFF, 0x01, 0x91, 0xF9, 0xFF, 0x01, 0x91, 0xF9, 0xFF,
  0x00, 0x90, 0xF9, 0xFF, 0x00, 0x90, 0xF9, 0xFF, 0x00, 0x90, 0xF9, 0xFF, 0x01, 0x91, 0xFA, 0xFF, 0x01, 0x92, 0xF9, 0xFF, 0x02, 0x92, 0xFA, 0xFF,
  0x03, 0x92, 0xFA, 0xFF, 0x05, 0x94, 0xF9, 0xFF, 0x06, 0x95, 0xFA, 0xFF, 0x0B, 0xA4, 0xFA, 0xFF, 0x22, 0xC2, 0xF9, 0xFF, 0x56, 0xC8, 0xEE, 0xFF,
  0x54, 0x7C, 0xCF, 0xFF, 0x28, 0x2F, 0xAD, 0xFF, 0x05, 0x0D, 0x6E, 0xFF, 0x06, 0x0F, 0x41, 0xFF, 0x06, 0x08, 0x10, 0xFF, 0x05, 0x05, 0x06, 0xFF,
  0x04, 0x04, 0x05, 0xFF, 0x04, 0x03, 0x04, 0xFF, 0x04, 0x03, 0x04, 0xFF, 0x04, 0x03, 0x03, 0xFF, 0x04, 0x03, 0x04, 0xFF, 0x04, 0x03, 0x03, 0xFF,
  0x04, 0x03, 0x03, 0xFF, 0x04, 0x03, 0x03, 0xFF, 0x04, 0x03, 0x03, 0xFF, 0x04, 0x03, 0x04, 0xFF, 0x04, 0x03, 0x04, 0xFF, 0x04, 0x03, 0x04, 0xFF,
  0x04, 0x04, 0x05, 0xFF, 0x05, 0x04, 0x06, 0xFF, 0x05, 0x05, 0x08, 0xFF, 0x06, 0x07, 0x0C, 0xFF, 0x06, 0x08, 0x0E, 0xFF, 0x07, 0x08, 0x0F, 0xFF,
  0x06, 0x08, 0x0E, 0xFF, 0x06, 0x08, 0x0E, 0xFF, 0x06, 0x08, 0x0F, 0xFF, 0x06, 0x08, 0x0F, 0xFF, 0x06, 0x08, 0x11, 0xFF, 0x06, 0x09, 0x13, 0xFF,
  0x06, 0x09, 0x16, 0xFF, 0x07, 0x0B, 0x1A, 0xFF, 0x07, 0x0B, 0x1C, 0xFF, 0x07, 0x0B, 0x1D, 0xFF, 0x06, 0x0B, 0x1C, 0xFF, 0x06, 0x0B, 0x1D, 0xFF,
  0x06, 0x0A, 0x1A, 0xFF, 0x06, 0x09, 0x15, 0xFF, 0x06, 0x08, 0x13, 0xFF, 0x05, 0x08, 0x12, 0xFF, 0x05, 0x07, 0x10, 0xFF, 0x05, 0x06, 0x0C, 0xFF,
  0x04, 0x05, 0x09, 0xFF, 0x04, 0x04, 0x08, 0xFF, 0x04, 0x04, 0x06, 0xFF, 0x04, 0x04, 0x05, 0xFF, 0x04, 0x03, 0x05, 0xFF, 0x04, 0x03, 0x05, 0xFF,
  0x04, 0x03, 0x04, 0xFF, 0x04, 0x03, 0x04, 0xFF, 0x04, 0x03, 0x04, 0xFF, 0x04, 0x03, 0x04, 0xFF, 0x04, 0x03, 0x04, 0xFF, 0x04, 0x03, 0x04, 0xFF,
  0x04, 0x03, 0x04, 0xFF, 0x04, 0x03, 0x04, 0xFF, 0x04, 0x03, 0x03, 0xFF, 0x04, 0x03, 0x03, 0xFF, 0x04, 0x03, 0x03, 0xFF, 0x04, 0x03, 0x03, 0xFF,
  0x04, 0x03, 0x03, 0xFF, 0x04, 0x03, 0x03, 0xFF, 0x04, 0x03, 0x03, 0xFF, 0x04, 0x03, 0x03, 0xFF, 0x04, 0x03, 0x03, 0xFF, 0x04, 0x03, 0x04, 0xFF,
  0x04, 0x04, 0x09, 0xFF, 0x07, 0x07, 0x39, 0xFF, 0x13, 0x10, 0xA6, 0xFF, 0x16, 0x13, 0xC2, 0xFF, 0x0A, 0x0A, 0xBD, 0xFF, 0x07, 0x11, 0xBD, 0xFF,
  0x5E, 0xA7, 0xFA, 0xFF, 0x5E, 0xA4, 0xF9, 0xFF, 0x0E, 0x0F, 0xDE, 0xFF, 0x0D, 0x14, 0xAB, 0xFF, 0x09, 0x0B, 0x36, 0xFF, 0x05, 0x04, 0x09, 0xFF,
  0x04, 0x03, 0x05, 0xFF, 0x04, 0x03, 0x03, 0xFF, 0x04, 0x03, 0x03, 0xFF, 0x04, 0x03, 0x03, 0xFF, 0x04, 0x03, 0x03, 0xFF, 0x04, 0x03, 0x03, 0xFF,
  0x04, 0x03, 0x03, 0xFF, 0x04, 0x03, 0x03, 0xFF, 0x04, 0x03, 0x03, 0xFF, 0x04, 0x03, 0x03, 0xFF, 0x04, 0x03, 0x03, 0xFF, 0x04, 0x03, 0x04, 0xFF,
  0x04, 0x05, 0x06, 0xFF, 0x04, 0x0B, 0x14, 0xFF, 0x03, 0x27, 0x58, 0xFF, 0x00, 0x4F, 0xC5, 0xFF, 0x1C, 0xE1, 0xF9, 0xFF, 0x1F, 0xE4, 0xF9, 0xFF,
  0x01, 0x44, 0x94, 0xFF, 0x01, 0x24, 0x75, 0xFF, 0x00, 0x28, 0x80, 0xFF, 0x02, 0x1D, 0x56, 0xFF, 0x04, 0x0A, 0x15, 0xFF, 0x04, 0x04, 0x05, 0xFF,
  0x04, 0x03, 0x03, 0xFF, 0x04, 0x03, 0x03, 0xFF, 0x04, 0x03, 0x03, 0xFF, 0x04, 0x03, 0x03, 0xFF, 0x04, 0x03, 0x03, 0xFF, 0x04, 0x03, 0x03, 0xFF,
  0x04, 0x03, 0x04, 0xFF, 0x04, 0x03, 0x04, 0xFF, 0x04, 0x04, 0x05, 0xFF, 0x04, 0x04, 0x05, 0xFF, 0x04, 0x05, 0x07, 0xFF, 0x04, 0x07, 0x0C, 0xFF,
  0x05, 0x0C, 0x14, 0xFF, 0x05, 0x13, 0x22, 0xFF, 0x05, 0x1D, 0x37, 0xFF, 0x06, 0x25, 0x47, 0xFF, 0x07, 0x2C, 0x52, 0xFF, 0x08, 0x2D, 0x4F, 0xFF,
  0x0A, 0x33, 0x59, 0xFF, 0x0B, 0x59, 0x9C, 0xFF, 0x70, 0xE0, 0xF4, 0xFF, 0x40, 0xF8, 0xFA, 0xFF, 0x0D, 0xF0, 0xFA, 0xFF, 0x09, 0xEA, 0xFB, 0xFF,
  0x06, 0xE6, 0xFB, 0xFF, 0x04, 0xE2, 0xFA, 0xFF, 0x04, 0xE1, 0xFA, 0xFF, 0x0F, 0xE5, 0xFB, 0xFF, 0x1B, 0xEE, 0xFA, 0xFF, 0x1C, 0xE6, 0xF8, 0xFF,
  0x0F, 0x60, 0xB4, 0xFF, 0x06, 0x24, 0x38, 0xFF, 0x06, 0x14, 0x1F, 0xFF, 0x05, 0x0E, 0x15, 0xFF, 0x05, 0x0A, 0x0F, 0xFF, 0x04, 0x07, 0x0B, 0xFF,
  0x04, 0x06, 0x08, 0xFF, 0x04, 0x05, 0x06, 0xFF, 0x04, 0x04, 0x06, 0xFF, 0x04, 0x04, 0x06, 0xFF, 0x04, 0x04, 0x05, 0xFF, 0x04, 0x03, 0x04, 0xFF,
  0x04, 0x03, 0x04, 0xFF, 0x04, 0x03, 0x04, 0xFF, 0x04, 0x03, 0x04, 0xFF, 0x04, 0x03, 0x04, 0xFF, 0x04, 0x03, 0x04, 0xFF, 0x04, 0x03, 0x04, 0xFF,
  0x04, 0x03, 0x04, 0xFF, 0x04, 0x04, 0x05, 0xFF, 0x04, 0x04, 0x05, 0xFF, 0x04, 0x05, 0x07, 0xFF, 0x04, 0x06, 0x08, 0xFF, 0x04, 0x07, 0x0B, 0xFF,
  0x05, 0x0A, 0x11, 0xFF, 0x05, 0x0E, 0x17, 0xFF, 0x04, 0x13, 0x20, 0xFF, 0x05, 0x20, 0x38, 0xFF, 0x11, 0x7D, 0xB8, 0xFF, 0x03, 0xCD, 0xF7, 0xFF,
  0x05, 0xDF, 0xFA, 0xFF, 0x35, 0xF0, 0xFB, 0xFF, 0x16, 0xAD, 0xF9, 0xFF, 0x00, 0xA9, 0xFA, 0xFF, 0x00, 0xA3, 0xFA, 0xFF, 0x01, 0x9E, 0xFA, 0xFF,
  0x01, 0x9A, 0xF9, 0xFF, 0x01, 0x98, 0xF9, 0xFF, 0x01, 0x96, 0xF9, 0xFF, 0x01, 0x94, 0xF9, 0xFF, 0x00, 0x93, 0xF9, 0xFF, 0x01, 0x93, 0xF9, 0xFF,
  0x00, 0x93, 0xFA, 0xFF, 0x01, 0x92, 0xF9, 0xFF, 0x01, 0x92, 0xF9, 0xFF, 0x01, 0x92, 0xF9, 0xFF, 0x01, 0x92, 0xF9, 0xFF, 0x00, 0x93, 0xF9, 0xFF,
  0x00, 0x93, 0xF9, 0xFF, 0x00, 0x92, 0xF9, 0xFF, 0x01, 0x93, 0xF9, 0xFF, 0x01, 0x95, 0xF9, 0xFF, 0x01, 0x99, 0xFA, 0xFF, 0x04, 0x9C, 0xFA, 0xFF,
  0x05, 0xA0, 0xFA, 0xFF, 0x0A, 0xB5, 0xF9, 0xFF, 0x3A, 0xC9, 0xF5, 0xFF, 0x45, 0x8F, 0xD1, 0xFF, 0x36, 0x42, 0xB6, 0xFF, 0x06, 0x0E, 0x98, 0xFF,
  0x05, 0x0E, 0x63, 0xFF, 0x05, 0x09, 0x1B, 0xFF, 0x05, 0x05, 0x08, 0xFF, 0x04, 0x05, 0x06, 0xFF, 0x04, 0x04, 0x05, 0xFF, 0x04, 0x04, 0x05, 0xFF,
  0x04, 0x03, 0x04, 0xFF, 0x04, 0x03, 0x04, 0xFF, 0x04, 0x03, 0x03, 0xFF, 0x04, 0x03, 0x03, 0xFF, 0x04, 0x03, 0x03, 0xFF, 0x04, 0x03, 0x03, 0xFF,
  0x04, 0x03, 0x03, 0xFF, 0x04, 0x03, 0x03, 0xFF, 0x04, 0x03, 0x03, 0xFF, 0x04, 0x03, 0x04, 0xFF, 0x04, 0x03, 0x04, 0xFF, 0x05, 0x04, 0x05, 0xFF,
  0x05, 0x04, 0x06, 0xFF, 0x05, 0x06, 0x08, 0xFF, 0x06, 0x07, 0x0B, 0xFF, 0x07, 0x09, 0x0F, 0xFF, 0x07, 0x0A, 0x12, 0xFF, 0x08, 0x0A, 0x14, 0xFF,
  0x08, 0x0A, 0x14, 0xFF, 0x07, 0x0A, 0x15, 0xFF, 0x07, 0x0A, 0x15, 0xFF, 0x07, 0x0A, 0x16, 0xFF, 0x08, 0x0B, 0x1A, 0xFF, 0x08, 0x0C, 0x1D, 0xFF,
  0x08, 0x0D, 0x20, 0xFF, 0x08, 0x10, 0x28, 0xFF, 0x08, 0x0E, 0x27, 0xFF, 0x07, 0x0C, 0x23, 0xFF, 0x07, 0x0B, 0x1E, 0xFF, 0x07, 0x0B, 0x1D, 0xFF,
  0x06, 0x0A, 0x1B, 0xFF, 0x06, 0x09, 0x19, 0xFF, 0x06, 0x09, 0x17, 0xFF, 0x05, 0x09, 0x16, 0xFF, 0x05, 0x07, 0x11, 0xFF, 0x05, 0x06, 0x0D, 0xFF,
  0x05, 0x05, 0x0B, 0xFF, 0x04, 0x05, 0x0A, 0xFF, 0x04, 0x04, 0x08, 0xFF, 0x04, 0x04, 0x06, 0xFF, 0x04, 0x03, 0x05, 0xFF, 0x04, 0x03, 0x05, 0xFF,
  0x04, 0x03, 0x05, 0xFF, 0x04, 0x03, 0x04, 0xFF, 0x04, 0x03, 0x04, 0xFF, 0x04, 0x03, 0x04, 0xFF, 0x04, 0x03, 0x04, 0xFF, 0x04, 0x03, 0x04, 0xFF,
  0x04, 0x03, 0x04, 0xFF, 0x04, 0x03, 0x04, 0xFF, 0x04, 0x03, 0x03, 0xFF, 0x04, 0x03, 0x03, 0xFF, 0x04, 0x03, 0x03, 0xFF, 0x04, 0x03, 0x03, 0xFF,
  0x04, 0x03, 0x03, 0xFF, 0x04, 0x03, 0x03, 0xFF, 0x04, 0x03, 0x03, 0xFF, 0x04, 0x03, 0x03, 0xFF, 0x04, 0x03, 0x03, 0xFF, 0x04, 0x03, 0x04, 0xFF,
  0x04, 0x04, 0x09, 0xFF, 0x08, 0x07, 0x39, 0xFF, 0x13, 0x0E, 0xA5, 0xFF, 0x17, 0x13, 0xC1, 0xFF, 0x0C, 0x0B, 0xBD, 0xFF, 0x07, 0x10, 0xBB, 0xFF,
  0x61, 0xA6, 0xFA, 0xFF, 0x5F, 0xA2, 0xF9, 0xFF, 0x0D, 0x0E, 0xE0, 0xFF, 0x0E, 0x13, 0xA8, 0xFF, 0x09, 0x0B, 0x35, 0xFF, 0x05, 0x04, 0x09, 0xFF,
  0x04, 0x03, 0x05, 0xFF, 0x04, 0x03, 0x03, 0xFF, 0x04, 0x03, 0x03, 0xFF, 0x04, 0x03, 0x03, 0xFF, 0x04, 0x03, 0x03, 0xFF, 0x04, 0x03, 0x03, 0xFF,
  0x04, 0x03, 0x03, 0xFF, 0x04, 0x03, 0x03, 0xFF, 0x04, 0x03, 0x03, 0xFF, 0x04, 0x03, 0x03, 0xFF, 0x04, 0x03, 0x03, 0xFF, 0x04, 0x03, 0x04, 0xFF,
  0x04, 0x05, 0x06, 0xFF, 0x04, 0x0C, 0x15, 0xFF, 0x03, 0x2B, 0x62, 0xFF, 0x00, 0x4C, 0xC7, 0xFF, 0x1C, 0xE0, 0xF9, 0xFF, 0x1F, 0xE4, 0xF9, 0xFF,
  0x02, 0x46, 0x97, 0xFF, 0x01, 0x24, 0x76, 0xFF, 0x01, 0x28, 0x80, 0xFF, 0x02, 0x1E, 0x58, 0xFF, 0x03, 0x0B, 0x18, 0xFF, 0x04, 0x04, 0x05, 0xFF,
  0x04, 0x03, 0x03, 0xFF, 0x04, 0x03, 0x03, 0xFF, 0x04, 0x03, 0x03, 0xFF, 0x04, 0x03, 0x03, 0xFF, 0x04, 0x03, 0x03, 0xFF, 0x04, 0x03, 0x04, 0xFF,
  0x04, 0x03, 0x04, 0xFF, 0x04, 0x03, 0x04, 0xFF, 0x04, 0x04, 0x05, 0xFF, 0x04, 0x04, 0x06, 0xFF, 0x04, 0x05, 0x08, 0xFF, 0x04, 0x08, 0x0D, 0xFF,
  0x05, 0x0F, 0x1B, 0xFF, 0x05, 0x23, 0x44, 0xFF, 0x05, 0x47, 0x8F, 0xFF, 0x05, 0x65, 0xBE, 0xFF, 0x05, 0x5E, 0xB6, 0xFF, 0x08, 0x38, 0x69, 0xFF,
  0x09, 0x2F, 0x51, 0xFF, 0x0C, 0x43, 0x73, 0xFF, 0x1F, 0x93, 0xCC, 0xFF, 0x80, 0xF8, 0xF9, 0xFF, 0x1C, 0xF1, 0xF9, 0xFF, 0x07, 0xE8, 0xFB, 0xFF,
  0x04, 0xE3, 0xFB, 0xFF, 0x04, 0xE0, 0xFA, 0xFF, 0x05, 0xDF, 0xFA, 0xFF, 0x05, 0xDE, 0xFB, 0xFF, 0x1E, 0xE9, 0xFA, 0xFF, 0x1D, 0xE7, 0xFA, 0xFF,
  0x27, 0xAA, 0xE9, 0xFF, 0x06, 0x33, 0x63, 0xFF, 0x06, 0x18, 0x25, 0xFF, 0x05, 0x0E, 0x14, 0xFF, 0x05, 0x0A, 0x10, 0xFF, 0x05, 0x08, 0x0C, 0xFF,
  0x04, 0x06, 0x08, 0xFF, 0x04, 0x05, 0x07, 0xFF, 0x04, 0x04, 0x06, 0xFF, 0x04, 0x04, 0x06, 0xFF, 0x04, 0x04, 0x06, 0xFF, 0x04, 0x04, 0x06, 0xFF,
  0x04, 0x04, 0x06, 0xFF, 0x04, 0x04, 0x05, 0xFF, 0x04, 0x04, 0x06, 0xFF, 0x04, 0x04, 0x05, 0xFF, 0x04, 0x04, 0x05, 0xFF, 0x04, 0x04, 0x05, 0xFF,
  0x04, 0x04, 0x05, 0xFF, 0x04, 0x04, 0x05, 0xFF, 0x04, 0x04, 0x07, 0xFF, 0x04, 0x06, 0x08, 0xFF, 0x04, 0x07, 0x0A, 0xFF, 0x04, 0x09, 0x0F, 0xFF,
  0x05, 0x0C, 0x15, 0xFF, 0x05, 0x10, 0x1B, 0xFF, 0x04, 0x16, 0x25, 0xFF, 0x04, 0x2B, 0x4E, 0xFF, 0x08, 0xAA, 0xE3, 0xFF, 0x03, 0xD6, 0xF9, 0xFF,
  0x0B, 0xF1, 0xFA, 0xFF, 0x42, 0xD4, 0xFA, 0xFF, 0x01, 0xB3, 0xFA, 0xFF, 0x00, 0xAD, 0xFA, 0xFF, 0x01, 0xA5, 0xFA, 0xFF, 0x01, 0x9F, 0xFA, 0xFF,
  0x01, 0x9A, 0xF9, 0xFF, 0x01, 0x98, 0xFA, 0xFF, 0x01, 0x96, 0xF9, 0xFF, 0x01, 0x94, 0xF9, 0xFF, 0x01, 0x93, 0xF9, 0xFF, 0x00, 0x93, 0xF9, 0xFF,
  0x01, 0x92, 0xF9, 0xFF, 0x01, 0x92, 0xF9, 0xFF, 0x01, 0x91, 0xF9, 0xFF, 0x00, 0x91, 0xF9, 0xFF, 0x00, 0x93, 0xFA, 0xFF, 0x01, 0x94, 0xF9, 0xFF,
  0x00, 0x94, 0xF9, 0xFF, 0x00, 0x96, 0xFA, 0xFF, 0x01, 0x9A, 0xF9, 0xFF, 0x03, 0xA0, 0xFA, 0xFF, 0x05, 0xAA, 0xFB, 0xFF, 0x11, 0xC4, 0xFA, 0xFF,
  0x51, 0xD1, 0xF3, 0xFF, 0x58, 0x7B, 0xCB, 0xFF, 0x13, 0x1A, 0xB0, 0xFF, 0x04, 0x10, 0x8F, 0xFF, 0x05, 0x0C, 0x38, 0xFF, 0x05, 0x06, 0x0A, 0xFF,
  0x04, 0x04, 0x05, 0xFF, 0x04, 0x03, 0x04, 0xFF, 0x04, 0x03, 0x04, 0xFF, 0x04, 0x03, 0x03, 0xFF, 0x04, 0x03, 0x03, 0xFF, 0x04, 0x03, 0x03, 0xFF,
  0x04, 0x03, 0x03, 0xFF, 0x04, 0x03, 0x03, 0xFF, 0x04, 0x03, 0x03, 0xFF, 0x04, 0x03, 0x03, 0xFF, 0x04, 0x03, 0x03, 0xFF, 0x04, 0x03, 0x03, 0xFF,
  0x04, 0x03, 0x03, 0xFF, 0x04, 0x03, 0x03, 0xFF, 0x04, 0x03, 0x03, 0xFF, 0x04, 0x03, 0x04, 0xFF, 0x05, 0x04, 0x05, 0xFF, 0x05, 0x04, 0x06, 0xFF,
  0x06, 0x06, 0x08, 0xFF, 0x06, 0x07, 0x0C, 0xFF, 0x07, 0x09, 0x11, 0xFF, 0x09, 0x0B, 0x15, 0xFF, 0x09, 0x0D, 0x19, 0xFF, 0x0A, 0x0D, 0x1B, 0xFF,
  0x09, 0x0D, 0x1C, 0xFF, 0x09, 0x0D, 0x1C, 0xFF, 0x09, 0x0D, 0x1B, 0xFF, 0x09, 0x0D, 0x1D, 0xFF, 0x09, 0x0E, 0x22, 0xFF, 0x0A, 0x0F, 0x27, 0xFF,
  0x0A, 0x10, 0x2B, 0xFF, 0x0A, 0x11, 0x2E, 0xFF, 0x09, 0x10, 0x2D, 0xFF, 0x08, 0x0E, 0x28, 0xFF, 0x07, 0x0C, 0x24, 0xFF, 0x07, 0x0C, 0x22, 0xFF,
  0x06, 0x0B, 0x20, 0xFF, 0x06, 0x0A, 0x1C, 0xFF, 0x06, 0x09, 0x19, 0xFF, 0x06, 0x08, 0x17, 0xFF, 0x05, 0x07, 0x12, 0xFF, 0x05, 0x06, 0x0E, 0xFF,
  0x05, 0x06, 0x0D, 0xFF, 0x05, 0x05, 0x0C, 0xFF, 0x05, 0x05, 0x0B, 0xFF, 0x04, 0x05, 0x0A, 0xFF, 0x04, 0x04, 0x06, 0xFF, 0x04, 0x04, 0x05, 0xFF,
  0x04, 0x04, 0x05, 0xFF, 0x04, 0x03, 0x05, 0xFF, 0x04, 0x03, 0x04, 0xFF, 0x04, 0x03, 0x04, 0xFF, 0x04, 0x03, 0x04, 0xFF, 0x04, 0x03, 0x04, 0xFF,
  0x04, 0x03, 0x04, 0xFF, 0x04, 0x03, 0x04, 0xFF, 0x04, 0x03, 0x03, 0xFF, 0x04, 0x03, 0x03, 0xFF, 0x04, 0x03, 0x03, 0xFF, 0x04, 0x03, 0x04, 0xFF,
  0x04, 0x03, 0x04, 0xFF, 0x04, 0x03, 0x03, 0xFF, 0x04, 0x03, 0x03, 0xFF, 0x04, 0x03, 0x03, 0xFF, 0x04, 0x03, 0x03, 0xFF, 0x04, 0x03, 0x04, 0xFF,
  0x04, 0x03, 0x09, 0xFF, 0x08, 0x07, 0x38, 0xFF, 0x13, 0x0E, 0xA5, 0xFF, 0x18, 0x13, 0xC1, 0xFF, 0x0E, 0x0B, 0xBC, 0xFF, 0x07, 0x10, 0xBB, 0xFF,
  0x62, 0xA5, 0xFA, 0xFF, 0x63, 0xA3, 0xFA, 0xFF, 0x0D, 0x0F, 0xE3, 0xFF, 0x0F, 0x13, 0xAC, 0xFF, 0x09, 0x0C, 0x39, 0xFF, 0x05, 0x04, 0x0A, 0xFF,
  0x04, 0x03, 0x05, 0xFF, 0x04, 0x03, 0x04, 0xFF, 0x04, 0x03, 0x03, 0xFF, 0x04, 0x03, 0x03, 0xFF, 0x04, 0x03, 0x03, 0xFF, 0x04, 0x03, 0x03, 0xFF,
  0x04, 0x03, 0x03, 0xFF, 0x04, 0x03, 0x03, 0xFF, 0x04, 0x03, 0x03, 0xFF, 0x04, 0x03, 0x03, 0xFF, 0x04, 0x03, 0x03, 0xFF, 0x04, 0x03, 0x04, 0xFF,
  0x04, 0x05, 0x06, 0xFF, 0x04, 0x0C, 0x15, 0xFF, 0x03, 0x2B, 0x62, 0xFF, 0x01, 0x4D, 0xC8, 0xFF, 0x1C, 0xDF, 0xF9, 0xFF, 0x1D, 0xE1, 0xF9, 0xFF,
  0x02, 0x44, 0x96, 0xFF, 0x01, 0x23, 0x76, 0xFF, 0x01, 0x28, 0x80, 0xFF, 0x02, 0x1E, 0x59, 0xFF, 0x03, 0x0B, 0x19, 0xFF, 0x04, 0x04, 0x06, 0xFF,
  0x04, 0x03, 0x03, 0xFF, 0x04, 0x03, 0x03, 0xFF, 0x04, 0x03, 0x03, 0xFF, 0x04, 0x03, 0x03, 0xFF, 0x04, 0x03, 0x03, 0xFF, 0x04, 0x03, 0x03, 0xFF,
  0x04, 0x03, 0x04, 0xFF, 0x04, 0x03, 0x04, 0xFF, 0x04, 0x04, 0x05, 0xFF, 0x04, 0x05, 0x06, 0xFF, 0x04, 0x06, 0x09, 0xFF, 0x04, 0x09, 0x0F, 0xFF,
  0x05, 0x11, 0x20, 0xFF, 0x05, 0x2C, 0x58, 0xFF, 0x03, 0x89, 0xD1, 0xFF, 0x63, 0xE1, 0xEF, 0xFF, 0x07, 0x9C, 0xE4, 0xFF, 0x09, 0x45, 0x84, 0xFF,
  0x09, 0x2E, 0x4E, 0xFF, 0x0B, 0x36, 0x5A, 0xFF, 0x0C, 0x56, 0x95, 0xFF, 0x7E, 0xDC, 0xEF, 0xFF, 0x43, 0xF7, 0xF9, 0xFF, 0x08, 0xE8, 0xFA, 0xFF,
  0x04, 0xE2, 0xFB, 0xFF, 0x04, 0xDF, 0xFB, 0xFF, 0x04, 0xDD, 0xFA, 0xFF, 0x03, 0xDB, 0xFB, 0xFF, 0x13, 0xDD, 0xFA, 0xFF, 0x1E, 0xE4, 0xFA, 0xFF,
  0x25, 0xE1, 0xF8, 0xFF, 0x14, 0x53, 0xA2, 0xFF, 0x06, 0x1D, 0x2D, 0xFF, 0x05, 0x0F, 0x17, 0xFF, 0x05, 0x0B, 0x11, 0xFF, 0x05, 0x08, 0x0C, 0xFF,
  0x04, 0x06, 0x08, 0xFF, 0x04, 0x06, 0x07, 0xFF, 0x04, 0x05, 0x07, 0xFF, 0x04, 0x06, 0x09, 0xFF, 0x04, 0x06, 0x09, 0xFF, 0x04, 0x05, 0x08, 0xFF,
  0x04, 0x05, 0x07, 0xFF, 0x04, 0x05, 0x08, 0xFF, 0x04, 0x06, 0x08, 0xFF, 0x04, 0x05, 0x08, 0xFF, 0x04, 0x05, 0x07, 0xFF, 0x04, 0x04, 0x06, 0xFF,
  0x04, 0x04, 0x06, 0xFF, 0x04, 0x04, 0x06, 0xFF, 0x04, 0x05, 0x07, 0xFF, 0x04, 0x06, 0x09, 0xFF, 0x04, 0x07, 0x0B, 0xFF, 0x04, 0x0A, 0x11, 0xFF,
  0x05, 0x0E, 0x18, 0xFF, 0x04, 0x13, 0x21, 0xFF, 0x04, 0x1A, 0x2D, 0xFF, 0x04, 0x33, 0x63, 0xFF, 0x06, 0xC2, 0xEF, 0xFF, 0x08, 0xE3, 0xFA, 0xFF,
  0x3A, 0xF7, 0xFA, 0xFF, 0x22, 0xC6, 0xFA, 0xFF, 0x01, 0xBB, 0xFA, 0xFF, 0x01, 0xB1, 0xFA, 0xFF, 0x01, 0xA8, 0xFA, 0xFF, 0x01, 0xA0, 0xF9, 0xFF,
  0x01, 0x9B, 0xF9, 0xFF, 0x01, 0x99, 0xF9, 0xFF, 0x01, 0x97, 0xF9, 0xFF, 0x01, 0x94, 0xF9, 0xFF, 0x01, 0x93, 0xF9, 0xFF, 0x01, 0x92, 0xF8, 0xFF,
  0x01, 0x92, 0xF9, 0xFF, 0x01, 0x92, 0xF9, 0xFF, 0x01, 0x92, 0xF9, 0xFF, 0x01, 0x93, 0xF9, 0xFF, 0x01, 0x94, 0xF9, 0xFF, 0x01, 0x97, 0xF9, 0xFF,
  0x01, 0x99, 0xF9, 0xFF, 0x01, 0x9D, 0xF9, 0xFF, 0x02, 0xA8, 0xF9, 0xFF, 0x12, 0xC4, 0xF9, 0xFF, 0x3E, 0xB5, 0xE9, 0xFF, 0x3E, 0x5B, 0xBE, 0xFF,
  0x0B, 0x14, 0xA6, 0xFF, 0x05, 0x0F, 0x78, 0xFF, 0x05, 0x0C, 0x2B, 0xFF, 0x05, 0x07, 0x0B, 0xFF, 0x04, 0x05, 0x06, 0xFF, 0x04, 0x04, 0x05, 0xFF,
  0x04, 0x03, 0x04, 0xFF, 0x04, 0x03, 0x04, 0xFF, 0x04, 0x03, 0x03, 0xFF, 0x04, 0x03, 0x03, 0xFF, 0x04, 0x03, 0x03, 0xFF, 0x04, 0x03, 0x03, 0xFF,
  0x04, 0x03, 0x03, 0xFF, 0x04, 0x03, 0x03, 0xFF, 0x04, 0x03, 0x03, 0xFF, 0x04, 0x03, 0x03, 0xFF, 0x04, 0x03, 0x03, 0xFF, 0x04, 0x03, 0x03, 0xFF,
  0x04, 0x03, 0x03, 0xFF, 0x04, 0x03, 0x03, 0xFF, 0x04, 0x03, 0x04, 0xFF, 0x05, 0x04, 0x05, 0xFF, 0x05, 0x04, 0x06, 0xFF, 0x06, 0x06, 0x08, 0xFF,
  0x07, 0x08, 0x0D, 0xFF, 0x08, 0x0A, 0x12, 0xFF, 0x09, 0x0D, 0x17, 0xFF, 0x0B, 0x10, 0x1F, 0xFF, 0x0C, 0x11, 0x23, 0xFF, 0x0C, 0x12, 0x26, 0xFF,
  0x0D, 0x13, 0x2A, 0xFF, 0x0D, 0x13, 0x2C, 0xFF, 0x0C, 0x12, 0x2B, 0xFF, 0x0C, 0x12, 0x2E, 0xFF, 0x0C, 0x14, 0x33, 0xFF, 0x0D, 0x15, 0x38, 0xFF,
  0x0D, 0x16, 0x3C, 0xFF, 0x0C, 0x16, 0x3E, 0xFF, 0x0B, 0x14, 0x3C, 0xFF, 0x0A, 0x12, 0x36, 0xFF, 0x09, 0x10, 0x32, 0xFF, 0x08, 0x10, 0x31, 0xFF,
  0x07, 0x0D, 0x2A, 0xFF, 0x07, 0x0C, 0x23, 0xFF, 0x06, 0x0A, 0x1D, 0xFF, 0x06, 0x09, 0x19, 0xFF, 0x05, 0x08, 0x16, 0xFF, 0x05, 0x07, 0x13, 0xFF,
  0x05, 0x07, 0x11, 0xFF, 0x05, 0x06, 0x0F, 0xFF, 0x05, 0x05, 0x0C, 0xFF, 0x04, 0x05, 0x0A, 0xFF, 0x04, 0x04, 0x07, 0xFF, 0x04, 0x04, 0x06, 0xFF,
  0x04, 0x04, 0x06, 0xFF, 0x04, 0x03, 0x05, 0xFF, 0x04, 0x03, 0x05, 0xFF, 0x04, 0x03, 0x04, 0xFF, 0x04, 0x03, 0x04, 0xFF, 0x04, 0x03, 0x04, 0xFF,
  0x04, 0x03, 0x04, 0xFF, 0x04, 0x03, 0x04, 0xFF, 0x04, 0x03, 0x03, 0xFF, 0x04, 0x03, 0x03, 0xFF, 0x04, 0x03, 0x03, 0xFF, 0x04, 0x03, 0x04, 0xFF,
  0x04, 0x03, 0x04, 0xFF, 0x04, 0x03, 0x03, 0xFF, 0x04, 0x03, 0x03, 0xFF, 0x04, 0x03, 0x03, 0xFF, 0x04, 0x03, 0x03, 0xFF, 0x04, 0x03, 0x04, 0xFF,
  0x04, 0x03, 0x09, 0xFF, 0x08, 0x07, 0x38, 0xFF, 0x14, 0x0E, 0xA4, 0xFF, 0x17, 0x12, 0xC0, 0xFF, 0x0F, 0x0A, 0xBC, 0xFF, 0x07, 0x10, 0xBB, 0xFF,
  0x64, 0xA4, 0xF9, 0xFF, 0x63, 0xA2, 0xF9, 0xFF, 0x0F, 0x10, 0xE6, 0xFF, 0x10, 0x13, 0xAF, 0xFF, 0x0A, 0x0C, 0x3B, 0xFF, 0x05, 0x04, 0x0A, 0xFF,
  0x04, 0x03, 0x05, 0xFF, 0x04, 0x03, 0x04, 0xFF, 0x04, 0x03, 0x03, 0xFF, 0x04, 0x03, 0x03, 0xFF, 0x04, 0x03, 0x03, 0xFF, 0x04, 0x03, 0x03, 0xFF,
  0x04, 0x03, 0x03, 0xFF, 0x04, 0x03, 0x03, 0xFF, 0x04, 0x03, 0x03, 0xFF, 0x04, 0x03, 0x03, 0xFF, 0x04, 0x03, 0x03, 0xFF, 0x04, 0x03, 0x04, 0xFF,
  0x04, 0x05, 0x06, 0xFF, 0x04, 0x0D, 0x17, 0xFF, 0x03, 0x2F, 0x6C, 0xFF, 0x00, 0x4E, 0xC8, 0xFF, 0x1A, 0xDC, 0xF9, 0xFF, 0x1B, 0xDE, 0xF9, 0xFF,
  0x01, 0x41, 0x97, 0xFF, 0x00, 0x23, 0x77, 0xFF, 0x01, 0x29, 0x82, 0xFF, 0x02, 0x1F, 0x5A, 0xFF, 0x03, 0x0B, 0x19, 0xFF, 0x04, 0x04, 0x06, 0xFF,
  0x04, 0x03, 0x03, 0xFF, 0x04, 0x03, 0x03, 0xFF, 0x04, 0x03, 0x03, 0xFF, 0x04, 0x03, 0x03, 0xFF, 0x04, 0x03, 0x03, 0xFF, 0x04, 0x03, 0x03, 0xFF,
  0x04, 0x03, 0x04, 0xFF, 0x04, 0x03, 0x04, 0xFF, 0x04, 0x04, 0x05, 0xFF, 0x04, 0x04, 0x05, 0xFF, 0x04, 0x05, 0x08, 0xFF, 0x04, 0x08, 0x0C, 0xFF,
  0x05, 0x0E, 0x19, 0xFF, 0x05, 0x21, 0x40, 0xFF, 0x03, 0x58, 0x9F, 0xFF, 0x13, 0x99, 0xD7, 0xFF, 0x03, 0x75, 0xC9, 0xFF, 0x07, 0x40, 0x7F, 0xFF,
  0x08, 0x2C, 0x4C, 0xFF, 0x09, 0x2B, 0x48, 0xFF, 0x0B, 0x3E, 0x69, 0xFF, 0x2A, 0x8E, 0xC2, 0xFF, 0x7E, 0xF7, 0xF8, 0xFF, 0x1E, 0xEC, 0xFA, 0xFF,
  0x03, 0xDE, 0xFA, 0xFF, 0x03, 0xDC, 0xFA, 0xFF, 0x03, 0xDA, 0xFA, 0xFF, 0x02, 0xD7, 0xFB, 0xFF, 0x04, 0xD4, 0xFB, 0xFF, 0x24, 0xE4, 0xFB, 0xFF,
  0x20, 0xE3, 0xFB, 0xFF, 0x24, 0xAE, 0xEB, 0xFF, 0x06, 0x33, 0x62, 0xFF, 0x06, 0x12, 0x1C, 0xFF, 0x05, 0x0C, 0x13, 0xFF, 0x05, 0x08, 0x0C, 0xFF,
  0x04, 0x06, 0x09, 0xFF, 0x04, 0x06, 0x08, 0xFF, 0x04, 0x06, 0x09, 0xFF, 0x05, 0x12, 0x1E, 0xFF, 0x06, 0x1A, 0x28, 0xFF, 0x05, 0x0B, 0x12, 0xFF,
  0x05, 0x0B, 0x14, 0xFF, 0x05, 0x14, 0x27, 0xFF, 0x05, 0x19, 0x34, 0xFF, 0x04, 0x13, 0x26, 0xFF, 0x04, 0x0C, 0x15, 0xFF, 0x04, 0x07, 0x0B, 0xFF,
  0x04, 0x05, 0x07, 0xFF, 0x04, 0x04, 0x06, 0xFF, 0x04, 0x05, 0x08, 0xFF, 0x04, 0x06, 0x09, 0xFF, 0x04, 0x08, 0x0C, 0xFF, 0x04, 0x0A, 0x12, 0xFF,
  0x05, 0x0E, 0x19, 0xFF, 0x04, 0x14, 0x24, 0xFF, 0x04, 0x1F, 0x38, 0xFF, 0x03, 0x3D, 0x7C, 0xFF, 0x05, 0xD9, 0xF8, 0xFF, 0x0B, 0xED, 0xFA, 0xFF,
  0x44, 0xF0, 0xF9, 0xFF, 0x02, 0xC9, 0xF8, 0xFF, 0x01, 0xC1, 0xF8, 0xFF, 0x02, 0xB6, 0xFA, 0xFF, 0x02, 0xAC, 0xFA, 0xFF, 0x01, 0xA4, 0xFA, 0xFF,
  0x01, 0x9F, 0xF9, 0xFF, 0x01, 0x9C, 0xF9, 0xFF, 0x01, 0x99, 0xF9, 0xFF, 0x01, 0x97, 0xF9, 0xFF, 0x01, 0x95, 0xF9, 0xFF, 0x00, 0x94, 0xF9, 0xFF,
  0x00, 0x94, 0xF9, 0xFF, 0x00, 0x94, 0xF9, 0xFF, 0x01, 0x95, 0xFA, 0xFF, 0x00, 0x96, 0xF9, 0xFF, 0x01, 0x9A, 0xF9, 0xFF, 0x02, 0xA2, 0xFA, 0xFF,
  0x02, 0xAE, 0xFA, 0xFF, 0x1F, 0xCB, 0xF9, 0xFF, 0x41, 0xA2, 0xE0, 0xFF, 0x2B, 0x43, 0xBF, 0xFF, 0x03, 0x0C, 0x92, 0xFF, 0x04, 0x0C, 0x4E, 0xFF,
  0x05, 0x08, 0x14, 0xFF, 0x04, 0x05, 0x07, 0xFF, 0x04, 0x04, 0x05, 0xFF, 0x04, 0x03, 0x04, 0xFF, 0x04, 0x03, 0x04, 0xFF, 0x04, 0x03, 0x04, 0xFF,
  0x04, 0x03, 0x04, 0xFF, 0x04, 0x03, 0x03, 0xFF, 0x04, 0x03, 0x03, 0xFF, 0x04, 0x03, 0x03, 0xFF, 0x04, 0x03, 0x03, 0xFF, 0x04, 0x03, 0x03, 0xFF,
  0x04, 0x03, 0x03, 0xFF, 0x04, 0x03, 0x03, 0xFF, 0x04, 0x03, 0x03, 0xFF, 0x04, 0x03, 0x03, 0xFF, 0x04, 0x03, 0x03, 0xFF, 0x04, 0x03, 0x03, 0xFF,
  0x04, 0x03, 0x03, 0xFF, 0x04, 0x03, 0x04, 0xFF, 0x05, 0x04, 0x05, 0xFF, 0x05, 0x05, 0x07, 0xFF, 0x06, 0x07, 0x0A, 0xFF, 0x0A, 0x0D, 0x16, 0xFF,
  0x0D, 0x13, 0x25, 0xFF, 0x18, 0x22, 0x3F, 0xFF, 0x31, 0x40, 0x63, 0xFF, 0x41, 0x57, 0x84, 0xFF, 0x4A, 0x63, 0x92, 0xFF, 0x50, 0x6A, 0xA0, 0xFF,
  0x53, 0x6C, 0xA9, 0xFF, 0x59, 0x6C, 0xAD, 0xFF, 0x56, 0x67, 0xA6, 0xFF, 0x41, 0x51, 0xA0, 0xFF, 0x29, 0x37, 0x90, 0xFF, 0x18, 0x25, 0x7F, 0xFF,
  0x14, 0x25, 0x73, 0xFF, 0x12, 0x21, 0x67, 0xFF, 0x0F, 0x20, 0x67, 0xFF, 0x0E, 0x22, 0x69, 0xFF, 0x0D, 0x1C, 0x5E, 0xFF, 0x0B, 0x16, 0x4F, 0xFF,
  0x0A, 0x13, 0x40, 0xFF, 0x09, 0x10, 0x36, 0xFF, 0x07, 0x0D, 0x29, 0xFF, 0x06, 0x0A, 0x1F, 0xFF, 0x06, 0x09, 0x1A, 0xFF, 0x05, 0x08, 0x18, 0xFF,
  0x05, 0x08, 0x16, 0xFF, 0x05, 0x06, 0x11, 0xFF, 0x05, 0x06, 0x0E, 0xFF, 0x05, 0x05, 0x0B, 0xFF, 0x04, 0x04, 0x09, 0xFF, 0x04, 0x04, 0x07, 0xFF,
  0x04, 0x04, 0x06, 0xFF, 0x04, 0x04, 0x05, 0xFF, 0x04, 0x03, 0x05, 0xFF, 0x04, 0x03, 0x05, 0xFF, 0x04, 0x03, 0x04, 0xFF, 0x04, 0x03, 0x04, 0xFF,
  0x04, 0x03, 0x04, 0xFF, 0x04, 0x03, 0x04, 0xFF, 0x04, 0x03, 0x04, 0xFF, 0x04, 0x03, 0x03, 0xFF, 0x04, 0x03, 0x03, 0xFF, 0x04, 0x03, 0x03, 0xFF,
  0x04, 0x03, 0x03, 0xFF, 0x04, 0x03, 0x03, 0xFF, 0x04, 0x03, 0x03, 0xFF, 0x04, 0x03, 0x03, 0xFF, 0x04, 0x03, 0x03, 0xFF, 0x04, 0x03, 0x04, 0xFF,
  0x04, 0x03, 0x09, 0xFF, 0x08, 0x07, 0x3A, 0xFF, 0x15, 0x0E, 0xA5, 0xFF, 0x17, 0x12, 0xC0, 0xFF, 0x11, 0x0A, 0xBC, 0xFF, 0x08, 0x10, 0xBA, 0xFF,
  0x67, 0xA4, 0xF9, 0xFF, 0x65, 0xA1, 0xF9, 0xFF, 0x11, 0x11, 0xE9, 0xFF, 0x11, 0x13, 0xB9, 0xFF, 0x0B, 0x0C, 0x3E, 0xFF, 0x05, 0x04, 0x0A, 0xFF,
  0x04, 0x03, 0x05, 0xFF, 0x04, 0x03, 0x03, 0xFF, 0x04, 0x03, 0x03, 0xFF, 0x04, 0x03, 0x03, 0xFF, 0x04, 0x03, 0x03, 0xFF, 0x04, 0x03, 0x03, 0xFF,
  0x04, 0x03, 0x03, 0xFF, 0x04, 0x03, 0x03, 0xFF, 0x04, 0x03, 0x03, 0xFF, 0x04, 0x03, 0x03, 0xFF, 0x04, 0x03, 0x03, 0xFF, 0x04, 0x03, 0x04, 0xFF,
  0x04, 0x05, 0x06, 0xFF, 0x04, 0x0D, 0x19, 0xFF, 0x03, 0x32, 0x72, 0xFF, 0x00, 0x4E, 0xC8, 0xFF, 0x1A, 0xDA, 0xF9, 0xFF, 0x1B, 0xDC, 0xFA, 0xFF,
  0x01, 0x42, 0x99, 0xFF, 0x01, 0x24, 0x77, 0xFF, 0x01, 0x29, 0x82, 0xFF, 0x02, 0x1F, 0x58, 0xFF, 0x03, 0x0A, 0x18, 0xFF, 0x04, 0x04, 0x06, 0xFF,
  0x04, 0x03, 0x03, 0xFF, 0x04, 0x03, 0x03, 0xFF, 0x04, 0x03, 0x03, 0xFF, 0x04, 0x03, 0x03, 0xFF, 0x04, 0x03, 0x03, 0xFF, 0x04, 0x03, 0x04, 0xFF,
  0x04, 0x03, 0x04, 0xFF, 0x04, 0x03, 0x04, 0xFF, 0x04, 0x03, 0x04, 0xFF, 0x04, 0x04, 0x05, 0xFF, 0x04, 0x05, 0x07, 0xFF, 0x04, 0x07, 0x0A, 0xFF,
  0x05, 0x0C, 0x14, 0xFF, 0x05, 0x14, 0x25, 0xFF, 0x05, 0x26, 0x4B, 0xFF, 0x05, 0x36, 0x6F, 0xFF, 0x05, 0x42, 0x81, 0xFF, 0x05, 0x43, 0x75, 0xFF,
  0x07, 0x2D, 0x50, 0xFF, 0x08, 0x27, 0x43, 0xFF, 0x09, 0x2C, 0x49, 0xFF, 0x0A, 0x47, 0x7C, 0xFF, 0x80, 0xE0, 0xED, 0xFF, 0x3D, 0xF5, 0xFA, 0xFF,
  0x02, 0xDE, 0xF9, 0xFF, 0x02, 0xD9, 0xFA, 0xFF, 0x03, 0xD7, 0xFA, 0xFF, 0x02, 0xD4, 0xFB, 0xFF, 0x03, 0xD3, 0xFA, 0xFF, 0x15, 0xD8, 0xFA, 0xFF,
  0x1F, 0xE3, 0xFA, 0xFF, 0x27, 0xE0, 0xF9, 0xFF, 0x10, 0x5A, 0xAE, 0xFF, 0x06, 0x18, 0x26, 0xFF, 0x05, 0x0E, 0x15, 0xFF, 0x05, 0x09, 0x0D, 0xFF,
  0x05, 0x07, 0x09, 0xFF, 0x04, 0x06, 0x08, 0xFF, 0x04, 0x07, 0x0A, 0xFF, 0x05, 0x0E, 0x17, 0xFF, 0x05, 0x10, 0x1C, 0xFF, 0x05, 0x0D, 0x17, 0xFF,
  0x05, 0x15, 0x28, 0xFF, 0x04, 0x3B, 0x7C, 0xFF, 0x04, 0x72, 0xBB, 0xFF, 0x03, 0x4D, 0x95, 0xFF, 0x05, 0x1B, 0x38, 0xFF, 0x04, 0x0B, 0x13, 0xFF,
  0x04, 0x05, 0x08, 0xFF, 0x04, 0x05, 0x07, 0xFF, 0x04, 0x06, 0x08, 0xFF, 0x04, 0x07, 0x0A, 0xFF, 0x04, 0x08, 0x0E, 0xFF, 0x05, 0x0B, 0x13, 0xFF,
  0x05, 0x0F, 0x1A, 0xFF, 0x04, 0x16, 0x27, 0xFF, 0x04, 0x23, 0x41, 0xFF, 0x03, 0x55, 0x92, 0xFF, 0x03, 0xE0, 0xF9, 0xFF, 0x14, 0xF2, 0xFA, 0xFF,
  0x3B, 0xED, 0xF9, 0xFF, 0x02, 0xD0, 0xF9, 0xFF, 0x01, 0xC7, 0xF9, 0xFF, 0x02, 0xBC, 0xFA, 0xFF, 0x02, 0xB3, 0xFA, 0xFF, 0x01, 0xAB, 0xF9, 0xFF,
  0x01, 0xA5, 0xF9, 0xFF, 0x01, 0xA1, 0xFA, 0xFF, 0x01, 0x9D, 0xFA, 0xFF, 0x01, 0x9B, 0xF9, 0xFF, 0x01, 0x99, 0xF9, 0xFF, 0x01, 0x97, 0xF9, 0xFF,
  0x01, 0x96, 0xF9, 0xFF, 0x01, 0x97, 0xF9, 0xFF, 0x01, 0x98, 0xFA, 0xFF, 0x00, 0x9B, 0xF9, 0xFF, 0x01, 0xA4, 0xF9, 0xFF, 0x12, 0xC4, 0xF9, 0xFF,
  0x40, 0xA7, 0xE1, 0xFF, 0x27, 0x39, 0xC0, 0xFF, 0x03, 0x0F, 0x9D, 0xFF, 0x04, 0x10, 0x46, 0xFF, 0x05, 0x0A, 0x12, 0xFF, 0x04, 0x05, 0x07, 0xFF,
  0x04, 0x04, 0x05, 0xFF, 0x04, 0x03, 0x04, 0xFF, 0x04, 0x03, 0x04, 0xFF, 0x04, 0x03, 0x04, 0xFF, 0x04, 0x03, 0x03, 0xFF, 0x04, 0x03, 0x03, 0xFF,
  0x04, 0x03, 0x03, 0xFF, 0x04, 0x03, 0x03, 0xFF, 0x04, 0x03, 0x03, 0xFF, 0x04, 0x03, 0x03, 0xFF, 0x04, 0x03, 0x03, 0xFF, 0x04, 0x03, 0x03, 0xFF,
  0x04, 0x03, 0x03, 0xFF, 0x04, 0x03, 0x03, 0xFF, 0x04, 0x03, 0x03, 0xFF, 0x04, 0x03, 0x03, 0xFF, 0x04, 0x03, 0x03, 0xFF, 0x04, 0x03, 0x03, 0xFF,
  0x04, 0x03, 0x03, 0xFF, 0x04, 0x03, 0x04, 0xFF, 0x07, 0x07, 0x0A, 0xFF, 0x2F, 0x3B, 0x48, 0xFF, 0x5B, 0x72, 0x90, 0xFF, 0x6A, 0x90, 0xCC, 0xFF,
  0x78, 0xAA, 0xEE, 0xFF, 0x83, 0xBC, 0xF8, 0xFF, 0x6F, 0xB3, 0xF8, 0xFF, 0x67, 0xAD, 0xF8, 0xFF, 0x69, 0xAF, 0xFA, 0xFF, 0x69, 0xB1, 0xF9, 0xFF,
  0x6F, 0xB8, 0xF8, 0xFF, 0x7B, 0xC5, 0xF9, 0xFF, 0x87, 0xD0, 0xF9, 0xFF, 0x98, 0xE0, 0xFA, 0xFF, 0xB8, 0xEE, 0xF9, 0xFF, 0xA7, 0xD8, 0xF5, 0xFF,
  0x7D, 0xA1, 0xE8, 0xFF, 0x54, 0x64, 0xC7, 0xFF, 0x18, 0x2B, 0xAE, 0xFF, 0x0F, 0x32, 0xA7, 0xFF, 0x10, 0x2A, 0x91, 0xFF, 0x0F, 0x20, 0x79, 0xFF,
  0x0D, 0x1B, 0x61, 0xFF, 0x0B, 0x16, 0x4F, 0xFF, 0x09, 0x10, 0x39, 0xFF, 0x07, 0x0C, 0x27, 0xFF, 0x06, 0x09, 0x1F, 0xFF, 0x06, 0x08, 0x1A, 0xFF,
  0x05, 0x07, 0x16, 0xFF, 0x05, 0x07, 0x13, 0xFF, 0x05, 0x06, 0x11, 0xFF, 0x05, 0x06, 0x0F, 0xFF, 0x04, 0x05, 0x0A, 0xFF, 0x04, 0x04, 0x08, 0xFF,
  0x04, 0x04, 0x06, 0xFF, 0x04, 0x04, 0x05, 0xFF, 0x04, 0x03, 0x05, 0xFF, 0x04, 0x03, 0x05, 0xFF, 0x04, 0x03, 0x05, 0xFF, 0x04, 0x03, 0x04, 0xFF,
  0x04, 0x03, 0x04, 0xFF, 0x04, 0x03, 0x04, 0xFF, 0x04, 0x03, 0x04, 0xFF, 0x04, 0x03, 0x03, 0xFF, 0x04, 0x03, 0x04, 0xFF, 0x04, 0x03, 0x03, 0xFF,
  0x04, 0x03, 0x03, 0xFF, 0x04, 0x03, 0x03, 0xFF, 0x04, 0x03, 0x03, 0xFF, 0x04, 0x03, 0x03, 0xFF, 0x04, 0x03, 0x03, 0xFF, 0x04, 0x03, 0x04, 0xFF,
  0x04, 0x03, 0x0A, 0xFF, 0x08, 0x07, 0x3D, 0xFF, 0x15, 0x0D, 0xA7, 0xFF, 0x17, 0x12, 0xC0, 0xFF, 0x12, 0x0A, 0xBD, 0xFF, 0x07, 0x0D, 0xBA, 0xFF,
  0x68, 0xA3, 0xF9, 0xFF, 0x69, 0xA2, 0xF9, 0xFF, 0x13, 0x11, 0xEA, 0xFF, 0x13, 0x12, 0xBD, 0xFF, 0x0B, 0x0C, 0x3F, 0xFF, 0x05, 0x04, 0x0B, 0xFF,
  0x04, 0x03, 0x05, 0xFF, 0x04, 0x03, 0x04, 0xFF, 0x04, 0x03, 0x03, 0xFF, 0x04, 0x03, 0x03, 0xFF, 0x04, 0x03, 0x03, 0xFF, 0x04, 0x03, 0x03, 0xFF,
  0x04, 0x03, 0x03, 0xFF, 0x04, 0x03, 0x03, 0xFF, 0x04, 0x03, 0x03, 0xFF, 0x04, 0x03, 0x03, 0xFF, 0x04, 0x03, 0x03, 0xFF, 0x04, 0x03, 0x04, 0xFF,
  0x04, 0x05, 0x07, 0xFF, 0x04, 0x0D, 0x19, 0xFF, 0x03, 0x2F, 0x6C, 0xFF, 0x00, 0x4F, 0xC7, 0xFF, 0x1A, 0xDA, 0xFA, 0xFF, 0x1B, 0xDC, 0xF9, 0xFF,
  0x01, 0x42, 0x99, 0xFF, 0x01, 0x24, 0x78, 0xFF, 0x01, 0x2A, 0x82, 0xFF, 0x02, 0x1D, 0x54, 0xFF, 0x03, 0x0A, 0x16, 0xFF, 0x04, 0x04, 0x06, 0xFF,
  0x04, 0x03, 0x03, 0xFF, 0x04, 0x03, 0x03, 0xFF, 0x04, 0x03, 0x03, 0xFF, 0x04, 0x03, 0x03, 0xFF, 0x04, 0x03, 0x03, 0xFF, 0x04, 0x03, 0x03, 0xFF,
  0x04, 0x03, 0x04, 0xFF, 0x04, 0x03, 0x04, 0xFF, 0x04, 0x03, 0x04, 0xFF, 0x04, 0x04, 0x05, 0xFF, 0x04, 0x05, 0x06, 0xFF, 0x04, 0x06, 0x09, 0xFF,
  0x05, 0x0A, 0x10, 0xFF, 0x05, 0x0E, 0x19, 0xFF, 0x05, 0x13, 0x23, 0xFF, 0x05, 0x18, 0x2D, 0xFF, 0x05, 0x1F, 0x3A, 0xFF, 0x05, 0x25, 0x43, 0xFF,
  0x07, 0x1F, 0x39, 0xFF, 0x07, 0x1F, 0x36, 0xFF, 0x08, 0x21, 0x37, 0xFF, 0x0A, 0x30, 0x50, 0xFF, 0x3C, 0x92, 0xC2, 0xFF, 0x67, 0xF8, 0xF9, 0xFF,
  0x18, 0xE7, 0xF9, 0xFF, 0x02, 0xD9, 0xFA, 0xFF, 0x04, 0xD5, 0xFA, 0xFF, 0x04, 0xD2, 0xFA, 0xFF, 0x03, 0xD0, 0xFA, 0xFF, 0x03, 0xCD, 0xFA, 0xFF,
  0x20, 0xDE, 0xFB, 0xFF, 0x22, 0xE0, 0xFB, 0xFF, 0x2C, 0xAD, 0xEA, 0xFF, 0x06, 0x27, 0x4D, 0xFF, 0x06, 0x12, 0x1B, 0xFF, 0x05, 0x0A, 0x0E, 0xFF,
  0x05, 0x07, 0x09, 0xFF, 0x04, 0x06, 0x08, 0xFF, 0x04, 0x07, 0x09, 0xFF, 0x05, 0x08, 0x0C, 0xFF, 0x05, 0x09, 0x0F, 0xFF, 0x05, 0x0C, 0x14, 0xFF,
  0x05, 0x19, 0x31, 0xFF, 0x03, 0x55, 0xA4, 0xFF, 0x5E, 0xDD, 0xEB, 0xFF, 0x10, 0x96, 0xD0, 0xFF, 0x05, 0x28, 0x54, 0xFF, 0x05, 0x0D, 0x18, 0xFF,
  0x04, 0x06, 0x09, 0xFF, 0x04, 0x05, 0x08, 0xFF, 0x04, 0x06, 0x09, 0xFF, 0x04, 0x08, 0x0C, 0xFF, 0x05, 0x09, 0x10, 0xFF, 0x05, 0x0C, 0x15, 0xFF,
  0x05, 0x10, 0x1D, 0xFF, 0x04, 0x18, 0x2C, 0xFF, 0x04, 0x27, 0x48, 0xFF, 0x04, 0x60, 0xA2, 0xFF, 0x03, 0xE7, 0xFA, 0xFF, 0x30, 0xF7, 0xFB, 0xFF,
  0x3B, 0xEF, 0xFA, 0xFF, 0x03, 0xDB, 0xFB, 0xFF, 0x02, 0xD1, 0xFA, 0xFF, 0x02, 0xC6, 0xFA, 0xFF, 0x02, 0xBC, 0xFA, 0xFF, 0x01, 0xB5, 0xFA, 0xFF,
  0x01, 0xAE, 0xFA, 0xFF, 0x01, 0xA9, 0xFA, 0xFF, 0x01, 0xA3, 0xF9, 0xFF, 0x01, 0x9F, 0xF9, 0xFF, 0x01, 0x9D, 0xF9, 0xFF, 0x01, 0x9B, 0xF9, 0xFF,
  0x01, 0x9A, 0xF9, 0xFF, 0x01, 0x9B, 0xFA, 0xFF, 0x01, 0x9E, 0xF9, 0xFF, 0x02, 0xA8, 0xF9, 0xFF, 0x20, 0xAD, 0xE8, 0xFF, 0x23, 0x45, 0xC3, 0xFF,
  0x03, 0x0C, 0x99, 0xFF, 0x04, 0x12, 0x58, 0xFF, 0x05, 0x0D, 0x1A, 0xFF, 0x05, 0x07, 0x0B, 0xFF, 0x04, 0x06, 0x08, 0xFF, 0x04, 0x04, 0x05, 0xFF,
  0x04, 0x04, 0x05, 0xFF, 0x04, 0x03, 0x04, 0xFF, 0x04, 0x03, 0x04, 0xFF, 0x04, 0x03, 0x04, 0xFF, 0x04, 0x03, 0x04, 0xFF, 0x04, 0x03, 0x04, 0xFF,
  0x04, 0x03, 0x04, 0xFF, 0x04, 0x03, 0x03, 0xFF, 0x04, 0x03, 0x03, 0xFF, 0x04, 0x03, 0x03, 0xFF, 0x04, 0x03, 0x03, 0xFF, 0x04, 0x03, 0x03, 0xFF,
  0x04, 0x03, 0x03, 0xFF, 0x04, 0x03, 0x03, 0xFF, 0x04, 0x03, 0x03, 0xFF, 0x04, 0x03, 0x03, 0xFF, 0x04, 0x03, 0x03, 0xFF, 0x04, 0x03, 0x03, 0xFF,
  0x04, 0x03, 0x03, 0xFF, 0x04, 0x03, 0x04, 0xFF, 0x0B, 0x0D, 0x12, 0xFF, 0x30, 0x48, 0x79, 0xFF, 0x4B, 0x7F, 0xDD, 0xFF, 0x4F, 0x8C, 0xF8, 0xFF,
  0x4E, 0x8D, 0xF9, 0xFF, 0x4E, 0x92, 0xF9, 0xFF, 0x4C, 0x92, 0xFA, 0xFF, 0x4A, 0x90, 0xFA, 0xFF, 0x48, 0x8E, 0xFA, 0xFF, 0x48, 0x8D, 0xFA, 0xFF,
  0x47, 0x8E, 0xFA, 0xFF, 0x48, 0x8F, 0xFA, 0xFF, 0x49, 0x91, 0xF9, 0xFF, 0x49, 0x93, 0xFA, 0xFF, 0x51, 0x9D, 0xFA, 0xFF, 0x6C, 0xB4, 0xF9, 0xFF,
  0x81, 0xCE, 0xFA, 0xFF, 0xA3, 0xE9, 0xF9, 0xFF, 0xAF, 0xE4, 0xF5, 0xFF, 0x72, 0x9E, 0xE7, 0xFF, 0x21, 0x45, 0xD2, 0xFF, 0x0E, 0x2A, 0xB9, 0xFF,
  0x0F, 0x27, 0x91, 0xFF, 0x0F, 0x1D, 0x6E, 0xFF, 0x0B, 0x15, 0x4D, 0xFF, 0x08, 0x0F, 0x34, 0xFF, 0x07, 0x0C, 0x27, 0xFF, 0x06, 0x09, 0x1F, 0xFF,
  0x06, 0x08, 0x19, 0xFF, 0x05, 0x07, 0x15, 0xFF, 0x05, 0x07, 0x13, 0xFF, 0x05, 0x06, 0x10, 0xFF, 0x05, 0x05, 0x0B, 0xFF, 0x04, 0x04, 0x09, 0xFF,
  0x04, 0x04, 0x07, 0xFF, 0x04, 0x04, 0x06, 0xFF, 0x04, 0x03, 0x05, 0xFF, 0x04, 0x03, 0x05, 0xFF, 0x04, 0x03, 0x05, 0xFF, 0x04, 0x03, 0x05, 0xFF,
  0x04, 0x03, 0x04, 0xFF, 0x04, 0x03, 0x04, 0xFF, 0x04, 0x03, 0x04, 0xFF, 0x04, 0x03, 0x03, 0xFF, 0x04, 0x03, 0x04, 0xFF, 0x04, 0x03, 0x03, 0xFF,
  0x04, 0x03, 0x03, 0xFF, 0x04, 0x03, 0x03, 0xFF, 0x04, 0x03, 0x03, 0xFF, 0x04, 0x03, 0x03, 0xFF, 0x04, 0x03, 0x03, 0xFF, 0x04, 0x03, 0x04, 0xFF,
  0x05, 0x03, 0x0A, 0xFF, 0x09, 0x07, 0x40, 0xFF, 0x16, 0x0D, 0xA9, 0xFF, 0x17, 0x11, 0xC2, 0xFF, 0x13, 0x0A, 0xBF, 0xFF, 0x07, 0x0A, 0xB9, 0xFF,
  0x67, 0xA2, 0xF9, 0xFF, 0x6C, 0xA3, 0xFA, 0xFF, 0x14, 0x11, 0xE9, 0xFF, 0x13, 0x11, 0xB8, 0xFF, 0x0B, 0x0B, 0x3C, 0xFF, 0x05, 0x04, 0x0A, 0xFF,
  0x04, 0x03, 0x05, 0xFF, 0x04, 0x03, 0x04, 0xFF, 0x04, 0x03, 0x03, 0xFF, 0x04, 0x03, 0x03, 0xFF, 0x04, 0x03, 0x03, 0xFF, 0x04, 0x03, 0x03, 0xFF,
  0x04, 0x03, 0x03, 0xFF, 0x04, 0x03, 0x03, 0xFF, 0x04, 0x03, 0x03, 0xFF, 0x04, 0x03, 0x03, 0xFF, 0x04, 0x03, 0x03, 0xFF, 0x04, 0x03, 0x04, 0xFF,
  0x04, 0x05, 0x07, 0xFF, 0x04, 0x0C, 0x17, 0xFF, 0x03, 0x2D, 0x65, 0xFF, 0x00, 0x4D, 0xC4, 0xFF, 0x1A, 0xDC, 0xF9, 0xFF, 0x1A, 0xDB, 0xF9, 0xFF,
  0x01, 0x42, 0x9A, 0xFF, 0x01, 0x24, 0x79, 0xFF, 0x01, 0x29, 0x82, 0xFF, 0x02, 0x1C, 0x50, 0xFF, 0x04, 0x09, 0x15, 0xFF, 0x04, 0x04, 0x05, 0xFF,
  0x04, 0x03, 0x03, 0xFF, 0x04, 0x03, 0x03, 0xFF, 0x04, 0x03, 0x03, 0xFF, 0x04, 0x03, 0x03, 0xFF, 0x04, 0x03, 0x03, 0xFF, 0x04, 0x03, 0x03, 0xFF,
  0x04, 0x03, 0x03, 0xFF, 0x04, 0x03, 0x04, 0xFF, 0x04, 0x03, 0x04, 0xFF, 0x04, 0x04, 0x04, 0xFF, 0x04, 0x05, 0x06, 0xFF, 0x04, 0x06, 0x09, 0xFF,
  0x04, 0x08, 0x0D, 0xFF, 0x05, 0x0A, 0x10, 0xFF, 0x05, 0x0B, 0x13, 0xFF, 0x05, 0x0C, 0x15, 0xFF, 0x05, 0x0E, 0x18, 0xFF, 0x05, 0x10, 0x1C, 0xFF,
  0x06, 0x13, 0x21, 0xFF, 0x06, 0x15, 0x24, 0xFF, 0x07, 0x19, 0x29, 0xFF, 0x09, 0x22, 0x37, 0xFF, 0x0C, 0x45, 0x76, 0xFF, 0x72, 0xE2, 0xF3, 0xFF,
  0x3E, 0xF5, 0xFA, 0xFF, 0x04, 0xDA, 0xFA, 0xFF, 0x03, 0xD4, 0xFA, 0xFF, 0x03, 0xD1, 0xFA, 0xFF, 0x03, 0xCE, 0xFA, 0xFF, 0x03, 0xCB, 0xFA, 0xFF,
  0x10, 0xCF, 0xFB, 0xFF, 0x23, 0xDD, 0xFB, 0xFF, 0x2B, 0xDA, 0xF9, 0xFF, 0x14, 0x52, 0x9B, 0xFF, 0x07, 0x19, 0x27, 0xFF, 0x05, 0x0B, 0x11, 0xFF,
  0x05, 0x07, 0x0A, 0xFF, 0x04, 0x06, 0x08, 0xFF, 0x04, 0x05, 0x07, 0xFF, 0x04, 0x06, 0x08, 0xFF, 0x04, 0x07, 0x09, 0xFF, 0x05, 0x09, 0x0E, 0xFF,
  0x05, 0x12, 0x22, 0xFF, 0x04, 0x38, 0x73, 0xFF, 0x03, 0x62, 0xB1, 0xFF, 0x03, 0x47, 0x8A, 0xFF, 0x05, 0x19, 0x31, 0xFF, 0x05, 0x0A, 0x11, 0xFF,
  0x04, 0x07, 0x0B, 0xFF, 0x04, 0x07, 0x0C, 0xFF, 0x05, 0x09, 0x0F, 0xFF, 0x05, 0x0A, 0x12, 0xFF, 0x05, 0x0B, 0x14, 0xFF, 0x05, 0x0D, 0x17, 0xFF,
  0x04, 0x10, 0x1D, 0xFF, 0x04, 0x19, 0x2F, 0xFF, 0x04, 0x2B, 0x52, 0xFF, 0x05, 0x73, 0xB1, 0xFF, 0x07, 0xF2, 0xFA, 0xFF, 0x52, 0xF9, 0xFB, 0xFF,
  0x3E, 0xF5, 0xFB, 0xFF, 0x04, 0xE8, 0xFB, 0xFF, 0x03, 0xDF, 0xFB, 0xFF, 0x02, 0xD3, 0xFB, 0xFF, 0x02, 0xC9, 0xFA, 0xFF, 0x02, 0xC0, 0xFA, 0xFF,
  0x02, 0xB7, 0xFA, 0xFF, 0x01, 0xB0, 0xFA, 0xFF, 0x01, 0xAA, 0xFA, 0xFF, 0x01, 0xA5, 0xF9, 0xFF, 0x01, 0xA2, 0xFA, 0xFF, 0x00, 0x9F, 0xFA, 0xFF,
  0x00, 0x9F, 0xFA, 0xFF, 0x01, 0xA2, 0xFA, 0xFF, 0x02, 0xAD, 0xF9, 0xFF, 0x1B, 0x9E, 0xE0, 0xFF, 0x05, 0x11, 0x9B, 0xFF, 0x03, 0x14, 0x53, 0xFF,
  0x05, 0x0B, 0x14, 0xFF, 0x05, 0x08, 0x0C, 0xFF, 0x04, 0x06, 0x08, 0xFF, 0x04, 0x05, 0x06, 0xFF, 0x04, 0x04, 0x06, 0xFF, 0x04, 0x04, 0x05, 0xFF,
  0x04, 0x04, 0x05, 0xFF, 0x04, 0x04, 0x05, 0xFF, 0x04, 0x04, 0x05, 0xFF, 0x04, 0x04, 0x05, 0xFF, 0x04, 0x03, 0x04, 0xFF, 0x04, 0x03, 0x04, 0xFF,
  0x04, 0x03, 0x04, 0xFF, 0x04, 0x03, 0x04, 0xFF, 0x04, 0x03, 0x04, 0xFF, 0x04, 0x03, 0x03, 0xFF, 0x04, 0x03, 0x03, 0xFF, 0x04, 0x03, 0x03, 0xFF,
  0x04, 0x03, 0x03, 0xFF, 0x04, 0x03, 0x03, 0xFF, 0x04, 0x03, 0x03, 0xFF, 0x04, 0x03, 0x03, 0xFF, 0x04, 0x03, 0x03, 0xFF, 0x04, 0x03, 0x03, 0xFF,
  0x04, 0x03, 0x03, 0xFF, 0x04, 0x03, 0x03, 0xFF, 0x04, 0x03, 0x04, 0xFF, 0x05, 0x05, 0x06, 0xFF, 0x0A, 0x0C, 0x19, 0xFF, 0x2C, 0x40, 0x76, 0xFF,
  0x4E, 0x80, 0xE1, 0xFF, 0x47, 0x8A, 0xF8, 0xFF, 0x47, 0x8D, 0xF9, 0xFF, 0x45, 0x89, 0xFA, 0xFF, 0x41, 0x82, 0xFA, 0xFF, 0x40, 0x7D, 0xFA, 0xFF,
  0x3F, 0x7D, 0xFB, 0xFF, 0x3E, 0x7D, 0xFA, 0xFF, 0x3E, 0x7F, 0xFA, 0xFF, 0x42, 0x86, 0xFB, 0xFF, 0x45, 0x8D, 0xFA, 0xFF, 0x47, 0x94, 0xFA, 0xFF,
  0x4C, 0x9C, 0xFB, 0xFF, 0x4F, 0xA3, 0xFB, 0xFF, 0x74, 0xC2, 0xFA, 0xFF, 0xA0, 0xE7, 0xFA, 0xFF, 0xB3, 0xEF, 0xF8, 0xFF, 0x74, 0x9D, 0xF6, 0xFF,
  0x17, 0x41, 0xD8, 0xFF, 0x13, 0x26, 0xA1, 0xFF, 0x0F, 0x1C, 0x6E, 0xFF, 0x0C, 0x16, 0x50, 0xFF, 0x09, 0x10, 0x39, 0xFF, 0x07, 0x0C, 0x2A, 0xFF,
  0x06, 0x09, 0x20, 0xFF, 0x05, 0x08, 0x19, 0xFF, 0x05, 0x07, 0x14, 0xFF, 0x05, 0x06, 0x11, 0xFF, 0x05, 0x05, 0x0D, 0xFF, 0x05, 0x04, 0x0A, 0xFF,
  0x04, 0x04, 0x08, 0xFF, 0x04, 0x04, 0x06, 0xFF, 0x04, 0x03, 0x05, 0xFF, 0x04, 0x03, 0x05, 0xFF, 0x04, 0x03, 0x05, 0xFF, 0x04, 0x03, 0x04, 0xFF,
  0x04, 0x03, 0x04, 0xFF, 0x04, 0x03, 0x04, 0xFF, 0x04, 0x03, 0x04, 0xFF, 0x04, 0x03, 0x03, 0xFF, 0x04, 0x03, 0x03, 0xFF, 0x04, 0x03, 0x03, 0xFF,
  0x04, 0x03, 0x03, 0xFF, 0x04, 0x03, 0x03, 0xFF, 0x04, 0x03, 0x03, 0xFF, 0x04, 0x03, 0x03, 0xFF, 0x04, 0x03, 0x03, 0xFF, 0x04, 0x03, 0x04, 0xFF,
  0x05, 0x03, 0x0B, 0xFF, 0x09, 0x07, 0x41, 0xFF, 0x17, 0x0D, 0xAA, 0xFF, 0x18, 0x11, 0xC4, 0xFF, 0x14, 0x09, 0xC1, 0xFF, 0x08, 0x0B, 0xB8, 0xFF,
  0x68, 0x9F, 0xF9, 0xFF, 0x6C, 0xA0, 0xF9, 0xFF, 0x14, 0x10, 0xEA, 0xFF, 0x13, 0x10, 0xB2, 0xFF, 0x0A, 0x0A, 0x37, 0xFF, 0x05, 0x04, 0x0A, 0xFF,
  0x04, 0x03, 0x05, 0xFF, 0x04, 0x03, 0x03, 0xFF, 0x04, 0x03, 0x03, 0xFF, 0x04, 0x03, 0x03, 0xFF, 0x04, 0x03, 0x03, 0xFF, 0x04, 0x03, 0x03, 0xFF,
  0x04, 0x03, 0x03, 0xFF, 0x04, 0x03, 0x03, 0xFF, 0x04, 0x03, 0x03, 0xFF, 0x04, 0x03, 0x03, 0xFF, 0x04, 0x03, 0x03, 0xFF, 0x04, 0x03, 0x04, 0xFF,
  0x04, 0x05, 0x06, 0xFF, 0x04, 0x0C, 0x16, 0xFF, 0x03, 0x2D, 0x67, 0xFF, 0x00, 0x4B, 0xC5, 0xFF, 0x19, 0xDB, 0xFA, 0xFF, 0x1A, 0xDB, 0xFA, 0xFF,
  0x01, 0x41, 0x99, 0xFF, 0x01, 0x24, 0x79, 0xFF, 0x02, 0x29, 0x83, 0xFF, 0x02, 0x1C, 0x51, 0xFF, 0x04, 0x09, 0x14, 0xFF, 0x04, 0x04, 0x05, 0xFF,
  0x04, 0x03, 0x03, 0xFF, 0x04, 0x03, 0x03, 0xFF, 0x04, 0x03, 0x03, 0xFF, 0x04, 0x03, 0x03, 0xFF, 0x04, 0x03, 0x03, 0xFF, 0x04, 0x03, 0x03, 0xFF,
  0x04, 0x03, 0x03, 0xFF, 0x04, 0x03, 0x04, 0xFF, 0x04, 0x03, 0x04, 0xFF, 0x04, 0x04, 0x04, 0xFF, 0x04, 0x04, 0x06, 0xFF, 0x04, 0x05, 0x08, 0xFF,
  0x04, 0x07, 0x0B, 0xFF, 0x04, 0x08, 0x0D, 0xFF, 0x05, 0x09, 0x0F, 0xFF, 0x05, 0x09, 0x0F, 0xFF, 0x05, 0x0A, 0x11, 0xFF, 0x05, 0x0C, 0x15, 0xFF,
  0x05, 0x0E, 0x19, 0xFF, 0x06, 0x11, 0x1C, 0xFF, 0x06, 0x14, 0x22, 0xFF, 0x08, 0x1B, 0x2C, 0xFF, 0x0B, 0x32, 0x53, 0xFF, 0x4B, 0xA1, 0xCF, 0xFF,
  0x53, 0xF8, 0xF9, 0xFF, 0x20, 0xE5, 0xF9, 0xFF, 0x02, 0xD4, 0xFA, 0xFF, 0x02, 0xD0, 0xFA, 0xFF, 0x03, 0xCB, 0xFA, 0xFF, 0x02, 0xC6, 0xFA, 0xFF,
  0x02, 0xC3, 0xFB, 0xFF, 0x22, 0xD5, 0xFA, 0xFF, 0x24, 0xD3, 0xFA, 0xFF, 0x24, 0x9D, 0xE3, 0xFF, 0x08, 0x29, 0x4A, 0xFF, 0x05, 0x0E, 0x15, 0xFF,
  0x05, 0x08, 0x0C, 0xFF, 0x04, 0x06, 0x08, 0xFF, 0x04, 0x05, 0x07, 0xFF, 0x04, 0x06, 0x08, 0xFF, 0x04, 0x07, 0x09, 0xFF, 0x05, 0x08, 0x0B, 0xFF,
  0x05, 0x0B, 0x12, 0xFF, 0x05, 0x17, 0x2B, 0xFF, 0x05, 0x1A, 0x33, 0xFF, 0x05, 0x13, 0x24, 0xFF, 0x05, 0x0C, 0x15, 0xFF, 0x05, 0x0A, 0x12, 0xFF,
  0x05, 0x11, 0x1F, 0xFF, 0x05, 0x19, 0x30, 0xFF, 0x05, 0x13, 0x24, 0xFF, 0x05, 0x0D, 0x17, 0xFF, 0x05, 0x0C, 0x16, 0xFF, 0x05, 0x0D, 0x17, 0xFF,
  0x04, 0x11, 0x1F, 0xFF, 0x04, 0x1B, 0x33, 0xFF, 0x05, 0x2C, 0x55, 0xFF, 0x06, 0x72, 0xB0, 0xFF, 0x09, 0xF4, 0xFA, 0xFF, 0x4D, 0xF9, 0xFB, 0xFF,
  0x58, 0xF9, 0xFB, 0xFF, 0x07, 0xF6, 0xFB, 0xFF, 0x03, 0xEC, 0xFB, 0xFF, 0x02, 0xDF, 0xFB, 0xFF, 0x02, 0xD2, 0xFB, 0xFF, 0x02, 0xC7, 0xFA, 0xFF,
  0x02, 0xBD, 0xFA, 0xFF, 0x01, 0xB5, 0xF9, 0xFF, 0x01, 0xAF, 0xF9, 0xFF, 0x01, 0xAA, 0xF9, 0xFF, 0x01, 0xA6, 0xF9, 0xFF, 0x01, 0xA4, 0xFA, 0xFF,
  0x00, 0xA4, 0xF9, 0xFF, 0x01, 0xA7, 0xF9, 0xFF, 0x04, 0xB9, 0xFA, 0xFF, 0x2F, 0x71, 0xD0, 0xFF, 0x03, 0x1C, 0x6D, 0xFF, 0x05, 0x15, 0x26, 0xFF,
  0x05, 0x0A, 0x12, 0xFF, 0x05, 0x08, 0x0D, 0xFF, 0x05, 0x06, 0x0A, 0xFF, 0x04, 0x05, 0x07, 0xFF, 0x04, 0x05, 0x07, 0xFF, 0x04, 0x05, 0x06, 0xFF,
  0x04, 0x04, 0x05, 0xFF, 0x04, 0x04, 0x05, 0xFF, 0x04, 0x04, 0x05, 0xFF, 0x04, 0x04, 0x05, 0xFF, 0x04, 0x04, 0x05, 0xFF, 0x04, 0x03, 0x04, 0xFF,
  0x04, 0x03, 0x04, 0xFF, 0x04, 0x03, 0x04, 0xFF, 0x04, 0x03, 0x04, 0xFF, 0x04, 0x03, 0x04, 0xFF, 0x04, 0x03, 0x03, 0xFF, 0x04, 0x03, 0x03, 0xFF,
  0x04, 0x03, 0x03, 0xFF, 0x04, 0x03, 0x03, 0xFF, 0x04, 0x03, 0x03, 0xFF, 0x04, 0x03, 0x03, 0xFF, 0x04, 0x03, 0x03, 0xFF, 0x04, 0x03, 0x03, 0xFF,
  0x04, 0x03, 0x03, 0xFF, 0x04, 0x03, 0x03, 0xFF, 0x04, 0x03, 0x04, 0xFF, 0x04, 0x03, 0x04, 0xFF, 0x05, 0x05, 0x07, 0xFF, 0x07, 0x08, 0x0D, 0xFF,
  0x10, 0x17, 0x37, 0xFF, 0x3D, 0x5B, 0xAE, 0xFF, 0x50, 0x8F, 0xF7, 0xFF, 0x42, 0x7E, 0xF9, 0xFF, 0x3F, 0x77, 0xF9, 0xFF, 0x3C, 0x6F, 0xFA, 0xFF,
  0x3C, 0x6C, 0xFA, 0xFF, 0x3B, 0x6E, 0xFA, 0xFF, 0x3C, 0x72, 0xFA, 0xFF, 0x3F, 0x77, 0xFA, 0xFF, 0x40, 0x7D, 0xFA, 0xFF, 0x43, 0x87, 0xFA, 0xFF,
  0x48, 0x92, 0xFB, 0xFF, 0x4A, 0x98, 0xFB, 0xFF, 0x4A, 0xA0, 0xFA, 0xFF, 0x4E, 0xAF, 0xFA, 0xFF, 0x85, 0xD4, 0xFA, 0xFF, 0xCE, 0xF6, 0xFA, 0xFF,
  0xB6, 0xE2, 0xF6, 0xFF, 0x2F, 0x46, 0xDE, 0xFF, 0x10, 0x22, 0xAD, 0xFF, 0x0F, 0x1E, 0x79, 0xFF, 0x0C, 0x16, 0x53, 0xFF, 0x09, 0x10, 0x3A, 0xFF,
  0x07, 0x0B, 0x2A, 0xFF, 0x06, 0x09, 0x20, 0xFF, 0x05, 0x07, 0x19, 0xFF, 0x05, 0x07, 0x15, 0xFF, 0x05, 0x05, 0x0F, 0xFF, 0x05, 0x05, 0x0C, 0xFF,
  0x04, 0x04, 0x0A, 0xFF, 0x04, 0x04, 0x07, 0xFF, 0x04, 0x03, 0x06, 0xFF, 0x04, 0x03, 0x05, 0xFF, 0x04, 0x03, 0x04, 0xFF, 0x04, 0x03, 0x04, 0xFF,
  0x04, 0x03, 0x04, 0xFF, 0x04, 0x03, 0x04, 0xFF, 0x04, 0x03, 0x03, 0xFF, 0x04, 0x03, 0x03, 0xFF, 0x04, 0x03, 0x04, 0xFF, 0x04, 0x03, 0x03, 0xFF,
  0x04, 0x03, 0x03, 0xFF, 0x04, 0x03, 0x03, 0xFF, 0x04, 0x03, 0x03, 0xFF, 0x04, 0x03, 0x03, 0xFF, 0x04, 0x03, 0x03, 0xFF, 0x04, 0x03, 0x04, 0xFF,
  0x05, 0x03, 0x0B, 0xFF, 0x0A, 0x06, 0x41, 0xFF, 0x18, 0x0C, 0xAC, 0xFF, 0x18, 0x10, 0xC4, 0xFF, 0x13, 0x08, 0xC0, 0xFF, 0x09, 0x0C, 0xB9, 0xFF,
  0x6A, 0x9E, 0xFA, 0xFF, 0x6B, 0x9A, 0xF9, 0xFF, 0x14, 0x0E, 0xE7, 0xFF, 0x15, 0x10, 0xB1, 0xFF, 0x0B, 0x0A, 0x37, 0xFF, 0x05, 0x04, 0x0A, 0xFF,
  0x04, 0x03, 0x05, 0xFF, 0x04, 0x03, 0x04, 0xFF, 0x04, 0x03, 0x03, 0xFF, 0x04, 0x03, 0x03, 0xFF, 0x04, 0x03, 0x03, 0xFF, 0x04, 0x03, 0x03, 0xFF,
  0x04, 0x03, 0x03, 0xFF, 0x04, 0x03, 0x03, 0xFF, 0x04, 0x03, 0x03, 0xFF, 0x04, 0x03, 0x03, 0xFF, 0x04, 0x03, 0x03, 0xFF, 0x04, 0x03, 0x04, 0xFF,
  0x04, 0x05, 0x06, 0xFF, 0x04, 0x0C, 0x16, 0xFF, 0x02, 0x30, 0x6F, 0xFF, 0x00, 0x4B, 0xCA, 0xFF, 0x19, 0xDA, 0xFA, 0xFF, 0x1A, 0xDA, 0xFA, 0xFF,
  0x01, 0x40, 0x9C, 0xFF, 0x01, 0x24, 0x7A, 0xFF, 0x01, 0x29, 0x84, 0xFF, 0x02, 0x1D, 0x53, 0xFF, 0x04, 0x09, 0x14, 0xFF, 0x04, 0x04, 0x05, 0xFF,
  0x04, 0x03, 0x03, 0xFF, 0x04, 0x03, 0x03, 0xFF, 0x04, 0x03, 0x03, 0xFF, 0x04, 0x03, 0x03, 0xFF, 0x04, 0x03, 0x03, 0xFF, 0x04, 0x03, 0x03, 0xFF,
  0x04, 0x03, 0x03, 0xFF, 0x04, 0x03, 0x03, 0xFF, 0x04, 0x03, 0x04, 0xFF, 0x04, 0x03, 0x04, 0xFF, 0x04, 0x04, 0x04, 0xFF, 0x04, 0x04, 0x06, 0xFF,
  0x04, 0x05, 0x08, 0xFF, 0x04, 0x06, 0x09, 0xFF, 0x04, 0x07, 0x0A, 0xFF, 0x04, 0x07, 0x0B, 0xFF, 0x05, 0x08, 0x0D, 0xFF, 0x05, 0x0A, 0x0F, 0xFF,
  0x05, 0x0B, 0x12, 0xFF, 0x05, 0x0D, 0x16, 0xFF, 0x06, 0x10, 0x1A, 0xFF, 0x07, 0x15, 0x21, 0xFF, 0x09, 0x24, 0x39, 0xFF, 0x11, 0x54, 0x87, 0xFF,
  0x68, 0xED, 0xF3, 0xFF, 0x42, 0xF4, 0xF9, 0xFF, 0x03, 0xDA, 0xFA, 0xFF, 0x02, 0xD0, 0xFB, 0xFF, 0x02, 0xC9, 0xFB, 0xFF, 0x03, 0xC5, 0xFB, 0xFF,
  0x03, 0xC2, 0xFB, 0xFF, 0x14, 0xC9, 0xFA, 0xFF, 0x23, 0xD1, 0xF9, 0xFF, 0x29, 0xCF, 0xF8, 0xFF, 0x0F, 0x52, 0xA5, 0xFF, 0x06, 0x14, 0x1E, 0xFF,
  0x05, 0x0A, 0x0F, 0xFF, 0x05, 0x07, 0x09, 0xFF, 0x04, 0x05, 0x07, 0xFF, 0x04, 0x05, 0x06, 0xFF, 0x04, 0x06, 0x08, 0xFF, 0x04, 0x06, 0x08, 0xFF,
  0x04, 0x07, 0x09, 0xFF, 0x04, 0x07, 0x0B, 0xFF, 0x04, 0x08, 0x0C, 0xFF, 0x04, 0x07, 0x0B, 0xFF, 0x04, 0x07, 0x0A, 0xFF, 0x05, 0x0B, 0x12, 0xFF,
  0x05, 0x3F, 0x6E, 0xFF, 0x16, 0x76, 0xA8, 0xFF, 0x05, 0x24, 0x4B, 0xFF, 0x05, 0x10, 0x1E, 0xFF, 0x05, 0x0D, 0x17, 0xFF, 0x05, 0x0D, 0x18, 0xFF,
  0x04, 0x12, 0x21, 0xFF, 0x05, 0x1B, 0x33, 0xFF, 0x05, 0x2C, 0x54, 0xFF, 0x02, 0x59, 0xA6, 0xFF, 0x05, 0xEC, 0xF9, 0xFF, 0x2C, 0xF6, 0xFA, 0xFF,
  0x8B, 0xFA, 0xFB, 0xFF, 0x0F, 0xF9, 0xFB, 0xFF, 0x04, 0xF5, 0xFA, 0xFF, 0x02, 0xE6, 0xFB, 0xFF, 0x02, 0xD9, 0xFB, 0xFF, 0x02, 0xCD, 0xFA, 0xFF,
  0x02, 0xC1, 0xFA, 0xFF, 0x01, 0xBA, 0xF9, 0xFF, 0x01, 0xB4, 0xF9, 0xFF, 0x01, 0xB0, 0xFA, 0xFF, 0x01, 0xAD, 0xFA, 0xFF, 0x01, 0xA9, 0xFA, 0xFF,
  0x01, 0xA7, 0xF9, 0xFF, 0x01, 0xAB, 0xF9, 0xFF, 0x03, 0xC0, 0xF9, 0xFF, 0x3D, 0xB2, 0xEE, 0xFF, 0x06, 0x15, 0xA5, 0xFF, 0x05, 0x1E, 0x53, 0xFF,
  0x05, 0x16, 0x28, 0xFF, 0x05, 0x0E, 0x1A, 0xFF, 0x05, 0x0A, 0x11, 0xFF, 0x05, 0x08, 0x0D, 0xFF, 0x05, 0x08, 0x0C, 0xFF, 0x05, 0x06, 0x0A, 0xFF,
  0x05, 0x06, 0x09, 0xFF, 0x05, 0x06, 0x08, 0xFF, 0x05, 0x05, 0x07, 0xFF, 0x04, 0x05, 0x06, 0xFF, 0x04, 0x04, 0x05, 0xFF, 0x04, 0x04, 0x05, 0xFF,
  0x04, 0x04, 0x05, 0xFF, 0x04, 0x04, 0x05, 0xFF, 0x04, 0x03, 0x04, 0xFF, 0x04, 0x03, 0x04, 0xFF, 0x04, 0x03, 0x04, 0xFF, 0x04, 0x03, 0x04, 0xFF,
  0x04, 0x03, 0x03, 0xFF, 0x04, 0x03, 0x03, 0xFF, 0x04, 0x03, 0x03, 0xFF, 0x04, 0x03, 0x03, 0xFF, 0x04, 0x03, 0x03, 0xFF, 0x04, 0x03, 0x04, 0xFF,
  0x04, 0x03, 0x03, 0xFF, 0x04, 0x03, 0x03, 0xFF, 0x04, 0x03, 0x03, 0xFF, 0x04, 0x03, 0x03, 0xFF, 0x04, 0x03, 0x04, 0xFF, 0x05, 0x04, 0x05, 0xFF,
  0x06, 0x06, 0x08, 0xFF, 0x08, 0x0A, 0x13, 0xFF, 0x23, 0x31, 0x60, 0xFF, 0x57, 0x87, 0xE7, 0xFF, 0x45, 0x79, 0xF9, 0xFF, 0x39, 0x66, 0xF9, 0xFF,
  0x33, 0x5E, 0xF9, 0xFF, 0x32, 0x61, 0xF9, 0xFF, 0x36, 0x68, 0xFA, 0xFF, 0x3B, 0x6C, 0xFA, 0xFF, 0x3E, 0x71, 0xFA, 0xFF, 0x40, 0x77, 0xFB, 0xFF,
  0x41, 0x7E, 0xFA, 0xFF, 0x42, 0x86, 0xF9, 0xFF, 0x46, 0x91, 0xFA, 0xFF, 0x4D, 0x9E, 0xFB, 0xFF, 0x55, 0xA9, 0xFB, 0xFF, 0x6B, 0xBF, 0xFA, 0xFF,
  0xB7, 0xEC, 0xFA, 0xFF, 0xB4, 0xE5, 0xF7, 0xFF, 0x33, 0x4E, 0xE7, 0xFF, 0x11, 0x24, 0xAE, 0xFF, 0x10, 0x1E, 0x77, 0xFF, 0x0B, 0x14, 0x4C, 0xFF,
  0x09, 0x0E, 0x34, 0xFF, 0x07, 0x0B, 0x27, 0xFF, 0x06, 0x09, 0x1F, 0xFF, 0x05, 0x08, 0x1A, 0xFF, 0x05, 0x06, 0x11, 0xFF, 0x05, 0x05, 0x0E, 0xFF,
  0x05, 0x04, 0x0B, 0xFF, 0x04, 0x04, 0x08, 0xFF, 0x04, 0x04, 0x06, 0xFF, 0x04, 0x03, 0x05, 0xFF, 0x04, 0x03, 0x04, 0xFF, 0x04, 0x03, 0x04, 0xFF,
  0x04, 0x03, 0x04, 0xFF, 0x04, 0x03, 0x04, 0xFF, 0x04, 0x03, 0x04, 0xFF, 0x04, 0x03, 0x03, 0xFF, 0x04, 0x03, 0x03, 0xFF, 0x04, 0x03, 0x03, 0xFF,
  0x04, 0x03, 0x03, 0xFF, 0x04, 0x03, 0x03, 0xFF, 0x04, 0x03, 0x03, 0xFF, 0x04, 0x03, 0x03, 0xFF, 0x04, 0x03, 0x03, 0xFF, 0x04, 0x03, 0x04, 0xFF,
  0x05, 0x03, 0x0A, 0xFF, 0x09, 0x06, 0x3C, 0xFF, 0x19, 0x0C, 0xAD, 0xFF, 0x19, 0x0F, 0xC2, 0xFF, 0x13, 0x07, 0xBD, 0xFF, 0x0A, 0x0D, 0xB8, 0xFF,
  0x6B, 0x9B, 0xFA, 0xFF, 0x6B, 0x98, 0xF9, 0xFF, 0x14, 0x0E, 0xE8, 0xFF, 0x15, 0x10, 0xAE, 0xFF, 0x0B, 0x0A, 0x39, 0xFF, 0x05, 0x04, 0x0A, 0xFF,
  0x04, 0x03, 0x05, 0xFF, 0x04, 0x03, 0x04, 0xFF, 0x04, 0x03, 0x03, 0xFF, 0x04, 0x03, 0x03, 0xFF, 0x04, 0x03, 0x03, 0xFF, 0x04, 0x03, 0x03, 0xFF,
  0x04, 0x03, 0x03, 0xFF, 0x04, 0x03, 0x03, 0xFF, 0x04, 0x03, 0x03, 0xFF, 0x04, 0x03, 0x03, 0xFF, 0x04, 0x03, 0x03, 0xFF, 0x04, 0x03, 0x04, 0xFF,
  0x04, 0x05, 0x06, 0xFF, 0x04, 0x0B, 0x14, 0xFF, 0x03, 0x2F, 0x6D, 0xFF, 0x00, 0x4D, 0xCD, 0xFF, 0x1A, 0xD9, 0xF9, 0xFF, 0x1D, 0xDB, 0xF9, 0xFF,
  0x02, 0x40, 0x99, 0xFF, 0x01, 0x24, 0x7A, 0xFF, 0x01, 0x2A, 0x86, 0xFF, 0x02, 0x1D, 0x54, 0xFF, 0x04, 0x09, 0x14, 0xFF, 0x04, 0x04, 0x05, 0xFF,
  0x04, 0x03, 0x04, 0xFF, 0x04, 0x03, 0x03, 0xFF, 0x04, 0x03, 0x03, 0xFF, 0x04, 0x03, 0x03, 0xFF, 0x04, 0x03, 0x03, 0xFF, 0x04, 0x03, 0x03, 0xFF,
  0x04, 0x03, 0x03, 0xFF, 0x04, 0x03, 0x03, 0xFF, 0x04, 0x03, 0x04, 0xFF, 0x04, 0x03, 0x04, 0xFF, 0x04, 0x03, 0x04, 0xFF, 0x04, 0x04, 0x05, 0xFF,
  0x04, 0x04, 0x06, 0xFF, 0x04, 0x05, 0x07, 0xFF, 0x04, 0x05, 0x08, 0xFF, 0x04, 0x06, 0x0A, 0xFF, 0x04, 0x07, 0x0B, 0xFF, 0x05, 0x08, 0x0D, 0xFF,
  0x05, 0x0A, 0x0F, 0xFF, 0x05, 0x0B, 0x13, 0xFF, 0x05, 0x0D, 0x16, 0xFF, 0x06, 0x12, 0x1C, 0xFF, 0x08, 0x1B, 0x2B, 0xFF, 0x0B, 0x33, 0x53, 0xFF,
  0x36, 0xA1, 0xC8, 0xFF, 0x4B, 0xF8, 0xFA, 0xFF, 0x2B, 0xE8, 0xFA, 0xFF, 0x02, 0xD3, 0xFB, 0xFF, 0x02, 0xC9, 0xFB, 0xFF, 0x03, 0xC4, 0xFB, 0xFF,
  0x03, 0xC0, 0xFA, 0xFF, 0x04, 0xBD, 0xFA, 0xFF, 0x25, 0xCF, 0xF9, 0xFF, 0x25, 0xCD, 0xFA, 0xFF, 0x27, 0x9E, 0xE0, 0xFF, 0x07, 0x1C, 0x36, 0xFF,
  0x05, 0x0D, 0x13, 0xFF, 0x05, 0x07, 0x0A, 0xFF, 0x04, 0x05, 0x06, 0xFF, 0x04, 0x05, 0x06, 0xFF, 0x04, 0x05, 0x06, 0xFF, 0x04, 0x05, 0x06, 0xFF,
  0x04, 0x05, 0x06, 0xFF, 0x04, 0x04, 0x06, 0xFF, 0x04, 0x04, 0x07, 0xFF, 0x04, 0x05, 0x07, 0xFF, 0x04, 0x05, 0x07, 0xFF, 0x04, 0x08, 0x0D, 0xFF,
  0x05, 0x22, 0x43, 0xFF, 0x04, 0x3E, 0x77, 0xFF, 0x05, 0x1F, 0x42, 0xFF, 0x05, 0x0F, 0x1D, 0xFF, 0x05, 0x0D, 0x17, 0xFF, 0x05, 0x0D, 0x17, 0xFF,
  0x04, 0x11, 0x20, 0xFF, 0x05, 0x19, 0x2F, 0xFF, 0x05, 0x29, 0x4E, 0xFF, 0x04, 0x45, 0x93, 0xFF, 0x01, 0xD3, 0xF7, 0xFF, 0x0E, 0xF0, 0xFA, 0xFF,
  0xB8, 0xFA, 0xFB, 0xFF, 0x19, 0xF9, 0xFB, 0xFF, 0x06, 0xF6, 0xFA, 0xFF, 0x03, 0xEA, 0xFB, 0xFF, 0x03, 0xDB, 0xFB, 0xFF, 0x01, 0xCF, 0xFA, 0xFF,
  0x01, 0xC5, 0xFA, 0xFF, 0x01, 0xBE, 0xF9, 0xFF, 0x01, 0xB9, 0xFA, 0xFF, 0x01, 0xB6, 0xF9, 0xFF, 0x02, 0xB1, 0xFA, 0xFF, 0x02, 0xAD, 0xF9, 0xFF,
  0x01, 0xAA, 0xF9, 0xFF, 0x01, 0xA9, 0xF9, 0xFF, 0x01, 0xAF, 0xF9, 0xFF, 0x04, 0xC1, 0xFA, 0xFF, 0x24, 0xB3, 0xF1, 0xFF, 0x21, 0x78, 0xDA, 0xFF,
  0x17, 0x54, 0xC0, 0xFF, 0x0F, 0x30, 0x9B, 0xFF, 0x04, 0x1A, 0x75, 0xFF, 0x05, 0x18, 0x57, 0xFF, 0x05, 0x14, 0x38, 0xFF, 0x05, 0x0F, 0x1D, 0xFF,
  0x05, 0x0C, 0x15, 0xFF, 0x05, 0x0A, 0x11, 0xFF, 0x05, 0x08, 0x0C, 0xFF, 0x05, 0x07, 0x0A, 0xFF, 0x05, 0x06, 0x08, 0xFF, 0x05, 0x05, 0x07, 0xFF,
  0x05, 0x05, 0x06, 0xFF, 0x05, 0x05, 0x06, 0xFF, 0x04, 0x04, 0x06, 0xFF, 0x04, 0x04, 0x05, 0xFF, 0x04, 0x04, 0x05, 0xFF, 0x04, 0x03, 0x04, 0xFF,
  0x04, 0x03, 0x04, 0xFF, 0x04, 0x03, 0x04, 0xFF, 0x04, 0x03, 0x04, 0xFF, 0x04, 0x03, 0x03, 0xFF, 0x04, 0x03, 0x04, 0xFF, 0x04, 0x03, 0x04, 0xFF,
  0x04, 0x03, 0x03, 0xFF, 0x04, 0x03, 0x03, 0xFF, 0x04, 0x03, 0x03, 0xFF, 0x04, 0x03, 0x03, 0xFF, 0x04, 0x03, 0x03, 0xFF, 0x04, 0x03, 0x04, 0xFF,
  0x05, 0x04, 0x05, 0xFF, 0x05, 0x05, 0x07, 0xFF, 0x07, 0x07, 0x0C, 0xFF, 0x16, 0x1F, 0x50, 0xFF, 0x48, 0x6D, 0xD4, 0xFF, 0x49, 0x78, 0xF8, 0xFF,
  0x35, 0x5E, 0xF8, 0xFF, 0x2E, 0x54, 0xF9, 0xFF, 0x2F, 0x5B, 0xF9, 0xFF, 0x33, 0x5F, 0xFA, 0xFF, 0x38, 0x5F, 0xFA, 0xFF, 0x3A, 0x64, 0xFA, 0xFF,
  0x3C, 0x6C, 0xFA, 0xFF, 0x3F, 0x75, 0xFA, 0xFF, 0x42, 0x7E, 0xFA, 0xFF, 0x46, 0x89, 0xFB, 0xFF, 0x49, 0x93, 0xFA, 0xFF, 0x4E, 0xA0, 0xFA, 0xFF,
  0x54, 0xB2, 0xFA, 0xFF, 0xB4, 0xEA, 0xFA, 0xFF, 0xC2, 0xF0, 0xF7, 0xFF, 0x35, 0x5C, 0xE1, 0xFF, 0x12, 0x21, 0x9E, 0xFF, 0x0E, 0x18, 0x5D, 0xFF,
  0x0A, 0x11, 0x41, 0xFF, 0x08, 0x0D, 0x2F, 0xFF, 0x06, 0x09, 0x23, 0xFF, 0x06, 0x07, 0x1B, 0xFF, 0x05, 0x06, 0x14, 0xFF, 0x05, 0x05, 0x10, 0xFF,
  0x05, 0x05, 0x0E, 0xFF, 0x04, 0x04, 0x09, 0xFF, 0x04, 0x04, 0x06, 0xFF, 0x04, 0x03, 0x05, 0xFF, 0x04, 0x03, 0x04, 0xFF, 0x04, 0x03, 0x04, 0xFF,
  0x04, 0x03, 0x04, 0xFF, 0x04, 0x03, 0x04, 0xFF, 0x04, 0x03, 0x04, 0xFF, 0x04, 0x03, 0x03, 0xFF, 0x04, 0x03, 0x03, 0xFF, 0x04, 0x03, 0x03, 0xFF,
  0x04, 0x03, 0x03, 0xFF, 0x04, 0x03, 0x03, 0xFF, 0x04, 0x03, 0x03, 0xFF, 0x04, 0x03, 0x03, 0xFF, 0x04, 0x03, 0x03, 0xFF, 0x04, 0x03, 0x04, 0xFF,
  0x05, 0x03, 0x0A, 0xFF, 0x0A, 0x05, 0x3C, 0xFF, 0x1A, 0x09, 0xAC, 0xFF, 0x19, 0x0E, 0xC0, 0xFF, 0x13, 0x06, 0xB9, 0xFF, 0x0B, 0x0D, 0xB7, 0xFF,
  0x6D, 0x9A, 0xF9, 0xFF, 0x6C, 0x96, 0xF9, 0xFF, 0x15, 0x0D, 0xE5, 0xFF, 0x16, 0x0F, 0xAE, 0xFF, 0x0C, 0x0A, 0x3B, 0xFF, 0x05, 0x04, 0x0B, 0xFF,
  0x04, 0x03, 0x05, 0xFF, 0x04, 0x03, 0x04, 0xFF, 0x04, 0x03, 0x03, 0xFF, 0x04, 0x03, 0x03, 0xFF, 0x04, 0x03, 0x03, 0xFF, 0x04, 0x03, 0x03, 0xFF,
  0x04, 0x03, 0x03, 0xFF, 0x04, 0x03, 0x03, 0xFF, 0x04, 0x03, 0x03, 0xFF, 0x04, 0x03, 0x03, 0xFF, 0x04, 0x03, 0x03, 0xFF, 0x04, 0x03, 0x04, 0xFF,
  0x04, 0x05, 0x06, 0xFF, 0x04, 0x0B, 0x14, 0xFF, 0x03, 0x2B, 0x65, 0xFF, 0x01, 0x4D, 0xCD, 0xFF, 0x1A, 0xD7, 0xF9, 0xFF, 0x1D, 0xDA, 0xF9, 0xFF,
  0x01, 0x3E, 0x99, 0xFF, 0x01, 0x24, 0x79, 0xFF, 0x01, 0x29, 0x85, 0xFF, 0x02, 0x1E, 0x54, 0xFF, 0x04, 0x09, 0x15, 0xFF, 0x04, 0x04, 0x05, 0xFF,
  0x04, 0x03, 0x04, 0xFF, 0x04, 0x03, 0x04, 0xFF, 0x04, 0x03, 0x03, 0xFF, 0x04, 0x03, 0x03, 0xFF, 0x04, 0x03, 0x03, 0xFF, 0x04, 0x03, 0x03, 0xFF,
  0x04, 0x03, 0x03, 0xFF, 0x04, 0x03, 0x03, 0xFF, 0x04, 0x03, 0x03, 0xFF, 0x04, 0x03, 0x04, 0xFF, 0x04, 0x03, 0x04, 0xFF, 0x04, 0x03, 0x04, 0xFF,
  0x04, 0x04, 0x05, 0xFF, 0x04, 0x04, 0x05, 0xFF, 0x04, 0x05, 0x07, 0xFF, 0x04, 0x06, 0x09, 0xFF, 0x04, 0x06, 0x0A, 0xFF, 0x04, 0x07, 0x0B, 0xFF,
  0x05, 0x08, 0x0D, 0xFF, 0x05, 0x0A, 0x10, 0xFF, 0x05, 0x0C, 0x14, 0xFF, 0x06, 0x10, 0x19, 0xFF, 0x07, 0x15, 0x22, 0xFF, 0x09, 0x24, 0x3A, 0xFF,
  0x0F, 0x4E, 0x7F, 0xFF, 0x5D, 0xEE, 0xF5, 0xFF, 0x4B, 0xF3, 0xF9, 0xFF, 0x04, 0xD2, 0xFA, 0xFF, 0x03, 0xC7, 0xFA, 0xFF, 0x02, 0xC2, 0xFB, 0xFF,
  0x02, 0xBE, 0xFA, 0xFF, 0x03, 0xBC, 0xFA, 0xFF, 0x16, 0xC3, 0xF9, 0xFF, 0x22, 0xCC, 0xF9, 0xFF, 0x2A, 0xCD, 0xF9, 0xFF, 0x17, 0x4A, 0x83, 0xFF,
  0x07, 0x13, 0x1C, 0xFF, 0x05, 0x09, 0x0C, 0xFF, 0x04, 0x05, 0x07, 0xFF, 0x04, 0x05, 0x06, 0xFF, 0x04, 0x04, 0x05, 0xFF, 0x04, 0x04, 0x04, 0xFF,
  0x04, 0x04, 0x05, 0xFF, 0x04, 0x04, 0x05, 0xFF, 0x04, 0x04, 0x05, 0xFF, 0x04, 0x04, 0x05, 0xFF, 0x04, 0x04, 0x05, 0xFF, 0x04, 0x05, 0x07, 0xFF,
  0x05, 0x09, 0x10, 0xFF, 0x05, 0x0F, 0x1B, 0xFF, 0x05, 0x0C, 0x17, 0xFF, 0x05, 0x0A, 0x12, 0xFF, 0x05, 0x0A, 0x12, 0xFF, 0x05, 0x0B, 0x14, 0xFF,
  0x05, 0x0F, 0x1B, 0xFF, 0x05, 0x15, 0x29, 0xFF, 0x05, 0x22, 0x42, 0xFF, 0x06, 0x3D, 0x78, 0xFF, 0x01, 0xAD, 0xE9, 0xFF, 0x09, 0xE5, 0xFA, 0xFF,
  0xC4, 0xFA, 0xFB, 0xFF, 0x28, 0xF9, 0xFA, 0xFF, 0x0D, 0xF8, 0xFA, 0xFF, 0x04, 0xEE, 0xFB, 0xFF, 0x03, 0xE0, 0xFB, 0xFF, 0x01, 0xD4, 0xFA, 0xFF,
  0x01, 0xCD, 0xFA, 0xFF, 0x02, 0xC5, 0xFA, 0xFF, 0x02, 0xBF, 0xFA, 0xFF, 0x02, 0xBA, 0xF9, 0xFF, 0x02, 0xB5, 0xF9, 0xFF, 0x02, 0xAF, 0xF9, 0xFF,
  0x01, 0xAD, 0xFA, 0xFF, 0x01, 0xA8, 0xF9, 0xFF, 0x01, 0xA7, 0xF9, 0xFF, 0x00, 0xA9, 0xF9, 0xFF, 0x01, 0xAA, 0xFA, 0xFF, 0x01, 0xA4, 0xF8, 0xFF,
  0x03, 0xA5, 0xF8, 0xFF, 0x1D, 0xB7, 0xF8, 0xFF, 0x31, 0xB7, 0xF0, 0xFF, 0x2E, 0x9B, 0xE2, 0xFF, 0x35, 0x7A, 0xD2, 0xFF, 0x2F, 0x56, 0xBF, 0xFF,
  0x0E, 0x2D, 0x9E, 0xFF, 0x05, 0x18, 0x70, 0xFF, 0x05, 0x14, 0x50, 0xFF, 0x06, 0x14, 0x39, 0xFF, 0x06, 0x10, 0x1E, 0xFF, 0x06, 0x0C, 0x13, 0xFF,
  0x06, 0x0A, 0x10, 0xFF, 0x06, 0x09, 0x0C, 0xFF, 0x06, 0x08, 0x0C, 0xFF, 0x05, 0x07, 0x0A, 0xFF, 0x05, 0x07, 0x09, 0xFF, 0x05, 0x06, 0x07, 0xFF,
  0x05, 0x05, 0x06, 0xFF, 0x05, 0x04, 0x06, 0xFF, 0x04, 0x04, 0x05, 0xFF, 0x04, 0x03, 0x04, 0xFF, 0x04, 0x03, 0x04, 0xFF, 0x04, 0x03, 0x04, 0xFF,
  0x04, 0x03, 0x04, 0xFF, 0x04, 0x03, 0x03, 0xFF, 0x04, 0x03, 0x03, 0xFF, 0x04, 0x03, 0x03, 0xFF, 0x04, 0x03, 0x03, 0xFF, 0x04, 0x03, 0x04, 0xFF,
  0x04, 0x03, 0x04, 0xFF, 0x05, 0x04, 0x05, 0xFF, 0x05, 0x05, 0x06, 0xFF, 0x07, 0x08, 0x0E, 0xFF, 0x0F, 0x15, 0x3D, 0xFF, 0x4C, 0x71, 0xD2, 0xFF,
  0x51, 0x80, 0xF9, 0xFF, 0x3F, 0x61, 0xF9, 0xFF, 0x2E, 0x4E, 0xFA, 0xFF, 0x2D, 0x4D, 0xFA, 0xFF, 0x30, 0x4F, 0xFA, 0xFF, 0x33, 0x55, 0xFA, 0xFF,
  0x38, 0x5F, 0xFA, 0xFF, 0x3B, 0x67, 0xFA, 0xFF, 0x3D, 0x6E, 0xFB, 0xFF, 0x3E, 0x76, 0xFA, 0xFF, 0x41, 0x80, 0xFA, 0xFF, 0x45, 0x8A, 0xFA, 0xFF,
  0x4B, 0x9E, 0xFA, 0xFF, 0x62, 0xBD, 0xFB, 0xFF, 0xC8, 0xF4, 0xF9, 0xFF, 0xAD, 0xD7, 0xF4, 0xFF, 0x19, 0x2B, 0xD3, 0xFF, 0x12, 0x1F, 0x82, 0xFF,
  0x0D, 0x16, 0x55, 0xFF, 0x0A, 0x0F, 0x39, 0xFF, 0x07, 0x0A, 0x26, 0xFF, 0x06, 0x08, 0x1B, 0xFF, 0x05, 0x07, 0x17, 0xFF, 0x05, 0x06, 0x14, 0xFF,
  0x05, 0x05, 0x0F, 0xFF, 0x05, 0x04, 0x0A, 0xFF, 0x04, 0x04, 0x07, 0xFF, 0x04, 0x03, 0x05, 0xFF, 0x04, 0x03, 0x05, 0xFF, 0x04, 0x03, 0x05, 0xFF,
  0x04, 0x03, 0x04, 0xFF, 0x04, 0x03, 0x04, 0xFF, 0x04, 0x03, 0x04, 0xFF, 0x04, 0x03, 0x04, 0xFF, 0x04, 0x03, 0x03, 0xFF, 0x04, 0x03, 0x03, 0xFF,
  0x04, 0x03, 0x03, 0xFF, 0x04, 0x03, 0x03, 0xFF, 0x04, 0x03, 0x03, 0xFF, 0x04, 0x03, 0x03, 0xFF, 0x04, 0x03, 0x04, 0xFF, 0x04, 0x03, 0x04, 0xFF,
  0x05, 0x03, 0x0B, 0xFF, 0x0A, 0x05, 0x3E, 0xFF, 0x1A, 0x08, 0xAB, 0xFF, 0x19, 0x0D, 0xBF, 0xFF, 0x13, 0x06, 0xBB, 0xFF, 0x0C, 0x0C, 0xB8, 0xFF,
  0x6D, 0x9B, 0xF9, 0xFF, 0x6B, 0x94, 0xF9, 0xFF, 0x17, 0x0D, 0xE6, 0xFF, 0x18, 0x0E, 0xB3, 0xFF, 0x0C, 0x0B, 0x3E, 0xFF, 0x05, 0x04, 0x0B, 0xFF,
  0x04, 0x03, 0x05, 0xFF, 0x04, 0x03, 0x04, 0xFF, 0x04, 0x03, 0x03, 0xFF, 0x04, 0x03, 0x03, 0xFF, 0x04, 0x03, 0x03, 0xFF, 0x04, 0x03, 0x03, 0xFF,
  0x04, 0x03, 0x03, 0xFF, 0x04, 0x03, 0x03, 0xFF, 0x04, 0x03, 0x03, 0xFF, 0x04, 0x03, 0x03, 0xFF, 0x04, 0x03, 0x03, 0xFF, 0x04, 0x03, 0x04, 0xFF,
  0x04, 0x05, 0x07, 0xFF, 0x04, 0x0C, 0x16, 0xFF, 0x03, 0x29, 0x60, 0xFF, 0x01, 0x4B, 0xCA, 0xFF, 0x1C, 0xD7, 0xF9, 0xFF, 0x1E, 0xDA, 0xF9, 0xFF,
  0x01, 0x40, 0x9B, 0xFF, 0x01, 0x24, 0x7A, 0xFF, 0x01, 0x29, 0x84, 0xFF, 0x02, 0x1E, 0x55, 0xFF, 0x03, 0x0A, 0x15, 0xFF, 0x04, 0x04, 0x05, 0xFF,
  0x04, 0x03, 0x04, 0xFF, 0x04, 0x03, 0x04, 0xFF, 0x04, 0x03, 0x03, 0xFF, 0x04, 0x03, 0x03, 0xFF, 0x04, 0x03, 0x03, 0xFF, 0x04, 0x03, 0x03, 0xFF,
  0x04, 0x03, 0x03, 0xFF, 0x04, 0x03, 0x03, 0xFF, 0x04, 0x03, 0x03, 0xFF, 0x04, 0x03, 0x03, 0xFF, 0x04, 0x03, 0x04, 0xFF, 0x04, 0x03, 0x04, 0xFF,
  0x04, 0x04, 0x04, 0xFF, 0x04, 0x04, 0x05, 0xFF, 0x04, 0x04, 0x05, 0xFF, 0x04, 0x05, 0x07, 0xFF, 0x04, 0x06, 0x08, 0xFF, 0x04, 0x07, 0x0A, 0xFF,
  0x05, 0x07, 0x0B, 0xFF, 0x05, 0x09, 0x0D, 0xFF, 0x05, 0x0B, 0x12, 0xFF, 0x06, 0x0E, 0x17, 0xFF, 0x06, 0x12, 0x1C, 0xFF, 0x08, 0x1A, 0x2A, 0xFF,
  0x0A, 0x2C, 0x48, 0xFF, 0x5A, 0xA4, 0xCC, 0xFF, 0x54, 0xF8, 0xF9, 0xFF, 0x23, 0xDA, 0xF9, 0xFF, 0x03, 0xC5, 0xFA, 0xFF, 0x02, 0xC0, 0xFA, 0xFF,
  0x01, 0xBB, 0xFA, 0xFF, 0x01, 0xBA, 0xFA, 0xFF, 0x04, 0xB7, 0xFA, 0xFF, 0x28, 0xCA, 0xF9, 0xFF, 0x28, 0xCA, 0xFA, 0xFF, 0x2D, 0xA8, 0xE7, 0xFF,
  0x08, 0x20, 0x3B, 0xFF, 0x06, 0x0C, 0x11, 0xFF, 0x05, 0x06, 0x08, 0xFF, 0x04, 0x05, 0x06, 0xFF, 0x04, 0x04, 0x05, 0xFF, 0x04, 0x04, 0x04, 0xFF,
  0x04, 0x04, 0x04, 0xFF, 0x04, 0x03, 0x04, 0xFF, 0x04, 0x04, 0x04, 0xFF, 0x04, 0x03, 0x04, 0xFF, 0x04, 0x03, 0x04, 0xFF, 0x04, 0x04, 0x05, 0xFF,
  0x04, 0x05, 0x07, 0xFF, 0x04, 0x06, 0x09, 0xFF, 0x04, 0x06, 0x09, 0xFF, 0x04, 0x07, 0x0B, 0xFF, 0x05, 0x08, 0x0D, 0xFF, 0x05, 0x0A, 0x11, 0xFF,
  0x05, 0x0D, 0x16, 0xFF, 0x05, 0x11, 0x20, 0xFF, 0x05, 0x19, 0x2E, 0xFF, 0x06, 0x2A, 0x50, 0xFF, 0x03, 0x7E, 0xC7, 0xFF, 0x05, 0xE1, 0xF9, 0xFF,
  0x87, 0xF9, 0xFA, 0xFF, 0x79, 0xFA, 0xFB, 0xFF, 0x28, 0xFA, 0xFA, 0xFF, 0x0B, 0xF6, 0xFB, 0xFF, 0x04, 0xEB, 0xFB, 0xFF, 0x03, 0xE0, 0xFA, 0xFF,
  0x03, 0xD6, 0xFA, 0xFF, 0x03, 0xCF, 0xFB, 0xFF, 0x02, 0xC7, 0xFB, 0xFF, 0x02, 0xBF, 0xFA, 0xFF, 0x02, 0xB9, 0xF9, 0xFF, 0x02, 0xB3, 0xFA, 0xFF,
  0x01, 0xAF, 0xFA, 0xFF, 0x01, 0xAC, 0xFA, 0xFF, 0x01, 0xA8, 0xF9, 0xFF, 0x01, 0xA8, 0xFA, 0xFF, 0x01, 0xA6, 0xFA, 0xFF, 0x01, 0xA3, 0xFA, 0xFF,
  0x01, 0xA0, 0xFA, 0xFF, 0x00, 0x9F, 0xF9, 0xFF, 0x01, 0xA1, 0xF9, 0xFF, 0x02, 0xA2, 0xF8, 0xFF, 0x02, 0xAA, 0xF9, 0xFF, 0x12, 0xB6, 0xF8, 0xFF,
  0x34, 0xC6, 0xF9, 0xFF, 0x3B, 0xB6, 0xEE, 0xFF, 0x37, 0x97, 0xD7, 0xFF, 0x3B, 0x7D, 0xBC, 0xFF, 0x33, 0x5F, 0xB1, 0xFF, 0x1F, 0x46, 0x96, 0xFF,
  0x08, 0x25, 0x73, 0xFF, 0x07, 0x1C, 0x57, 0xFF, 0x08, 0x1B, 0x43, 0xFF, 0x07, 0x14, 0x2C, 0xFF, 0x09, 0x13, 0x1E, 0xFF, 0x08, 0x0E, 0x14, 0xFF,
  0x06, 0x0A, 0x0D, 0xFF, 0x06, 0x08, 0x0B, 0xFF, 0x05, 0x06, 0x08, 0xFF, 0x05, 0x05, 0x07, 0xFF, 0x05, 0x05, 0x06, 0xFF, 0x04, 0x04, 0x05, 0xFF,
  0x04, 0x03, 0x04, 0xFF, 0x04, 0x03, 0x04, 0xFF, 0x04, 0x03, 0x04, 0xFF, 0x04, 0x03, 0x04, 0xFF, 0x04, 0x03, 0x04, 0xFF, 0x04, 0x03, 0x04, 0xFF,
  0x04, 0x03, 0x04, 0xFF, 0x04, 0x03, 0x04, 0xFF, 0x04, 0x04, 0x05, 0xFF, 0x05, 0x05, 0x07, 0xFF, 0x06, 0x06, 0x0B, 0xFF, 0x13, 0x19, 0x41, 0xFF,
  0x55, 0x7E, 0xE4, 0xFF, 0x56, 0x82, 0xF9, 0xFF, 0x36, 0x51, 0xF9, 0xFF, 0x27, 0x3A, 0xF9, 0xFF, 0x2C, 0x43, 0xFA, 0xFF, 0x2E, 0x4A, 0xF9, 0xFF,
  0x31, 0x51, 0xF9, 0xFF, 0x35, 0x58, 0xF9, 0xFF, 0x37, 0x60, 0xFA, 0xFF, 0x38, 0x68, 0xFA, 0xFF, 0x3A, 0x6F, 0xFA, 0xFF, 0x3E, 0x78, 0xFA, 0xFF,
  0x44, 0x87, 0xFA, 0xFF, 0x4C, 0xA0, 0xFA, 0xFF, 0x75, 0xCA, 0xFB, 0xFF, 0xC8, 0xF9, 0xFA, 0xFF, 0x87, 0x9C, 0xF4, 0xFF, 0x11, 0x25, 0xB7, 0xFF,
  0x11, 0x1D, 0x77, 0xFF, 0x0C, 0x13, 0x48, 0xFF, 0x08, 0x0C, 0x2C, 0xFF, 0x06, 0x08, 0x1E, 0xFF, 0x06, 0x07, 0x19, 0xFF, 0x05, 0x06, 0x15, 0xFF,
  0x05, 0x05, 0x0F, 0xFF, 0x05, 0x04, 0x0B, 0xFF, 0x04, 0x04, 0x07, 0xFF, 0x04, 0x03, 0x06, 0xFF, 0x04, 0x03, 0x05, 0xFF, 0x04, 0x03, 0x05, 0xFF,
  0x04, 0x03, 0x05, 0xFF, 0x04, 0x03, 0x05, 0xFF, 0x04, 0x03, 0x04, 0xFF, 0x04, 0x03, 0x04, 0xFF, 0x04, 0x03, 0x04, 0xFF, 0x04, 0x03, 0x04, 0xFF,
  0x04, 0x03, 0x04, 0xFF, 0x04, 0x03, 0x03, 0xFF, 0x04, 0x03, 0x03, 0xFF, 0x04, 0x03, 0x03, 0xFF, 0x04, 0x03, 0x04, 0xFF, 0x04, 0x03, 0x04, 0xFF,
  0x05, 0x03, 0x0C, 0xFF, 0x0A, 0x05, 0x3D, 0xFF, 0x1B, 0x08, 0xA8, 0xFF, 0x1B, 0x0C, 0xC0, 0xFF, 0x14, 0x07, 0xBC, 0xFF, 0x0D, 0x0C, 0xBA, 0xFF,
  0x6B, 0x98, 0xF9, 0xFF, 0x69, 0x90, 0xF8, 0xFF, 0x18, 0x0D, 0xE8, 0xFF, 0x19, 0x0F, 0xBB, 0xFF, 0x0D, 0x0B, 0x40, 0xFF, 0x05, 0x04, 0x0B, 0xFF,
  0x04, 0x03, 0x05, 0xFF, 0x04, 0x03, 0x04, 0xFF, 0x04, 0x03, 0x03, 0xFF, 0x04, 0x03, 0x03, 0xFF, 0x04, 0x03, 0x03, 0xFF, 0x04, 0x03, 0x03, 0xFF,
  0x04, 0x03, 0x03, 0xFF, 0x04, 0x03, 0x03, 0xFF, 0x04, 0x03, 0x03, 0xFF, 0x04, 0x03, 0x03, 0xFF, 0x04, 0x03, 0x03, 0xFF, 0x04, 0x03, 0x04, 0xFF,
  0x04, 0x05, 0x07, 0xFF, 0x04, 0x0C, 0x17, 0xFF, 0x03, 0x2A, 0x62, 0xFF, 0x00, 0x4A, 0xC9, 0xFF, 0x1C, 0xD9, 0xF9, 0xFF, 0x1F, 0xDC, 0xF9, 0xFF,
  0x02, 0x41, 0x9C, 0xFF, 0x01, 0x24, 0x78, 0xFF, 0x00, 0x28, 0x81, 0xFF, 0x02, 0x1D, 0x54, 0xFF, 0x04, 0x0A, 0x16, 0xFF, 0x04, 0x04, 0x06, 0xFF,
  0x04, 0x03, 0x03, 0xFF, 0x04, 0x03, 0x04, 0xFF, 0x04, 0x03, 0x03, 0xFF, 0x04, 0x03, 0x03, 0xFF, 0x04, 0x03, 0x03, 0xFF, 0x04, 0x03, 0x03, 0xFF,
  0x04, 0x03, 0x03, 0xFF, 0x04, 0x03, 0x03, 0xFF, 0x04, 0x03, 0x03, 0xFF, 0x04, 0x03, 0x03, 0xFF, 0x04, 0x03, 0x04, 0xFF, 0x04, 0x03, 0x04, 0xFF,
  0x04, 0x03, 0x04, 0xFF, 0x04, 0x04, 0x04, 0xFF, 0x04, 0x04, 0x05, 0xFF, 0x04, 0x05, 0x06, 0xFF, 0x04, 0x05, 0x07, 0xFF, 0x04, 0x06, 0x08, 0xFF,
  0x05, 0x07, 0x0A, 0xFF, 0x05, 0x08, 0x0C, 0xFF, 0x05, 0x0A, 0x0F, 0xFF, 0x05, 0x0C, 0x12, 0xFF, 0x06, 0x0F, 0x18, 0xFF, 0x07, 0x15, 0x21, 0xFF,
  0x09, 0x21, 0x35, 0xFF, 0x18, 0x55, 0x8B, 0xFF, 0x88, 0xED, 0xF5, 0xFF, 0x51, 0xF0, 0xF9, 0xFF, 0x02, 0xC7, 0xF9, 0xFF, 0x01, 0xBE, 0xFA, 0xFF,
  0x01, 0xBA, 0xFA, 0xFF, 0x01, 0xB7, 0xFA, 0xFF, 0x02, 0xB5, 0xFB, 0xFF, 0x1B, 0xC0, 0xFB, 0xFF, 0x2A, 0xCA, 0xFA, 0xFF, 0x2C, 0xCA, 0xF8, 0xFF,
  0x1B, 0x55, 0x88, 0xFF, 0x07, 0x13, 0x1D, 0xFF, 0x05, 0x07, 0x09, 0xFF, 0x04, 0x05, 0x07, 0xFF, 0x04, 0x04, 0x05, 0xFF, 0x04, 0x04, 0x04, 0xFF,
  0x04, 0x04, 0x04, 0xFF, 0x04, 0x04, 0x04, 0xFF, 0x04, 0x04, 0x04, 0xFF, 0x04, 0x03, 0x04, 0xFF, 0x04, 0x03, 0x04, 0xFF, 0x04, 0x03, 0x04, 0xFF,
  0x04, 0x04, 0x05, 0xFF, 0x04, 0x04, 0x06, 0xFF, 0x04, 0x05, 0x07, 0xFF, 0x04, 0x06, 0x08, 0xFF, 0x04, 0x07, 0x0B, 0xFF, 0x05, 0x09, 0x0F, 0xFF,
  0x05, 0x0B, 0x13, 0xFF, 0x05, 0x0E, 0x19, 0xFF, 0x05, 0x13, 0x22, 0xFF, 0x06, 0x1D, 0x36, 0xFF, 0x08, 0x47, 0x92, 0xFF, 0x03, 0xDA, 0xF3, 0xFF,
  0x28, 0xF4, 0xFA, 0xFF, 0xD5, 0xFA, 0xFB, 0xFF, 0x4C, 0xF9, 0xFB, 0xFF, 0x27, 0xF9, 0xFA, 0xFF, 0x10, 0xF6, 0xFB, 0xFF, 0x0B, 0xEE, 0xFB, 0xFF,
  0x0C, 0xE3, 0xFB, 0xFF, 0x09, 0xDA, 0xFB, 0xFF, 0x05, 0xD0, 0xFB, 0xFF, 0x02, 0xC6, 0xFA, 0xFF, 0x01, 0xBF, 0xFA, 0xFF, 0x01, 0xB8, 0xF9, 0xFF,
  0x01, 0xB3, 0xF9, 0xFF, 0x01, 0xAF, 0xF9, 0xFF, 0x01, 0xAB, 0xF9, 0xFF, 0x01, 0xAA, 0xFA, 0xFF, 0x01, 0xA8, 0xFA, 0xFF, 0x01, 0xA7, 0xFA, 0xFF,
  0x01, 0xA4, 0xFA, 0xFF, 0x01, 0xA3, 0xFA, 0xFF, 0x01, 0xA2, 0xF9, 0xFF, 0x01, 0xA2, 0xF9, 0xFF, 0x01, 0xA3, 0xFA, 0xFF, 0x03, 0xA4, 0xFA, 0xFF,
  0x03, 0xA3, 0xF9, 0xFF, 0x02, 0xA1, 0xF9, 0xFF, 0x03, 0xA1, 0xF9, 0xFF, 0x05, 0xA7, 0xF8, 0xFF, 0x0B, 0xB0, 0xF9, 0xFF, 0x22, 0xBF, 0xF9, 0xFF,
  0x37, 0xCB, 0xF8, 0xFF, 0x4C, 0xBC, 0xE2, 0xFF, 0x4E, 0xA1, 0xC5, 0xFF, 0x4C, 0x80, 0xA7, 0xFF, 0x3D, 0x66, 0x93, 0xFF, 0x24, 0x43, 0x78, 0xFF,
  0x09, 0x1C, 0x47, 0xFF, 0x08, 0x19, 0x38, 0xFF, 0x06, 0x10, 0x22, 0xFF, 0x07, 0x0D, 0x15, 0xFF, 0x07, 0x09, 0x0C, 0xFF, 0x05, 0x06, 0x08, 0xFF,
  0x05, 0x05, 0x06, 0xFF, 0x04, 0x04, 0x05, 0xFF, 0x04, 0x03, 0x04, 0xFF, 0x04, 0x03, 0x04, 0xFF, 0x04, 0x03, 0x04, 0xFF, 0x04, 0x03, 0x04, 0xFF,
  0x04, 0x03, 0x04, 0xFF, 0x04, 0x03, 0x04, 0xFF, 0x04, 0x03, 0x04, 0xFF, 0x05, 0x04, 0x05, 0xFF, 0x05, 0x05, 0x06, 0xFF, 0x07, 0x08, 0x10, 0xFF,
  0x1D, 0x29, 0x6D, 0xFF, 0x49, 0x73, 0xF2, 0xFF, 0x53, 0x7E, 0xFA, 0xFF, 0x31, 0x40, 0xF9, 0xFF, 0x26, 0x37, 0xF9, 0xFF, 0x2A, 0x40, 0xF9, 0xFF,
  0x2D, 0x45, 0xF9, 0xFF, 0x2E, 0x49, 0xF9, 0xFF, 0x2E, 0x4E, 0xF8, 0xFF, 0x30, 0x56, 0xF9, 0xFF, 0x33, 0x5E, 0xF9, 0xFF, 0x36, 0x6B, 0xFA, 0xFF,
  0x3C, 0x78, 0xFA, 0xFF, 0x42, 0x88, 0xFA, 0xFF, 0x4E, 0xA3, 0xFB, 0xFF, 0xA2, 0xE6, 0xFA, 0xFF, 0xC1, 0xF6, 0xF8, 0xFF, 0x36, 0x50, 0xDF, 0xFF,
  0x13, 0x24, 0x98, 0xFF, 0x0E, 0x17, 0x59, 0xFF, 0x09, 0x0D, 0x33, 0xFF, 0x07, 0x09, 0x23, 0xFF, 0x06, 0x07, 0x1B, 0xFF, 0x05, 0x06, 0x14, 0xFF,
  0x05, 0x05, 0x0F, 0xFF, 0x05, 0x04, 0x0B, 0xFF, 0x04, 0x04, 0x08, 0xFF, 0x04, 0x04, 0x07, 0xFF, 0x04, 0x03, 0x06, 0xFF, 0x04, 0x03, 0x05, 0xFF,
  0x04, 0x03, 0x05, 0xFF, 0x04, 0x03, 0x05, 0xFF, 0x04, 0x03, 0x04, 0xFF, 0x04, 0x03, 0x04, 0xFF, 0x04, 0x03, 0x04, 0xFF, 0x04, 0x03, 0x04, 0xFF,
  0x04, 0x03, 0x04, 0xFF, 0x04, 0x03, 0x03, 0xFF, 0x04, 0x03, 0x03, 0xFF, 0x04, 0x03, 0x03, 0xFF, 0x04, 0x03, 0x03, 0xFF, 0x04, 0x03, 0x04, 0xFF,
  0x05, 0x03, 0x0C, 0xFF, 0x0A, 0x05, 0x3C, 0xFF, 0x1A, 0x07, 0xA5, 0xFF, 0x1C, 0x0A, 0xC0, 0xFF, 0x16, 0x06, 0xBB, 0xFF, 0x0D, 0x0B, 0xB8, 0xFF,
  0x6C, 0x94, 0xF9, 0xFF, 0x69, 0x8D, 0xF8, 0xFF, 0x17, 0x0C, 0xE8, 0xFF, 0x19, 0x0F, 0xBD, 0xFF, 0x0D, 0x0B, 0x40, 0xFF, 0x05, 0x04, 0x0B, 0xFF,
  0x04, 0x03, 0x05, 0xFF, 0x04, 0x03, 0x04, 0xFF, 0x04, 0x03, 0x03, 0xFF, 0x04, 0x03, 0x03, 0xFF, 0x04, 0x03, 0x03, 0xFF, 0x04, 0x03, 0x03, 0xFF,
  0x04, 0x03, 0x03, 0xFF, 0x04, 0x03, 0x03, 0xFF, 0x04, 0x03, 0x03, 0xFF, 0x04, 0x03, 0x03, 0xFF, 0x04, 0x03, 0x03, 0xFF, 0x04, 0x03, 0x04, 0xFF,
  0x04, 0x05, 0x07, 0xFF, 0x04, 0x0D, 0x17, 0xFF, 0x03, 0x2A, 0x63, 0xFF, 0x00, 0x4A, 0xC9, 0xFF, 0x1D, 0xDC, 0xFA, 0xFF, 0x21, 0xE0, 0xFA, 0xFF,
  0x01, 0x3F, 0x9B, 0xFF, 0x00, 0x23, 0x78, 0xFF, 0x00, 0x27, 0x80, 0xFF, 0x02, 0x1D, 0x55, 0xFF, 0x03, 0x0A, 0x17, 0xFF, 0x04, 0x04, 0x06, 0xFF,
  0x04, 0x03, 0x04, 0xFF, 0x04, 0x03, 0x04, 0xFF, 0x04, 0x03, 0x03, 0xFF, 0x04, 0x03, 0x03, 0xFF, 0x04, 0x03, 0x03, 0xFF, 0x04, 0x03, 0x03, 0xFF,
  0x04, 0x03, 0x03, 0xFF, 0x04, 0x03, 0x03, 0xFF, 0x04, 0x03, 0x03, 0xFF, 0x04, 0x03, 0x03, 0xFF, 0x04, 0x03, 0x03, 0xFF, 0x04, 0x03, 0x03, 0xFF,
  0x04, 0x03, 0x04, 0xFF, 0x04, 0x03, 0x04, 0xFF, 0x04, 0x04, 0x05, 0xFF, 0x04, 0x04, 0x05, 0xFF, 0x04, 0x04, 0x05, 0xFF, 0x04, 0x05, 0x07, 0xFF,
  0x04, 0x07, 0x0A, 0xFF, 0x05, 0x07, 0x0A, 0xFF, 0x05, 0x08, 0x0C, 0xFF, 0x05, 0x0A, 0x0F, 0xFF, 0x06, 0x0D, 0x15, 0xFF, 0x07, 0x11, 0x1B, 0xFF,
  0x08, 0x19, 0x27, 0xFF, 0x0B, 0x27, 0x40, 0xFF, 0x6F, 0xA9, 0xC7, 0xFF, 0x4D, 0xF6, 0xFA, 0xFF, 0x26, 0xD3, 0xF7, 0xFF, 0x01, 0xC0, 0xFA, 0xFF,
  0x02, 0xBA, 0xF9, 0xFF, 0x02, 0xB7, 0xFA, 0xFF, 0x03, 0xB4, 0xFB, 0xFF, 0x04, 0xB3, 0xFB, 0xFF, 0x31, 0xCB, 0xFA, 0xFF, 0x2C, 0xC9, 0xF9, 0xFF,
  0x31, 0xA2, 0xDB, 0xFF, 0x09, 0x23, 0x3A, 0xFF, 0x05, 0x09, 0x0D, 0xFF, 0x05, 0x06, 0x08, 0xFF, 0x04, 0x05, 0x06, 0xFF, 0x04, 0x04, 0x05, 0xFF,
  0x04, 0x04, 0x04, 0xFF, 0x04, 0x04, 0x04, 0xFF, 0x04, 0x04, 0x04, 0xFF, 0x04, 0x03, 0x04, 0xFF, 0x04, 0x03, 0x04, 0xFF, 0x04, 0x03, 0x04, 0xFF,
  0x04, 0x03, 0x04, 0xFF, 0x04, 0x03, 0x04, 0xFF, 0x04, 0x04, 0x05, 0xFF, 0x04, 0x05, 0x07, 0xFF, 0x04, 0x06, 0x08, 0xFF, 0x05, 0x08, 0x0C, 0xFF,
  0x05, 0x0A, 0x10, 0xFF, 0x05, 0x0C, 0x14, 0xFF, 0x05, 0x0F, 0x1A, 0xFF, 0x05, 0x14, 0x24, 0xFF, 0x07, 0x27, 0x47, 0xFF, 0x03, 0x83, 0xC1, 0xFF,
  0x02, 0xD7, 0xF6, 0xFF, 0xA8, 0xF4, 0xFB, 0xFF, 0x96, 0xF9, 0xFB, 0xFF, 0x3A, 0xFA, 0xFA, 0xFF, 0x28, 0xF9, 0xFA, 0xFF, 0x17, 0xF6, 0xFB, 0xFF,
  0x10, 0xEC, 0xFB, 0xFF, 0x0E, 0xE2, 0xFB, 0xFF, 0x07, 0xD6, 0xFA, 0xFF, 0x04, 0xCC, 0xF9, 0xFF, 0x02, 0xC4, 0xFA, 0xFF, 0x01, 0xBD, 0xFA, 0xFF,
  0x02, 0xB8, 0xFA, 0xFF, 0x01, 0xB3, 0xFA, 0xFF, 0x00, 0xAF, 0xFA, 0xFF, 0x01, 0xAC, 0xFA, 0xFF, 0x01, 0xAA, 0xFA, 0xFF, 0x01, 0xA9, 0xFB, 0xFF,
  0x01, 0xA6, 0xFA, 0xFF, 0x01, 0xA6, 0xFA, 0xFF, 0x01, 0xA5, 0xFA, 0xFF, 0x01, 0xA5, 0xFA, 0xFF, 0x02, 0xA4, 0xFA, 0xFF, 0x03, 0xA5, 0xFA, 0xFF,
  0x05, 0xA4, 0xF9, 0xFF, 0x04, 0xA2, 0xF9, 0xFF, 0x05, 0xA2, 0xFA, 0xFF, 0x06, 0xA5, 0xF9, 0xFF, 0x08, 0xA8, 0xFA, 0xFF, 0x0A, 0xA9, 0xFA, 0xFF,
  0x0D, 0xAC, 0xFA, 0xFF, 0x10, 0xB2, 0xFA, 0xFF, 0x18, 0xBC, 0xFA, 0xFF, 0x1D, 0xC4, 0xF9, 0xFF, 0x2E, 0xD9, 0xF9, 0xFF, 0x5C, 0xEC, 0xF8, 0xFF,
  0x6C, 0xDD, 0xEF, 0xFF, 0x5B, 0xA3, 0xC6, 0xFF, 0x4D, 0x72, 0xA6, 0xFF, 0x22, 0x38, 0x70, 0xFF, 0x07, 0x1F, 0x4B, 0xFF, 0x0A, 0x20, 0x3E, 0xFF,
  0x0D, 0x1B, 0x2A, 0xFF, 0x07, 0x0A, 0x0D, 0xFF, 0x05, 0x06, 0x08, 0xFF, 0x05, 0x04, 0x05, 0xFF, 0x04, 0x04, 0x04, 0xFF, 0x04, 0x03, 0x04, 0xFF,
  0x04, 0x03, 0x04, 0xFF, 0x04, 0x03, 0x04, 0xFF, 0x04, 0x03, 0x04, 0xFF, 0x04, 0x04, 0x05, 0xFF, 0x04, 0x04, 0x05, 0xFF, 0x05, 0x05, 0x07, 0xFF,
  0x07, 0x08, 0x11, 0xFF, 0x2B, 0x3C, 0x95, 0xFF, 0x50, 0x76, 0xF9, 0xFF, 0x54, 0x70, 0xF9, 0xFF, 0x22, 0x2C, 0xF9, 0xFF, 0x27, 0x38, 0xFA, 0xFF,
  0x28, 0x3C, 0xFA, 0xFF, 0x29, 0x3D, 0xF9, 0xFF, 0x29, 0x3F, 0xF9, 0xFF, 0x29, 0x44, 0xF9, 0xFF, 0x2D, 0x4F, 0xF9, 0xFF, 0x31, 0x5E, 0xFA, 0xFF,
  0x34, 0x6F, 0xFA, 0xFF, 0x3B, 0x81, 0xFA, 0xFF, 0x42, 0x91, 0xFA, 0xFF, 0x6E, 0xBF, 0xFB, 0xFF, 0xAC, 0xF8, 0xFA, 0xFF, 0xA9, 0xC1, 0xF4, 0xFF,
  0x15, 0x2A, 0xC2, 0xFF, 0x12, 0x1D, 0x74, 0xFF, 0x0A, 0x0F, 0x3D, 0xFF, 0x07, 0x0A, 0x29, 0xFF, 0x06, 0x07, 0x1C, 0xFF, 0x05, 0x06, 0x13, 0xFF,
  0x05, 0x05, 0x0F, 0xFF, 0x05, 0x04, 0x0B, 0xFF, 0x05, 0x04, 0x09, 0xFF, 0x04, 0x04, 0x07, 0xFF, 0x04, 0x03, 0x06, 0xFF, 0x04, 0x03, 0x05, 0xFF,
  0x04, 0x03, 0x05, 0xFF, 0x04, 0x03, 0x05, 0xFF, 0x04, 0x03, 0x04, 0xFF, 0x04, 0x03, 0x04, 0xFF, 0x04, 0x03, 0x03, 0xFF, 0x04, 0x03, 0x03, 0xFF,
  0x04, 0x03, 0x03, 0xFF, 0x04, 0x03, 0x03, 0xFF, 0x04, 0x03, 0x03, 0xFF, 0x04, 0x03, 0x03, 0xFF, 0x04, 0x03, 0x03, 0xFF, 0x04, 0x03, 0x04, 0xFF,
  0x05, 0x03, 0x0D, 0xFF, 0x0B, 0x05, 0x43, 0xFF, 0x1D, 0x07, 0xAA, 0xFF, 0x1D, 0x0A, 0xC0, 0xFF, 0x18, 0x06, 0xBB, 0xFF, 0x0D, 0x0B, 0xB7, 0xFF,
  0x6D, 0x90, 0xF9, 0xFF, 0x6D, 0x8D, 0xF8, 0xFF, 0x15, 0x0C, 0xE7, 0xFF, 0x19, 0x0E, 0xB6, 0xFF, 0x0C, 0x0A, 0x3B, 0xFF, 0x05, 0x04, 0x0A, 0xFF,
  0x04, 0x03, 0x05, 0xFF, 0x04, 0x03, 0x04, 0xFF, 0x04, 0x03, 0x04, 0xFF, 0x04, 0x03, 0x03, 0xFF, 0x04, 0x03, 0x03, 0xFF, 0x04, 0x03, 0x03, 0xFF,
  0x04, 0x03, 0x03, 0xFF, 0x04, 0x03, 0x03, 0xFF, 0x04, 0x03, 0x03, 0xFF, 0x04, 0x03, 0x03, 0xFF, 0x04, 0x03, 0x03, 0xFF, 0x04, 0x03, 0x04, 0xFF,
  0x04, 0x05, 0x07, 0xFF, 0x04, 0x0D, 0x17, 0xFF, 0x02, 0x2C, 0x68, 0xFF, 0x00, 0x48, 0xC7, 0xFF, 0x1D, 0xDD, 0xF9, 0xFF, 0x21, 0xE1, 0xFA, 0xFF,
  0x01, 0x3E, 0x9B, 0xFF, 0x01, 0x23, 0x77, 0xFF, 0x01, 0x28, 0x7F, 0xFF, 0x02, 0x1D, 0x56, 0xFF, 0x03, 0x0A, 0x17, 0xFF, 0x04, 0x04, 0x06, 0xFF,
  0x04, 0x03, 0x03, 0xFF, 0x04, 0x03, 0x03, 0xFF, 0x04, 0x03, 0x03, 0xFF, 0x04, 0x03, 0x03, 0xFF, 0x04, 0x03, 0x03, 0xFF, 0x04, 0x03, 0x03, 0xFF,
  0x04, 0x03, 0x03, 0xFF, 0x04, 0x03, 0x03, 0xFF, 0x04, 0x03, 0x03, 0xFF, 0x04, 0x03, 0x03, 0xFF, 0x04, 0x03, 0x03, 0xFF, 0x04, 0x03, 0x03, 0xFF,
  0x04, 0x03, 0x04, 0xFF, 0x04, 0x03, 0x04, 0xFF, 0x04, 0x03, 0x04, 0xFF, 0x04, 0x04, 0x05, 0xFF, 0x04, 0x04, 0x05, 0xFF, 0x04, 0x05, 0x06, 0xFF,
  0x04, 0x06, 0x08, 0xFF, 0x04, 0x06, 0x09, 0xFF, 0x05, 0x07, 0x0B, 0xFF, 0x05, 0x09, 0x0E, 0xFF, 0x05, 0x0C, 0x13, 0xFF, 0x06, 0x0F, 0x18, 0xFF,
  0x07, 0x15, 0x20, 0xFF, 0x09, 0x1D, 0x2D, 0xFF, 0x20, 0x56, 0x80, 0xFF, 0x6E, 0xF3, 0xF6, 0xFF, 0x40, 0xEA, 0xF9, 0xFF, 0x02, 0xC4, 0xF9, 0xFF,
  0x05, 0xBB, 0xF9, 0xFF, 0x04, 0xB9, 0xFB, 0xFF, 0x03, 0xB6, 0xFB, 0xFF, 0x02, 0xB3, 0xFB, 0xFF, 0x20, 0xC0, 0xFA, 0xFF, 0x2B, 0xCA, 0xFA, 0xFF,
  0x32, 0xC8, 0xF8, 0xFF, 0x18, 0x40, 0x71, 0xFF, 0x06, 0x0D, 0x12, 0xFF, 0x05, 0x08, 0x0B, 0xFF, 0x04, 0x05, 0x07, 0xFF, 0x04, 0x04, 0x06, 0xFF,
  0x04, 0x04, 0x05, 0xFF, 0x04, 0x04, 0x04, 0xFF, 0x04, 0x04, 0x04, 0xFF, 0x04, 0x04, 0x04, 0xFF, 0x04, 0x03, 0x04, 0xFF, 0x04, 0x03, 0x04, 0xFF,
  0x04, 0x03, 0x04, 0xFF, 0x04, 0x03, 0x04, 0xFF, 0x04, 0x04, 0x05, 0xFF, 0x04, 0x04, 0x06, 0xFF, 0x04, 0x05, 0x07, 0xFF, 0x04, 0x06, 0x09, 0xFF,
  0x05, 0x08, 0x0C, 0xFF, 0x05, 0x0A, 0x10, 0xFF, 0x05, 0x0C, 0x15, 0xFF, 0x05, 0x10, 0x1C, 0xFF, 0x06, 0x19, 0x2D, 0xFF, 0x07, 0x35, 0x69, 0xFF,
  0x02, 0xA8, 0xED, 0xFF, 0x2A, 0xCE, 0xFB, 0xFF, 0xC2, 0xF8, 0xFB, 0xFF, 0x51, 0xFA, 0xFB, 0xFF, 0x35, 0xF9, 0xFA, 0xFF, 0x24, 0xF8, 0xFB, 0xFF,
  0x16, 0xEF, 0xFA, 0xFF, 0x11, 0xE4, 0xFB, 0xFF, 0x0B, 0xD8, 0xFA, 0xFF, 0x06, 0xCF, 0xFA, 0xFF, 0x03, 0xC7, 0xFA, 0xFF, 0x03, 0xC1, 0xFA, 0xFF,
  0x01, 0xBA, 0xFB, 0xFF, 0x01, 0xB4, 0xFA, 0xFF, 0x01, 0xB0, 0xFA, 0xFF, 0x01, 0xAE, 0xFA, 0xFF, 0x01, 0xAB, 0xFA, 0xFF, 0x01, 0xAA, 0xFA, 0xFF,
  0x02, 0xA8, 0xFA, 0xFF, 0x02, 0xA7, 0xF9, 0xFF, 0x03, 0xA7, 0xFA, 0xFF, 0x04, 0xA7, 0xFA, 0xFF, 0x05, 0xA6, 0xF9, 0xFF, 0x04, 0xA6, 0xFA, 0xFF,
  0x06, 0xA6, 0xF9, 0xFF, 0x07, 0xA7, 0xF9, 0xFF, 0x09, 0xA9, 0xFA, 0xFF, 0x0A, 0xA9, 0xF9, 0xFF, 0x0B, 0xAB, 0xFA, 0xFF, 0x0D, 0xAC, 0xFA, 0xFF,
  0x10, 0xAE, 0xFA, 0xFF, 0x12, 0xB1, 0xFA, 0xFF, 0x14, 0xB3, 0xFA, 0xFF, 0x18, 0xB6, 0xFA, 0xFF, 0x1A, 0xB9, 0xFA, 0xFF, 0x1F, 0xBC, 0xFA, 0xFF,
  0x25, 0xC3, 0xF9, 0xFF, 0x35, 0xD1, 0xFA, 0xFF, 0x3F, 0xD6, 0xFA, 0xFF, 0x5A, 0xDF, 0xF9, 0xFF, 0x64, 0xC4, 0xDE, 0xFF, 0x4D, 0x81, 0xA6, 0xFF,
  0x1A, 0x35, 0x6C, 0xFF, 0x08, 0x21, 0x4A, 0xFF, 0x09, 0x15, 0x28, 0xFF, 0x07, 0x09, 0x0D, 0xFF, 0x05, 0x05, 0x06, 0xFF, 0x04, 0x04, 0x04, 0xFF,
  0x04, 0x03, 0x04, 0xFF, 0x04, 0x03, 0x04, 0xFF, 0x04, 0x03, 0x04, 0xFF, 0x04, 0x03, 0x04, 0xFF, 0x04, 0x03, 0x04, 0xFF, 0x05, 0x04, 0x06, 0xFF,
  0x05, 0x05, 0x09, 0xFF, 0x0B, 0x0E, 0x2A, 0xFF, 0x40, 0x61, 0xD6, 0xFF, 0x53, 0x7B, 0xFA, 0xFF, 0x37, 0x44, 0xFA, 0xFF, 0x21, 0x30, 0xF9, 0xFF,
  0x22, 0x30, 0xF9, 0xFF, 0x22, 0x30, 0xF9, 0xFF, 0x22, 0x33, 0xF9, 0xFF, 0x23, 0x3A, 0xFA, 0xFF, 0x26, 0x42, 0xFA, 0xFF, 0x29, 0x51, 0xFA, 0xFF,
  0x2F, 0x6C, 0xFA, 0xFF, 0x34, 0x79, 0xF9, 0xFF, 0x39, 0x81, 0xFA, 0xFF, 0x49, 0x9E, 0xFB, 0xFF, 0xC7, 0xFA, 0xFA, 0xFF, 0xD0, 0xF2, 0xF8, 0xFF,
  0x20, 0x37, 0xDF, 0xFF, 0x13, 0x21, 0x8D, 0xFF, 0x0C, 0x12, 0x4A, 0xFF, 0x08, 0x0B, 0x2E, 0xFF, 0x06, 0x07, 0x1D, 0xFF, 0x05, 0x06, 0x14, 0xFF,
  0x05, 0x05, 0x0F, 0xFF, 0x05, 0x04, 0x0C, 0xFF, 0x05, 0x04, 0x09, 0xFF, 0x04, 0x04, 0x07, 0xFF, 0x04, 0x03, 0x06, 0xFF, 0x04, 0x03, 0x05, 0xFF,
  0x04, 0x03, 0x05, 0xFF, 0x04, 0x03, 0x05, 0xFF, 0x04, 0x03, 0x05, 0xFF, 0x04, 0x03, 0x04, 0xFF, 0x04, 0x03, 0x03, 0xFF, 0x04, 0x03, 0x03, 0xFF,
  0x04, 0x03, 0x03, 0xFF, 0x04, 0x03, 0x03, 0xFF, 0x04, 0x03, 0x03, 0xFF, 0x04, 0x03, 0x03, 0xFF, 0x04, 0x03, 0x03, 0xFF, 0x04, 0x03, 0x04, 0xFF,
  0x05, 0x03, 0x0E, 0xFF, 0x0C, 0x05, 0x47, 0xFF, 0x1C, 0x07, 0xAB, 0xFF, 0x1C, 0x0A, 0xBE, 0xFF, 0x18, 0x05, 0xB9, 0xFF, 0x0B, 0x0A, 0xB5, 0xFF,
  0x6C, 0x8D, 0xF9, 0xFF, 0x6D, 0x8C, 0xF9, 0xFF, 0x16, 0x0C, 0xE8, 0xFF, 0x19, 0x0D, 0xB3, 0xFF, 0x0C, 0x0A, 0x39, 0xFF, 0x05, 0x04, 0x09, 0xFF,
  0x04, 0x03, 0x05, 0xFF, 0x04, 0x03, 0x04, 0xFF, 0x04, 0x03, 0x03, 0xFF, 0x04, 0x03, 0x03, 0xFF, 0x04, 0x03, 0x03, 0xFF, 0x04, 0x03, 0x03, 0xFF,
  0x04, 0x03, 0x03, 0xFF, 0x04, 0x03, 0x03, 0xFF, 0x04, 0x03, 0x03, 0xFF, 0x04, 0x03, 0x03, 0xFF, 0x04, 0x03, 0x03, 0xFF, 0x04, 0x03, 0x04, 0xFF,
  0x04, 0x05, 0x07, 0xFF, 0x04, 0x0D, 0x18, 0xFF, 0x03, 0x2F, 0x6F, 0xFF, 0x00, 0x46, 0xC7, 0xFF, 0x1E, 0xDC, 0xF9, 0xFF, 0x21, 0xE1, 0xF9, 0xFF,
  0x01, 0x3B, 0x98, 0xFF, 0x01, 0x23, 0x76, 0xFF, 0x01, 0x29, 0x80, 0xFF, 0x02, 0x1E, 0x58, 0xFF, 0x03, 0x0A, 0x17, 0xFF, 0x04, 0x04, 0x05, 0xFF,
  0x04, 0x03, 0x03, 0xFF, 0x04, 0x03, 0x03, 0xFF, 0x04, 0x03, 0x03, 0xFF, 0x04, 0x03, 0x03, 0xFF, 0x04, 0x03, 0x03, 0xFF, 0x04, 0x03, 0x03, 0xFF,
  0x04, 0x03, 0x03, 0xFF, 0x04, 0x03, 0x03, 0xFF, 0x04, 0x03, 0x03, 0xFF, 0x04, 0x03, 0x03, 0xFF, 0x04, 0x03, 0x03, 0xFF, 0x04, 0x03, 0x04, 0xFF,
  0x04, 0x03, 0x04, 0xFF, 0x04, 0x03, 0x04, 0xFF, 0x04, 0x03, 0x04, 0xFF, 0x04, 0x04, 0x05, 0xFF, 0x04, 0x04, 0x05, 0xFF, 0x04, 0x04, 0x05, 0xFF,
  0x04, 0x05, 0x06, 0xFF, 0x04, 0x06, 0x08, 0xFF, 0x05, 0x07, 0x0A, 0xFF, 0x05, 0x08, 0x0D, 0xFF, 0x05, 0x0B, 0x11, 0xFF, 0x06, 0x0E, 0x17, 0xFF,
  0x07, 0x12, 0x1D, 0xFF, 0x09, 0x1B, 0x2A, 0xFF, 0x0C, 0x31, 0x52, 0xFF, 0x6B, 0xB8, 0xD4, 0xFF, 0x4B, 0xF6, 0xF9, 0xFF, 0x21, 0xD3, 0xF9, 0xFF,
  0x08, 0xC0, 0xF9, 0xFF, 0x05, 0xB9, 0xFA, 0xFF, 0x03, 0xB5, 0xFA, 0xFF, 0x03, 0xB4, 0xFA, 0xFF, 0x04, 0xB2, 0xFA, 0xFF, 0x2E, 0xC8, 0xFA, 0xFF,
  0x28, 0xC3, 0xF9, 0xFF, 0x33, 0x9D, 0xCF, 0xFF, 0x07, 0x16, 0x28, 0xFF, 0x05, 0x0A, 0x0E, 0xFF, 0x05, 0x06, 0x08, 0xFF, 0x04, 0x05, 0x06, 0xFF,
  0x04, 0x04, 0x05, 0xFF, 0x04, 0x04, 0x04, 0xFF, 0x04, 0x04, 0x04, 0xFF, 0x04, 0x04, 0x04, 0xFF, 0x04, 0x04, 0x04, 0xFF, 0x04, 0x03, 0x03, 0xFF,
  0x04, 0x03, 0x03, 0xFF, 0x04, 0x03, 0x04, 0xFF, 0x04, 0x03, 0x04, 0xFF, 0x04, 0x04, 0x05, 0xFF, 0x04, 0x05, 0x07, 0xFF, 0x04, 0x05, 0x07, 0xFF,
  0x05, 0x06, 0x0A, 0xFF, 0x05, 0x08, 0x0D, 0xFF, 0x05, 0x0A, 0x11, 0xFF, 0x05, 0x0D, 0x16, 0xFF, 0x06, 0x12, 0x20, 0xFF, 0x07, 0x1D, 0x34, 0xFF,
  0x06, 0x55, 0xA8, 0xFF, 0x02, 0xAC, 0xFA, 0xFF, 0x40, 0xCB, 0xF7, 0xFF, 0xA0, 0xF8, 0xFA, 0xFF, 0x40, 0xF9, 0xFA, 0xFF, 0x2A, 0xF8, 0xFA, 0xFF,
  0x1A, 0xF0, 0xFB, 0xFF, 0x13, 0xE3, 0xFA, 0xFF, 0x0D, 0xD8, 0xFA, 0xFF, 0x08, 0xCF, 0xFA, 0xFF, 0x05, 0xC6, 0xFA, 0xFF, 0x04, 0xC0, 0xFA, 0xFF,
  0x02, 0xBC, 0xFB, 0xFF, 0x01, 0xB5, 0xFA, 0xFF, 0x01, 0xB0, 0xF9, 0xFF, 0x01, 0xAE, 0xF9, 0xFF, 0x02, 0xAC, 0xFA, 0xFF, 0x03, 0xAB, 0xFA, 0xFF,
  0x03, 0xAA, 0xFA, 0xFF, 0x05, 0xAA, 0xF9, 0xFF, 0x06, 0xAA, 0xF9, 0xFF, 0x06, 0xAB, 0xFA, 0xFF, 0x07, 0xAA, 0xFA, 0xFF, 0x08, 0xAA, 0xFA, 0xFF,
  0x09, 0xAB, 0xFA, 0xFF, 0x0B, 0xAE, 0xFA, 0xFF, 0x0E, 0xB0, 0xFB, 0xFF, 0x0F, 0xB0, 0xFA, 0xFF, 0x11, 0xB0, 0xFA, 0xFF, 0x12, 0xB1, 0xFA, 0xFF,
  0x14, 0xB2, 0xFA, 0xFF, 0x17, 0xB4, 0xFA, 0xFF, 0x18, 0xB5, 0xF9, 0xFF, 0x1A, 0xB9, 0xFA, 0xFF, 0x1C, 0xBB, 0xFA, 0xFF, 0x1D, 0xBC, 0xF9, 0xFF,
  0x21, 0xBE, 0xFA, 0xFF, 0x24, 0xBF, 0xFA, 0xFF, 0x24, 0xC0, 0xF9, 0xFF, 0x27, 0xC4, 0xF9, 0xFF, 0x32, 0xCF, 0xFA, 0xFF, 0x4D, 0xE4, 0xF9, 0xFF,
  0x71, 0xEC, 0xF7, 0xFF, 0x60, 0xA9, 0xC1, 0xFF, 0x1B, 0x3D, 0x5F, 0xFF, 0x08, 0x1A, 0x37, 0xFF, 0x08, 0x0D, 0x14, 0xFF, 0x06, 0x06, 0x08, 0xFF,
  0x04, 0x04, 0x05, 0xFF, 0x04, 0x03, 0x04, 0xFF, 0x04, 0x03, 0x04, 0xFF, 0x04, 0x03, 0x04, 0xFF, 0x04, 0x03, 0x04, 0xFF, 0x04, 0x04, 0x05, 0xFF,
  0x05, 0x04, 0x06, 0xFF, 0x06, 0x06, 0x0B, 0xFF, 0x1C, 0x28, 0x6D, 0xFF, 0x56, 0x7B, 0xF7, 0xFF, 0x5B, 0x77, 0xFA, 0xFF, 0x19, 0x21, 0xF7, 0xFF,
  0x1C, 0x28, 0xF5, 0xFF, 0x1A, 0x26, 0xF6, 0xFF, 0x19, 0x28, 0xF8, 0xFF, 0x1A, 0x2D, 0xFA, 0xFF, 0x1F, 0x3D, 0xFB, 0xFF, 0x26, 0x53, 0xFA, 0xFF,
  0x28, 0x51, 0xF9, 0xFF, 0x2B, 0x5D, 0xF9, 0xFF, 0x31, 0x6F, 0xFA, 0xFF, 0x69, 0xC5, 0xFB, 0xFF, 0x9F, 0xEF, 0xFA, 0xFF, 0xAA, 0xF7, 0xF9, 0xFF,
  0x53, 0x6A, 0xED, 0xFF, 0x14, 0x23, 0x9D, 0xFF, 0x0D, 0x14, 0x55, 0xFF, 0x09, 0x0D, 0x37, 0xFF, 0x06, 0x08, 0x21, 0xFF, 0x06, 0x06, 0x16, 0xFF,
  0x05, 0x05, 0x11, 0xFF, 0x05, 0x04, 0x0D, 0xFF, 0x05, 0x04, 0x0A, 0xFF, 0x04, 0x04, 0x08, 0xFF, 0x04, 0x03, 0x06, 0xFF, 0x04, 0x03, 0x06, 0xFF,
  0x04, 0x03, 0x06, 0xFF, 0x04, 0x03, 0x05, 0xFF, 0x04, 0x03, 0x05, 0xFF, 0x04, 0x03, 0x04, 0xFF, 0x04, 0x03, 0x04, 0xFF, 0x04, 0x03, 0x03, 0xFF,
  0x04, 0x03, 0x03, 0xFF, 0x04, 0x03, 0x03, 0xFF, 0x04, 0x03, 0x03, 0xFF, 0x04, 0x03, 0x03, 0xFF, 0x04, 0x03, 0x04, 0xFF, 0x04, 0x03, 0x04, 0xFF,
  0x05, 0x03, 0x0E, 0xFF, 0x0B, 0x05, 0x44, 0xFF, 0x1C, 0x07, 0xA9, 0xFF, 0x1C, 0x09, 0xBD, 0xFF, 0x18, 0x05, 0xB8, 0xFF, 0x0B, 0x0A, 0xB3, 0xFF,
  0x6E, 0x8D, 0xF8, 0xFF, 0x6F, 0x8D, 0xF9, 0xFF, 0x16, 0x0D, 0xE8, 0xFF, 0x1B, 0x0C, 0xB3, 0xFF, 0x0C, 0x09, 0x3A, 0xFF, 0x05, 0x04, 0x0A, 0xFF,
  0x04, 0x03, 0x05, 0xFF, 0x04, 0x03, 0x03, 0xFF, 0x04, 0x03, 0x03, 0xFF, 0x04, 0x03, 0x03, 0xFF, 0x04, 0x03, 0x03, 0xFF, 0x04, 0x03, 0x03, 0xFF,
  0x04, 0x03, 0x03, 0xFF, 0x04, 0x03, 0x03, 0xFF, 0x04, 0x03, 0x03, 0xFF, 0x04, 0x03, 0x03, 0xFF, 0x04, 0x03, 0x03, 0xFF, 0x04, 0x03, 0x04, 0xFF,
  0x04, 0x05, 0x07, 0xFF, 0x04, 0x0D, 0x18, 0xFF, 0x03, 0x2F, 0x6F, 0xFF, 0x00, 0x47, 0xC8, 0xFF, 0x1D, 0xD9, 0xFA, 0xFF, 0x20, 0xDD, 0xF9, 0xFF,
  0x01, 0x3B, 0x96, 0xFF, 0x00, 0x23, 0x75, 0xFF, 0x01, 0x29, 0x80, 0xFF, 0x02, 0x1F, 0x5A, 0xFF, 0x03, 0x0A, 0x17, 0xFF, 0x04, 0x04, 0x05, 0xFF,
  0x04, 0x03, 0x03, 0xFF, 0x04, 0x03, 0x03, 0xFF, 0x04, 0x03, 0x03, 0xFF, 0x04, 0x03, 0x03, 0xFF, 0x04, 0x03, 0x03, 0xFF, 0x04, 0x03, 0x03, 0xFF,
  0x04, 0x03, 0x03, 0xFF, 0x04, 0x03, 0x03, 0xFF, 0x04, 0x03, 0x03, 0xFF, 0x04, 0x03, 0x03, 0xFF, 0x04, 0x03, 0x03, 0xFF, 0x04, 0x03, 0x03, 0xFF,
  0x04, 0x03, 0x04, 0xFF, 0x04, 0x03, 0x04, 0xFF, 0x04, 0x03, 0x04, 0xFF, 0x04, 0x03, 0x04, 0xFF, 0x04, 0x04, 0x05, 0xFF, 0x04, 0x04, 0x05, 0xFF,
  0x04, 0x05, 0x06, 0xFF, 0x04, 0x06, 0x08, 0xFF, 0x05, 0x07, 0x0A, 0xFF, 0x05, 0x08, 0x0D, 0xFF, 0x05, 0x0A, 0x10, 0xFF, 0x05, 0x0D, 0x14, 0xFF,
  0x06, 0x10, 0x1A, 0xFF, 0x08, 0x1A, 0x2A, 0xFF, 0x0A, 0x24, 0x3A, 0xFF, 0x25, 0x5C, 0x91, 0xFF, 0x71, 0xF5, 0xF8, 0xFF, 0x4B, 0xEB, 0xF9, 0xFF,
  0x0A, 0xC5, 0xF9, 0xFF, 0x07, 0xBA, 0xF9, 0xFF, 0x05, 0xB6, 0xF9, 0xFF, 0x04, 0xB5, 0xFA, 0xFF, 0x05, 0xB3, 0xFA, 0xFF, 0x1C, 0xBC, 0xF9, 0xFF,
  0x2A, 0xC4, 0xFA, 0xFF, 0x2D, 0xC5, 0xF9, 0xFF, 0x1A, 0x49, 0x76, 0xFF, 0x06, 0x0F, 0x17, 0xFF, 0x05, 0x07, 0x09, 0xFF, 0x04, 0x05, 0x06, 0xFF,
  0x04, 0x04, 0x05, 0xFF, 0x04, 0x04, 0x04, 0xFF, 0x04, 0x04, 0x04, 0xFF, 0x04, 0x04, 0x04, 0xFF, 0x04, 0x04, 0x04, 0xFF, 0x04, 0x03, 0x04, 0xFF,
  0x04, 0x03, 0x03, 0xFF, 0x04, 0x03, 0x04, 0xFF, 0x04, 0x03, 0x04, 0xFF, 0x04, 0x04, 0x05, 0xFF, 0x04, 0x04, 0x06, 0xFF, 0x04, 0x04, 0x06, 0xFF,
  0x04, 0x06, 0x08, 0xFF, 0x05, 0x07, 0x0A, 0xFF, 0x05, 0x08, 0x0D, 0xFF, 0x05, 0x0B, 0x11, 0xFF, 0x05, 0x0E, 0x18, 0xFF, 0x06, 0x14, 0x22, 0xFF,
  0x09, 0x2B, 0x50, 0xFF, 0x04, 0x65, 0xD1, 0xFF, 0x01, 0x93, 0xF7, 0xFF, 0x5B, 0xC7, 0xFA, 0xFF, 0x94, 0xFA, 0xFA, 0xFF, 0x37, 0xF9, 0xFA, 0xFF,
  0x1F, 0xF1, 0xFB, 0xFF, 0x16, 0xE3, 0xFB, 0xFF, 0x0F, 0xD8, 0xFB, 0xFF, 0x09, 0xCD, 0xFB, 0xFF, 0x07, 0xC5, 0xFA, 0xFF, 0x05, 0xBF, 0xFB, 0xFF,
  0x03, 0xBA, 0xFB, 0xFF, 0x01, 0xB4, 0xFA, 0xFF, 0x01, 0xB0, 0xFA, 0xFF, 0x02, 0xAE, 0xFA, 0xFF, 0x03, 0xAD, 0xFA, 0xFF, 0x04, 0xAC, 0xFA, 0xFF,
  0x05, 0xAB, 0xFA, 0xFF, 0x06, 0xAA, 0xF9, 0xFF, 0x07, 0xAD, 0xFA, 0xFF, 0x0A, 0xAF, 0xFA, 0xFF, 0x0B, 0xAF, 0xFA, 0xFF, 0x0C, 0xAF, 0xFA, 0xFF,
  0x0E, 0xB1, 0xFA, 0xFF, 0x11, 0xB4, 0xFA, 0xFF, 0x12, 0xB5, 0xFA, 0xFF, 0x14, 0xB5, 0xFA, 0xFF, 0x16, 0xB4, 0xFA, 0xFF, 0x18, 0xB5, 0xFA, 0xFF,
  0x19, 0xB6, 0xFA, 0xFF, 0x1A, 0xB7, 0xFA, 0xFF, 0x1C, 0xB9, 0xF9, 0xFF, 0x1D, 0xBB, 0xFA, 0xFF, 0x1F, 0xBD, 0xFA, 0xFF, 0x20, 0xBE, 0xF9, 0xFF,
  0x23, 0xC0, 0xFA, 0xFF, 0x25, 0xC1, 0xFA, 0xFF, 0x26, 0xC3, 0xFA, 0xFF, 0x28, 0xC4, 0xFB, 0xFF, 0x2C, 0xC6, 0xFA, 0xFF, 0x30, 0xCA, 0xFA, 0xFF,
  0x3A, 0xD6, 0xFA, 0xFF, 0x57, 0xEC, 0xF9, 0xFF, 0x93, 0xEF, 0xF4, 0xFF, 0x38, 0x65, 0x85, 0xFF, 0x06, 0x1D, 0x44, 0xFF, 0x08, 0x0E, 0x17, 0xFF,
  0x05, 0x05, 0x06, 0xFF, 0x04, 0x04, 0x04, 0xFF, 0x04, 0x03, 0x04, 0xFF, 0x04, 0x03, 0x04, 0xFF, 0x04, 0x03, 0x04, 0xFF, 0x04, 0x03, 0x04, 0xFF,
  0x04, 0x04, 0x05, 0xFF, 0x05, 0x04, 0x07, 0xFF, 0x0B, 0x0F, 0x30, 0xFF, 0x46, 0x64, 0xDC, 0xFF, 0x53, 0x74, 0xF9, 0xFF, 0x28, 0x30, 0xF3, 0xFF,
  0x15, 0x20, 0xEB, 0xFF, 0x16, 0x22, 0xED, 0xFF, 0x15, 0x21, 0xEF, 0xFF, 0x24, 0x3F, 0xF9, 0xFF, 0x22, 0x3E, 0xFA, 0xFF, 0x1A, 0x31, 0xFA, 0xFF,
  0x1E, 0x3A, 0xF9, 0xFF, 0x30, 0x5A, 0xFA, 0xFF, 0x60, 0xAE, 0xFB, 0xFF, 0x58, 0xB9, 0xFB, 0xFF, 0x87, 0xD9, 0xFA, 0xFF, 0x9D, 0xF3, 0xFA, 0xFF,
  0x70, 0x8B, 0xF2, 0xFF, 0x13, 0x23, 0xA9, 0xFF, 0x0E, 0x15, 0x5A, 0xFF, 0x0A, 0x0E, 0x3D, 0xFF, 0x07, 0x08, 0x23, 0xFF, 0x06, 0x06, 0x18, 0xFF,
  0x05, 0x05, 0x13, 0xFF, 0x05, 0x04, 0x0E, 0xFF, 0x05, 0x04, 0x0B, 0xFF, 0x05, 0x04, 0x09, 0xFF, 0x05, 0x04, 0x08, 0xFF, 0x05, 0x04, 0x09, 0xFF,
  0x05, 0x04, 0x0D, 0xFF, 0x05, 0x04, 0x09, 0xFF, 0x04, 0x03, 0x05, 0xFF, 0x04, 0x03, 0x04, 0xFF, 0x04, 0x03, 0x04, 0xFF, 0x04, 0x03, 0x03, 0xFF,
  0x04, 0x03, 0x03, 0xFF, 0x04, 0x03, 0x03, 0xFF, 0x04, 0x03, 0x03, 0xFF, 0x04, 0x03, 0x03, 0xFF, 0x04, 0x03, 0x04, 0xFF, 0x04, 0x03, 0x04, 0xFF,
  0x05, 0x03, 0x0E, 0xFF, 0x0C, 0x05, 0x43, 0xFF, 0x1D, 0x07, 0xA9, 0xFF, 0x1C, 0x09, 0xBE, 0xFF, 0x1A, 0x05, 0xB9, 0xFF, 0x0D, 0x0B, 0xB4, 0xFF,
  0x70, 0x8B, 0xF8, 0xFF, 0x6E, 0x8B, 0xF8, 0xFF, 0x18, 0x0E, 0xE8, 0xFF, 0x1C, 0x0C, 0xB3, 0xFF, 0x0C, 0x09, 0x39, 0xFF, 0x05, 0x04, 0x09, 0xFF,
  0x04, 0x03, 0x05, 0xFF, 0x04, 0x03, 0x03, 0xFF, 0x04, 0x03, 0x03, 0xFF, 0x04, 0x03, 0x03, 0xFF, 0x04, 0x03, 0x03, 0xFF, 0x04, 0x03, 0x03, 0xFF,
  0x04, 0x03, 0x03, 0xFF, 0x04, 0x03, 0x03, 0xFF, 0x04, 0x03, 0x03, 0xFF, 0x04, 0x03, 0x03, 0xFF, 0x04, 0x03, 0x03, 0xFF, 0x04, 0x03, 0x04, 0xFF,
  0x04, 0x05, 0x06, 0xFF, 0x04, 0x0C, 0x16, 0xFF, 0x03, 0x2D, 0x69, 0xFF, 0x00, 0x47, 0xC7, 0xFF, 0x1C, 0xD8, 0xF9, 0xFF, 0x1F, 0xDA, 0xF9, 0xFF,
  0x01, 0x3D, 0x98, 0xFF, 0x00, 0x23, 0x76, 0xFF, 0x01, 0x29, 0x80, 0xFF, 0x02, 0x1E, 0x58, 0xFF, 0x03, 0x0A, 0x16, 0xFF, 0x04, 0x04, 0x05, 0xFF,
  0x04, 0x03, 0x03, 0xFF, 0x04, 0x03, 0x03, 0xFF, 0x04, 0x03, 0x03, 0xFF, 0x04, 0x03, 0x03, 0xFF, 0x04, 0x03, 0x03, 0xFF, 0x04, 0x03, 0x03, 0xFF,
  0x04, 0x03, 0x03, 0xFF, 0x04, 0x03, 0x03, 0xFF, 0x04, 0x03, 0x03, 0xFF, 0x04, 0x03, 0x03, 0xFF, 0x04, 0x03, 0x03, 0xFF, 0x04, 0x03, 0x03, 0xFF,
  0x04, 0x03, 0x04, 0xFF, 0x04, 0x03, 0x04, 0xFF, 0x04, 0x03, 0x04, 0xFF, 0x04, 0x04, 0x04, 0xFF, 0x04, 0x04, 0x05, 0xFF, 0x04, 0x04, 0x05, 0xFF,
  0x04, 0x05, 0x07, 0xFF, 0x04, 0x06, 0x09, 0xFF, 0x05, 0x07, 0x0B, 0xFF, 0x05, 0x09, 0x0D, 0xFF, 0x05, 0x0A, 0x10, 0xFF, 0x05, 0x0B, 0x12, 0xFF,
  0x06, 0x0E, 0x17, 0xFF, 0x07, 0x14, 0x1F, 0xFF, 0x09, 0x1B, 0x2C, 0xFF, 0x0E, 0x38, 0x60, 0xFF, 0x6F, 0xC8, 0xE4, 0xFF, 0x57, 0xF8, 0xF9, 0xFF,
  0x26, 0xD2, 0xFA, 0xFF, 0x08, 0xBE, 0xF9, 0xFF, 0x09, 0xB8, 0xF9, 0xFF, 0x08, 0xB5, 0xFA, 0xFF, 0x07, 0xB1, 0xFA, 0xFF, 0x07, 0xAF, 0xFA, 0xFF,
  0x31, 0xC7, 0xFA, 0xFF, 0x2C, 0xC2, 0xFA, 0xFF, 0x2D, 0x8D, 0xC5, 0xFF, 0x0A, 0x20, 0x33, 0xFF, 0x05, 0x0A, 0x0E, 0xFF, 0x05, 0x06, 0x07, 0xFF,
  0x04, 0x04, 0x06, 0xFF, 0x04, 0x04, 0x04, 0xFF, 0x04, 0x04, 0x04, 0xFF, 0x04, 0x04, 0x04, 0xFF, 0x04, 0x04, 0x04, 0xFF, 0x04, 0x03, 0x04, 0xFF,
  0x04, 0x03, 0x04, 0xFF, 0x04, 0x03, 0x04, 0xFF, 0x04, 0x03, 0x04, 0xFF, 0x04, 0x04, 0x05, 0xFF, 0x04, 0x04, 0x05, 0xFF, 0x04, 0x04, 0x06, 0xFF,
  0x04, 0x05, 0x07, 0xFF, 0x04, 0x06, 0x08, 0xFF, 0x05, 0x07, 0x0A, 0xFF, 0x05, 0x08, 0x0D, 0xFF, 0x05, 0x0B, 0x12, 0xFF, 0x06, 0x0E, 0x18, 0xFF,
  0x07, 0x18, 0x2B, 0xFF, 0x0A, 0x2A, 0x59, 0xFF, 0x03, 0x5C, 0xC7, 0xFF, 0x03, 0x88, 0xFA, 0xFF, 0x5C, 0xBA, 0xFA, 0xFF, 0x89, 0xF6, 0xFB, 0xFF,
  0x3A, 0xF7, 0xFB, 0xFF, 0x1F, 0xE8, 0xFA, 0xFF, 0x14, 0xD8, 0xFA, 0xFF, 0x0C, 0xCC, 0xFB, 0xFF, 0x08, 0xC4, 0xFA, 0xFF, 0x06, 0xBD, 0xFA, 0xFF,
  0x04, 0xB8, 0xFB, 0xFF, 0x04, 0xB4, 0xFA, 0xFF, 0x04, 0xB0, 0xFA, 0xFF, 0x04, 0xAE, 0xFA, 0xFF, 0x05, 0xAD, 0xFA, 0xFF, 0x05, 0xAC, 0xFA, 0xFF,
  0x05, 0xAC, 0xFA, 0xFF, 0x07, 0xAD, 0xF9, 0xFF, 0x0A, 0xAF, 0xFA, 0xFF, 0x0C, 0xB1, 0xFA, 0xFF, 0x0F, 0xB2, 0xFA, 0xFF, 0x11, 0xB4, 0xFA, 0xFF,
  0x13, 0xB6, 0xFA, 0xFF, 0x15, 0xB8, 0xFA, 0xFF, 0x16, 0xB8, 0xFA, 0xFF, 0x18, 0xB8, 0xFA, 0xFF, 0x18, 0xB7, 0xF9, 0xFF, 0x1A, 0xB8, 0xF9, 0xFF,
  0x1D, 0xBA, 0xFA, 0xFF, 0x1D, 0xBB, 0xFA, 0xFF, 0x1E, 0xBD, 0xFA, 0xFF, 0x20, 0xBE, 0xFA, 0xFF, 0x22, 0xBF, 0xFA, 0xFF, 0x24, 0xC1, 0xF9, 0xFF,
  0x26, 0xC2, 0xFB, 0xFF, 0x28, 0xC4, 0xFB, 0xFF, 0x2B, 0xC5, 0xFB, 0xFF, 0x2C, 0xC6, 0xFA, 0xFF, 0x2F, 0xC8, 0xFB, 0xFF, 0x32, 0xC9, 0xFB, 0xFF,
  0x34, 0xCB, 0xFA, 0xFF, 0x35, 0xD1, 0xFA, 0xFF, 0x4A, 0xE4, 0xF9, 0xFF, 0x98, 0xF3, 0xF8, 0xFF, 0x4C, 0x71, 0x9A, 0xFF, 0x06, 0x1B, 0x47, 0xFF,
  0x06, 0x08, 0x0C, 0xFF, 0x04, 0x04, 0x04, 0xFF, 0x04, 0x03, 0x04, 0xFF, 0x04, 0x03, 0x03, 0xFF, 0x04, 0x03, 0x04, 0xFF, 0x04, 0x03, 0x04, 0xFF,
  0x04, 0x03, 0x04, 0xFF, 0x04, 0x04, 0x06, 0xFF, 0x08, 0x09, 0x15, 0xFF, 0x36, 0x4C, 0xB1, 0xFF, 0x53, 0x73, 0xFA, 0xFF, 0x41, 0x51, 0xF0, 0xFF,
  0x0E, 0x16, 0xE3, 0xFF, 0x19, 0x25, 0xF1, 0xFF, 0x21, 0x31, 0xF8, 0xFF, 0x11, 0x1C, 0xF8, 0xFF, 0x12, 0x20, 0xFA, 0xFF, 0x13, 0x26, 0xFA, 0xFF,
  0x3B, 0x62, 0xF8, 0xFF, 0x54, 0x97, 0xFA, 0xFF, 0x52, 0x9E, 0xFB, 0xFF, 0x4E, 0xA1, 0xFA, 0xFF, 0x76, 0xBE, 0xF9, 0xFF, 0x9B, 0xEC, 0xFA, 0xFF,
  0x7C, 0x9C, 0xF4, 0xFF, 0x13, 0x22, 0xB0, 0xFF, 0x0E, 0x15, 0x5B, 0xFF, 0x0A, 0x0E, 0x3E, 0xFF, 0x07, 0x09, 0x24, 0xFF, 0x06, 0x06, 0x19, 0xFF,
  0x05, 0x05, 0x13, 0xFF, 0x05, 0x04, 0x0D, 0xFF, 0x05, 0x04, 0x0A, 0xFF, 0x05, 0x04, 0x09, 0xFF, 0x05, 0x04, 0x09, 0xFF, 0x05, 0x04, 0x0D, 0xFF,
  0x06, 0x06, 0x1F, 0xFF, 0x05, 0x04, 0x10, 0xFF, 0x04, 0x03, 0x06, 0xFF, 0x04, 0x03, 0x04, 0xFF, 0x04, 0x03, 0x04, 0xFF, 0x04, 0x03, 0x03, 0xFF,
  0x04, 0x03, 0x03, 0xFF, 0x04, 0x03, 0x03, 0xFF, 0x04, 0x03, 0x03, 0xFF, 0x04, 0x03, 0x04, 0xFF, 0x04, 0x03, 0x04, 0xFF, 0x04, 0x03, 0x04, 0xFF,
  0x05, 0x03, 0x0E, 0xFF, 0x0D, 0x05, 0x48, 0xFF, 0x1C, 0x06, 0xA8, 0xFF, 0x1C, 0x08, 0xBD, 0xFF, 0x1B, 0x03, 0xB7, 0xFF, 0x0E, 0x0B, 0xB2, 0xFF,
  0x72, 0x89, 0xF8, 0xFF, 0x6E, 0x86, 0xF9, 0xFF, 0x19, 0x0D, 0xE7, 0xFF, 0x1C, 0x0D, 0xB1, 0xFF, 0x0C, 0x09, 0x38, 0xFF, 0x05, 0x04, 0x09, 0xFF,
  0x04, 0x03, 0x05, 0xFF, 0x04, 0x03, 0x03, 0xFF, 0x04, 0x03, 0x03, 0xFF, 0x04, 0x03, 0x03, 0xFF, 0x04, 0x03, 0x03, 0xFF, 0x04, 0x03, 0x03, 0xFF,
  0x04, 0x03, 0x03, 0xFF, 0x04, 0x03, 0x03, 0xFF, 0x04, 0x03, 0x03, 0xFF, 0x04, 0x03, 0x03, 0xFF, 0x04, 0x03, 0x03, 0xFF, 0x04, 0x03, 0x04, 0xFF,
  0x04, 0x05, 0x07, 0xFF, 0x04, 0x0C, 0x16, 0xFF, 0x03, 0x2B, 0x66, 0xFF, 0x00, 0x45, 0xC5, 0xFF, 0x1C, 0xD7, 0xF9, 0xFF, 0x20, 0xD9, 0xF9, 0xFF,
  0x01, 0x3C, 0x97, 0xFF, 0x01, 0x24, 0x76, 0xFF, 0x01, 0x29, 0x81, 0xFF, 0x02, 0x1B, 0x4F, 0xFF, 0x04, 0x08, 0x12, 0xFF, 0x04, 0x03, 0x05, 0xFF,
  0x04, 0x03, 0x03, 0xFF, 0x04, 0x03, 0x03, 0xFF, 0x04, 0x03, 0x03, 0xFF, 0x04, 0x03, 0x03, 0xFF, 0x04, 0x03, 0x03, 0xFF, 0x04, 0x03, 0x03, 0xFF,
  0x04, 0x03, 0x03, 0xFF, 0x04, 0x03, 0x03, 0xFF, 0x04, 0x03, 0x03, 0xFF, 0x04, 0x03, 0x03, 0xFF, 0x04, 0x03, 0x03, 0xFF, 0x04, 0x03, 0x03, 0xFF,
  0x04, 0x03, 0x04, 0xFF, 0x04, 0x03, 0x04, 0xFF, 0x04, 0x03, 0x04, 0xFF, 0x04, 0x04, 0x04, 0xFF, 0x04, 0x04, 0x05, 0xFF, 0x04, 0x04, 0x05, 0xFF,
  0x04, 0x05, 0x07, 0xFF, 0x04, 0x06, 0x09, 0xFF, 0x05, 0x07, 0x0B, 0xFF, 0x05, 0x09, 0x0E, 0xFF, 0x05, 0x0A, 0x11, 0xFF, 0x05, 0x0B, 0x13, 0xFF,
  0x06, 0x0D, 0x15, 0xFF, 0x06, 0x10, 0x1A, 0xFF, 0x08, 0x15, 0x21, 0xFF, 0x0B, 0x21, 0x35, 0xFF, 0x35, 0x6B, 0x94, 0xFF, 0x76, 0xF6, 0xF8, 0xFF,
  0x5B, 0xEC, 0xF9, 0xFF, 0x0B, 0xC4, 0xFA, 0xFF, 0x0B, 0xBB, 0xFA, 0xFF, 0x0A, 0xB6, 0xFA, 0xFF, 0x08, 0xB2, 0xFA, 0xFF, 0x09, 0xB0, 0xFB, 0xFF,
  0x23, 0xBD, 0xFA, 0xFF, 0x2F, 0xC4, 0xFA, 0xFF, 0x38, 0xC5, 0xF7, 0xFF, 0x18, 0x4C, 0x88, 0xFF, 0x07, 0x10, 0x17, 0xFF, 0x05, 0x08, 0x0A, 0xFF,
  0x04, 0x05, 0x06, 0xFF, 0x04, 0x04, 0x04, 0xFF, 0x04, 0x04, 0x04, 0xFF, 0x04, 0x04, 0x04, 0xFF, 0x04, 0x04, 0x04, 0xFF, 0x04, 0x04, 0x04, 0xFF,
  0x04, 0x03, 0x04, 0xFF, 0x04, 0x03, 0x04, 0xFF, 0x04, 0x03, 0x04, 0xFF, 0x04, 0x03, 0x04, 0xFF, 0x04, 0x03, 0x04, 0xFF, 0x04, 0x04, 0x05, 0xFF,
  0x04, 0x04, 0x06, 0xFF, 0x04, 0x05, 0x06, 0xFF, 0x04, 0x05, 0x08, 0xFF, 0x05, 0x06, 0x09, 0xFF, 0x05, 0x07, 0x0B, 0xFF, 0x05, 0x09, 0x0F, 0xFF,
  0x06, 0x0C, 0x15, 0xFF, 0x06, 0x11, 0x1E, 0xFF, 0x07, 0x19, 0x33, 0xFF, 0x03, 0x4F, 0xBF, 0xFF, 0x01, 0x6A, 0xF6, 0xFF, 0x39, 0x91, 0xF9, 0xFF,
  0x90, 0xE1, 0xFA, 0xFF, 0x58, 0xF7, 0xFA, 0xFF, 0x2D, 0xEA, 0xFA, 0xFF, 0x12, 0xD1, 0xFA, 0xFF, 0x09, 0xC2, 0xF9, 0xFF, 0x05, 0xBC, 0xFA, 0xFF,
  0x04, 0xB6, 0xFB, 0xFF, 0x04, 0xB3, 0xFA, 0xFF, 0x04, 0xAF, 0xFA, 0xFF, 0x04, 0xAE, 0xFA, 0xFF, 0x05, 0xAD, 0xFA, 0xFF, 0x07, 0xAE, 0xFA, 0xFF,
  0x08, 0xAE, 0xFA, 0xFF, 0x0A, 0xAF, 0xFA, 0xFF, 0x0D, 0xB2, 0xFB, 0xFF, 0x10, 0xB4, 0xF9, 0xFF, 0x13, 0xB5, 0xF9, 0xFF, 0x16, 0xB8, 0xFA, 0xFF,
  0x18, 0xBA, 0xFA, 0xFF, 0x19, 0xBB, 0xFA, 0xFF, 0x1A, 0xBB, 0xFA, 0xFF, 0x1A, 0xB9, 0xFA, 0xFF, 0x1B, 0xB9, 0xF9, 0xFF, 0x1C, 0xBA, 0xF9, 0xFF,
  0x1E, 0xBC, 0xFA, 0xFF, 0x20, 0xBE, 0xFA, 0xFF, 0x22, 0xBF, 0xFA, 0xFF, 0x23, 0xC0, 0xFA, 0xFF, 0x26, 0xC2, 0xFA, 0xFF, 0x28, 0xC3, 0xFA, 0xFF,
  0x29, 0xC4, 0xFA, 0xFF, 0x2B, 0xC6, 0xFA, 0xFF, 0x2D, 0xC8, 0xFB, 0xFF, 0x2F, 0xC9, 0xFB, 0xFF, 0x32, 0xC9, 0xFA, 0xFF, 0x35, 0xCA, 0xFA, 0xFF,
  0x37, 0xCB, 0xFA, 0xFF, 0x3B, 0xCE, 0xFA, 0xFF, 0x3F, 0xD3, 0xFA, 0xFF, 0x5D, 0xEA, 0xFA, 0xFF, 0xAB, 0xF4, 0xF7, 0xFF, 0x27, 0x43, 0x6B, 0xFF,
  0x05, 0x0D, 0x24, 0xFF, 0x05, 0x05, 0x06, 0xFF, 0x04, 0x03, 0x04, 0xFF, 0x04, 0x03, 0x03, 0xFF, 0x04, 0x03, 0x04, 0xFF, 0x04, 0x03, 0x04, 0xFF,
  0x04, 0x03, 0x04, 0xFF, 0x04, 0x04, 0x05, 0xFF, 0x06, 0x06, 0x0C, 0xFF, 0x2C, 0x3C, 0x85, 0xFF, 0x51, 0x75, 0xF8, 0xFF, 0x48, 0x5E, 0xF7, 0xFF,
  0x17, 0x1F, 0xEE, 0xFF, 0x0E, 0x13, 0xE6, 0xFF, 0x0E, 0x15, 0xE9, 0xFF, 0x0C, 0x13, 0xF4, 0xFF, 0x2A, 0x44, 0xFA, 0xFF, 0x4C, 0x7C, 0xFA, 0xFF,
  0x3F, 0x76, 0xF9, 0xFF, 0x40, 0x7A, 0xFA, 0xFF, 0x44, 0x81, 0xFA, 0xFF, 0x47, 0x8A, 0xF9, 0xFF, 0x6E, 0xAB, 0xFA, 0xFF, 0x9A, 0xE2, 0xF9, 0xFF,
  0x86, 0xA8, 0xF5, 0xFF, 0x13, 0x21, 0xAF, 0xFF, 0x0F, 0x16, 0x5D, 0xFF, 0x0B, 0x0E, 0x3E, 0xFF, 0x07, 0x09, 0x26, 0xFF, 0x06, 0x06, 0x19, 0xFF,
  0x05, 0x05, 0x12, 0xFF, 0x05, 0x04, 0x0D, 0xFF, 0x05, 0x04, 0x0A, 0xFF, 0x05, 0x04, 0x09, 0xFF, 0x05, 0x04, 0x09, 0xFF, 0x05, 0x04, 0x0B, 0xFF,
  0x05, 0x04, 0x11, 0xFF, 0x05, 0x04, 0x09, 0xFF, 0x04, 0x03, 0x05, 0xFF, 0x04, 0x03, 0x04, 0xFF, 0x04, 0x03, 0x03, 0xFF, 0x04, 0x03, 0x03, 0xFF,
  0x04, 0x03, 0x03, 0xFF, 0x04, 0x03, 0x03, 0xFF, 0x04, 0x03, 0x03, 0xFF, 0x04, 0x03, 0x04, 0xFF, 0x04, 0x03, 0x04, 0xFF, 0x04, 0x03, 0x04, 0xFF,
  0x05, 0x03, 0x0F, 0xFF, 0x0E, 0x05, 0x4E, 0xFF, 0x1D, 0x06, 0xA9, 0xFF, 0x1E, 0x07, 0xBE, 0xFF, 0x1B, 0x03, 0xB5, 0xFF, 0x0F, 0x0B, 0xB2, 0xFF,
  0x75, 0x89, 0xF8, 0xFF, 0x70, 0x88, 0xF9, 0xFF, 0x1A, 0x0E, 0xE4, 0xFF, 0x1D, 0x0D, 0xAB, 0xFF, 0x0C, 0x09, 0x35, 0xFF, 0x05, 0x04, 0x09, 0xFF,
  0x04, 0x03, 0x05, 0xFF, 0x04, 0x03, 0x04, 0xFF, 0x04, 0x03, 0x03, 0xFF, 0x04, 0x03, 0x03, 0xFF, 0x04, 0x03, 0x03, 0xFF, 0x04, 0x03, 0x03, 0xFF,
  0x04, 0x03, 0x03, 0xFF, 0x04, 0x03, 0x03, 0xFF, 0x04, 0x03, 0x03, 0xFF, 0x04, 0x03, 0x03, 0xFF, 0x04, 0x03, 0x03, 0xFF, 0x04, 0x03, 0x04, 0xFF,
  0x04, 0x05, 0x07, 0xFF, 0x04, 0x0C, 0x17, 0xFF, 0x03, 0x2E, 0x6B, 0xFF, 0x00, 0x45, 0xC6, 0xFF, 0x1A, 0xD5, 0xF9, 0xFF, 0x1F, 0xD8, 0xF9, 0xFF,
  0x01, 0x3D, 0x98, 0xFF, 0x01, 0x25, 0x77, 0xFF, 0x01, 0x28, 0x80, 0xFF, 0x02, 0x1B, 0x4F, 0xFF, 0x04, 0x08, 0x12, 0xFF, 0x04, 0x04, 0x05, 0xFF,
  0x04, 0x03, 0x03, 0xFF, 0x04, 0x03, 0x03, 0xFF, 0x04, 0x03, 0x03, 0xFF, 0x04, 0x03, 0x03, 0xFF, 0x04, 0x03, 0x03, 0xFF, 0x04, 0x03, 0x03, 0xFF,
  0x04, 0x03, 0x03, 0xFF, 0x04, 0x03, 0x03, 0xFF, 0x04, 0x03, 0x03, 0xFF, 0x04, 0x03, 0x03, 0xFF, 0x04, 0x03, 0x03, 0xFF, 0x04, 0x03, 0x03, 0xFF,
  0x04, 0x03, 0x04, 0xFF, 0x04, 0x03, 0x04, 0xFF, 0x04, 0x03, 0x04, 0xFF, 0x04, 0x03, 0x04, 0xFF, 0x04, 0x04, 0x05, 0xFF, 0x04, 0x05, 0x06, 0xFF,
  0x04, 0x05, 0x07, 0xFF, 0x04, 0x06, 0x0A, 0xFF, 0x04, 0x07, 0x0B, 0xFF, 0x05, 0x09, 0x0F, 0xFF, 0x05, 0x0C, 0x14, 0xFF, 0x05, 0x0E, 0x17, 0xFF,
  0x06, 0x0F, 0x19, 0xFF, 0x06, 0x10, 0x1B, 0xFF, 0x07, 0x14, 0x21, 0xFF, 0x0A, 0x1E, 0x30, 0xFF, 0x0E, 0x36, 0x5F, 0xFF, 0x81, 0xD1, 0xEB, 0xFF,
  0x5F, 0xF8, 0xFA, 0xFF, 0x3A, 0xD4, 0xF9, 0xFF, 0x0D, 0xBE, 0xFA, 0xFF, 0x0C, 0xB8, 0xF9, 0xFF, 0x0B, 0xB3, 0xF9, 0xFF, 0x0A, 0xB2, 0xFA, 0xFF,
  0x0C, 0xB0, 0xFA, 0xFF, 0x37, 0xC9, 0xFA, 0xFF, 0x34, 0xC5, 0xFA, 0xFF, 0x32, 0x8E, 0xCD, 0xFF, 0x08, 0x15, 0x25, 0xFF, 0x05, 0x09, 0x0C, 0xFF,
  0x05, 0x06, 0x07, 0xFF, 0x04, 0x04, 0x05, 0xFF, 0x04, 0x04, 0x04, 0xFF, 0x04, 0x04, 0x04, 0xFF, 0x04, 0x04, 0x04, 0xFF, 0x04, 0x04, 0x04, 0xFF,
  0x04, 0x03, 0x04, 0xFF, 0x04, 0x03, 0x04, 0xFF, 0x04, 0x03, 0x04, 0xFF, 0x04, 0x03, 0x04, 0xFF, 0x04, 0x03, 0x04, 0xFF, 0x04, 0x04, 0x05, 0xFF,
  0x04, 0x04, 0x05, 0xFF, 0x04, 0x04, 0x06, 0xFF, 0x04, 0x05, 0x07, 0xFF, 0x05, 0x06, 0x08, 0xFF, 0x05, 0x06, 0x0A, 0xFF, 0x05, 0x07, 0x0C, 0xFF,
  0x05, 0x09, 0x10, 0xFF, 0x06, 0x0C, 0x15, 0xFF, 0x06, 0x11, 0x1F, 0xFF, 0x0A, 0x27, 0x50, 0xFF, 0x08, 0x3E, 0xA5, 0xFF, 0x01, 0x4B, 0xEF, 0xFF,
  0x10, 0x44, 0xF9, 0xFF, 0x79, 0x9D, 0xF9, 0xFF, 0x8F, 0xF1, 0xFB, 0xFF, 0x38, 0xEF, 0xFA, 0xFF, 0x12, 0xD2, 0xFA, 0xFF, 0x07, 0xBD, 0xF9, 0xFF,
  0x05, 0xB6, 0xFB, 0xFF, 0x05, 0xB2, 0xFB, 0xFF, 0x05, 0xAE, 0xFA, 0xFF, 0x05, 0xAC, 0xFA, 0xFF, 0x06, 0xAB, 0xFA, 0xFF, 0x08, 0xAC, 0xF9, 0xFF,
  0x0B, 0xAE, 0xFA, 0xFF, 0x0D, 0xB0, 0xF9, 0xFF, 0x0F, 0xB3, 0xF9, 0xFF, 0x13, 0xB5, 0xF9, 0xFF, 0x16, 0xB7, 0xF9, 0xFF, 0x19, 0xBA, 0xFA, 0xFF,
  0x1B, 0xBC, 0xFB, 0xFF, 0x1C, 0xBC, 0xFA, 0xFF, 0x1D, 0xBC, 0xFA, 0xFF, 0x1D, 0xBB, 0xFA, 0xFF, 0x1C, 0xBA, 0xF9, 0xFF, 0x1E, 0xBC, 0xF9, 0xFF,
  0x21, 0xBE, 0xF9, 0xFF, 0x23, 0xBF, 0xF9, 0xFF, 0x25, 0xC0, 0xF9, 0xFF, 0x26, 0xC1, 0xF9, 0xFF, 0x28, 0xC2, 0xF9, 0xFF, 0x29, 0xC4, 0xF9, 0xFF,
  0x2A, 0xC5, 0xF9, 0xFF, 0x2D, 0xC8, 0xFA, 0xFF, 0x30, 0xCB, 0xFA, 0xFF, 0x32, 0xCB, 0xFA, 0xFF, 0x35, 0xCA, 0xFA, 0xFF, 0x38, 0xCB, 0xFA, 0xFF,
  0x3A, 0xCD, 0xFB, 0xFF, 0x3E, 0xD0, 0xFB, 0xFF, 0x41, 0xD3, 0xFB, 0xFF, 0x4A, 0xDD, 0xFA, 0xFF, 0x87, 0xF8, 0xFB, 0xFF, 0x6E, 0x9D, 0xBC, 0xFF,
  0x04, 0x14, 0x49, 0xFF, 0x06, 0x08, 0x0D, 0xFF, 0x04, 0x04, 0x05, 0xFF, 0x04, 0x03, 0x04, 0xFF, 0x04, 0x03, 0x04, 0xFF, 0x04, 0x03, 0x04, 0xFF,
  0x04, 0x03, 0x04, 0xFF, 0x04, 0x04, 0x05, 0xFF, 0x06, 0x06, 0x0A, 0xFF, 0x1E, 0x2A, 0x61, 0xFF, 0x4E, 0x74, 0xF6, 0xFF, 0x4C, 0x69, 0xF6, 0xFF,
  0x0B, 0x11, 0xE4, 0xFF, 0x0B, 0x11, 0xDB, 0xFF, 0x1B, 0x24, 0xE6, 0xFF, 0x3D, 0x55, 0xF9, 0xFF, 0x35, 0x53, 0xFA, 0xFF, 0x32, 0x54, 0xFB, 0xFF,
  0x35, 0x5E, 0xFB, 0xFF, 0x37, 0x64, 0xFA, 0xFF, 0x3B, 0x6D, 0xF9, 0xFF, 0x41, 0x7A, 0xFA, 0xFF, 0x70, 0xA5, 0xFA, 0xFF, 0x99, 0xD9, 0xF9, 0xFF,
  0x84, 0xA5, 0xF5, 0xFF, 0x12, 0x20, 0xAB, 0xFF, 0x0F, 0x16, 0x5A, 0xFF, 0x0B, 0x0E, 0x3B, 0xFF, 0x08, 0x09, 0x26, 0xFF, 0x06, 0x06, 0x19, 0xFF,
  0x05, 0x05, 0x11, 0xFF, 0x05, 0x04, 0x0C, 0xFF, 0x05, 0x04, 0x0A, 0xFF, 0x05, 0x04, 0x0A, 0xFF, 0x05, 0x04, 0x09, 0xFF, 0x05, 0x04, 0x09, 0xFF,
  0x05, 0x04, 0x09, 0xFF, 0x05, 0x03, 0x07, 0xFF, 0x04, 0x03, 0x05, 0xFF, 0x04, 0x03, 0x04, 0xFF, 0x04, 0x03, 0x04, 0xFF, 0x04, 0x03, 0x04, 0xFF,
  0x04, 0x03, 0x03, 0xFF, 0x04, 0x03, 0x03, 0xFF, 0x04, 0x03, 0x03, 0xFF, 0x04, 0x03, 0x04, 0xFF, 0x04, 0x03, 0x04, 0xFF, 0x04, 0x03, 0x04, 0xFF,
  0x05, 0x03, 0x0F, 0xFF, 0x0E, 0x05, 0x4D, 0xFF, 0x1E, 0x05, 0xA9, 0xFF, 0x1E, 0x06, 0xBD, 0xFF, 0x1C, 0x03, 0xB4, 0xFF, 0x10, 0x0C, 0xB4, 0xFF,
  0x78, 0x8B, 0xF9, 0xFF, 0x72, 0x88, 0xF9, 0xFF, 0x1A, 0x0D, 0xE2, 0xFF, 0x1D, 0x0C, 0xA7, 0xFF, 0x0C, 0x08, 0x33, 0xFF, 0x05, 0x04, 0x09, 0xFF,
  0x04, 0x03, 0x05, 0xFF, 0x04, 0x03, 0x04, 0xFF, 0x04, 0x03, 0x03, 0xFF, 0x04, 0x03, 0x03, 0xFF, 0x04, 0x03, 0x03, 0xFF, 0x04, 0x03, 0x03, 0xFF,
  0x04, 0x03, 0x03, 0xFF, 0x04, 0x03, 0x03, 0xFF, 0x04, 0x03, 0x03, 0xFF, 0x04, 0x03, 0x03, 0xFF, 0x04, 0x03, 0x03, 0xFF, 0x04, 0x03, 0x05, 0xFF,
  0x04, 0x05, 0x07, 0xFF, 0x04, 0x0D, 0x19, 0xFF, 0x03, 0x31, 0x76, 0xFF, 0x00, 0x45, 0xC8, 0xFF, 0x1A, 0xD4, 0xF9, 0xFF, 0x1D, 0xD7, 0xF9, 0xFF,
  0x01, 0x3D, 0x9C, 0xFF, 0x01, 0x25, 0x7A, 0xFF, 0x01, 0x29, 0x81, 0xFF, 0x02, 0x1C, 0x51, 0xFF, 0x04, 0x08, 0x12, 0xFF, 0x04, 0x03, 0x05, 0xFF,
  0x04, 0x03, 0x03, 0xFF, 0x04, 0x03, 0x03, 0xFF, 0x04, 0x03, 0x03, 0xFF, 0x04, 0x03, 0x03, 0xFF, 0x04, 0x03, 0x03, 0xFF, 0x04, 0x03, 0x03, 0xFF,
  0x04, 0x03, 0x03, 0xFF, 0x04, 0x03, 0x03, 0xFF, 0x04, 0x03, 0x03, 0xFF, 0x04, 0x03, 0x03, 0xFF, 0x04, 0x03, 0x03, 0xFF, 0x04, 0x03, 0x03, 0xFF,
  0x04, 0x03, 0x03, 0xFF, 0x04, 0x03, 0x03, 0xFF, 0x04, 0x03, 0x04, 0xFF, 0x04, 0x04, 0x04, 0xFF, 0x04, 0x04, 0x04, 0xFF, 0x04, 0x04, 0x05, 0xFF,
  0x04, 0x05, 0x07, 0xFF, 0x04, 0x06, 0x09, 0xFF, 0x04, 0x07, 0x0B, 0xFF, 0x05, 0x09, 0x0F, 0xFF, 0x05, 0x0C, 0x15, 0xFF, 0x05, 0x0F, 0x1A, 0xFF,
  0x06, 0x12, 0x20, 0xFF, 0x07, 0x15, 0x26, 0xFF, 0x08, 0x1E, 0x36, 0xFF, 0x0B, 0x26, 0x42, 0xFF, 0x0E, 0x30, 0x52, 0xFF, 0x40, 0x78, 0xAE, 0xFF,
  0x90, 0xF7, 0xF9, 0xFF, 0x64, 0xEB, 0xFA, 0xFF, 0x0E, 0xC3, 0xFA, 0xFF, 0x0C, 0xB9, 0xFA, 0xFF, 0x0C, 0xB5, 0xFA, 0xFF, 0x0B, 0xB3, 0xFA, 0xFF,
  0x0C, 0xB0, 0xF9, 0xFF, 0x27, 0xBE, 0xF9, 0xFF, 0x34, 0xC5, 0xFA, 0xFF, 0x3E, 0xC4, 0xF6, 0xFF, 0x1A, 0x38, 0x5F, 0xFF, 0x06, 0x0D, 0x12, 0xFF,
  0x05, 0x07, 0x09, 0xFF, 0x04, 0x05, 0x06, 0xFF, 0x04, 0x04, 0x04, 0xFF, 0x04, 0x04, 0x04, 0xFF, 0x04, 0x04, 0x04, 0xFF, 0x04, 0x04, 0x04, 0xFF,
  0x04, 0x04, 0x04, 0xFF, 0x04, 0x03, 0x04, 0xFF, 0x04, 0x03, 0x04, 0xFF, 0x04, 0x03, 0x04, 0xFF, 0x04, 0x03, 0x04, 0xFF, 0x04, 0x03, 0x04, 0xFF,
  0x04, 0x04, 0x05, 0xFF, 0x04, 0x04, 0x06, 0xFF, 0x04, 0x04, 0x06, 0xFF, 0x04, 0x05, 0x06, 0xFF, 0x05, 0x05, 0x07, 0xFF, 0x05, 0x06, 0x09, 0xFF,
  0x05, 0x08, 0x0C, 0xFF, 0x05, 0x09, 0x0F, 0xFF, 0x05, 0x0B, 0x13, 0xFF, 0x06, 0x0F, 0x1B, 0xFF, 0x08, 0x15, 0x2A, 0xFF, 0x08, 0x21, 0x5C, 0xFF,
  0x04, 0x2A, 0xBD, 0xFF, 0x06, 0x25, 0xF2, 0xFF, 0x26, 0x3D, 0xF6, 0xFF, 0x6C, 0xA3, 0xF4, 0xFF, 0x60, 0xE4, 0xF7, 0xFF, 0x18, 0xDB, 0xF9, 0xFF,
  0x0C, 0xC0, 0xFB, 0xFF, 0x07, 0xB1, 0xFB, 0xFF, 0x06, 0xAC, 0xFB, 0xFF, 0x05, 0xA9, 0xF9, 0xFF, 0x06, 0xA9, 0xF9, 0xFF, 0x08, 0xAB, 0xF9, 0xFF,
  0x0A, 0xAD, 0xFA, 0xFF, 0x0D, 0xB0, 0xFA, 0xFF, 0x11, 0xB3, 0xFA, 0xFF, 0x14, 0xB6, 0xFA, 0xFF, 0x18, 0xB8, 0xFA, 0xFF, 0x1A, 0xBA, 0xFA, 0xFF,
  0x1C, 0xBC, 0xFA, 0xFF, 0x1D, 0xBD, 0xFA, 0xFF, 0x1F, 0xBD, 0xFA, 0xFF, 0x1F, 0xBD, 0xFA, 0xFF, 0x20, 0xBD, 0xF9, 0xFF, 0x22, 0xBE, 0xF9, 0xFF,
  0x23, 0xBF, 0xF9, 0xFF, 0x25, 0xC0, 0xF9, 0xFF, 0x27, 0xC2, 0xFA, 0xFF, 0x29, 0xC3, 0xFA, 0xFF, 0x2C, 0xC5, 0xFA, 0xFF, 0x2D, 0xC7, 0xF9, 0xFF,
  0x2F, 0xC8, 0xF9, 0xFF, 0x31, 0xC9, 0xFA, 0xFF, 0x33, 0xCA, 0xFA, 0xFF, 0x36, 0xCB, 0xFB, 0xFF, 0x39, 0xCC, 0xFA, 0xFF, 0x3B, 0xCD, 0xFA, 0xFF,
  0x3D, 0xCF, 0xFA, 0xFF, 0x40, 0xD2, 0xFB, 0xFF, 0x42, 0xD4, 0xFB, 0xFF, 0x45, 0xD9, 0xFA, 0xFF, 0x62, 0xF1, 0xFA, 0xFF, 0x99, 0xD3, 0xE7, 0xFF,
  0x10, 0x2D, 0x86, 0xFF, 0x08, 0x0F, 0x29, 0xFF, 0x05, 0x05, 0x06, 0xFF, 0x04, 0x03, 0x04, 0xFF, 0x04, 0x03, 0x04, 0xFF, 0x04, 0x03, 0x04, 0xFF,
  0x04, 0x03, 0x04, 0xFF, 0x04, 0x04, 0x05, 0xFF, 0x06, 0x06, 0x0A, 0xFF, 0x1B, 0x24, 0x59, 0xFF, 0x50, 0x71, 0xF6, 0xFF, 0x54, 0x73, 0xF8, 0xFF,
  0x11, 0x18, 0xE7, 0xFF, 0x1B, 0x24, 0xF2, 0xFF, 0x23, 0x2D, 0xF9, 0xFF, 0x24, 0x32, 0xFA, 0xFF, 0x29, 0x3B, 0xFA, 0xFF, 0x2E, 0x45, 0xFB, 0xFF,
  0x2F, 0x4F, 0xFB, 0xFF, 0x30, 0x57, 0xFA, 0xFF, 0x36, 0x62, 0xFA, 0xFF, 0x3E, 0x71, 0xFA, 0xFF, 0x71, 0xA4, 0xFA, 0xFF, 0x90, 0xCE, 0xF9, 0xFF,
  0x77, 0x97, 0xF2, 0xFF, 0x14, 0x20, 0xA1, 0xFF, 0x0F, 0x15, 0x57, 0xFF, 0x0A, 0x0D, 0x37, 0xFF, 0x08, 0x09, 0x24, 0xFF, 0x06, 0x06, 0x19, 0xFF,
  0x05, 0x05, 0x12, 0xFF, 0x05, 0x04, 0x0D, 0xFF, 0x05, 0x04, 0x0B, 0xFF, 0x05, 0x04, 0x0C, 0xFF, 0x05, 0x04, 0x0D, 0xFF, 0x05, 0x04, 0x0C, 0xFF,
  0x05, 0x03, 0x07, 0xFF, 0x04, 0x03, 0x06, 0xFF, 0x04, 0x03, 0x05, 0xFF, 0x04, 0x03, 0x04, 0xFF, 0x04, 0x03, 0x04, 0xFF, 0x04, 0x03, 0x04, 0xFF,
  0x04, 0x03, 0x03, 0xFF, 0x04, 0x03, 0x03, 0xFF, 0x04, 0x03, 0x03, 0xFF, 0x04, 0x03, 0x04, 0xFF, 0x04, 0x03, 0x04, 0xFF, 0x04, 0x03, 0x04, 0xFF,
  0x05, 0x03, 0x0E, 0xFF, 0x0E, 0x04, 0x4D, 0xFF, 0x1E, 0x05, 0xA9, 0xFF, 0x1E, 0x05, 0xBB, 0xFF, 0x1C, 0x03, 0xB2, 0xFF, 0x11, 0x0C, 0xB3, 0xFF,
  0x78, 0x8A, 0xF9, 0xFF, 0x74, 0x88, 0xF9, 0xFF, 0x1B, 0x0D, 0xE2, 0xFF, 0x1D, 0x0B, 0xA7, 0xFF, 0x0C, 0x08, 0x32, 0xFF, 0x05, 0x04, 0x08, 0xFF,
  0x04, 0x03, 0x04, 0xFF, 0x04, 0x03, 0x03, 0xFF, 0x04, 0x03, 0x03, 0xFF, 0x04, 0x03, 0x03, 0xFF, 0x04, 0x03, 0x03, 0xFF, 0x04, 0x03, 0x03, 0xFF,
  0x04, 0x03, 0x03, 0xFF, 0x04, 0x03, 0x03, 0xFF, 0x04, 0x03, 0x03, 0xFF, 0x04, 0x03, 0x03, 0xFF, 0x04, 0x03, 0x04, 0xFF, 0x04, 0x03, 0x04, 0xFF,
  0x04, 0x05, 0x07, 0xFF, 0x04, 0x0D, 0x1A, 0xFF, 0x03, 0x32, 0x79, 0xFF, 0x00, 0x46, 0xC8, 0xFF, 0x1A, 0xD6, 0xF9, 0xFF, 0x1D, 0xD9, 0xF9, 0xFF,
  0x02, 0x3D, 0x9C, 0xFF, 0x01, 0x26, 0x7D, 0xFF, 0x01, 0x2A, 0x84, 0xFF, 0x02, 0x1E, 0x55, 0xFF, 0x04, 0x09, 0x13, 0xFF, 0x04, 0x03, 0x05, 0xFF,
  0x04, 0x03, 0x03, 0xFF, 0x04, 0x03, 0x03, 0xFF, 0x04, 0x03, 0x03, 0xFF, 0x04, 0x03, 0x03, 0xFF, 0x04, 0x03, 0x03, 0xFF, 0x04, 0x03, 0x03, 0xFF,
  0x04, 0x03, 0x03, 0xFF, 0x04, 0x03, 0x03, 0xFF, 0x04, 0x03, 0x03, 0xFF, 0x04, 0x03, 0x03, 0xFF, 0x04, 0x03, 0x03, 0xFF, 0x04, 0x03, 0x03, 0xFF,
  0x04, 0x03, 0x03, 0xFF, 0x04, 0x03, 0x03, 0xFF, 0x04, 0x03, 0x03, 0xFF, 0x04, 0x03, 0x04, 0xFF, 0x04, 0x04, 0x04, 0xFF, 0x04, 0x04, 0x05, 0xFF,
  0x04, 0x05, 0x06, 0xFF, 0x04, 0x05, 0x09, 0xFF, 0x04, 0x07, 0x0B, 0xFF, 0x05, 0x09, 0x0E, 0xFF, 0x05, 0x0C, 0x15, 0xFF, 0x05, 0x11, 0x1F, 0xFF,
  0x06, 0x19, 0x30, 0xFF, 0x06, 0x2C, 0x53, 0xFF, 0x08, 0x53, 0x82, 0xFF, 0x09, 0x3B, 0x6A, 0xFF, 0x0D, 0x2D, 0x4F, 0xFF, 0x10, 0x42, 0x75, 0xFF,
  0x9E, 0xD6, 0xEF, 0xFF, 0x72, 0xF8, 0xFA, 0xFF, 0x2A, 0xCD, 0xFA, 0xFF, 0x0F, 0xBC, 0xF9, 0xFF, 0x0E, 0xB7, 0xFA, 0xFF, 0x0D, 0xB5, 0xF9, 0xFF,
  0x0E, 0xB3, 0xF9, 0xFF, 0x11, 0xB2, 0xFA, 0xFF, 0x39, 0xC8, 0xFA, 0xFF, 0x36, 0xC3, 0xF9, 0xFF, 0x3C, 0x92, 0xC6, 0xFF, 0x08, 0x16, 0x24, 0xFF,
  0x05, 0x0A, 0x0D, 0xFF, 0x04, 0x05, 0x07, 0xFF, 0x04, 0x04, 0x05, 0xFF, 0x04, 0x04, 0x04, 0xFF, 0x04, 0x04, 0x04, 0xFF, 0x04, 0x04, 0x04, 0xFF,
  0x04, 0x04, 0x04, 0xFF, 0x04, 0x03, 0x04, 0xFF, 0x04, 0x03, 0x03, 0xFF, 0x04, 0x03, 0x03, 0xFF, 0x04, 0x03, 0x04, 0xFF, 0x04, 0x03, 0x04, 0xFF,
  0x04, 0x03, 0x04, 0xFF, 0x04, 0x04, 0x05, 0xFF, 0x04, 0x04, 0x06, 0xFF, 0x04, 0x04, 0x06, 0xFF, 0x04, 0x05, 0x06, 0xFF, 0x05, 0x05, 0x07, 0xFF,
  0x05, 0x06, 0x09, 0xFF, 0x05, 0x07, 0x0B, 0xFF, 0x05, 0x08, 0x0D, 0xFF, 0x05, 0x09, 0x0F, 0xFF, 0x06, 0x0A, 0x12, 0xFF, 0x07, 0x0E, 0x1B, 0xFF,
  0x09, 0x18, 0x30, 0xFF, 0x08, 0x1D, 0x5A, 0xFF, 0x03, 0x1B, 0xC2, 0xFF, 0x01, 0x0C, 0xE1, 0xFF, 0x15, 0x1B, 0xCC, 0xFF, 0x61, 0x7B, 0xDD, 0xFF,
  0x5F, 0xCA, 0xF2, 0xFF, 0x39, 0xDD, 0xFB, 0xFF, 0x10, 0xCA, 0xFB, 0xFF, 0x08, 0xB5, 0xF9, 0xFF, 0x0B, 0xAD, 0xF9, 0xFF, 0x0B, 0xAC, 0xFA, 0xFF,
  0x0B, 0xAC, 0xF9, 0xFF, 0x0E, 0xAF, 0xFA, 0xFF, 0x11, 0xB2, 0xF9, 0xFF, 0x14, 0xB5, 0xF9, 0xFF, 0x19, 0xB8, 0xFA, 0xFF, 0x1B, 0xBA, 0xFA, 0xFF,
  0x1C, 0xBB, 0xFA, 0xFF, 0x1F, 0xBD, 0xFB, 0xFF, 0x20, 0xBD, 0xFA, 0xFF, 0x21, 0xBE, 0xFA, 0xFF, 0x23, 0xBF, 0xF9, 0xFF, 0x23, 0xBF, 0xF9, 0xFF,
  0x26, 0xC0, 0xFA, 0xFF, 0x28, 0xC2, 0xFA, 0xFF, 0x2A, 0xC4, 0xFB, 0xFF, 0x2D, 0xC6, 0xFA, 0xFF, 0x30, 0xC8, 0xFA, 0xFF, 0x30, 0xC9, 0xF9, 0xFF,
  0x32, 0xC9, 0xF9, 0xFF, 0x34, 0xC9, 0xF9, 0xFF, 0x36, 0xC9, 0xFA, 0xFF, 0x39, 0xCB, 0xFB, 0xFF, 0x3C, 0xCD, 0xFB, 0xFF, 0x3E, 0xCE, 0xFB, 0xFF,
  0x3F, 0xD0, 0xFB, 0xFF, 0x42, 0xD3, 0xFB, 0xFF, 0x43, 0xD4, 0xFA, 0xFF, 0x46, 0xD7, 0xFA, 0xFF, 0x5B, 0xEE, 0xF9, 0xFF, 0xB3, 0xE8, 0xF3, 0xFF,
  0x1D, 0x42, 0xA5, 0xFF, 0x0A, 0x12, 0x3E, 0xFF, 0x05, 0x05, 0x08, 0xFF, 0x04, 0x03, 0x04, 0xFF, 0x04, 0x03, 0x04, 0xFF, 0x04, 0x03, 0x04, 0xFF,
  0x04, 0x03, 0x04, 0xFF, 0x04, 0x04, 0x05, 0xFF, 0x06, 0x06, 0x0B, 0xFF, 0x25, 0x30, 0x6A, 0xFF, 0x51, 0x6F, 0xF7, 0xFF, 0x51, 0x6E, 0xF8, 0xFF,
  0x14, 0x17, 0xF6, 0xFF, 0x17, 0x19, 0xF8, 0xFF, 0x19, 0x1F, 0xF9, 0xFF, 0x1F, 0x28, 0xFA, 0xFF, 0x24, 0x31, 0xFA, 0xFF, 0x28, 0x3A, 0xF9, 0xFF,
  0x2C, 0x44, 0xFA, 0xFF, 0x2F, 0x4F, 0xFB, 0xFF, 0x34, 0x5B, 0xFA, 0xFF, 0x3A, 0x68, 0xFA, 0xFF, 0x72, 0xA4, 0xF8, 0xFF, 0x89, 0xC2, 0xF9, 0xFF,
  0x6B, 0x88, 0xED, 0xFF, 0x15, 0x20, 0x94, 0xFF, 0x0F, 0x14, 0x50, 0xFF, 0x0A, 0x0D, 0x35, 0xFF, 0x07, 0x08, 0x22, 0xFF, 0x06, 0x06, 0x17, 0xFF,
  0x05, 0x05, 0x11, 0xFF, 0x05, 0x04, 0x0D, 0xFF, 0x05, 0x04, 0x0C, 0xFF, 0x05, 0x04, 0x0D, 0xFF, 0x06, 0x04, 0x10, 0xFF, 0x05, 0x04, 0x0D, 0xFF,
  0x05, 0x03, 0x07, 0xFF, 0x04, 0x03, 0x06, 0xFF, 0x04, 0x03, 0x05, 0xFF, 0x04, 0x03, 0x04, 0xFF, 0x04, 0x03, 0x04, 0xFF, 0x04, 0x03, 0x04, 0xFF,
  0x04, 0x03, 0x03, 0xFF, 0x04, 0x03, 0x03, 0xFF, 0x04, 0x03, 0x03, 0xFF, 0x04, 0x03, 0x04, 0xFF, 0x04, 0x03, 0x04, 0xFF, 0x04, 0x03, 0x04, 0xFF,
  0x05, 0x03, 0x0F, 0xFF, 0x0E, 0x04, 0x50, 0xFF, 0x1D, 0x04, 0xA9, 0xFF, 0x1D, 0x04, 0xB9, 0xFF, 0x1C, 0x03, 0xB0, 0xFF, 0x10, 0x0B, 0xB3, 0xFF,
  0x79, 0x89, 0xFA, 0xFF, 0x72, 0x85, 0xF9, 0xFF, 0x1D, 0x0D, 0xE4, 0xFF, 0x1D, 0x0B, 0xA8, 0xFF, 0x0C, 0x08, 0x34, 0xFF, 0x05, 0x04, 0x08, 0xFF,
  0x04, 0x03, 0x05, 0xFF, 0x04, 0x03, 0x03, 0xFF, 0x04, 0x03, 0x03, 0xFF, 0x04, 0x03, 0x03, 0xFF, 0x04, 0x03, 0x03, 0xFF, 0x04, 0x03, 0x03, 0xFF,
  0x04, 0x03, 0x03, 0xFF, 0x04, 0x03, 0x03, 0xFF, 0x04, 0x03, 0x03, 0xFF, 0x04, 0x03, 0x03, 0xFF, 0x04, 0x03, 0x04, 0xFF, 0x04, 0x03, 0x04, 0xFF,
  0x04, 0x05, 0x07, 0xFF, 0x04, 0x0E, 0x1A, 0xFF, 0x03, 0x30, 0x75, 0xFF, 0x00, 0x46, 0xC8, 0xFF, 0x1A, 0xD8, 0xF9, 0xFF, 0x1D, 0xDA, 0xF9, 0xFF,
  0x02, 0x3F, 0x9E, 0xFF, 0x01, 0x26, 0x7F, 0xFF, 0x01, 0x2B, 0x84, 0xFF, 0x02, 0x1D, 0x55, 0xFF, 0x04, 0x09, 0x14, 0xFF, 0x04, 0x04, 0x05, 0xFF,
  0x04, 0x03, 0x03, 0xFF, 0x04, 0x03, 0x03, 0xFF, 0x04, 0x03, 0x03, 0xFF, 0x04, 0x03, 0x03, 0xFF, 0x04, 0x03, 0x03, 0xFF, 0x04, 0x03, 0x03, 0xFF,
  0x04, 0x03, 0x03, 0xFF, 0x04, 0x03, 0x03, 0xFF, 0x04, 0x03, 0x03, 0xFF, 0x04, 0x03, 0x03, 0xFF, 0x04, 0x03, 0x03, 0xFF, 0x04, 0x03, 0x03, 0xFF,
  0x04, 0x03, 0x03, 0xFF, 0x04, 0x03, 0x03, 0xFF, 0x04, 0x03, 0x03, 0xFF, 0x04, 0x03, 0x04, 0xFF, 0x04, 0x03, 0x04, 0xFF, 0x04, 0x04, 0x05, 0xFF,
  0x04, 0x04, 0x06, 0xFF, 0x04, 0x05, 0x08, 0xFF, 0x04, 0x07, 0x0B, 0xFF, 0x05, 0x0A, 0x10, 0xFF, 0x05, 0x10, 0x1D, 0xFF, 0x05, 0x23, 0x3F, 0xFF,
  0x04, 0x3B, 0x63, 0xFF, 0x06, 0x3A, 0x69, 0xFF, 0x08, 0x2E, 0x58, 0xFF, 0x0A, 0x26, 0x45, 0xFF, 0x0B, 0x24, 0x3E, 0xFF, 0x0E, 0x32, 0x55, 0xFF,
  0x43, 0x85, 0xBF, 0xFF, 0x9A, 0xF7, 0xF9, 0xFF, 0x62, 0xE8, 0xFA, 0xFF, 0x10, 0xC1, 0xFA, 0xFF, 0x0F, 0xB9, 0xF9, 0xFF, 0x10, 0xB7, 0xF9, 0xFF,
  0x10, 0xB5, 0xF9, 0xFF, 0x11, 0xB3, 0xFA, 0xFF, 0x2E, 0xC0, 0xFA, 0xFF, 0x38, 0xC6, 0xFA, 0xFF, 0x42, 0xC3, 0xF6, 0xFF, 0x1C, 0x3C, 0x67, 0xFF,
  0x06, 0x0D, 0x13, 0xFF, 0x05, 0x06, 0x08, 0xFF, 0x04, 0x05, 0x06, 0xFF, 0x04, 0x04, 0x04, 0xFF, 0x04, 0x04, 0x04, 0xFF, 0x04, 0x04, 0x04, 0xFF,
  0x04, 0x04, 0x04, 0xFF, 0x04, 0x04, 0x04, 0xFF, 0x04, 0x03, 0x04, 0xFF, 0x04, 0x03, 0x04, 0xFF, 0x04, 0x03, 0x04, 0xFF, 0x04, 0x03, 0x04, 0xFF,
  0x04, 0x03, 0x04, 0xFF, 0x04, 0x04, 0x05, 0xFF, 0x04, 0x04, 0x06, 0xFF, 0x04, 0x04, 0x06, 0xFF, 0x04, 0x04, 0x06, 0xFF, 0x04, 0x04, 0x06, 0xFF,
  0x05, 0x05, 0x07, 0xFF, 0x05, 0x06, 0x08, 0xFF, 0x05, 0x07, 0x0A, 0xFF, 0x05, 0x07, 0x0C, 0xFF, 0x05, 0x08, 0x0D, 0xFF, 0x06, 0x09, 0x10, 0xFF,
  0x06, 0x0C, 0x16, 0xFF, 0x07, 0x0F, 0x1D, 0xFF, 0x09, 0x18, 0x32, 0xFF, 0x09, 0x1B, 0x5B, 0xFF, 0x06, 0x15, 0x93, 0xFF, 0x03, 0x0D, 0xB3, 0xFF,
  0x05, 0x11, 0xDB, 0xFF, 0x27, 0x2E, 0xD7, 0xFF, 0x48, 0x6A, 0xDC, 0xFF, 0x48, 0xA3, 0xE7, 0xFF, 0x4B, 0xD2, 0xF2, 0xFF, 0x39, 0xD7, 0xFA, 0xFF,
  0x1C, 0xC8, 0xF9, 0xFF, 0x18, 0xC0, 0xFA, 0xFF, 0x15, 0xB7, 0xF9, 0xFF, 0x17, 0xB6, 0xF9, 0xFF, 0x1A, 0xB8, 0xFA, 0xFF, 0x1D, 0xB9, 0xFA, 0xFF,
  0x1D, 0xBA, 0xFA, 0xFF, 0x1F, 0xBC, 0xFA, 0xFF, 0x21, 0xBE, 0xFA, 0xFF, 0x22, 0xBF, 0xFA, 0xFF, 0x25, 0xBF, 0xFA, 0xFF, 0x26, 0xC0, 0xFA, 0xFF,
  0x27, 0xC1, 0xFA, 0xFF, 0x29, 0xC3, 0xFA, 0xFF, 0x2C, 0xC5, 0xFA, 0xFF, 0x2F, 0xC7, 0xFA, 0xFF, 0x31, 0xC8, 0xF9, 0xFF, 0x32, 0xC9, 0xF9, 0xFF,
  0x35, 0xCA, 0xF9, 0xFF, 0x36, 0xCA, 0xF9, 0xFF, 0x37, 0xCB, 0xFA, 0xFF, 0x3A, 0xCC, 0xFA, 0xFF, 0x3D, 0xCD, 0xFB, 0xFF, 0x3F, 0xCF, 0xFB, 0xFF,
  0x41, 0xD1, 0xFB, 0xFF, 0x43, 0xD3, 0xFB, 0xFF, 0x46, 0xD5, 0xFB, 0xFF, 0x4B, 0xD7, 0xFA, 0xFF, 0x72, 0xEF, 0xF9, 0xFF, 0xA2, 0xD8, 0xEB, 0xFF,
  0x12, 0x28, 0x8A, 0xFF, 0x09, 0x10, 0x33, 0xFF, 0x05, 0x05, 0x08, 0xFF, 0x04, 0x03, 0x04, 0xFF, 0x04, 0x03, 0x04, 0xFF, 0x04, 0x03, 0x04, 0xFF,
  0x04, 0x03, 0x04, 0xFF, 0x04, 0x04, 0x05, 0xFF, 0x07, 0x07, 0x0F, 0xFF, 0x2C, 0x3A, 0x8F, 0xFF, 0x50, 0x6D, 0xF8, 0xFF, 0x42, 0x57, 0xF5, 0xFF,
  0x11, 0x12, 0xEE, 0xFF, 0x15, 0x19, 0xF5, 0xFF, 0x19, 0x1E, 0xFA, 0xFF, 0x1E, 0x25, 0xF9, 0xFF, 0x22, 0x2C, 0xF9, 0xFF, 0x26, 0x35, 0xFA, 0xFF,
  0x2A, 0x3E, 0xFA, 0xFF, 0x2E, 0x48, 0xFB, 0xFF, 0x32, 0x54, 0xFB, 0xFF, 0x36, 0x5F, 0xFA, 0xFF, 0x6E, 0xA0, 0xF7, 0xFF, 0x8A, 0xBB, 0xF9, 0xFF,
  0x5F, 0x74, 0xE1, 0xFF, 0x13, 0x1C, 0x83, 0xFF, 0x0D, 0x12, 0x48, 0xFF, 0x0A, 0x0C, 0x31, 0xFF, 0x07, 0x07, 0x1F, 0xFF, 0x06, 0x06, 0x16, 0xFF,
  0x05, 0x05, 0x10, 0xFF, 0x05, 0x04, 0x0D, 0xFF, 0x05, 0x04, 0x0C, 0xFF, 0x05, 0x04, 0x0E, 0xFF, 0x06, 0x04, 0x12, 0xFF, 0x05, 0x04, 0x0E, 0xFF,
  0x05, 0x04, 0x08, 0xFF, 0x04, 0x03, 0x07, 0xFF, 0x04, 0x03, 0x05, 0xFF, 0x04, 0x03, 0x04, 0xFF, 0x04, 0x03, 0x04, 0xFF, 0x04, 0x03, 0x04, 0xFF,
  0x04, 0x03, 0x04, 0xFF, 0x04, 0x03, 0x03, 0xFF, 0x04, 0x03, 0x03, 0xFF, 0x04, 0x03, 0x03, 0xFF, 0x04, 0x03, 0x04, 0xFF, 0x04, 0x03, 0x04, 0xFF,
  0x05, 0x03, 0x0F, 0xFF, 0x0F, 0x04, 0x53, 0xFF, 0x1E, 0x03, 0xAB, 0xFF, 0x1D, 0x03, 0xB8, 0xFF, 0x1C, 0x03, 0xB2, 0xFF, 0x10, 0x0B, 0xB5, 0xFF,
  0x79, 0x89, 0xFA, 0xFF, 0x71, 0x83, 0xF9, 0xFF, 0x1F, 0x0D, 0xE5, 0xFF, 0x20, 0x0B, 0xB2, 0xFF, 0x0E, 0x09, 0x39, 0xFF, 0x05, 0x04, 0x09, 0xFF,
  0x04, 0x03, 0x05, 0xFF, 0x04, 0x03, 0x04, 0xFF, 0x04, 0x03, 0x03, 0xFF, 0x04, 0x03, 0x03, 0xFF, 0x04, 0x03, 0x03, 0xFF, 0x04, 0x03, 0x03, 0xFF,
  0x04, 0x03, 0x03, 0xFF, 0x04, 0x03, 0x03, 0xFF, 0x04, 0x03, 0x03, 0xFF, 0x04, 0x03, 0x03, 0xFF, 0x04, 0x03, 0x04, 0xFF, 0x04, 0x03, 0x05, 0xFF,
  0x04, 0x05, 0x07, 0xFF, 0x04, 0x0E, 0x1A, 0xFF, 0x03, 0x2E, 0x70, 0xFF, 0x01, 0x48, 0xC8, 0xFF, 0x1B, 0xD7, 0xFA, 0xFF, 0x1C, 0xDA, 0xFA, 0xFF,
  0x02, 0x3D, 0x9D, 0xFF, 0x01, 0x26, 0x7E, 0xFF, 0x01, 0x2A, 0x84, 0xFF, 0x02, 0x1D, 0x52, 0xFF, 0x04, 0x08, 0x13, 0xFF, 0x04, 0x04, 0x05, 0xFF,
  0x04, 0x03, 0x03, 0xFF, 0x04, 0x03, 0x03, 0xFF, 0x04, 0x03, 0x03, 0xFF, 0x04, 0x03, 0x03, 0xFF, 0x04, 0x03, 0x03, 0xFF, 0x04, 0x03, 0x03, 0xFF,
  0x04, 0x03, 0x03, 0xFF, 0x04, 0x03, 0x03, 0xFF, 0x04, 0x03, 0x03, 0xFF, 0x04, 0x03, 0x03, 0xFF, 0x04, 0x03, 0x03, 0xFF, 0x04, 0x03, 0x03, 0xFF,
  0x04, 0x03, 0x03, 0xFF, 0x04, 0x03, 0x03, 0xFF, 0x04, 0x03, 0x03, 0xFF, 0x04, 0x03, 0x04, 0xFF, 0x04, 0x03, 0x04, 0xFF, 0x04, 0x04, 0x05, 0xFF,
  0x04, 0x04, 0x05, 0xFF, 0x04, 0x05, 0x07, 0xFF, 0x04, 0x07, 0x0A, 0xFF, 0x04, 0x0D, 0x17, 0xFF, 0x05, 0x26, 0x3F, 0xFF, 0x05, 0x21, 0x3C, 0xFF,
  0x05, 0x19, 0x30, 0xFF, 0x06, 0x15, 0x26, 0xFF, 0x07, 0x17, 0x29, 0xFF, 0x08, 0x18, 0x2A, 0xFF, 0x09, 0x19, 0x2A, 0xFF, 0x0B, 0x20, 0x37, 0xFF,
  0x12, 0x46, 0x80, 0xFF, 0x9A, 0xCE, 0xE8, 0xFF, 0x6E, 0xF8, 0xF9, 0xFF, 0x33, 0xCF, 0xF9, 0xFF, 0x12, 0xBD, 0xF9, 0xFF, 0x12, 0xB9, 0xF9, 0xFF,
  0x12, 0xB7, 0xFA, 0xFF, 0x11, 0xB5, 0xFA, 0xFF, 0x15, 0xB3, 0xFA, 0xFF, 0x42, 0xCB, 0xFA, 0xFF, 0x3B, 0xC4, 0xFA, 0xFF, 0x3A, 0x8C, 0xC6, 0xFF,
  0x09, 0x19, 0x28, 0xFF, 0x05, 0x07, 0x09, 0xFF, 0x05, 0x05, 0x07, 0xFF, 0x04, 0x04, 0x05, 0xFF, 0x04, 0x04, 0x04, 0xFF, 0x04, 0x04, 0x04, 0xFF,
  0x04, 0x04, 0x04, 0xFF, 0x04, 0x04, 0x04, 0xFF, 0x04, 0x03, 0x04, 0xFF, 0x04, 0x03, 0x04, 0xFF, 0x04, 0x03, 0x04, 0xFF, 0x04, 0x03, 0x04, 0xFF,
  0x04, 0x03, 0x04, 0xFF, 0x04, 0x03, 0x04, 0xFF, 0x04, 0x04, 0x05, 0xFF, 0x04, 0x04, 0x05, 0xFF, 0x04, 0x04, 0x05, 0xFF, 0x04, 0x04, 0x05, 0xFF,
  0x04, 0x04, 0x06, 0xFF, 0x05, 0x05, 0x06, 0xFF, 0x05, 0x05, 0x08, 0xFF, 0x05, 0x06, 0x09, 0xFF, 0x05, 0x06, 0x0A, 0xFF, 0x05, 0x07, 0x0B, 0xFF,
  0x05, 0x08, 0x0D, 0xFF, 0x05, 0x08, 0x0E, 0xFF, 0x06, 0x08, 0x0F, 0xFF, 0x06, 0x09, 0x10, 0xFF, 0x06, 0x0A, 0x13, 0xFF, 0x07, 0x0E, 0x1A, 0xFF,
  0x07, 0x12, 0x30, 0xFF, 0x06, 0x15, 0x66, 0xFF, 0x05, 0x13, 0x8E, 0xFF, 0x05, 0x11, 0xB8, 0xFF, 0x02, 0x0D, 0xC8, 0xFF, 0x1D, 0x26, 0xC1, 0xFF,
  0x40, 0x55, 0xC6, 0xFF, 0x3E, 0x76, 0xC2, 0xFF, 0x44, 0x9D, 0xD0, 0xFF, 0x55, 0xC6, 0xE8, 0xFF, 0x54, 0xDD, 0xF8, 0xFF, 0x3A, 0xD6, 0xF9, 0xFF,
  0x2D, 0xD2, 0xFA, 0xFF, 0x25, 0xC8, 0xFA, 0xFF, 0x23, 0xC2, 0xFB, 0xFF, 0x25, 0xC3, 0xFB, 0xFF, 0x26, 0xC2, 0xFB, 0xFF, 0x28, 0xC2, 0xFB, 0xFF,
  0x28, 0xC3, 0xFA, 0xFF, 0x2B, 0xC4, 0xFA, 0xFF, 0x2E, 0xC6, 0xFA, 0xFF, 0x30, 0xC7, 0xFA, 0xFF, 0x33, 0xC8, 0xFA, 0xFF, 0x35, 0xC9, 0xFA, 0xFF,
  0x37, 0xCA, 0xFB, 0xFF, 0x38, 0xCA, 0xFA, 0xFF, 0x39, 0xCB, 0xFA, 0xFF, 0x3C, 0xCC, 0xFA, 0xFF, 0x40, 0xCE, 0xFA, 0xFF, 0x42, 0xD0, 0xFA, 0xFF,
  0x43, 0xD2, 0xFB, 0xFF, 0x45, 0xD3, 0xFB, 0xFF, 0x4A, 0xD6, 0xFB, 0xFF, 0x55, 0xDF, 0xFB, 0xFF, 0xA5, 0xF8, 0xFA, 0xFF, 0x7B, 0xA0, 0xDF, 0xFF,
  0x07, 0x11, 0x51, 0xFF, 0x08, 0x0B, 0x16, 0xFF, 0x05, 0x05, 0x06, 0xFF, 0x04, 0x03, 0x04, 0xFF, 0x04, 0x03, 0x04, 0xFF, 0x04, 0x03, 0x04, 0xFF,
  0x04, 0x03, 0x04, 0xFF, 0x05, 0x04, 0x06, 0xFF, 0x0A, 0x0B, 0x1C, 0xFF, 0x3C, 0x51, 0xC2, 0xFF, 0x4A, 0x69, 0xF8, 0xFF, 0x3B, 0x4A, 0xF2, 0xFF,
  0x11, 0x13, 0xEE, 0xFF, 0x16, 0x19, 0xF4, 0xFF, 0x19, 0x1E, 0xFA, 0xFF, 0x1E, 0x25, 0xFB, 0xFF, 0x22, 0x2B, 0xF9, 0xFF, 0x26, 0x34, 0xFA, 0xFF,
  0x2A, 0x3B, 0xF9, 0xFF, 0x2C, 0x44, 0xFA, 0xFF, 0x2F, 0x4B, 0xFB, 0xFF, 0x31, 0x55, 0xFA, 0xFF, 0x82, 0xAF, 0xF8, 0xFF, 0x8A, 0xB5, 0xF8, 0xFF,
  0x48, 0x54, 0xC5, 0xFF, 0x11, 0x19, 0x6C, 0xFF, 0x0C, 0x10, 0x3F, 0xFF, 0x09, 0x0A, 0x2B, 0xFF, 0x07, 0x07, 0x1C, 0xFF, 0x06, 0x05, 0x14, 0xFF,
  0x05, 0x05, 0x0F, 0xFF, 0x05, 0x04, 0x0D, 0xFF, 0x05, 0x04, 0x0D, 0xFF, 0x05, 0x04, 0x0E, 0xFF, 0x06, 0x04, 0x0F, 0xFF, 0x05, 0x04, 0x0E, 0xFF,
  0x05, 0x04, 0x0A, 0xFF, 0x05, 0x04, 0x08, 0xFF, 0x04, 0x03, 0x06, 0xFF, 0x04, 0x03, 0x04, 0xFF, 0x04, 0x03, 0x04, 0xFF, 0x04, 0x03, 0x03, 0xFF,
  0x04, 0x03, 0x03, 0xFF, 0x04, 0x03, 0x03, 0xFF, 0x04, 0x03, 0x03, 0xFF, 0x04, 0x03, 0x03, 0xFF, 0x04, 0x03, 0x04, 0xFF, 0x04, 0x03, 0x04, 0xFF,
  0x05, 0x03, 0x0E, 0xFF, 0x10, 0x04, 0x56, 0xFF, 0x20, 0x04, 0xAC, 0xFF, 0x1E, 0x03, 0xB8, 0xFF, 0x1D, 0x03, 0xB6, 0xFF, 0x0F, 0x09, 0xB6, 0xFF,
  0x77, 0x85, 0xFA, 0xFF, 0x72, 0x83, 0xFA, 0xFF, 0x1F, 0x0D, 0xE8, 0xFF, 0x23, 0x0D, 0xBF, 0xFF, 0x0F, 0x09, 0x3F, 0xFF, 0x05, 0x04, 0x0A, 0xFF,
  0x04, 0x03, 0x05, 0xFF, 0x04, 0x03, 0x04, 0xFF, 0x04, 0x03, 0x03, 0xFF, 0x04, 0x03, 0x03, 0xFF, 0x04, 0x03, 0x03, 0xFF, 0x04, 0x03, 0x03, 0xFF,
  0x04, 0x03, 0x03, 0xFF, 0x04, 0x03, 0x03, 0xFF, 0x04, 0x03, 0x03, 0xFF, 0x04, 0x03, 0x03, 0xFF, 0x04, 0x03, 0x03, 0xFF, 0x04, 0x03, 0x04, 0xFF,
  0x04, 0x05, 0x07, 0xFF, 0x04, 0x0D, 0x19, 0xFF, 0x03, 0x2D, 0x6B, 0xFF, 0x01, 0x49, 0xC7, 0xFF, 0x1B, 0xD6, 0xFA, 0xFF, 0x1C, 0xD9, 0xFA, 0xFF,
  0x02, 0x3D, 0x9C, 0xFF, 0x01, 0x26, 0x7D, 0xFF, 0x01, 0x2A, 0x83, 0xFF, 0x02, 0x1D, 0x54, 0xFF, 0x04, 0x09, 0x13, 0xFF, 0x04, 0x04, 0x05, 0xFF,
  0x04, 0x03, 0x03, 0xFF, 0x04, 0x03, 0x03, 0xFF, 0x04, 0x03, 0x03, 0xFF, 0x04, 0x03, 0x03, 0xFF, 0x04, 0x03, 0x03, 0xFF, 0x04, 0x03, 0x03, 0xFF,
  0x04, 0x03, 0x03, 0xFF, 0x04, 0x03, 0x03, 0xFF, 0x04, 0x03, 0x03, 0xFF, 0x04, 0x03, 0x03, 0xFF, 0x04, 0x03, 0x03, 0xFF, 0x04, 0x03, 0x03, 0xFF,
  0x04, 0x03, 0x03, 0xFF, 0x04, 0x03, 0x03, 0xFF, 0x04, 0x03, 0x04, 0xFF, 0x04, 0x03, 0x04, 0xFF, 0x04, 0x03, 0x04, 0xFF, 0x04, 0x04, 0x05, 0xFF,
  0x04, 0x04, 0x05, 0xFF, 0x04, 0x05, 0x08, 0xFF, 0x04, 0x07, 0x0C, 0xFF, 0x04, 0x10, 0x1E, 0xFF, 0x05, 0x19, 0x2E, 0xFF, 0x05, 0x12, 0x21, 0xFF,
  0x05, 0x11, 0x1F, 0xFF, 0x06, 0x12, 0x20, 0xFF, 0x06, 0x16, 0x27, 0xFF, 0x07, 0x16, 0x27, 0xFF, 0x08, 0x16, 0x27, 0xFF, 0x0A, 0x1D, 0x32, 0xFF,
  0x10, 0x36, 0x5E, 0xFF, 0x50, 0x88, 0xC1, 0xFF, 0x7B, 0xF7, 0xF8, 0xFF, 0x62, 0xE6, 0xF8, 0xFF, 0x14, 0xC2, 0xFA, 0xFF, 0x12, 0xBB, 0xF9, 0xFF,
  0x13, 0xB9, 0xFA, 0xFF, 0x13, 0xB8, 0xFB, 0xFF, 0x14, 0xB6, 0xFA, 0xFF, 0x30, 0xC1, 0xFA, 0xFF, 0x37, 0xC3, 0xF9, 0xFF, 0x43, 0xC3, 0xF5, 0xFF,
  0x17, 0x31, 0x5D, 0xFF, 0x05, 0x08, 0x0B, 0xFF, 0x05, 0x06, 0x08, 0xFF, 0x04, 0x04, 0x05, 0xFF, 0x04, 0x04, 0x04, 0xFF, 0x04, 0x04, 0x04, 0xFF,
  0x04, 0x04, 0x04, 0xFF, 0x04, 0x04, 0x04, 0xFF, 0x04, 0x04, 0x04, 0xFF, 0x04, 0x04, 0x05, 0xFF, 0x04, 0x04, 0x05, 0xFF, 0x04, 0x03, 0x04, 0xFF,
  0x04, 0x03, 0x04, 0xFF, 0x04, 0x03, 0x04, 0xFF, 0x04, 0x03, 0x04, 0xFF, 0x04, 0x04, 0x05, 0xFF, 0x04, 0x04, 0x05, 0xFF, 0x04, 0x04, 0x05, 0xFF,
  0x04, 0x04, 0x06, 0xFF, 0x04, 0x04, 0x06, 0xFF, 0x05, 0x05, 0x06, 0xFF, 0x05, 0x05, 0x07, 0xFF, 0x05, 0x05, 0x07, 0xFF, 0x05, 0x06, 0x08, 0xFF,
  0x05, 0x06, 0x0A, 0xFF, 0x05, 0x06, 0x0A, 0xFF, 0x05, 0x06, 0x0A, 0xFF, 0x05, 0x07, 0x0B, 0xFF, 0x05, 0x07, 0x0C, 0xFF, 0x05, 0x08, 0x0D, 0xFF,
  0x06, 0x09, 0x0F, 0xFF, 0x06, 0x0B, 0x14, 0xFF, 0x07, 0x10, 0x1D, 0xFF, 0x09, 0x16, 0x2A, 0xFF, 0x0B, 0x1B, 0x39, 0xFF, 0x09, 0x1A, 0x58, 0xFF,
  0x08, 0x19, 0x80, 0xFF, 0x06, 0x14, 0x97, 0xFF, 0x03, 0x0B, 0xA5, 0xFF, 0x02, 0x08, 0xA3, 0xFF, 0x0E, 0x1A, 0xA8, 0xFF, 0x3A, 0x47, 0xA1, 0xFF,
  0x4A, 0x65, 0xB5, 0xFF, 0x4A, 0x89, 0xC6, 0xFF, 0x5A, 0xAB, 0xD6, 0xFF, 0x69, 0xCD, 0xF1, 0xFF, 0x61, 0xDC, 0xFB, 0xFF, 0x48, 0xD9, 0xFB, 0xFF,
  0x31, 0xD6, 0xFB, 0xFF, 0x32, 0xD1, 0xFB, 0xFF, 0x33, 0xC9, 0xFA, 0xFF, 0x33, 0xC8, 0xFA, 0xFF, 0x34, 0xC8, 0xFA, 0xFF, 0x37, 0xC9, 0xFA, 0xFF,
  0x38, 0xC9, 0xFA, 0xFF, 0x39, 0xC9, 0xFA, 0xFF, 0x3C, 0xCA, 0xFA, 0xFF, 0x3E, 0xCC, 0xFA, 0xFF, 0x41, 0xCE, 0xFA, 0xFF, 0x43, 0xD0, 0xFB, 0xFF,
  0x45, 0xD2, 0xFA, 0xFF, 0x47, 0xD3, 0xFA, 0xFF, 0x4C, 0xD7, 0xFB, 0xFF, 0x6E, 0xED, 0xFB, 0xFF, 0xB6, 0xF4, 0xF9, 0xFF, 0x3C, 0x4F, 0xB7, 0xFF,
  0x04, 0x0C, 0x32, 0xFF, 0x06, 0x07, 0x0B, 0xFF, 0x05, 0x04, 0x06, 0xFF, 0x04, 0x03, 0x04, 0xFF, 0x04, 0x03, 0x04, 0xFF, 0x04, 0x03, 0x04, 0xFF,
  0x04, 0x04, 0x05, 0xFF, 0x05, 0x05, 0x07, 0xFF, 0x0E, 0x11, 0x3B, 0xFF, 0x54, 0x71, 0xEA, 0xFF, 0x51, 0x70, 0xF8, 0xFF, 0x27, 0x2C, 0xED, 0xFF,
  0x12, 0x15, 0xEF, 0xFF, 0x16, 0x19, 0xF4, 0xFF, 0x19, 0x1E, 0xFA, 0xFF, 0x1E, 0x25, 0xFA, 0xFF, 0x22, 0x2C, 0xF9, 0xFF, 0x26, 0x35, 0xFB, 0xFF,
  0x2A, 0x3C, 0xFA, 0xFF, 0x2C, 0x42, 0xF9, 0xFF, 0x2E, 0x47, 0xFA, 0xFF, 0x48, 0x69, 0xF9, 0xFF, 0x83, 0xAE, 0xF8, 0xFF, 0x97, 0xBD, 0xF7, 0xFF,
  0x1E, 0x24, 0xAA, 0xFF, 0x10, 0x16, 0x5C, 0xFF, 0x0B, 0x0D, 0x34, 0xFF, 0x08, 0x09, 0x26, 0xFF, 0x07, 0x06, 0x19, 0xFF, 0x06, 0x05, 0x12, 0xFF,
  0x06, 0x05, 0x10, 0xFF, 0x06, 0x05, 0x0F, 0xFF, 0x06, 0x05, 0x0F, 0xFF, 0x06, 0x05, 0x10, 0xFF, 0x06, 0x05, 0x13, 0xFF, 0x06, 0x04, 0x13, 0xFF,
  0x06, 0x04, 0x0F, 0xFF, 0x05, 0x04, 0x0B, 0xFF, 0x04, 0x03, 0x06, 0xFF, 0x04, 0x03, 0x04, 0xFF, 0x04, 0x03, 0x04, 0xFF, 0x04, 0x03, 0x03, 0xFF,
  0x04, 0x03, 0x03, 0xFF, 0x04, 0x03, 0x03, 0xFF, 0x04, 0x03, 0x03, 0xFF, 0x04, 0x03, 0x03, 0xFF, 0x04, 0x03, 0x04, 0xFF, 0x04, 0x03, 0x04, 0xFF,
  0x05, 0x03, 0x0F, 0xFF, 0x0F, 0x04, 0x56, 0xFF, 0x20, 0x04, 0xAD, 0xFF, 0x1C, 0x03, 0xB8, 0xFF, 0x1C, 0x03, 0xB6, 0xFF, 0x0F, 0x09, 0xB5, 0xFF,
  0x77, 0x83, 0xF9, 0xFF, 0x6E, 0x7E, 0xF9, 0xFF, 0x1D, 0x0B, 0xE5, 0xFF, 0x23, 0x0D, 0xBE, 0xFF, 0x0F, 0x0A, 0x3D, 0xFF, 0x05, 0x04, 0x09, 0xFF,
  0x04, 0x03, 0x05, 0xFF, 0x04, 0x03, 0x03, 0xFF, 0x04, 0x03, 0x03, 0xFF, 0x04, 0x03, 0x03, 0xFF, 0x04, 0x03, 0x03, 0xFF, 0x04, 0x03, 0x03, 0xFF,
  0x04, 0x03, 0x03, 0xFF, 0x04, 0x03, 0x03, 0xFF, 0x04, 0x03, 0x03, 0xFF, 0x04, 0x03, 0x03, 0xFF, 0x04, 0x03, 0x03, 0xFF, 0x04, 0x03, 0x04, 0xFF,
  0x04, 0x05, 0x07, 0xFF, 0x04, 0x0C, 0x16, 0xFF, 0x03, 0x2C, 0x68, 0xFF, 0x00, 0x47, 0xC9, 0xFF, 0x1C, 0xD6, 0xF9, 0xFF, 0x1B, 0xD7, 0xFA, 0xFF,
  0x01, 0x3B, 0x99, 0xFF, 0x01, 0x24, 0x7B, 0xFF, 0x01, 0x2A, 0x85, 0xFF, 0x02, 0x1D, 0x55, 0xFF, 0x03, 0x09, 0x15, 0xFF, 0x04, 0x04, 0x05, 0xFF,
  0x04, 0x03, 0x03, 0xFF, 0x04, 0x03, 0x03, 0xFF, 0x04, 0x03, 0x03, 0xFF, 0x04, 0x03, 0x03, 0xFF, 0x04, 0x03, 0x03, 0xFF, 0x04, 0x03, 0x03, 0xFF,
  0x04, 0x03, 0x03, 0xFF, 0x04, 0x03, 0x03, 0xFF, 0x04, 0x03, 0x03, 0xFF, 0x04, 0x03, 0x03, 0xFF, 0x04, 0x03, 0x03, 0xFF, 0x04, 0x03, 0x03, 0xFF,
  0x04, 0x03, 0x03, 0xFF, 0x04, 0x03, 0x03, 0xFF, 0x04, 0x03, 0x04, 0xFF, 0x04, 0x03, 0x04, 0xFF, 0x04, 0x03, 0x04, 0xFF, 0x04, 0x04, 0x04, 0xFF,
  0x04, 0x04, 0x05, 0xFF, 0x04, 0x05, 0x08, 0xFF, 0x04, 0x07, 0x0C, 0xFF, 0x04, 0x09, 0x10, 0xFF, 0x05, 0x0A, 0x12, 0xFF, 0x05, 0x0A, 0x12, 0xFF,
  0x05, 0x0B, 0x14, 0xFF, 0x05, 0x0E, 0x18, 0xFF, 0x06, 0x12, 0x20, 0xFF, 0x06, 0x13, 0x22, 0xFF, 0x07, 0x14, 0x24, 0xFF, 0x09, 0x19, 0x2C, 0xFF,
  0x0B, 0x25, 0x40, 0xFF, 0x11, 0x42, 0x7A, 0xFF, 0x9E, 0xDA, 0xE7, 0xFF, 0x69, 0xF6, 0xF9, 0xFF, 0x25, 0xCD, 0xFA, 0xFF, 0x16, 0xC0, 0xFA, 0xFF,
  0x15, 0xBD, 0xFB, 0xFF, 0x14, 0xBA, 0xFA, 0xFF, 0x14, 0xB6, 0xFA, 0xFF, 0x17, 0xB5, 0xF9, 0xFF, 0x3E, 0xC8, 0xF9, 0xFF, 0x38, 0xC1, 0xF9, 0xFF,
  0x38, 0x84, 0xB7, 0xFF, 0x08, 0x12, 0x1D, 0xFF, 0x06, 0x09, 0x0C, 0xFF, 0x04, 0x05, 0x07, 0xFF, 0x04, 0x04, 0x05, 0xFF, 0x04, 0x04, 0x04, 0xFF,
  0x04, 0x04, 0x04, 0xFF, 0x04, 0x04, 0x04, 0xFF, 0x04, 0x05, 0x06, 0xFF, 0x05, 0x09, 0x0D, 0xFF, 0x05, 0x09, 0x0D, 0xFF, 0x04, 0x04, 0x05, 0xFF,
  0x04, 0x03, 0x04, 0xFF, 0x04, 0x03, 0x04, 0xFF, 0x04, 0x03, 0x04, 0xFF, 0x04, 0x03, 0x04, 0xFF, 0x04, 0x03, 0x04, 0xFF, 0x04, 0x03, 0x04, 0xFF,
  0x04, 0x04, 0x05, 0xFF, 0x04, 0x04, 0x05, 0xFF, 0x04, 0x04, 0x05, 0xFF, 0x04, 0x04, 0x06, 0xFF, 0x04, 0x05, 0x06, 0xFF, 0x05, 0x05, 0x06, 0xFF,
  0x05, 0x05, 0x07, 0xFF, 0x05, 0x05, 0x07, 0xFF, 0x05, 0x05, 0x07, 0xFF, 0x05, 0x05, 0x07, 0xFF, 0x05, 0x05, 0x07, 0xFF, 0x05, 0x05, 0x07, 0xFF,
  0x05, 0x05, 0x07, 0xFF, 0x05, 0x05, 0x08, 0xFF, 0x05, 0x05, 0x08, 0xFF, 0x05, 0x06, 0x09, 0xFF, 0x05, 0x06, 0x09, 0xFF, 0x05, 0x06, 0x09, 0xFF,
  0x05, 0x07, 0x0B, 0xFF, 0x06, 0x09, 0x0E, 0xFF, 0x07, 0x0C, 0x13, 0xFF, 0x07, 0x0F, 0x21, 0xFF, 0x06, 0x11, 0x2F, 0xFF, 0x06, 0x12, 0x3B, 0xFF,
  0x06, 0x10, 0x49, 0xFF, 0x09, 0x1A, 0x6D, 0xFF, 0x04, 0x28, 0x98, 0xFF, 0x05, 0x17, 0xC3, 0xFF, 0x4E, 0x66, 0xEF, 0xFF, 0xA0, 0xDF, 0xFA, 0xFF,
  0x5B, 0xEB, 0xFA, 0xFF, 0x35, 0xCF, 0xFA, 0xFF, 0x34, 0xC8, 0xFA, 0xFF, 0x35, 0xC9, 0xFA, 0xFF, 0x37, 0xC9, 0xFA, 0xFF, 0x38, 0xC9, 0xFA, 0xFF,
  0x39, 0xCA, 0xFB, 0xFF, 0x3B, 0xCA, 0xFA, 0xFF, 0x3E, 0xCB, 0xFB, 0xFF, 0x40, 0xCD, 0xFA, 0xFF, 0x42, 0xCE, 0xFA, 0xFF, 0x43, 0xCF, 0xFA, 0xFF,
  0x45, 0xD1, 0xFB, 0xFF, 0x46, 0xD2, 0xFA, 0xFF, 0x5A, 0xE1, 0xFA, 0xFF, 0xAF, 0xF7, 0xFA, 0xFF, 0x5E, 0x85, 0xD9, 0xFF, 0x05, 0x10, 0x5A, 0xFF,
  0x06, 0x0A, 0x23, 0xFF, 0x05, 0x04, 0x06, 0xFF, 0x04, 0x04, 0x05, 0xFF, 0x04, 0x03, 0x04, 0xFF, 0x04, 0x03, 0x04, 0xFF, 0x04, 0x03, 0x04, 0xFF,
  0x05, 0x04, 0x06, 0xFF, 0x07, 0x07, 0x0E, 0xFF, 0x38, 0x46, 0x9C, 0xFF, 0x4E, 0x70, 0xF7, 0xFF, 0x5F, 0x7A, 0xF5, 0xFF, 0x10, 0x0F, 0xE9, 0xFF,
  0x12, 0x14, 0xF0, 0xFF, 0x18, 0x1A, 0xF6, 0xFF, 0x1A, 0x1F, 0xFA, 0xFF, 0x1F, 0x27, 0xFA, 0xFF, 0x23, 0x2D, 0xF9, 0xFF, 0x27, 0x36, 0xFA, 0xFF,
  0x2B, 0x3D, 0xFA, 0xFF, 0x2F, 0x45, 0xFA, 0xFF, 0x32, 0x4B, 0xFA, 0xFF, 0x5A, 0x7D, 0xF9, 0xFF, 0x7E, 0xAA, 0xF9, 0xFF, 0x81, 0x96, 0xE4, 0xFF,
  0x13, 0x18, 0x86, 0xFF, 0x0E, 0x12, 0x4A, 0xFF, 0x0A, 0x0B, 0x2D, 0xFF, 0x08, 0x08, 0x20, 0xFF, 0x07, 0x06, 0x18, 0xFF, 0x06, 0x05, 0x13, 0xFF,
  0x06, 0x05, 0x11, 0xFF, 0x06, 0x05, 0x11, 0xFF, 0x06, 0x05, 0x16, 0xFF, 0x07, 0x06, 0x1D, 0xFF, 0x09, 0x07, 0x29, 0xFF, 0x0A, 0x07, 0x32, 0xFF,
  0x08, 0x06, 0x22, 0xFF, 0x07, 0x05, 0x17, 0xFF, 0x05, 0x04, 0x0B, 0xFF, 0x04, 0x03, 0x06, 0xFF, 0x04, 0x03, 0x04, 0xFF, 0x04, 0x03, 0x03, 0xFF,
  0x04, 0x03, 0x04, 0xFF, 0x04, 0x03, 0x03, 0xFF, 0x04, 0x03, 0x03, 0xFF, 0x04, 0x03, 0x03, 0xFF, 0x04, 0x03, 0x04, 0xFF, 0x04, 0x03, 0x04, 0xFF,
  0x06, 0x03, 0x11, 0xFF, 0x0F, 0x03, 0x55, 0xFF, 0x1F, 0x02, 0xAA, 0xFF, 0x1C, 0x03, 0xBA, 0xFF, 0x1B, 0x02, 0xB6, 0xFF, 0x0F, 0x08, 0xB3, 0xFF,
  0x74, 0x7F, 0xF9, 0xFF, 0x6D, 0x7B, 0xF9, 0xFF, 0x1B, 0x0A, 0xE3, 0xFF, 0x22, 0x0C, 0xB4, 0xFF, 0x0E, 0x09, 0x38, 0xFF, 0x05, 0x04, 0x09, 0xFF,
  0x04, 0x03, 0x05, 0xFF, 0x04, 0x03, 0x03, 0xFF, 0x04, 0x03, 0x03, 0xFF, 0x04, 0x03, 0x03, 0xFF, 0x04, 0x03, 0x03, 0xFF, 0x04, 0x03, 0x03, 0xFF,
  0x04, 0x03, 0x03, 0xFF, 0x04, 0x03, 0x03, 0xFF, 0x04, 0x03, 0x03, 0xFF, 0x04, 0x03, 0x03, 0xFF, 0x04, 0x03, 0x03, 0xFF, 0x04, 0x03, 0x04, 0xFF,
  0x04, 0x05, 0x07, 0xFF, 0x04, 0x0C, 0x16, 0xFF, 0x03, 0x2B, 0x68, 0xFF, 0x01, 0x4B, 0xCD, 0xFF, 0x1F, 0xD6, 0xF9, 0xFF, 0x1B, 0xD5, 0xF9, 0xFF,
  0x01, 0x3C, 0x99, 0xFF, 0x00, 0x22, 0x78, 0xFF, 0x01, 0x29, 0x84, 0xFF, 0x02, 0x1E, 0x58, 0xFF, 0x03, 0x0A, 0x17, 0xFF, 0x04, 0x04, 0x05, 0xFF,
  0x04, 0x03, 0x04, 0xFF, 0x04, 0x03, 0x03, 0xFF, 0x04, 0x03, 0x03, 0xFF, 0x04, 0x03, 0x03, 0xFF, 0x04, 0x03, 0x03, 0xFF, 0x04, 0x03, 0x03, 0xFF,
  0x04, 0x03, 0x03, 0xFF, 0x04, 0x03, 0x03, 0xFF, 0x04, 0x03, 0x03, 0xFF, 0x04, 0x03, 0x03, 0xFF, 0x04, 0x03, 0x03, 0xFF, 0x04, 0x03, 0x03, 0xFF,
  0x04, 0x03, 0x03, 0xFF, 0x04, 0x03, 0x03, 0xFF, 0x04, 0x03, 0x03, 0xFF, 0x04, 0x03, 0x03, 0xFF, 0x04, 0x03, 0x04, 0xFF, 0x04, 0x04, 0x04, 0xFF,
  0x04, 0x04, 0x05, 0xFF, 0x04, 0x05, 0x07, 0xFF, 0x04, 0x06, 0x0A, 0xFF, 0x04, 0x07, 0x0B, 0xFF, 0x04, 0x07, 0x0B, 0xFF, 0x04, 0x08, 0x0D, 0xFF,
  0x05, 0x09, 0x10, 0xFF, 0x05, 0x0B, 0x13, 0xFF, 0x05, 0x0D, 0x17, 0xFF, 0x06, 0x0F, 0x1C, 0xFF, 0x07, 0x12, 0x21, 0xFF, 0x08, 0x17, 0x29, 0xFF,
  0x09, 0x1D, 0x33, 0xFF, 0x0C, 0x2C, 0x4E, 0xFF, 0x4F, 0x7B, 0xAF, 0xFF, 0x7B, 0xF6, 0xF7, 0xFF, 0x6C, 0xE9, 0xF9, 0xFF, 0x1B, 0xC6, 0xFA, 0xFF,
  0x18, 0xBE, 0xFA, 0xFF, 0x15, 0xBB, 0xF9, 0xFF, 0x14, 0xB8, 0xFA, 0xFF, 0x15, 0xB5, 0xFA, 0xFF, 0x2C, 0xC1, 0xF9, 0xFF, 0x38, 0xC3, 0xF9, 0xFF,
  0x43, 0xC2, 0xF4, 0xFF, 0x1B, 0x34, 0x55, 0xFF, 0x07, 0x0E, 0x13, 0xFF, 0x05, 0x06, 0x08, 0xFF, 0x04, 0x04, 0x05, 0xFF, 0x04, 0x04, 0x04, 0xFF,
  0x04, 0x04, 0x04, 0xFF, 0x04, 0x04, 0x04, 0xFF, 0x05, 0x06, 0x08, 0xFF, 0x07, 0x19, 0x26, 0xFF, 0x06, 0x17, 0x23, 0xFF, 0x04, 0x04, 0x06, 0xFF,
  0x04, 0x03, 0x04, 0xFF, 0x04, 0x03, 0x04, 0xFF, 0x04, 0x03, 0x04, 0xFF, 0x04, 0x03, 0x04, 0xFF, 0x04, 0x03, 0x04, 0xFF, 0x04, 0x03, 0x04, 0xFF,
  0x04, 0x03, 0x04, 0xFF, 0x04, 0x03, 0x04, 0xFF, 0x04, 0x04, 0x05, 0xFF, 0x04, 0x04, 0x05, 0xFF, 0x04, 0x04, 0x05, 0xFF, 0x04, 0x04, 0x05, 0xFF,
  0x04, 0x04, 0x06, 0xFF, 0x04, 0x04, 0x06, 0xFF, 0x05, 0x04, 0x06, 0xFF, 0x05, 0x04, 0x06, 0xFF, 0x05, 0x04, 0x06, 0xFF, 0x05, 0x04, 0x06, 0xFF,
  0x04, 0x04, 0x05, 0xFF, 0x04, 0x04, 0x05, 0xFF, 0x04, 0x03, 0x04, 0xFF, 0x04, 0x04, 0x05, 0xFF, 0x04, 0x04, 0x05, 0xFF, 0x04, 0x04, 0x05, 0xFF,
  0x05, 0x04, 0x06, 0xFF, 0x05, 0x05, 0x06, 0xFF, 0x05, 0x06, 0x08, 0xFF, 0x05, 0x07, 0x09, 0xFF, 0x06, 0x08, 0x0C, 0xFF, 0x08, 0x0D, 0x13, 0xFF,
  0x09, 0x1F, 0x42, 0xFF, 0x0D, 0x35, 0xB1, 0xFF, 0x51, 0x73, 0xF4, 0xFF, 0x75, 0xC7, 0xF7, 0xFF, 0x52, 0xE6, 0xF9, 0xFF, 0x2F, 0xD4, 0xFA, 0xFF,
  0x33, 0xCC, 0xFA, 0xFF, 0x34, 0xC9, 0xFA, 0xFF, 0x36, 0xC9, 0xFA, 0xFF, 0x37, 0xC9, 0xFA, 0xFF, 0x38, 0xCA, 0xFA, 0xFF, 0x3A, 0xCA, 0xFA, 0xFF,
  0x3C, 0xCA, 0xFA, 0xFF, 0x3E, 0xCC, 0xFA, 0xFF, 0x3F, 0xCB, 0xFA, 0xFF, 0x40, 0xCC, 0xFB, 0xFF, 0x41, 0xCE, 0xFA, 0xFF, 0x43, 0xCF, 0xFA, 0xFF,
  0x45, 0xD0, 0xFA, 0xFF, 0x59, 0xE1, 0xF9, 0xFF, 0x89, 0xF3, 0xF9, 0xFF, 0x4D, 0x7C, 0xD2, 0xFF, 0x01, 0x13, 0x72, 0xFF, 0x07, 0x11, 0x44, 0xFF,
  0x05, 0x05, 0x06, 0xFF, 0x04, 0x03, 0x04, 0xFF, 0x04, 0x03, 0x04, 0xFF, 0x04, 0x03, 0x04, 0xFF, 0x04, 0x03, 0x04, 0xFF, 0x04, 0x04, 0x05, 0xFF,
  0x05, 0x05, 0x08, 0xFF, 0x16, 0x19, 0x43, 0xFF, 0x56, 0x77, 0xF0, 0xFF, 0x54, 0x78, 0xF8, 0xFF, 0x36, 0x3D, 0xEF, 0xFF, 0x11, 0x13, 0xE9, 0xFF,
  0x15, 0x18, 0xF3, 0xFF, 0x17, 0x1B, 0xF8, 0xFF, 0x1C, 0x21, 0xFA, 0xFF, 0x20, 0x29, 0xFA, 0xFF, 0x24, 0x2F, 0xF9, 0xFF, 0x27, 0x37, 0xFA, 0xFF,
  0x2B, 0x3D, 0xFA, 0xFF, 0x2F, 0x47, 0xFA, 0xFF, 0x39, 0x54, 0xFA, 0xFF, 0x78, 0x9C, 0xF9, 0xFF, 0x7E, 0xA7, 0xF8, 0xFF, 0x41, 0x48, 0xBA, 0xFF,
  0x13, 0x18, 0x71, 0xFF, 0x0D, 0x10, 0x41, 0xFF, 0x09, 0x0A, 0x27, 0xFF, 0x07, 0x08, 0x1D, 0xFF, 0x06, 0x06, 0x16, 0xFF, 0x06, 0x06, 0x13, 0xFF,
  0x06, 0x05, 0x12, 0xFF, 0x06, 0x05, 0x16, 0xFF, 0x08, 0x06, 0x23, 0xFF, 0x0B, 0x07, 0x39, 0xFF, 0x13, 0x08, 0x67, 0xFF, 0x16, 0x08, 0x80, 0xFF,
  0x11, 0x08, 0x5B, 0xFF, 0x0A, 0x06, 0x30, 0xFF, 0x06, 0x04, 0x12, 0xFF, 0x05, 0x03, 0x07, 0xFF, 0x04, 0x03, 0x05, 0xFF, 0x04, 0x03, 0x04, 0xFF,
  0x04, 0x03, 0x03, 0xFF, 0x04, 0x03, 0x03, 0xFF, 0x04, 0x03, 0x03, 0xFF, 0x04, 0x03, 0x03, 0xFF, 0x04, 0x03, 0x04, 0xFF, 0x04, 0x03, 0x05, 0xFF,
  0x06, 0x03, 0x11, 0xFF, 0x10, 0x03, 0x55, 0xFF, 0x1F, 0x02, 0xAB, 0xFF, 0x1C, 0x03, 0xBB, 0xFF, 0x1A, 0x02, 0xB7, 0xFF, 0x0E, 0x07, 0xB2, 0xFF,
  0x76, 0x81, 0xF9, 0xFF, 0x6F, 0x7B, 0xF9, 0xFF, 0x1C, 0x0B, 0xE5, 0xFF, 0x21, 0x0B, 0xAE, 0xFF, 0x0D, 0x08, 0x34, 0xFF, 0x05, 0x04, 0x09, 0xFF,
  0x04, 0x03, 0x04, 0xFF, 0x04, 0x03, 0x03, 0xFF, 0x04, 0x03, 0x03, 0xFF, 0x04, 0x03, 0x03, 0xFF, 0x04, 0x03, 0x03, 0xFF, 0x04, 0x03, 0x03, 0xFF,
  0x04, 0x03, 0x03, 0xFF, 0x04, 0x03, 0x03, 0xFF, 0x04, 0x03, 0x03, 0xFF, 0x04, 0x03, 0x03, 0xFF, 0x04, 0x03, 0x03, 0xFF, 0x04, 0x03, 0x04, 0xFF,
  0x04, 0x05, 0x07, 0xFF, 0x04, 0x0C, 0x17, 0xFF, 0x02, 0x2A, 0x67, 0xFF, 0x00, 0x4A, 0xCC, 0xFF, 0x1D, 0xD3, 0xF9, 0xFF, 0x1B, 0xD4, 0xF9, 0xFF,
  0x02, 0x3D, 0x98, 0xFF, 0x00, 0x24, 0x78, 0xFF, 0x01, 0x29, 0x82, 0xFF, 0x02, 0x1F, 0x59, 0xFF, 0x03, 0x0A, 0x17, 0xFF, 0x04, 0x04, 0x05, 0xFF,
  0x04, 0x03, 0x03, 0xFF, 0x04, 0x03, 0x03, 0xFF, 0x04, 0x03, 0x03, 0xFF, 0x04, 0x03, 0x03, 0xFF, 0x04, 0x03, 0x03, 0xFF, 0x04, 0x03, 0x03, 0xFF,
  0x04, 0x03, 0x03, 0xFF, 0x04, 0x03, 0x03, 0xFF, 0x04, 0x03, 0x03, 0xFF, 0x04, 0x03, 0x03, 0xFF, 0x04, 0x03, 0x03, 0xFF, 0x04, 0x03, 0x03, 0xFF,
  0x04, 0x03, 0x03, 0xFF, 0x04, 0x03, 0x03, 0xFF, 0x04, 0x03, 0x03, 0xFF, 0x04, 0x03, 0x03, 0xFF, 0x04, 0x03, 0x04, 0xFF, 0x04, 0x04, 0x04, 0xFF,
  0x04, 0x04, 0x05, 0xFF, 0x04, 0x05, 0x06, 0xFF, 0x04, 0x05, 0x08, 0xFF, 0x04, 0x05, 0x08, 0xFF, 0x04, 0x06, 0x09, 0xFF, 0x04, 0x07, 0x0B, 0xFF,
  0x05, 0x08, 0x0E, 0xFF, 0x05, 0x0B, 0x12, 0xFF, 0x05, 0x0C, 0x16, 0xFF, 0x06, 0x0E, 0x1A, 0xFF, 0x06, 0x12, 0x20, 0xFF, 0x07, 0x16, 0x28, 0xFF,
  0x09, 0x19, 0x2D, 0xFF, 0x0B, 0x24, 0x3F, 0xFF, 0x10, 0x44, 0x83, 0xFF, 0x89, 0xDB, 0xEE, 0xFF, 0x82, 0xF8, 0xF9, 0xFF, 0x37, 0xD1, 0xF9, 0xFF,
  0x19, 0xC0, 0xFA, 0xFF, 0x16, 0xBD, 0xFA, 0xFF, 0x15, 0xBA, 0xFA, 0xFF, 0x15, 0xB7, 0xFA, 0xFF, 0x17, 0xB9, 0xFA, 0xFF, 0x3F, 0xCA, 0xFA, 0xFF,
  0x3B, 0xC2, 0xFA, 0xFF, 0x3A, 0x81, 0xB0, 0xFF, 0x09, 0x16, 0x22, 0xFF, 0x05, 0x07, 0x0A, 0xFF, 0x04, 0x05, 0x06, 0xFF, 0x04, 0x04, 0x05, 0xFF,
  0x04, 0x04, 0x04, 0xFF, 0x04, 0x04, 0x04, 0xFF, 0x04, 0x05, 0x06, 0xFF, 0x05, 0x07, 0x0B, 0xFF, 0x05, 0x07, 0x0B, 0xFF, 0x04, 0x04, 0x05, 0xFF,
  0x04, 0x03, 0x04, 0xFF, 0x04, 0x03, 0x03, 0xFF, 0x04, 0x03, 0x03, 0xFF, 0x04, 0x03, 0x03, 0xFF, 0x04, 0x03, 0x03, 0xFF, 0x04, 0x03, 0x04, 0xFF,
  0x04, 0x03, 0x04, 0xFF, 0x04, 0x03, 0x04, 0xFF, 0x04, 0x03, 0x04, 0xFF, 0x04, 0x03, 0x04, 0xFF, 0x04, 0x03, 0x04, 0xFF, 0x04, 0x03, 0x04, 0xFF,
  0x04, 0x04, 0x04, 0xFF, 0x04, 0x04, 0x05, 0xFF, 0x04, 0x04, 0x05, 0xFF, 0x04, 0x04, 0x05, 0xFF, 0x04, 0x04, 0x05, 0xFF, 0x04, 0x04, 0x05, 0xFF,
  0x04, 0x04, 0x04, 0xFF, 0x04, 0x03, 0x04, 0xFF, 0x04, 0x03, 0x04, 0xFF, 0x04, 0x03, 0x04, 0xFF, 0x04, 0x04, 0x04, 0xFF, 0x04, 0x04, 0x05, 0xFF,
  0x05, 0x04, 0x06, 0xFF, 0x05, 0x05, 0x06, 0xFF, 0x05, 0x06, 0x08, 0xFF, 0x07, 0x09, 0x0D, 0xFF, 0x08, 0x17, 0x2F, 0xFF, 0x07, 0x29, 0x98, 0xFF,
  0x3F, 0x5E, 0xE4, 0xFF, 0x8E, 0xCF, 0xF7, 0xFF, 0x5A, 0xE8, 0xF9, 0xFF, 0x2D, 0xD4, 0xF9, 0xFF, 0x2E, 0xCC, 0xF9, 0xFF, 0x33, 0xCB, 0xFA, 0xFF,
  0x34, 0xCA, 0xFA, 0xFF, 0x36, 0xC9, 0xFA, 0xFF, 0x37, 0xC9, 0xFA, 0xFF, 0x38, 0xC9, 0xFA, 0xFF, 0x39, 0xC9, 0xFA, 0xFF, 0x3C, 0xCA, 0xFA, 0xFF,
  0x3E, 0xCB, 0xFB, 0xFF, 0x3E, 0xCB, 0xFB, 0xFF, 0x3F, 0xCB, 0xFA, 0xFF, 0x40, 0xCC, 0xFA, 0xFF, 0x41, 0xCD, 0xFA, 0xFF, 0x44, 0xCE, 0xF9, 0xFF,
  0x5D, 0xE1, 0xF9, 0xFF, 0xA6, 0xEE, 0xF8, 0xFF, 0x42, 0x6F, 0xCF, 0xFF, 0x01, 0x0A, 0x60, 0xFF, 0x04, 0x0C, 0x3C, 0xFF, 0x06, 0x07, 0x0C, 0xFF,
  0x04, 0x04, 0x05, 0xFF, 0x04, 0x03, 0x04, 0xFF, 0x04, 0x03, 0x04, 0xFF, 0x04, 0x03, 0x04, 0xFF, 0x04, 0x04, 0x05, 0xFF, 0x05, 0x04, 0x07, 0xFF,
  0x08, 0x09, 0x1A, 0xFF, 0x43, 0x58, 0xBE, 0xFF, 0x4F, 0x73, 0xF8, 0xFF, 0x56, 0x6E, 0xF6, 0xFF, 0x15, 0x13, 0xF2, 0xFF, 0x14, 0x16, 0xEE, 0xFF,
  0x17, 0x1A, 0xF5, 0xFF, 0x19, 0x1D, 0xFA, 0xFF, 0x1D, 0x23, 0xFB, 0xFF, 0x21, 0x2B, 0xFA, 0xFF, 0x25, 0x31, 0xFA, 0xFF, 0x29, 0x39, 0xFA, 0xFF,
  0x2C, 0x3E, 0xFA, 0xFF, 0x30, 0x47, 0xF9, 0xFF, 0x5F, 0x7E, 0xF8, 0xFF, 0x76, 0x9B, 0xF9, 0xFF, 0x7E, 0x9A, 0xEE, 0xFF, 0x14, 0x15, 0x8C, 0xFF,
  0x10, 0x13, 0x55, 0xFF, 0x0B, 0x0D, 0x35, 0xFF, 0x08, 0x09, 0x22, 0xFF, 0x07, 0x07, 0x1B, 0xFF, 0x06, 0x06, 0x15, 0xFF, 0x06, 0x06, 0x13, 0xFF,
  0x06, 0x05, 0x13, 0xFF, 0x07, 0x06, 0x1A, 0xFF, 0x0A, 0x08, 0x32, 0xFF, 0x16, 0x0B, 0x80, 0xFF, 0x20, 0x2A, 0xD1, 0xFF, 0x23, 0x51, 0xDD, 0xFF,
  0x1F, 0x0E, 0xB2, 0xFF, 0x10, 0x07, 0x54, 0xFF, 0x07, 0x05, 0x19, 0xFF, 0x05, 0x03, 0x08, 0xFF, 0x04, 0x03, 0x05, 0xFF, 0x04, 0x03, 0x04, 0xFF,
  0x04, 0x03, 0x03, 0xFF, 0x04, 0x03, 0x03, 0xFF, 0x04, 0x03, 0x03, 0xFF, 0x04, 0x03, 0x03, 0xFF, 0x04, 0x03, 0x04, 0xFF, 0x04, 0x03, 0x05, 0xFF,
  0x06, 0x03, 0x11, 0xFF, 0x10, 0x03, 0x56, 0xFF, 0x1F, 0x02, 0xAD, 0xFF, 0x1B, 0x02, 0xBB, 0xFF, 0x1A, 0x02, 0xB7, 0xFF, 0x0F, 0x09, 0xB1, 0xFF,
  0x79, 0x83, 0xF9, 0xFF, 0x71, 0x7B, 0xF9, 0xFF, 0x1C, 0x0C, 0xE5, 0xFF, 0x20, 0x0A, 0xAA, 0xFF, 0x0D, 0x08, 0x33, 0xFF, 0x05, 0x04, 0x09, 0xFF,
  0x04, 0x03, 0x05, 0xFF, 0x04, 0x03, 0x03, 0xFF, 0x04, 0x03, 0x03, 0xFF, 0x04, 0x03, 0x03, 0xFF, 0x04, 0x03, 0x03, 0xFF, 0x04, 0x03, 0x03, 0xFF,
  0x04, 0x03, 0x03, 0xFF, 0x04, 0x03, 0x03, 0xFF, 0x04, 0x03, 0x03, 0xFF, 0x04, 0x03, 0x03, 0xFF, 0x04, 0x03, 0x03, 0xFF, 0x04, 0x03, 0x04, 0xFF,
  0x04, 0x05, 0x07, 0xFF, 0x04, 0x0C, 0x17, 0xFF, 0x02, 0x29, 0x64, 0xFF, 0x00, 0x48, 0xCB, 0xFF, 0x1B, 0xD2, 0xFA, 0xFF, 0x1B, 0xD4, 0xFA, 0xFF,
  0x02, 0x3E, 0x9B, 0xFF, 0x01, 0x24, 0x78, 0xFF, 0x01, 0x29, 0x80, 0xFF, 0x02, 0x1F, 0x5B, 0xFF, 0x03, 0x0A, 0x17, 0xFF, 0x04, 0x04, 0x05, 0xFF,
  0x04, 0x03, 0x03, 0xFF, 0x04, 0x03, 0x03, 0xFF, 0x04, 0x03, 0x03, 0xFF, 0x04, 0x03, 0x03, 0xFF, 0x04, 0x03, 0x03, 0xFF, 0x04, 0x03, 0x03, 0xFF,
  0x04, 0x03, 0x03, 0xFF, 0x04, 0x03, 0x03, 0xFF, 0x04, 0x03, 0x03, 0xFF, 0x04, 0x03, 0x03, 0xFF, 0x04, 0x03, 0x03, 0xFF, 0x04, 0x03, 0x03, 0xFF,
  0x04, 0x03, 0x03, 0xFF, 0x04, 0x03, 0x03, 0xFF, 0x04, 0x03, 0x03, 0xFF, 0x04, 0x03, 0x04, 0xFF, 0x04, 0x03, 0x04, 0xFF, 0x04, 0x04, 0x05, 0xFF,
  0x04, 0x04, 0x06, 0xFF, 0x04, 0x04, 0x06, 0xFF, 0x04, 0x05, 0x06, 0xFF, 0x04, 0x05, 0x07, 0xFF, 0x04, 0x05, 0x08, 0xFF, 0x04, 0x06, 0x0A, 0xFF,
  0x04, 0x08, 0x0D, 0xFF, 0x05, 0x0A, 0x11, 0xFF, 0x05, 0x0C, 0x15, 0xFF, 0x06, 0x0F, 0x1B, 0xFF, 0x06, 0x11, 0x1F, 0xFF, 0x07, 0x13, 0x23, 0xFF,
  0x08, 0x17, 0x29, 0xFF, 0x0A, 0x1E, 0x34, 0xFF, 0x0F, 0x33, 0x5A, 0xFF, 0x5F, 0x94, 0xC9, 0xFF, 0x77, 0xF6, 0xF8, 0xFF, 0x6F, 0xE7, 0xF9, 0xFF,
  0x18, 0xC6, 0xFA, 0xFF, 0x18, 0xC0, 0xFA, 0xFF, 0x17, 0xBD, 0xFB, 0xFF, 0x18, 0xBC, 0xFA, 0xFF, 0x19, 0xBC, 0xFB, 0xFF, 0x30, 0xC4, 0xFA, 0xFF,
  0x39, 0xC1, 0xFA, 0xFF, 0x41, 0xBC, 0xEF, 0xFF, 0x11, 0x2E, 0x5C, 0xFF, 0x05, 0x09, 0x0C, 0xFF, 0x05, 0x05, 0x07, 0xFF, 0x04, 0x04, 0x05, 0xFF,
  0x04, 0x04, 0x04, 0xFF, 0x04, 0x04, 0x04, 0xFF, 0x04, 0x04, 0x04, 0xFF, 0x04, 0x04, 0x04, 0xFF, 0x04, 0x04, 0x04, 0xFF, 0x04, 0x04, 0x04, 0xFF,
  0x04, 0x03, 0x03, 0xFF, 0x04, 0x03, 0x03, 0xFF, 0x04, 0x03, 0x03, 0xFF, 0x04, 0x03, 0x03, 0xFF, 0x04, 0x03, 0x03, 0xFF, 0x04, 0x03, 0x03, 0xFF,
  0x04, 0x03, 0x03, 0xFF, 0x04, 0x03, 0x03, 0xFF, 0x04, 0x03, 0x03, 0xFF, 0x04, 0x03, 0x03, 0xFF, 0x04, 0x04, 0x04, 0xFF, 0x04, 0x04, 0x04, 0xFF,
  0x04, 0x04, 0x04, 0xFF, 0x04, 0x04, 0x04, 0xFF, 0x04, 0x04, 0x04, 0xFF, 0x04, 0x04, 0x04, 0xFF, 0x04, 0x04, 0x04, 0xFF, 0x04, 0x04, 0x04, 0xFF,
  0x04, 0x04, 0x04, 0xFF, 0x04, 0x04, 0x04, 0xFF, 0x04, 0x04, 0x04, 0xFF, 0x04, 0x04, 0x04, 0xFF, 0x04, 0x04, 0x04, 0xFF, 0x04, 0x04, 0x05, 0xFF,
  0x05, 0x05, 0x06, 0xFF, 0x05, 0x05, 0x07, 0xFF, 0x07, 0x12, 0x23, 0xFF, 0x0B, 0x29, 0x84, 0xFF, 0x4C, 0x66, 0xD2, 0xFF, 0x7D, 0xC0, 0xEF, 0xFF,
  0x5E, 0xE8, 0xF8, 0xFF, 0x33, 0xD7, 0xF9, 0xFF, 0x33, 0xCE, 0xFA, 0xFF, 0x33, 0xCB, 0xFA, 0xFF, 0x32, 0xC9, 0xF9, 0xFF, 0x33, 0xCA, 0xF9, 0xFF,
  0x35, 0xCA, 0xFA, 0xFF, 0x37, 0xCB, 0xFB, 0xFF, 0x38, 0xCA, 0xFA, 0xFF, 0x38, 0xC9, 0xFA, 0xFF, 0x39, 0xC8, 0xFA, 0xFF, 0x3B, 0xC8, 0xFA, 0xFF,
  0x3D, 0xCA, 0xFA, 0xFF, 0x3E, 0xCA, 0xFB, 0xFF, 0x3E, 0xCA, 0xFA, 0xFF, 0x3F, 0xCB, 0xFA, 0xFF, 0x45, 0xD1, 0xFA, 0xFF, 0x72, 0xE8, 0xF9, 0xFF,
  0x8D, 0xD6, 0xF5, 0xFF, 0x25, 0x4D, 0xA6, 0xFF, 0x02, 0x0F, 0x70, 0xFF, 0x06, 0x0F, 0x49, 0xFF, 0x05, 0x06, 0x09, 0xFF, 0x05, 0x04, 0x05, 0xFF,
  0x04, 0x04, 0x05, 0xFF, 0x04, 0x03, 0x04, 0xFF, 0x04, 0x03, 0x04, 0xFF, 0x04, 0x04, 0x05, 0xFF, 0x05, 0x04, 0x06, 0xFF, 0x07, 0x08, 0x11, 0xFF,
  0x30, 0x3D, 0x8F, 0xFF, 0x50, 0x70, 0xF6, 0xFF, 0x55, 0x76, 0xF8, 0xFF, 0x26, 0x2A, 0xF2, 0xFF, 0x17, 0x19, 0xF5, 0xFF, 0x18, 0x1B, 0xF4, 0xFF,
  0x19, 0x1C, 0xF7, 0xFF, 0x1B, 0x20, 0xFA, 0xFF, 0x1F, 0x26, 0xFA, 0xFF, 0x22, 0x2C, 0xFA, 0xFF, 0x26, 0x33, 0xFA, 0xFF, 0x2A, 0x3B, 0xFA, 0xFF,
  0x2F, 0x42, 0xFA, 0xFF, 0x3C, 0x52, 0xF9, 0xFF, 0x75, 0x96, 0xF8, 0xFF, 0x75, 0x9A, 0xF8, 0xFF, 0x4B, 0x53, 0xD5, 0xFF, 0x12, 0x15, 0x65, 0xFF,
  0x0D, 0x0F, 0x3D, 0xFF, 0x09, 0x0A, 0x29, 0xFF, 0x07, 0x08, 0x1F, 0xFF, 0x07, 0x07, 0x1A, 0xFF, 0x06, 0x06, 0x16, 0xFF, 0x06, 0x05, 0x13, 0xFF,
  0x06, 0x05, 0x14, 0xFF, 0x07, 0x06, 0x1B, 0xFF, 0x0B, 0x08, 0x39, 0xFF, 0x20, 0x09, 0xAF, 0xFF, 0x41, 0x95, 0xF2, 0xFF, 0x95, 0xDC, 0xF4, 0xFF,
  0x27, 0x22, 0xDA, 0xFF, 0x16, 0x08, 0x75, 0xFF, 0x08, 0x05, 0x20, 0xFF, 0x05, 0x04, 0x0A, 0xFF, 0x04, 0x03, 0x05, 0xFF, 0x04, 0x03, 0x04, 0xFF,
  0x04, 0x03, 0x04, 0xFF, 0x04, 0x03, 0x03, 0xFF, 0x04, 0x03, 0x03, 0xFF, 0x04, 0x03, 0x03, 0xFF, 0x04, 0x03, 0x04, 0xFF, 0x04, 0x03, 0x05, 0xFF,
  0x06, 0x03, 0x11, 0xFF, 0x11, 0x03, 0x58, 0xFF, 0x20, 0x03, 0xAF, 0xFF, 0x1C, 0x02, 0xB8, 0xFF, 0x1B, 0x02, 0xB7, 0xFF, 0x12, 0x09, 0xB5, 0xFF,
  0x7B, 0x83, 0xF9, 0xFF, 0x72, 0x7A, 0xF9, 0xFF, 0x1B, 0x0B, 0xE3, 0xFF, 0x20, 0x09, 0xA9, 0xFF, 0x0D, 0x08, 0x32, 0xFF, 0x05, 0x04, 0x09, 0xFF,
  0x04, 0x03, 0x05, 0xFF, 0x04, 0x03, 0x03, 0xFF, 0x04, 0x03, 0x03, 0xFF, 0x04, 0x03, 0x03, 0xFF, 0x04, 0x03, 0x03, 0xFF, 0x04, 0x03, 0x03, 0xFF,
  0x04, 0x03, 0x03, 0xFF, 0x04, 0x03, 0x03, 0xFF, 0x04, 0x03, 0x03, 0xFF, 0x04, 0x03, 0x03, 0xFF, 0x04, 0x03, 0x03, 0xFF, 0x04, 0x03, 0x04, 0xFF,
  0x04, 0x05, 0x07, 0xFF, 0x04, 0x0B, 0x15, 0xFF, 0x03, 0x2A, 0x66, 0xFF, 0x00, 0x47, 0xCB, 0xFF, 0x1A, 0xD2, 0xFA, 0xFF, 0x1B, 0xD5, 0xFA, 0xFF,
  0x02, 0x3D, 0x9B, 0xFF, 0x01, 0x25, 0x78, 0xFF, 0x01, 0x28, 0x7F, 0xFF, 0x02, 0x1F, 0x57, 0xFF, 0x03, 0x0A, 0x16, 0xFF, 0x04, 0x04, 0x05, 0xFF,
  0x04, 0x03, 0x03, 0xFF, 0x04, 0x03, 0x03, 0xFF, 0x04, 0x03, 0x03, 0xFF, 0x04, 0x03, 0x03, 0xFF, 0x04, 0x03, 0x03, 0xFF, 0x04, 0x03, 0x03, 0xFF,
  0x04, 0x03, 0x03, 0xFF, 0x04, 0x03, 0x03, 0xFF, 0x04, 0x03, 0x03, 0xFF, 0x04, 0x03, 0x03, 0xFF, 0x04, 0x03, 0x03, 0xFF, 0x04, 0x03, 0x03, 0xFF,
  0x04, 0x03, 0x03, 0xFF, 0x04, 0x03, 0x03, 0xFF, 0x04, 0x03, 0x03, 0xFF, 0x04, 0x03, 0x04, 0xFF, 0x04, 0x03, 0x04, 0xFF, 0x04, 0x04, 0x05, 0xFF,
  0x04, 0x04, 0x05, 0xFF, 0x04, 0x04, 0x05, 0xFF, 0x04, 0x04, 0x05, 0xFF, 0x04, 0x05, 0x06, 0xFF, 0x04, 0x05, 0x08, 0xFF, 0x04, 0x06, 0x0A, 0xFF,
  0x04, 0x08, 0x0D, 0xFF, 0x05, 0x09, 0x0F, 0xFF, 0x05, 0x0C, 0x15, 0xFF, 0x05, 0x0F, 0x1B, 0xFF, 0x06, 0x10, 0x1E, 0xFF, 0x06, 0x13, 0x24, 0xFF,
  0x07, 0x15, 0x26, 0xFF, 0x09, 0x19, 0x2C, 0xFF, 0x0C, 0x26, 0x42, 0xFF, 0x16, 0x4D, 0x8C, 0xFF, 0x8D, 0xDE, 0xED, 0xFF, 0x86, 0xF8, 0xFA, 0xFF,
  0x38, 0xD3, 0xFB, 0xFF, 0x19, 0xC3, 0xFB, 0xFF, 0x19, 0xC1, 0xFB, 0xFF, 0x1A, 0xBF, 0xFB, 0xFF, 0x1A, 0xBE, 0xFB, 0xFF, 0x1C, 0xBF, 0xFA, 0xFF,
  0x38, 0xC1, 0xFA, 0xFF, 0x31, 0xBB, 0xF9, 0xFF, 0x32, 0x82, 0xBA, 0xFF, 0x07, 0x11, 0x1B, 0xFF, 0x05, 0x07, 0x09, 0xFF, 0x04, 0x05, 0x06, 0xFF,
  0x04, 0x04, 0x05, 0xFF, 0x04, 0x04, 0x04, 0xFF, 0x04, 0x04, 0x04, 0xFF, 0x04, 0x04, 0x04, 0xFF, 0x04, 0x03, 0x03, 0xFF, 0x04, 0x03, 0x03, 0xFF,
  0x04, 0x03, 0x03, 0xFF, 0x04, 0x03, 0x03, 0xFF, 0x04, 0x03, 0x03, 0xFF, 0x04, 0x03, 0x03, 0xFF, 0x04, 0x03, 0x03, 0xFF, 0x04, 0x03, 0x03, 0xFF,
  0x04, 0x03, 0x03, 0xFF, 0x04, 0x03, 0x03, 0xFF, 0x04, 0x03, 0x03, 0xFF, 0x04, 0x03, 0x03, 0xFF, 0x04, 0x03, 0x03, 0xFF, 0x04, 0x03, 0x03, 0xFF,
  0x04, 0x04, 0x04, 0xFF, 0x04, 0x04, 0x04, 0xFF, 0x04, 0x04, 0x04, 0xFF, 0x04, 0x04, 0x04, 0xFF, 0x04, 0x04, 0x04, 0xFF, 0x04, 0x04, 0x04, 0xFF,
  0x04, 0x04, 0x04, 0xFF, 0x04, 0x04, 0x04, 0xFF, 0x04, 0x04, 0x04, 0xFF, 0x04, 0x04, 0x04, 0xFF, 0x04, 0x04, 0x05, 0xFF, 0x05, 0x05, 0x07, 0xFF,
  0x08, 0x18, 0x2C, 0xFF, 0x09, 0x29, 0x7E, 0xFF, 0x53, 0x6D, 0xCD, 0xFF, 0x82, 0xCC, 0xED, 0xFF, 0x5A, 0xE5, 0xF9, 0xFF, 0x31, 0xD3, 0xF9, 0xFF,
  0x30, 0xCC, 0xF9, 0xFF, 0x32, 0xCB, 0xFA, 0xFF, 0x32, 0xC9, 0xFA, 0xFF, 0x34, 0xC9, 0xFA, 0xFF, 0x34, 0xC9, 0xFA, 0xFF, 0x34, 0xCB, 0xFA, 0xFF,
  0x38, 0xCE, 0xFA, 0xFF, 0x38, 0xCA, 0xFA, 0xFF, 0x38, 0xC8, 0xFA, 0xFF, 0x38, 0xC7, 0xFA, 0xFF, 0x39, 0xC7, 0xFA, 0xFF, 0x39, 0xC8, 0xF9, 0xFF,
  0x3B, 0xC8, 0xF9, 0xFF, 0x3C, 0xC8, 0xFA, 0xFF, 0x3E, 0xC9, 0xFA, 0xFF, 0x51, 0xD9, 0xFB, 0xFF, 0x8B, 0xEC, 0xF9, 0xFF, 0x5D, 0x95, 0xDC, 0xFF,
  0x09, 0x20, 0x88, 0xFF, 0x02, 0x09, 0x64, 0xFF, 0x09, 0x14, 0x43, 0xFF, 0x08, 0x0A, 0x12, 0xFF, 0x05, 0x04, 0x05, 0xFF, 0x04, 0x04, 0x05, 0xFF,
  0x04, 0x03, 0x04, 0xFF, 0x04, 0x03, 0x04, 0xFF, 0x04, 0x04, 0x05, 0xFF, 0x05, 0x04, 0x06, 0xFF, 0x06, 0x06, 0x0C, 0xFF, 0x23, 0x2B, 0x6A, 0xFF,
  0x51, 0x6F, 0xF0, 0xFF, 0x5B, 0x79, 0xF8, 0xFF, 0x36, 0x3D, 0xF2, 0xFF, 0x17, 0x17, 0xF2, 0xFF, 0x18, 0x1A, 0xF6, 0xFF, 0x1A, 0x1F, 0xF9, 0xFF,
  0x1C, 0x21, 0xF9, 0xFF, 0x1D, 0x23, 0xF9, 0xFF, 0x20, 0x29, 0xFA, 0xFF, 0x23, 0x2E, 0xF9, 0xFF, 0x28, 0x36, 0xFA, 0xFF, 0x2C, 0x3E, 0xFA, 0xFF,
  0x2F, 0x43, 0xF9, 0xFF, 0x6A, 0x89, 0xF9, 0xFF, 0x75, 0x96, 0xF8, 0xFF, 0x76, 0x8C, 0xEC, 0xFF, 0x16, 0x1A, 0xAD, 0xFF, 0x0F, 0x11, 0x4E, 0xFF,
  0x0B, 0x0C, 0x33, 0xFF, 0x09, 0x09, 0x25, 0xFF, 0x07, 0x07, 0x1D, 0xFF, 0x07, 0x07, 0x1E, 0xFF, 0x06, 0x06, 0x19, 0xFF, 0x06, 0x05, 0x14, 0xFF,
  0x06, 0x05, 0x14, 0xFF, 0x07, 0x06, 0x1A, 0xFF, 0x0A, 0x07, 0x31, 0xFF, 0x1C, 0x0C, 0x93, 0xFF, 0x25, 0x17, 0xDD, 0xFF, 0x23, 0x21, 0xE3, 0xFF,
  0x21, 0x0A, 0xAE, 0xFF, 0x0E, 0x07, 0x48, 0xFF, 0x07, 0x05, 0x18, 0xFF, 0x05, 0x04, 0x09, 0xFF, 0x04, 0x03, 0x05, 0xFF, 0x04, 0x03, 0x04, 0xFF,
  0x04, 0x03, 0x04, 0xFF, 0x04, 0x03, 0x03, 0xFF, 0x04, 0x03, 0x03, 0xFF, 0x04, 0x03, 0x03, 0xFF, 0x04, 0x03, 0x03, 0xFF, 0x04, 0x03, 0x04, 0xFF,
  0x06, 0x03, 0x10, 0xFF, 0x11, 0x03, 0x57, 0xFF, 0x22, 0x02, 0xAD, 0xFF, 0x20, 0x02, 0xB5, 0xFF, 0x1D, 0x02, 0xB5, 0xFF, 0x12, 0x09, 0xB6, 0xFF,
  0x7C, 0x82, 0xF9, 0xFF, 0x70, 0x77, 0xF8, 0xFF, 0x1B, 0x0B, 0xE2, 0xFF, 0x20, 0x09, 0xA9, 0xFF, 0x0D, 0x07, 0x32, 0xFF, 0x05, 0x04, 0x08, 0xFF,
  0x04, 0x03, 0x05, 0xFF, 0x04, 0x03, 0x03, 0xFF, 0x04, 0x03, 0x03, 0xFF, 0x04, 0x03, 0x03, 0xFF, 0x04, 0x03, 0x03, 0xFF, 0x04, 0x03, 0x03, 0xFF,
  0x04, 0x03, 0x03, 0xFF, 0x04, 0x03, 0x03, 0xFF, 0x04, 0x03, 0x03, 0xFF, 0x04, 0x03, 0x03, 0xFF, 0x04, 0x03, 0x03, 0xFF, 0x04, 0x03, 0x04, 0xFF,
  0x04, 0x05, 0x07, 0xFF, 0x04, 0x0C, 0x16, 0xFF, 0x03, 0x2D, 0x6B, 0xFF, 0x00, 0x46, 0xCA, 0xFF, 0x19, 0xD2, 0xF9, 0xFF, 0x1C, 0xD4, 0xF9, 0xFF,
  0x02, 0x3C, 0x9A, 0xFF, 0x01, 0x24, 0x78, 0xFF, 0x01, 0x29, 0x7F, 0xFF, 0x02, 0x1D, 0x52, 0xFF, 0x03, 0x09, 0x15, 0xFF, 0x04, 0x04, 0x05, 0xFF,
  0x04, 0x03, 0x03, 0xFF, 0x04, 0x03, 0x03, 0xFF, 0x04, 0x03, 0x03, 0xFF, 0x04, 0x03, 0x03, 0xFF, 0x04, 0x03, 0x03, 0xFF, 0x04, 0x03, 0x03, 0xFF,
  0x04, 0x03, 0x03, 0xFF, 0x04, 0x03, 0x03, 0xFF, 0x04, 0x03, 0x03, 0xFF, 0x04, 0x03, 0x03, 0xFF, 0x04, 0x03, 0x03, 0xFF, 0x04, 0x03, 0x03, 0xFF,
  0x04, 0x03, 0x03, 0xFF, 0x04, 0x03, 0x03, 0xFF, 0x04, 0x03, 0x03, 0xFF, 0x04, 0x03, 0x04, 0xFF, 0x04, 0x03, 0x04, 0xFF, 0x04, 0x03, 0x04, 0xFF,
  0x04, 0x04, 0x05, 0xFF, 0x04, 0x04, 0x05, 0xFF, 0x04, 0x04, 0x05, 0xFF, 0x04, 0x05, 0x06, 0xFF, 0x04, 0x05, 0x08, 0xFF, 0x04, 0x06, 0x0A, 0xFF,
  0x04, 0x07, 0x0C, 0xFF, 0x04, 0x08, 0x0E, 0xFF, 0x05, 0x0B, 0x14, 0xFF, 0x05, 0x0E, 0x1B, 0xFF, 0x05, 0x0F, 0x1D, 0xFF, 0x06, 0x12, 0x21, 0xFF,
  0x06, 0x13, 0x23, 0xFF, 0x08, 0x16, 0x27, 0xFF, 0x0A, 0x1C, 0x31, 0xFF, 0x0D, 0x2D, 0x4F, 0xFF, 0x5C, 0x88, 0xB4, 0xFF, 0x74, 0xF8, 0xF9, 0xFF,
  0x6F, 0xE9, 0xFA, 0xFF, 0x1E, 0xC9, 0xFA, 0xFF, 0x1B, 0xC5, 0xFB, 0xFF, 0x1B, 0xC1, 0xFB, 0xFF, 0x1B, 0xBF, 0xFB, 0xFF, 0x1B, 0xBE, 0xFA, 0xFF,
  0x2E, 0xC3, 0xF9, 0xFF, 0x30, 0xB9, 0xF9, 0xFF, 0x31, 0xB5, 0xF2, 0xFF, 0x0F, 0x29, 0x46, 0xFF, 0x06, 0x0A, 0x0F, 0xFF, 0x05, 0x06, 0x08, 0xFF,
  0x04, 0x04, 0x05, 0xFF, 0x04, 0x04, 0x04, 0xFF, 0x04, 0x04, 0x04, 0xFF, 0x04, 0x03, 0x03, 0xFF, 0x04, 0x03, 0x03, 0xFF, 0x04, 0x03, 0x03, 0xFF,
  0x04, 0x03, 0x03, 0xFF, 0x04, 0x03, 0x03, 0xFF, 0x04, 0x03, 0x03, 0xFF, 0x04, 0x03, 0x03, 0xFF, 0x04, 0x03, 0x03, 0xFF, 0x04, 0x03, 0x03, 0xFF,
  0x04, 0x03, 0x03, 0xFF, 0x04, 0x03, 0x03, 0xFF, 0x04, 0x03, 0x03, 0xFF, 0x04, 0x03, 0x03, 0xFF, 0x04, 0x03, 0x03, 0xFF, 0x04, 0x03, 0x03, 0xFF,
  0x04, 0x04, 0x04, 0xFF, 0x04, 0x04, 0x04, 0xFF, 0x04, 0x04, 0x04, 0xFF, 0x04, 0x04, 0x04, 0xFF, 0x04, 0x04, 0x04, 0xFF, 0x04, 0x04, 0x04, 0xFF,
  0x04, 0x04, 0x04, 0xFF, 0x05, 0x04, 0x05, 0xFF, 0x05, 0x04, 0x05, 0xFF, 0x05, 0x05, 0x07, 0xFF, 0x09, 0x17, 0x23, 0xFF, 0x09, 0x33, 0x8C, 0xFF,
  0x55, 0x70, 0xE4, 0xFF, 0xAB, 0xD5, 0xF4, 0xFF, 0x5F, 0xE4, 0xF9, 0xFF, 0x2B, 0xCB, 0xF9, 0xFF, 0x2F, 0xC7, 0xFA, 0xFF, 0x31, 0xC8, 0xFA, 0xFF,
  0x30, 0xC8, 0xFA, 0xFF, 0x30, 0xC7, 0xFA, 0xFF, 0x31, 0xC7, 0xFA, 0xFF, 0x32, 0xC7, 0xFB, 0xFF, 0x3E, 0xD1, 0xFA, 0xFF, 0x3E, 0xD1, 0xFA, 0xFF,
  0x37, 0xC9, 0xFA, 0xFF, 0x36, 0xC7, 0xFA, 0xFF, 0x36, 0xC4, 0xFA, 0xFF, 0x36, 0xC5, 0xFA, 0xFF, 0x37, 0xC5, 0xFA, 0xFF, 0x38, 0xC5, 0xF9, 0xFF,
  0x3A, 0xC5, 0xFA, 0xFF, 0x42, 0xCA, 0xFA, 0xFF, 0x69, 0xE6, 0xF9, 0xFF, 0x87, 0xDB, 0xF7, 0xFF, 0x27, 0x53, 0xAE, 0xFF, 0x01, 0x09, 0x63, 0xFF,
  0x04, 0x0B, 0x54, 0xFF, 0x06, 0x09, 0x14, 0xFF, 0x05, 0x05, 0x09, 0xFF, 0x04, 0x04, 0x05, 0xFF, 0x04, 0x03, 0x04, 0xFF, 0x04, 0x03, 0x04, 0xFF,
  0x04, 0x04, 0x05, 0xFF, 0x04, 0x04, 0x05, 0xFF, 0x05, 0x04, 0x06, 0xFF, 0x06, 0x06, 0x0C, 0xFF, 0x1F, 0x26, 0x62, 0xFF, 0x53, 0x71, 0xF0, 0xFF,
  0x5D, 0x7D, 0xF8, 0xFF, 0x43, 0x4B, 0xF4, 0xFF, 0x16, 0x18, 0xF1, 0xFF, 0x18, 0x1C, 0xF6, 0xFF, 0x19, 0x1E, 0xF9, 0xFF, 0x1D, 0x22, 0xF9, 0xFF,
  0x1E, 0x26, 0xF9, 0xFF, 0x20, 0x28, 0xF9, 0xFF, 0x22, 0x2C, 0xF9, 0xFF, 0x26, 0x33, 0xF9, 0xFF, 0x2A, 0x3A, 0xF9, 0xFF, 0x2E, 0x40, 0xFA, 0xFF,
  0x4B, 0x60, 0xF9, 0xFF, 0x7B, 0x9E, 0xFA, 0xFF, 0x86, 0xA6, 0xF9, 0xFF, 0x3F, 0x42, 0xBC, 0xFF, 0x13, 0x18, 0x70, 0xFF, 0x0D, 0x0F, 0x42, 0xFF,
  0x0A, 0x0B, 0x2C, 0xFF, 0x08, 0x08, 0x22, 0xFF, 0x08, 0x09, 0x29, 0xFF, 0x0D, 0x17, 0x5C, 0xFF, 0x08, 0x08, 0x29, 0xFF, 0x06, 0x06, 0x16, 0xFF,
  0x06, 0x05, 0x13, 0xFF, 0x06, 0x05, 0x17, 0xFF, 0x09, 0x07, 0x27, 0xFF, 0x0D, 0x08, 0x41, 0xFF, 0x13, 0x09, 0x69, 0xFF, 0x15, 0x08, 0x78, 0xFF,
  0x11, 0x08, 0x57, 0xFF, 0x09, 0x06, 0x27, 0xFF, 0x06, 0x04, 0x10, 0xFF, 0x05, 0x03, 0x07, 0xFF, 0x04, 0x03, 0x04, 0xFF, 0x04, 0x03, 0x04, 0xFF,
  0x04, 0x03, 0x04, 0xFF, 0x04, 0x03, 0x03, 0xFF, 0x04, 0x03, 0x03, 0xFF, 0x04, 0x03, 0x03, 0xFF, 0x04, 0x03, 0x03, 0xFF, 0x04, 0x03, 0x04, 0xFF,
  0x06, 0x03, 0x11, 0xFF, 0x11, 0x03, 0x57, 0xFF, 0x22, 0x02, 0xAA, 0xFF, 0x21, 0x02, 0xB2, 0xFF, 0x20, 0x02, 0xB1, 0xFF, 0x10, 0x07, 0xB3, 0xFF,
  0x7B, 0x80, 0xF9, 0xFF, 0x6F, 0x75, 0xF9, 0xFF, 0x19, 0x0A, 0xE1, 0xFF, 0x20, 0x09, 0xA7, 0xFF, 0x0D, 0x07, 0x30, 0xFF, 0x05, 0x04, 0x08, 0xFF,
  0x04, 0x03, 0x05, 0xFF, 0x04, 0x03, 0x03, 0xFF, 0x04, 0x03, 0x03, 0xFF, 0x04, 0x03, 0x03, 0xFF, 0x04, 0x03, 0x03, 0xFF, 0x04, 0x03, 0x03, 0xFF,
  0x04, 0x03, 0x03, 0xFF, 0x04, 0x03, 0x03, 0xFF, 0x04, 0x03, 0x03, 0xFF, 0x04, 0x03, 0x03, 0xFF, 0x04, 0x03, 0x03, 0xFF, 0x04, 0x03, 0x04, 0xFF,
  0x04, 0x05, 0x07, 0xFF, 0x04, 0x0C, 0x16, 0xFF, 0x03, 0x2E, 0x6D, 0xFF, 0x01, 0x49, 0xCB, 0xFF, 0x1B, 0xD2, 0xFA, 0xFF, 0x1C, 0xD4, 0xF9, 0xFF,
  0x01, 0x3A, 0x98, 0xFF, 0x00, 0x24, 0x79, 0xFF, 0x01, 0x29, 0x80, 0xFF, 0x02, 0x1C, 0x50, 0xFF, 0x03, 0x09, 0x15, 0xFF, 0x04, 0x04, 0x05, 0xFF,
  0x04, 0x03, 0x03, 0xFF, 0x04, 0x03, 0x03, 0xFF, 0x04, 0x03, 0x03, 0xFF, 0x04, 0x03, 0x03, 0xFF, 0x04, 0x03, 0x03, 0xFF, 0x04, 0x03, 0x03, 0xFF,
  0x04, 0x03, 0x03, 0xFF, 0x04, 0x03, 0x03, 0xFF, 0x04, 0x03, 0x03, 0xFF, 0x04, 0x03, 0x03, 0xFF, 0x04, 0x03, 0x03, 0xFF, 0x04, 0x03, 0x03, 0xFF,
  0x04, 0x03, 0x03, 0xFF, 0x04, 0x03, 0x03, 0xFF, 0x04, 0x03, 0x04, 0xFF, 0x04, 0x03, 0x04, 0xFF, 0x04, 0x03, 0x04, 0xFF, 0x04, 0x03, 0x04, 0xFF,
  0x04, 0x04, 0x05, 0xFF, 0x04, 0x04, 0x05, 0xFF, 0x04, 0x04, 0x05, 0xFF, 0x04, 0x05, 0x06, 0xFF, 0x04, 0x05, 0x08, 0xFF, 0x04, 0x06, 0x0A, 0xFF,
  0x04, 0x07, 0x0D, 0xFF, 0x04, 0x08, 0x0F, 0xFF, 0x05, 0x0B, 0x15, 0xFF, 0x04, 0x12, 0x23, 0xFF, 0x05, 0x13, 0x24, 0xFF, 0x05, 0x12, 0x24, 0xFF,
  0x06, 0x13, 0x24, 0xFF, 0x07, 0x15, 0x26, 0xFF, 0x09, 0x19, 0x2C, 0xFF, 0x0B, 0x22, 0x3A, 0xFF, 0x15, 0x3E, 0x71, 0xFF, 0x8E, 0xE3, 0xF0, 0xFF,
  0x8F, 0xF8, 0xFA, 0xFF, 0x33, 0xD6, 0xFA, 0xFF, 0x1D, 0xC8, 0xFB, 0xFF, 0x1C, 0xC3, 0xFB, 0xFF, 0x1C, 0xC2, 0xFA, 0xFF, 0x1B, 0xBF, 0xFA, 0xFF,
  0x1F, 0xC1, 0xF9, 0xFF, 0x2D, 0xB8, 0xF9, 0xFF, 0x23, 0xAD, 0xF9, 0xFF, 0x24, 0x6E, 0x99, 0xFF, 0x06, 0x10, 0x19, 0xFF, 0x05, 0x08, 0x0B, 0xFF,
  0x04, 0x05, 0x06, 0xFF, 0x04, 0x04, 0x04, 0xFF, 0x04, 0x04, 0x04, 0xFF, 0x04, 0x03, 0x03, 0xFF, 0x04, 0x03, 0x03, 0xFF, 0x04, 0x03, 0x03, 0xFF,
  0x04, 0x03, 0x03, 0xFF, 0x04, 0x03, 0x03, 0xFF, 0x04, 0x03, 0x03, 0xFF, 0x04, 0x03, 0x03, 0xFF, 0x04, 0x03, 0x03, 0xFF, 0x04, 0x03, 0x03, 0xFF,
  0x04, 0x03, 0x03, 0xFF, 0x04, 0x03, 0x03, 0xFF, 0x04, 0x03, 0x03, 0xFF, 0x04, 0x03, 0x03, 0xFF, 0x04, 0x03, 0x03, 0xFF, 0x04, 0x03, 0x03, 0xFF,
  0x04, 0x04, 0x04, 0xFF, 0x04, 0x04, 0x04, 0xFF, 0x04, 0x04, 0x04, 0xFF, 0x04, 0x04, 0x04, 0xFF, 0x04, 0x04, 0x04, 0xFF, 0x05, 0x04, 0x05, 0xFF,
  0x05, 0x04, 0x05, 0xFF, 0x05, 0x05, 0x06, 0xFF, 0x08, 0x13, 0x1B, 0xFF, 0x0C, 0x32, 0x7A, 0xFF, 0x55, 0x76, 0xD3, 0xFF, 0xA3, 0xCE, 0xF3, 0xFF,
  0x70, 0xEA, 0xF9, 0xFF, 0x36, 0xD5, 0xF9, 0xFF, 0x2F, 0xC8, 0xF9, 0xFF, 0x2E, 0xC4, 0xFA, 0xFF, 0x30, 0xC4, 0xFB, 0xFF, 0x30, 0xC5, 0xFB, 0xFF,
  0x30, 0xC5, 0xFA, 0xFF, 0x2D, 0xC4, 0xFA, 0xFF, 0x3B, 0xCB, 0xFA, 0xFF, 0x45, 0xD2, 0xFB, 0xFF, 0x3B, 0xCB, 0xFB, 0xFF, 0x38, 0xC7, 0xFA, 0xFF,
  0x36, 0xC5, 0xFB, 0xFF, 0x34, 0xC2, 0xFA, 0xFF, 0x33, 0xC1, 0xFA, 0xFF, 0x34, 0xC1, 0xFA, 0xFF, 0x34, 0xC0, 0xF9, 0xFF, 0x36, 0xC0, 0xF9, 0xFF,
  0x49, 0xD2, 0xFA, 0xFF, 0x6F, 0xDF, 0xF8, 0xFF, 0x47, 0x8A, 0xCE, 0xFF, 0x06, 0x21, 0x7F, 0xFF, 0x01, 0x08, 0x5D, 0xFF, 0x05, 0x0B, 0x31, 0xFF,
  0x07, 0x09, 0x10, 0xFF, 0x05, 0x05, 0x07, 0xFF, 0x04, 0x04, 0x05, 0xFF, 0x04, 0x04, 0x05, 0xFF, 0x04, 0x03, 0x04, 0xFF, 0x04, 0x03, 0x04, 0xFF,
  0x04, 0x04, 0x05, 0xFF, 0x05, 0x04, 0x06, 0xFF, 0x06, 0x06, 0x0A, 0xFF, 0x21, 0x28, 0x66, 0xFF, 0x4F, 0x6A, 0xEB, 0xFF, 0x5F, 0x80, 0xF9, 0xFF,
  0x49, 0x53, 0xF8, 0xFF, 0x18, 0x1B, 0xF6, 0xFF, 0x19, 0x1D, 0xF7, 0xFF, 0x1B, 0x20, 0xFA, 0xFF, 0x1C, 0x22, 0xF9, 0xFF, 0x1F, 0x26, 0xF9, 0xFF,
  0x21, 0x2B, 0xF9, 0xFF, 0x23, 0x2E, 0xF9, 0xFF, 0x25, 0x32, 0xF9, 0xFF, 0x29, 0x39, 0xF9, 0xFF, 0x2D, 0x3F, 0xFA, 0xFF, 0x36, 0x48, 0xF9, 0xFF,
  0x7C, 0x9A, 0xFA, 0xFF, 0x76, 0x97, 0xFA, 0xFF, 0x72, 0x89, 0xEB, 0xFF, 0x11, 0x1A, 0x8D, 0xFF, 0x11, 0x15, 0x5A, 0xFF, 0x0C, 0x0F, 0x3D, 0xFF,
  0x09, 0x0B, 0x2D, 0xFF, 0x08, 0x09, 0x23, 0xFF, 0x08, 0x08, 0x26, 0xFF, 0x0A, 0x13, 0x47, 0xFF, 0x08, 0x08, 0x2A, 0xFF, 0x06, 0x06, 0x19, 0xFF,
  0x06, 0x05, 0x13, 0xFF, 0x06, 0x05, 0x13, 0xFF, 0x07, 0x05, 0x1A, 0xFF, 0x08, 0x06, 0x22, 0xFF, 0x0B, 0x07, 0x3A, 0xFF, 0x0D, 0x08, 0x45, 0xFF,
  0x09, 0x05, 0x24, 0xFF, 0x07, 0x04, 0x16, 0xFF, 0x05, 0x04, 0x0A, 0xFF, 0x04, 0x03, 0x06, 0xFF, 0x04, 0x03, 0x04, 0xFF, 0x04, 0x03, 0x04, 0xFF,
  0x04, 0x03, 0x04, 0xFF, 0x04, 0x03, 0x03, 0xFF, 0x04, 0x03, 0x03, 0xFF, 0x04, 0x03, 0x03, 0xFF, 0x04, 0x03, 0x03, 0xFF, 0x04, 0x03, 0x04, 0xFF,
  0x06, 0x03, 0x11, 0xFF, 0x11, 0x03, 0x56, 0xFF, 0x21, 0x02, 0xA7, 0xFF, 0x22, 0x02, 0xB3, 0xFF, 0x1F, 0x01, 0xAD, 0xFF, 0x0F, 0x07, 0xB1, 0xFF,
  0x7C, 0x80, 0xF9, 0xFF, 0x6F, 0x73, 0xF9, 0xFF, 0x1A, 0x0A, 0xE3, 0xFF, 0x21, 0x09, 0xA8, 0xFF, 0x0D, 0x07, 0x31, 0xFF, 0x05, 0x04, 0x08, 0xFF,
  0x04, 0x03, 0x05, 0xFF, 0x04, 0x03, 0x03, 0xFF, 0x04, 0x03, 0x03, 0xFF, 0x04, 0x03, 0x03, 0xFF, 0x04, 0x03, 0x03, 0xFF, 0x04, 0x03, 0x03, 0xFF,
  0x04, 0x03, 0x03, 0xFF, 0x04, 0x03, 0x03, 0xFF, 0x04, 0x03, 0x03, 0xFF, 0x04, 0x03, 0x03, 0xFF, 0x04, 0x03, 0x03, 0xFF, 0x04, 0x03, 0x04, 0xFF,
  0x04, 0x05, 0x06, 0xFF, 0x04, 0x0B, 0x16, 0xFF, 0x03, 0x2D, 0x6A, 0xFF, 0x01, 0x4B, 0xCB, 0xFF, 0x1C, 0xD1, 0xF9, 0xFF, 0x1B, 0xD2, 0xF9, 0xFF,
  0x01, 0x38, 0x97, 0xFF, 0x00, 0x23, 0x78, 0xFF, 0x00, 0x29, 0x81, 0xFF, 0x02, 0x1C, 0x55, 0xFF, 0x03, 0x09, 0x16, 0xFF, 0x04, 0x04, 0x05, 0xFF,
  0x04, 0x03, 0x03, 0xFF, 0x04, 0x03, 0x03, 0xFF, 0x04, 0x03, 0x03, 0xFF, 0x04, 0x03, 0x03, 0xFF, 0x04, 0x03, 0x03, 0xFF, 0x04, 0x03, 0x03, 0xFF,
  0x04, 0x03, 0x03, 0xFF, 0x04, 0x03, 0x03, 0xFF, 0x04, 0x03, 0x03, 0xFF, 0x04, 0x03, 0x03, 0xFF, 0x04, 0x03, 0x03, 0xFF, 0x04, 0x03, 0x03, 0xFF,
  0x04, 0x03, 0x03, 0xFF, 0x04, 0x03, 0x04, 0xFF, 0x04, 0x03, 0x04, 0xFF, 0x04, 0x03, 0x04, 0xFF, 0x04, 0x03, 0x04, 0xFF, 0x04, 0x04, 0x04, 0xFF,
  0x04, 0x04, 0x05, 0xFF, 0x04, 0x04, 0x05, 0xFF, 0x04, 0x04, 0x06, 0xFF, 0x04, 0x05, 0x07, 0xFF, 0x04, 0x06, 0x09, 0xFF, 0x04, 0x07, 0x0C, 0xFF,
  0x04, 0x09, 0x10, 0xFF, 0x04, 0x0B, 0x16, 0xFF, 0x04, 0x11, 0x22, 0xFF, 0x04, 0x17, 0x30, 0xFF, 0x05, 0x18, 0x32, 0xFF, 0x05, 0x17, 0x2E, 0xFF,
  0x06, 0x16, 0x2B, 0xFF, 0x07, 0x17, 0x2B, 0xFF, 0x08, 0x19, 0x2E, 0xFF, 0x0A, 0x1E, 0x36, 0xFF, 0x0D, 0x2E, 0x52, 0xFF, 0x57, 0x8C, 0xC3, 0xFF,
  0x76, 0xF8, 0xF9, 0xFF, 0x7C, 0xEB, 0xF9, 0xFF, 0x1E, 0xCD, 0xFB, 0xFF, 0x1D, 0xC6, 0xFB, 0xFF, 0x1D, 0xC5, 0xFA, 0xFF, 0x1C, 0xC2, 0xFA, 0xFF,
  0x1A, 0xC0, 0xFA, 0xFF, 0x24, 0xB9, 0xF9, 0xFF, 0x20, 0xAB, 0xFA, 0xFF, 0x31, 0xA9, 0xE9, 0xFF, 0x0D, 0x24, 0x41, 0xFF, 0x06, 0x0C, 0x12, 0xFF,
  0x04, 0x06, 0x07, 0xFF, 0x04, 0x04, 0x05, 0xFF, 0x04, 0x04, 0x04, 0xFF, 0x04, 0x04, 0x04, 0xFF, 0x04, 0x04, 0x04, 0xFF, 0x04, 0x03, 0x03, 0xFF,
  0x04, 0x03, 0x03, 0xFF, 0x04, 0x03, 0x03, 0xFF, 0x04, 0x03, 0x03, 0xFF, 0x04, 0x03, 0x03, 0xFF, 0x04, 0x03, 0x03, 0xFF, 0x04, 0x03, 0x03, 0xFF,
  0x04, 0x03, 0x03, 0xFF, 0x04, 0x03, 0x03, 0xFF, 0x04, 0x03, 0x03, 0xFF, 0x04, 0x03, 0x03, 0xFF, 0x04, 0x04, 0x04, 0xFF, 0x04, 0x04, 0x04, 0xFF,
  0x04, 0x04, 0x04, 0xFF, 0x04, 0x04, 0x04, 0xFF, 0x04, 0x04, 0x04, 0xFF, 0x05, 0x05, 0x05, 0xFF, 0x05, 0x06, 0x07, 0xFF, 0x07, 0x09, 0x0B, 0xFF,
  0x0A, 0x1B, 0x27, 0xFF, 0x10, 0x37, 0x84, 0xFF, 0x5F, 0x83, 0xDA, 0xFF, 0xA5, 0xD9, 0xF5, 0xFF, 0x72, 0xF0, 0xF9, 0xFF, 0x3B, 0xDE, 0xF9, 0xFF,
  0x35, 0xCE, 0xF9, 0xFF, 0x33, 0xC9, 0xFA, 0xFF, 0x31, 0xC7, 0xFA, 0xFF, 0x30, 0xC5, 0xFA, 0xFF, 0x2F, 0xC3, 0xFA, 0xFF, 0x2F, 0xC3, 0xFB, 0xFF,
  0x37, 0xC7, 0xFB, 0xFF, 0x49, 0xD1, 0xFA, 0xFF, 0x3D, 0xCD, 0xFA, 0xFF, 0x34, 0xC5, 0xFA, 0xFF, 0x34, 0xC2, 0xFA, 0xFF, 0x33, 0xC1, 0xFA, 0xFF,
  0x31, 0xBF, 0xFA, 0xFF, 0x31, 0xBE, 0xFB, 0xFF, 0x31, 0xBC, 0xFA, 0xFF, 0x31, 0xBA, 0xF9, 0xFF, 0x3A, 0xC3, 0xF8, 0xFF, 0x6E, 0xE1, 0xF9, 0xFF,
  0x5E, 0xA3, 0xE0, 0xFF, 0x0F, 0x29, 0x86, 0xFF, 0x01, 0x0C, 0x6B, 0xFF, 0x04, 0x0B, 0x4D, 0xFF, 0x07, 0x0B, 0x1E, 0xFF, 0x05, 0x05, 0x07, 0xFF,
  0x04, 0x04, 0x05, 0xFF, 0x04, 0x04, 0x05, 0xFF, 0x04, 0x03, 0x04, 0xFF, 0x04, 0x04, 0x05, 0xFF, 0x04, 0x04, 0x05, 0xFF, 0x04, 0x04, 0x05, 0xFF,
  0x05, 0x04, 0x07, 0xFF, 0x08, 0x08, 0x15, 0xFF, 0x33, 0x41, 0x90, 0xFF, 0x50, 0x6C, 0xF6, 0xFF, 0x60, 0x7C, 0xF9, 0xFF, 0x3F, 0x44, 0xF9, 0xFF,
  0x1C, 0x21, 0xF8, 0xFF, 0x1C, 0x22, 0xF8, 0xFF, 0x1D, 0x24, 0xF8, 0xFF, 0x1F, 0x27, 0xF9, 0xFF, 0x20, 0x28, 0xF9, 0xFF, 0x23, 0x2C, 0xF9, 0xFF,
  0x26, 0x31, 0xF9, 0xFF, 0x27, 0x35, 0xF9, 0xFF, 0x29, 0x3B, 0xF9, 0xFF, 0x2E, 0x42, 0xFA, 0xFF, 0x33, 0x47, 0xFA, 0xFF, 0x74, 0x8F, 0xF8, 0xFF,
  0x78, 0x95, 0xF9, 0xFF, 0x7B, 0x95, 0xF2, 0xFF, 0x16, 0x1A, 0xAE, 0xFF, 0x12, 0x1A, 0x6C, 0xFF, 0x0E, 0x14, 0x50, 0xFF, 0x0B, 0x0F, 0x3F, 0xFF,
  0x09, 0x0B, 0x30, 0xFF, 0x08, 0x09, 0x25, 0xFF, 0x07, 0x08, 0x20, 0xFF, 0x07, 0x07, 0x1F, 0xFF, 0x07, 0x06, 0x1B, 0xFF, 0x06, 0x06, 0x17, 0xFF,
  0x06, 0x05, 0x16, 0xFF, 0x06, 0x06, 0x17, 0xFF, 0x06, 0x05, 0x14, 0xFF, 0x07, 0x05, 0x18, 0xFF, 0x0B, 0x0A, 0x3F, 0xFF, 0x0F, 0x11, 0x4F, 0xFF,
  0x06, 0x05, 0x15, 0xFF, 0x05, 0x04, 0x0C, 0xFF, 0x05, 0x03, 0x07, 0xFF, 0x04, 0x03, 0x05, 0xFF, 0x04, 0x03, 0x04, 0xFF, 0x04, 0x03, 0x04, 0xFF,
  0x04, 0x03, 0x04, 0xFF, 0x04, 0x03, 0x03, 0xFF, 0x04, 0x03, 0x03, 0xFF, 0x04, 0x03, 0x03, 0xFF, 0x04, 0x03, 0x03, 0xFF, 0x04, 0x03, 0x04, 0xFF,
  0x06, 0x03, 0x10, 0xFF, 0x10, 0x02, 0x53, 0xFF, 0x21, 0x02, 0xA6, 0xFF, 0x22, 0x02, 0xB3, 0xFF, 0x20, 0x02, 0xAB, 0xFF, 0x11, 0x08, 0xAD, 0xFF,
  0x7D, 0x80, 0xF9, 0xFF, 0x70, 0x73, 0xF9, 0xFF, 0x1B, 0x0A, 0xE5, 0xFF, 0x22, 0x09, 0xB0, 0xFF, 0x0D, 0x07, 0x34, 0xFF, 0x05, 0x04, 0x08, 0xFF,
  0x04, 0x03, 0x05, 0xFF, 0x04, 0x03, 0x03, 0xFF, 0x04, 0x03, 0x03, 0xFF, 0x04, 0x03, 0x03, 0xFF, 0x04, 0x03, 0x03, 0xFF, 0x04, 0x03, 0x03, 0xFF,
  0x04, 0x03, 0x03, 0xFF, 0x04, 0x03, 0x03, 0xFF, 0x04, 0x03, 0x03, 0xFF, 0x04, 0x03, 0x03, 0xFF, 0x04, 0x03, 0x03, 0xFF, 0x04, 0x03, 0x04, 0xFF,
  0x04, 0x05, 0x06, 0xFF, 0x04, 0x0C, 0x16, 0xFF, 0x02, 0x2C, 0x68, 0xFF, 0x00, 0x4B, 0xCB, 0xFF, 0x1C, 0xD2, 0xFA, 0xFF, 0x1C, 0xD3, 0xFA, 0xFF,
  0x01, 0x38, 0x98, 0xFF, 0x01, 0x24, 0x7A, 0xFF, 0x01, 0x29, 0x84, 0xFF, 0x02, 0x1E, 0x5B, 0xFF, 0x03, 0x0A, 0x18, 0xFF, 0x04, 0x04, 0x05, 0xFF,
  0x04, 0x03, 0x03, 0xFF, 0x04, 0x03, 0x03, 0xFF, 0x04, 0x03, 0x03, 0xFF, 0x04, 0x03, 0x03, 0xFF, 0x04, 0x03, 0x03, 0xFF, 0x04, 0x03, 0x03, 0xFF,
  0x04, 0x03, 0x03, 0xFF, 0x04, 0x03, 0x03, 0xFF, 0x04, 0x03, 0x03, 0xFF, 0x04, 0x03, 0x03, 0xFF, 0x04, 0x03, 0x03, 0xFF, 0x04, 0x03, 0x03, 0xFF,
  0x04, 0x03, 0x04, 0xFF, 0x04, 0x03, 0x04, 0xFF, 0x04, 0x03, 0x04, 0xFF, 0x04, 0x03, 0x04, 0xFF, 0x04, 0x04, 0x04, 0xFF, 0x04, 0x04, 0x05, 0xFF,
  0x04, 0x04, 0x05, 0xFF, 0x04, 0x04, 0x06, 0xFF, 0x04, 0x05, 0x07, 0xFF, 0x04, 0x05, 0x08, 0xFF, 0x04, 0x06, 0x0A, 0xFF, 0x04, 0x07, 0x0D, 0xFF,
  0x04, 0x0A, 0x12, 0xFF, 0x04, 0x0E, 0x1D, 0xFF, 0x04, 0x19, 0x36, 0xFF, 0x03, 0x37, 0x64, 0xFF, 0x04, 0x24, 0x4D, 0xFF, 0x05, 0x1E, 0x40, 0xFF,
  0x06, 0x1C, 0x39, 0xFF, 0x06, 0x1C, 0x37, 0xFF, 0x07, 0x1B, 0x35, 0xFF, 0x09, 0x1E, 0x36, 0xFF, 0x0C, 0x28, 0x47, 0xFF, 0x15, 0x48, 0x8D, 0xFF,
  0x84, 0xE3, 0xF0, 0xFF, 0x99, 0xF9, 0xFA, 0xFF, 0x37, 0xD8, 0xFA, 0xFF, 0x1F, 0xCB, 0xFB, 0xFF, 0x1E, 0xC7, 0xFB, 0xFF, 0x1C, 0xC3, 0xFA, 0xFF,
  0x1C, 0xC0, 0xFA, 0xFF, 0x1F, 0xBE, 0xF9, 0xFF, 0x1C, 0xA7, 0xFA, 0xFF, 0x15, 0xA1, 0xF9, 0xFF, 0x20, 0x6D, 0xA2, 0xFF, 0x06, 0x12, 0x1D, 0xFF,
  0x05, 0x07, 0x0A, 0xFF, 0x04, 0x05, 0x07, 0xFF, 0x04, 0x04, 0x05, 0xFF, 0x04, 0x04, 0x04, 0xFF, 0x04, 0x04, 0x04, 0xFF, 0x04, 0x03, 0x03, 0xFF,
  0x04, 0x03, 0x03, 0xFF, 0x04, 0x03, 0x03, 0xFF, 0x04, 0x03, 0x03, 0xFF, 0x04, 0x03, 0x03, 0xFF, 0x04, 0x03, 0x03, 0xFF, 0x04, 0x03, 0x03, 0xFF,
  0x04, 0x03, 0x03, 0xFF, 0x04, 0x03, 0x03, 0xFF, 0x04, 0x03, 0x03, 0xFF, 0x04, 0x04, 0x04, 0xFF, 0x04, 0x04, 0x04, 0xFF, 0x04, 0x04, 0x04, 0xFF,
  0x04, 0x04, 0x04, 0xFF, 0x05, 0x04, 0x05, 0xFF, 0x05, 0x05, 0x06, 0xFF, 0x06, 0x07, 0x09, 0xFF, 0x0D, 0x1B, 0x24, 0xFF, 0x14, 0x46, 0x84, 0xFF,
  0x5C, 0x82, 0xDD, 0xFF, 0xB2, 0xDA, 0xF7, 0xFF, 0x7C, 0xF1, 0xF9, 0xFF, 0x44, 0xE6, 0xF9, 0xFF, 0x3F, 0xD9, 0xFA, 0xFF, 0x3B, 0xD0, 0xFA, 0xFF,
  0x36, 0xCA, 0xFA, 0xFF, 0x33, 0xC8, 0xFA, 0xFF, 0x30, 0xC6, 0xF9, 0xFF, 0x30, 0xC4, 0xFA, 0xFF, 0x32, 0xC5, 0xFB, 0xFF, 0x51, 0xD1, 0xFB, 0xFF,
  0x44, 0xD0, 0xFB, 0xFF, 0x33, 0xC5, 0xFA, 0xFF, 0x32, 0xC2, 0xF9, 0xFF, 0x30, 0xBE, 0xFA, 0xFF, 0x2F, 0xBC, 0xFA, 0xFF, 0x2E, 0xBA, 0xFA, 0xFF,
  0x2D, 0xB9, 0xFA, 0xFF, 0x2D, 0xB7, 0xFA, 0xFF, 0x30, 0xBB, 0xFA, 0xFF, 0x43, 0xD3, 0xF9, 0xFF, 0x64, 0xD2, 0xF4, 0xFF, 0x2A, 0x54, 0xB5, 0xFF,
  0x01, 0x0B, 0x63, 0xFF, 0x03, 0x0C, 0x63, 0xFF, 0x06, 0x0B, 0x28, 0xFF, 0x05, 0x06, 0x0A, 0xFF, 0x05, 0x04, 0x06, 0xFF, 0x04, 0x03, 0x04, 0xFF,
  0x04, 0x03, 0x04, 0xFF, 0x04, 0x03, 0x04, 0xFF, 0x04, 0x03, 0x04, 0xFF, 0x04, 0x04, 0x05, 0xFF, 0x05, 0x04, 0x06, 0xFF, 0x05, 0x05, 0x08, 0xFF,
  0x0D, 0x0E, 0x29, 0xFF, 0x45, 0x59, 0xBF, 0xFF, 0x4C, 0x67, 0xF8, 0xFF, 0x61, 0x77, 0xF8, 0xFF, 0x30, 0x33, 0xF9, 0xFF, 0x1C, 0x23, 0xF9, 0xFF,
  0x1D, 0x26, 0xF9, 0xFF, 0x1E, 0x28, 0xF9, 0xFF, 0x20, 0x2A, 0xF9, 0xFF, 0x22, 0x2C, 0xF9, 0xFF, 0x24, 0x2E, 0xF9, 0xFF, 0x26, 0x32, 0xF9, 0xFF,
  0x28, 0x37, 0xF9, 0xFF, 0x2A, 0x3C, 0xF9, 0xFF, 0x2D, 0x43, 0xF9, 0xFF, 0x32, 0x49, 0xFA, 0xFF, 0x61, 0x7C, 0xF9, 0xFF, 0x78, 0x96, 0xF9, 0xFF,
  0x89, 0xA5, 0xF6, 0xFF, 0x2D, 0x39, 0xC9, 0xFF, 0x12, 0x18, 0x77, 0xFF, 0x0E, 0x16, 0x59, 0xFF, 0x0D, 0x13, 0x4D, 0xFF, 0x0B, 0x0F, 0x3F, 0xFF,
  0x09, 0x0D, 0x37, 0xFF, 0x08, 0x0A, 0x2B, 0xFF, 0x08, 0x08, 0x24, 0xFF, 0x08, 0x08, 0x27, 0xFF, 0x07, 0x06, 0x1D, 0xFF, 0x06, 0x06, 0x18, 0xFF,
  0x06, 0x06, 0x18, 0xFF, 0x06, 0x05, 0x15, 0xFF, 0x06, 0x04, 0x0F, 0xFF, 0x06, 0x04, 0x11, 0xFF, 0x06, 0x05, 0x17, 0xFF, 0x07, 0x05, 0x18, 0xFF,
  0x05, 0x04, 0x0C, 0xFF, 0x05, 0x03, 0x07, 0xFF, 0x04, 0x03, 0x05, 0xFF, 0x04, 0x03, 0x04, 0xFF, 0x04, 0x03, 0x04, 0xFF, 0x04, 0x03, 0x04, 0xFF,
  0x04, 0x03, 0x04, 0xFF, 0x04, 0x03, 0x03, 0xFF, 0x04, 0x03, 0x03, 0xFF, 0x04, 0x03, 0x03, 0xFF, 0x04, 0x03, 0x04, 0xFF, 0x04, 0x03, 0x04, 0xFF,
  0x06, 0x03, 0x10, 0xFF, 0x10, 0x02, 0x53, 0xFF, 0x21, 0x02, 0xA5, 0xFF, 0x23, 0x02, 0xB2, 0xFF, 0x20, 0x02, 0xAB, 0xFF, 0x12, 0x08, 0xAD, 0xFF,
  0x7E, 0x80, 0xF9, 0xFF, 0x70, 0x71, 0xF9, 0xFF, 0x1C, 0x0B, 0xE5, 0xFF, 0x23, 0x09, 0xB6, 0xFF, 0x0E, 0x08, 0x37, 0xFF, 0x05, 0x04, 0x08, 0xFF,
  0x04, 0x03, 0x05, 0xFF, 0x04, 0x03, 0x03, 0xFF, 0x04, 0x03, 0x03, 0xFF, 0x04, 0x03, 0x03, 0xFF, 0x04, 0x03, 0x03, 0xFF, 0x04, 0x03, 0x03, 0xFF,
  0x04, 0x03, 0x03, 0xFF, 0x04, 0x03, 0x03, 0xFF, 0x04, 0x03, 0x03, 0xFF, 0x04, 0x03, 0x03, 0xFF, 0x04, 0x03, 0x03, 0xFF, 0x04, 0x03, 0x04, 0xFF,
  0x04, 0x05, 0x07, 0xFF, 0x04, 0x0C, 0x17, 0xFF, 0x02, 0x2C, 0x6B, 0xFF, 0x00, 0x4A, 0xCB, 0xFF, 0x1B, 0xD4, 0xFA, 0xFF, 0x1F, 0xD6, 0xFA, 0xFF,
  0x01, 0x3C, 0x9D, 0xFF, 0x01, 0x25, 0x7C, 0xFF, 0x00, 0x29, 0x83, 0xFF, 0x02, 0x1F, 0x5A, 0xFF, 0x03, 0x0A, 0x18, 0xFF, 0x04, 0x04, 0x06, 0xFF,
  0x04, 0x03, 0x03, 0xFF, 0x04, 0x03, 0x03, 0xFF, 0x04, 0x03, 0x03, 0xFF, 0x04, 0x03, 0x03, 0xFF, 0x04, 0x03, 0x03, 0xFF, 0x04, 0x03, 0x03, 0xFF,
  0x04, 0x03, 0x03, 0xFF, 0x04, 0x03, 0x03, 0xFF, 0x04, 0x03, 0x03, 0xFF, 0x04, 0x03, 0x03, 0xFF, 0x04, 0x03, 0x03, 0xFF, 0x04, 0x03, 0x03, 0xFF,
  0x04, 0x03, 0x04, 0xFF, 0x04, 0x03, 0x04, 0xFF, 0x04, 0x03, 0x04, 0xFF, 0x04, 0x03, 0x04, 0xFF, 0x04, 0x04, 0x04, 0xFF, 0x04, 0x04, 0x05, 0xFF,
  0x04, 0x04, 0x06, 0xFF, 0x04, 0x04, 0x06, 0xFF, 0x04, 0x05, 0x07, 0xFF, 0x04, 0x06, 0x09, 0xFF, 0x04, 0x06, 0x0B, 0xFF, 0x04, 0x08, 0x0E, 0xFF,
  0x04, 0x0A, 0x14, 0xFF, 0x04, 0x10, 0x21, 0xFF, 0x04, 0x1B, 0x3C, 0xFF, 0x02, 0x43, 0x87, 0xFF, 0x02, 0x47, 0x9A, 0xFF, 0x03, 0x38, 0x7D, 0xFF,
  0x04, 0x30, 0x62, 0xFF, 0x06, 0x22, 0x49, 0xFF, 0x07, 0x1F, 0x3D, 0xFF, 0x09, 0x1F, 0x3A, 0xFF, 0x0B, 0x26, 0x46, 0xFF, 0x11, 0x3F, 0x75, 0xFF,
  0x6A, 0x9D, 0xD3, 0xFF, 0x82, 0xF8, 0xF9, 0xFF, 0x70, 0xEA, 0xFA, 0xFF, 0x1F, 0xCF, 0xFB, 0xFF, 0x1E, 0xC9, 0xFA, 0xFF, 0x1D, 0xC4, 0xFA, 0xFF,
  0x1C, 0xC2, 0xF9, 0xFF, 0x1C, 0xC2, 0xFA, 0xFF, 0x1A, 0xAF, 0xF9, 0xFF, 0x10, 0x9D, 0xF9, 0xFF, 0x1B, 0xA0, 0xED, 0xFF, 0x0C, 0x29, 0x4B, 0xFF,
  0x05, 0x0A, 0x0F, 0xFF, 0x05, 0x07, 0x09, 0xFF, 0x04, 0x04, 0x05, 0xFF, 0x04, 0x04, 0x04, 0xFF, 0x04, 0x04, 0x04, 0xFF, 0x04, 0x03, 0x03, 0xFF,
  0x04, 0x03, 0x03, 0xFF, 0x04, 0x03, 0x03, 0xFF, 0x04, 0x03, 0x03, 0xFF, 0x04, 0x03, 0x03, 0xFF, 0x04, 0x03, 0x03, 0xFF, 0x04, 0x03, 0x03, 0xFF,
  0x04, 0x03, 0x03, 0xFF, 0x04, 0x03, 0x03, 0xFF, 0x04, 0x04, 0x04, 0xFF, 0x04, 0x04, 0x04, 0xFF, 0x04, 0x04, 0x04, 0xFF, 0x05, 0x04, 0x05, 0xFF,
  0x05, 0x05, 0x06, 0xFF, 0x06, 0x06, 0x07, 0xFF, 0x0A, 0x16, 0x1E, 0xFF, 0x11, 0x44, 0x76, 0xFF, 0x67, 0x9C, 0xD9, 0xFF, 0xB1, 0xE1, 0xF4, 0xFF,
  0x86, 0xF2, 0xF9, 0xFF, 0x4E, 0xE2, 0xF9, 0xFF, 0x45, 0xD7, 0xFA, 0xFF, 0x41, 0xD5, 0xFA, 0xFF, 0x3D, 0xD1, 0xFB, 0xFF, 0x3A, 0xCC, 0xFA, 0xFF,
  0x35, 0xC8, 0xF9, 0xFF, 0x33, 0xC6, 0xFA, 0xFF, 0x32, 0xC5, 0xFA, 0xFF, 0x4F, 0xD2, 0xFA, 0xFF, 0x52, 0xD1, 0xFB, 0xFF, 0x2F, 0xC0, 0xFA, 0xFF,
  0x31, 0xBE, 0xFA, 0xFF, 0x2F, 0xBB, 0xFA, 0xFF, 0x2D, 0xBA, 0xF9, 0xFF, 0x2B, 0xB6, 0xF9, 0xFF, 0x2C, 0xB5, 0xFA, 0xFF, 0x29, 0xB3, 0xFA, 0xFF,
  0x2A, 0xB1, 0xFA, 0xFF, 0x36, 0xC4, 0xFA, 0xFF, 0x5C, 0xD8, 0xF7, 0xFF, 0x42, 0x76, 0xC3, 0xFF, 0x06, 0x16, 0x7A, 0xFF, 0x01, 0x0D, 0x6E, 0xFF,
  0x04, 0x0C, 0x3E, 0xFF, 0x07, 0x0A, 0x16, 0xFF, 0x05, 0x05, 0x07, 0xFF, 0x04, 0x04, 0x05, 0xFF, 0x04, 0x04, 0x05, 0xFF, 0x04, 0x03, 0x04, 0xFF,
  0x04, 0x03, 0x04, 0xFF, 0x04, 0x03, 0x04, 0xFF, 0x04, 0x03, 0x04, 0xFF, 0x04, 0x04, 0x05, 0xFF, 0x06, 0x06, 0x0B, 0xFF, 0x1F, 0x25, 0x59, 0xFF,
  0x48, 0x5D, 0xE0, 0xFF, 0x54, 0x6D, 0xF9, 0xFF, 0x55, 0x62, 0xF8, 0xFF, 0x1F, 0x22, 0xF8, 0xFF, 0x1C, 0x22, 0xF9, 0xFF, 0x1E, 0x28, 0xF9, 0xFF,
  0x1F, 0x2A, 0xF9, 0xFF, 0x21, 0x2C, 0xF9, 0xFF, 0x22, 0x2E, 0xFA, 0xFF, 0x23, 0x31, 0xF9, 0xFF, 0x25, 0x35, 0xF9, 0xFF, 0x27, 0x39, 0xF9, 0xFF,
  0x29, 0x3E, 0xFA, 0xFF, 0x2C, 0x44, 0xF9, 0xFF, 0x31, 0x4B, 0xF9, 0xFF, 0x51, 0x6D, 0xF9, 0xFF, 0x7A, 0x99, 0xF9, 0xFF, 0x86, 0xA4, 0xF7, 0xFF,
  0x46, 0x4B, 0xCF, 0xFF, 0x14, 0x1B, 0x86, 0xFF, 0x10, 0x16, 0x5C, 0xFF, 0x0D, 0x13, 0x4B, 0xFF, 0x0B, 0x14, 0x47, 0xFF, 0x09, 0x0E, 0x37, 0xFF,
  0x08, 0x0C, 0x32, 0xFF, 0x09, 0x0E, 0x3C, 0xFF, 0x0C, 0x13, 0x58, 0xFF, 0x14, 0x27, 0x79, 0xFF, 0x09, 0x08, 0x31, 0xFF, 0x07, 0x06, 0x1E, 0xFF,
  0x06, 0x05, 0x18, 0xFF, 0x05, 0x04, 0x0F, 0xFF, 0x05, 0x04, 0x0C, 0xFF, 0x05, 0x04, 0x0D, 0xFF, 0x05, 0x04, 0x0D, 0xFF, 0x05, 0x04, 0x0C, 0xFF,
  0x05, 0x03, 0x08, 0xFF, 0x04, 0x03, 0x06, 0xFF, 0x04, 0x03, 0x04, 0xFF, 0x04, 0x03, 0x04, 0xFF, 0x04, 0x03, 0x04, 0xFF, 0x04, 0x03, 0x04, 0xFF,
  0x04, 0x03, 0x04, 0xFF, 0x04, 0x03, 0x03, 0xFF, 0x04, 0x03, 0x03, 0xFF, 0x04, 0x03, 0x03, 0xFF, 0x04, 0x03, 0x04, 0xFF, 0x04, 0x03, 0x04, 0xFF,
  0x06, 0x03, 0x11, 0xFF, 0x11, 0x03, 0x56, 0xFF, 0x20, 0x02, 0xA4, 0xFF, 0x21, 0x02, 0xB1, 0xFF, 0x1F, 0x02, 0xAC, 0xFF, 0x10, 0x07, 0xAD, 0xFF,
  0x7D, 0x7E, 0xF9, 0xFF, 0x6F, 0x6F, 0xF9, 0xFF, 0x1D, 0x0B, 0xE6, 0xFF, 0x24, 0x09, 0xB7, 0xFF, 0x0F, 0x08, 0x3A, 0xFF, 0x05, 0x04, 0x09, 0xFF,
  0x04, 0x03, 0x04, 0xFF, 0x04, 0x03, 0x03, 0xFF, 0x04, 0x03, 0x03, 0xFF, 0x04, 0x03, 0x03, 0xFF, 0x04, 0x03, 0x03, 0xFF, 0x04, 0x03, 0x03, 0xFF,
  0x04, 0x03, 0x03, 0xFF, 0x04, 0x03, 0x03, 0xFF, 0x04, 0x03, 0x03, 0xFF, 0x04, 0x03, 0x03, 0xFF, 0x04, 0x03, 0x03, 0xFF, 0x04, 0x03, 0x04, 0xFF,
  0x04, 0x05, 0x07, 0xFF, 0x04, 0x0D, 0x19, 0xFF, 0x02, 0x2F, 0x70, 0xFF, 0x01, 0x4B, 0xCB, 0xFF, 0x1D, 0xD5, 0xFA, 0xFF, 0x20, 0xD7, 0xFA, 0xFF,
  0x01, 0x3B, 0x9D, 0xFF, 0x00, 0x25, 0x7D, 0xFF, 0x00, 0x29, 0x82, 0xFF, 0x02, 0x1D, 0x57, 0xFF, 0x03, 0x0A, 0x16, 0xFF, 0x04, 0x04, 0x06, 0xFF,
  0x04, 0x03, 0x04, 0xFF, 0x04, 0x03, 0x03, 0xFF, 0x04, 0x03, 0x03, 0xFF, 0x04, 0x03, 0x03, 0xFF, 0x04, 0x03, 0x03, 0xFF, 0x04, 0x03, 0x03, 0xFF,
  0x04, 0x03, 0x03, 0xFF, 0x04, 0x03, 0x03, 0xFF, 0x04, 0x03, 0x03, 0xFF, 0x04, 0x03, 0x03, 0xFF, 0x04, 0x03, 0x03, 0xFF, 0x04, 0x03, 0x03, 0xFF,
  0x04, 0x03, 0x04, 0xFF, 0x04, 0x03, 0x04, 0xFF, 0x04, 0x03, 0x04, 0xFF, 0x04, 0x04, 0x04, 0xFF, 0x04, 0x04, 0x05, 0xFF, 0x04, 0x04, 0x06, 0xFF,
  0x04, 0x05, 0x07, 0xFF, 0x04, 0x05, 0x07, 0xFF, 0x04, 0x05, 0x09, 0xFF, 0x04, 0x06, 0x0A, 0xFF, 0x04, 0x07, 0x0C, 0xFF, 0x04, 0x08, 0x0F, 0xFF,
  0x04, 0x0B, 0x16, 0xFF, 0x04, 0x11, 0x23, 0xFF, 0x04, 0x1D, 0x41, 0xFF, 0x03, 0x4F, 0xA1, 0xFF, 0x13, 0x94, 0xD9, 0xFF, 0x02, 0x6A, 0xC7, 0xFF,
  0x03, 0x3D, 0x83, 0xFF, 0x06, 0x2A, 0x5C, 0xFF, 0x07, 0x24, 0x4B, 0xFF, 0x09, 0x22, 0x43, 0xFF, 0x0B, 0x26, 0x49, 0xFF, 0x0E, 0x36, 0x66, 0xFF,
  0x18, 0x53, 0x9C, 0xFF, 0xA5, 0xED, 0xF5, 0xFF, 0x8D, 0xF8, 0xFB, 0xFF, 0x2A, 0xD7, 0xFB, 0xFF, 0x21, 0xCD, 0xFB, 0xFF, 0x1F, 0xC7, 0xFA, 0xFF,
  0x1E, 0xC6, 0xFA, 0xFF, 0x1E, 0xC6, 0xFA, 0xFF, 0x1D, 0xBF, 0xF9, 0xFF, 0x0D, 0x9B, 0xF8, 0xFF, 0x08, 0x97, 0xF8, 0xFF, 0x1D, 0x71, 0xAE, 0xFF,
  0x06, 0x11, 0x1C, 0xFF, 0x05, 0x08, 0x0D, 0xFF, 0x04, 0x05, 0x06, 0xFF, 0x04, 0x04, 0x04, 0xFF, 0x04, 0x04, 0x04, 0xFF, 0x04, 0x03, 0x03, 0xFF,
  0x04, 0x03, 0x03, 0xFF, 0x04, 0x03, 0x03, 0xFF, 0x04, 0x03, 0x03, 0xFF, 0x04, 0x03, 0x03, 0xFF, 0x04, 0x03, 0x03, 0xFF, 0x04, 0x03, 0x03, 0xFF,
  0x04, 0x03, 0x03, 0xFF, 0x04, 0x04, 0x04, 0xFF, 0x04, 0x04, 0x04, 0xFF, 0x05, 0x04, 0x05, 0xFF, 0x05, 0x05, 0x06, 0xFF, 0x06, 0x08, 0x09, 0xFF,
  0x0B, 0x18, 0x1F, 0xFF, 0x16, 0x43, 0x7B, 0xFF, 0x69, 0x9E, 0xE6, 0xFF, 0xBD, 0xE7, 0xF9, 0xFF, 0x8B, 0xF7, 0xFA, 0xFF, 0x5A, 0xEB, 0xFA, 0xFF,
  0x54, 0xDE, 0xFA, 0xFF, 0x4A, 0xD4, 0xFA, 0xFF, 0x42, 0xD1, 0xFA, 0xFF, 0x3D, 0xCF, 0xFA, 0xFF, 0x3B, 0xCC, 0xFA, 0xFF, 0x39, 0xCA, 0xFB, 0xFF,
  0x32, 0xC6, 0xFA, 0xFF, 0x52, 0xCF, 0xFA, 0xFF, 0x58, 0xD3, 0xFA, 0xFF, 0x30, 0xC2, 0xFA, 0xFF, 0x2D, 0xB9, 0xFA, 0xFF, 0x2C, 0xB5, 0xFA, 0xFF,
  0x2B, 0xB2, 0xFA, 0xFF, 0x2A, 0xB1, 0xFA, 0xFF, 0x28, 0xB1, 0xF9, 0xFF, 0x29, 0xAD, 0xFA, 0xFF, 0x28, 0xAC, 0xFA, 0xFF, 0x30, 0xB9, 0xFA, 0xFF,
  0x53, 0xDD, 0xF9, 0xFF, 0x53, 0x9B, 0xDA, 0xFF, 0x17, 0x28, 0x8A, 0xFF, 0x01, 0x0E, 0x5D, 0xFF, 0x03, 0x0D, 0x44, 0xFF, 0x05, 0x08, 0x15, 0xFF,
  0x04, 0x03, 0x04, 0xFF, 0x04, 0x03, 0x04, 0xFF, 0x04, 0x03, 0x04, 0xFF, 0x04, 0x03, 0x04, 0xFF, 0x04, 0x03, 0x04, 0xFF, 0x04, 0x03, 0x04, 0xFF,
  0x04, 0x04, 0x05, 0xFF, 0x05, 0x04, 0x06, 0xFF, 0x05, 0x04, 0x07, 0xFF, 0x0D, 0x11, 0x2A, 0xFF, 0x37, 0x47, 0xB7, 0xFF, 0x48, 0x5D, 0xF7, 0xFF,
  0x5A, 0x6E, 0xFA, 0xFF, 0x33, 0x3B, 0xF8, 0xFF, 0x18, 0x1E, 0xF8, 0xFF, 0x1A, 0x21, 0xF9, 0xFF, 0x1C, 0x25, 0xF9, 0xFF, 0x20, 0x2A, 0xF8, 0xFF,
  0x21, 0x2D, 0xF9, 0xFF, 0x23, 0x30, 0xFA, 0xFF, 0x24, 0x33, 0xFA, 0xFF, 0x27, 0x37, 0xFA, 0xFF, 0x29, 0x3C, 0xF9, 0xFF, 0x2A, 0x41, 0xFA, 0xFF,
  0x2D, 0x47, 0xFA, 0xFF, 0x32, 0x4D, 0xFA, 0xFF, 0x4B, 0x69, 0xF8, 0xFF, 0x7A, 0x9B, 0xF8, 0xFF, 0x80, 0xA2, 0xF7, 0xFF, 0x4A, 0x53, 0xD2, 0xFF,
  0x15, 0x1A, 0x87, 0xFF, 0x0F, 0x15, 0x59, 0xFF, 0x0C, 0x11, 0x43, 0xFF, 0x0A, 0x0F, 0x39, 0xFF, 0x08, 0x0D, 0x32, 0xFF, 0x08, 0x0B, 0x2B, 0xFF,
  0x07, 0x0A, 0x27, 0xFF, 0x07, 0x09, 0x2A, 0xFF, 0x09, 0x0A, 0x36, 0xFF, 0x0A, 0x0C, 0x3F, 0xFF, 0x07, 0x06, 0x20, 0xFF, 0x06, 0x06, 0x1A, 0xFF,
  0x06, 0x05, 0x13, 0xFF, 0x05, 0x04, 0x0C, 0xFF, 0x05, 0x04, 0x0A, 0xFF, 0x05, 0x04, 0x09, 0xFF, 0x05, 0x04, 0x08, 0xFF, 0x05, 0x03, 0x08, 0xFF,
  0x04, 0x03, 0x06, 0xFF, 0x04, 0x03, 0x05, 0xFF, 0x04, 0x03, 0x04, 0xFF, 0x04, 0x03, 0x04, 0xFF, 0x04, 0x03, 0x04, 0xFF, 0x04, 0x03, 0x04, 0xFF,
  0x04, 0x03, 0x04, 0xFF, 0x04, 0x03, 0x04, 0xFF, 0x04, 0x03, 0x04, 0xFF, 0x04, 0x03, 0x04, 0xFF, 0x04, 0x03, 0x04, 0xFF, 0x04, 0x03, 0x04, 0xFF,
  0x06, 0x03, 0x12, 0xFF, 0x11, 0x03, 0x59, 0xFF, 0x21, 0x02, 0xA6, 0xFF, 0x21, 0x02, 0xB1, 0xFF, 0x1F, 0x02, 0xAC, 0xFF, 0x10, 0x07, 0xAC, 0xFF,
  0x7C, 0x7C, 0xF9, 0xFF, 0x72, 0x71, 0xF9, 0xFF, 0x1D, 0x0C, 0xE6, 0xFF, 0x23, 0x0A, 0xB4, 0xFF, 0x0E, 0x08, 0x38, 0xFF, 0x05, 0x04, 0x08, 0xFF,
  0x04, 0x03, 0x04, 0xFF, 0x04, 0x03, 0x03, 0xFF, 0x04, 0x03, 0x03, 0xFF, 0x04, 0x03, 0x03, 0xFF, 0x04, 0x03, 0x03, 0xFF, 0x04, 0x03, 0x03, 0xFF,
  0x04, 0x03, 0x03, 0xFF, 0x04, 0x03, 0x03, 0xFF, 0x04, 0x03, 0x03, 0xFF, 0x04, 0x03, 0x03, 0xFF, 0x04, 0x03, 0x03, 0xFF, 0x04, 0x03, 0x04, 0xFF,
  0x04, 0x05, 0x07, 0xFF, 0x04, 0x0E, 0x1B, 0xFF, 0x02, 0x2E, 0x6E, 0xFF, 0x01, 0x4D, 0xCB, 0xFF, 0x1E, 0xD7, 0xFA, 0xFF, 0x1F, 0xD7, 0xFA, 0xFF,
  0x01, 0x3B, 0x9E, 0xFF, 0x01, 0x25, 0x7F, 0xFF, 0x01, 0x29, 0x85, 0xFF, 0x02, 0x1E, 0x58, 0xFF, 0x03, 0x09, 0x16, 0xFF, 0x04, 0x04, 0x06, 0xFF,
  0x04, 0x03, 0x04, 0xFF, 0x04, 0x03, 0x03, 0xFF, 0x04, 0x03, 0x03, 0xFF, 0x04, 0x03, 0x03, 0xFF, 0x04, 0x03, 0x03, 0xFF, 0x04, 0x03, 0x03, 0xFF,
  0x04, 0x03, 0x03, 0xFF, 0x04, 0x03, 0x03, 0xFF, 0x04, 0x03, 0x03, 0xFF, 0x04, 0x03, 0x03, 0xFF, 0x04, 0x03, 0x03, 0xFF, 0x04, 0x03, 0x04, 0xFF,
  0x04, 0x03, 0x04, 0xFF, 0x04, 0x03, 0x04, 0xFF, 0x04, 0x03, 0x04, 0xFF, 0x04, 0x04, 0x04, 0xFF, 0x04, 0x04, 0x05, 0xFF, 0x04, 0x04, 0x06, 0xFF,
  0x04, 0x05, 0x08, 0xFF, 0x04, 0x05, 0x08, 0xFF, 0x04, 0x06, 0x09, 0xFF, 0x04, 0x06, 0x0B, 0xFF, 0x04, 0x08, 0x0E, 0xFF, 0x04, 0x09, 0x12, 0xFF,
  0x04, 0x0C, 0x18, 0xFF, 0x04, 0x10, 0x21, 0xFF, 0x04, 0x18, 0x34, 0xFF, 0x03, 0x3B, 0x83, 0xFF, 0x02, 0x57, 0xBD, 0xFF, 0x02, 0x61, 0xBF, 0xFF,
  0x03, 0x47, 0x90, 0xFF, 0x04, 0x33, 0x70, 0xFF, 0x06, 0x2D, 0x5F, 0xFF, 0x08, 0x25, 0x4C, 0xFF, 0x0A, 0x29, 0x52, 0xFF, 0x0C, 0x35, 0x66, 0xFF,
  0x0E, 0x47, 0x86, 0xFF, 0x70, 0xB5, 0xE2, 0xFF, 0x87, 0xF9, 0xFA, 0xFF, 0x6D, 0xEA, 0xFA, 0xFF, 0x23, 0xD2, 0xFA, 0xFF, 0x20, 0xCB, 0xFA, 0xFF,
  0x1E, 0xCB, 0xFA, 0xFF, 0x1D, 0xCA, 0xFA, 0xFF, 0x1B, 0xC8, 0xFA, 0xFF, 0x0F, 0xA5, 0xF9, 0xFF, 0x04, 0x92, 0xF8, 0xFF, 0x11, 0x98, 0xF2, 0xFF,
  0x0E, 0x29, 0x44, 0xFF, 0x05, 0x0B, 0x11, 0xFF, 0x04, 0x06, 0x07, 0xFF, 0x04, 0x04, 0x05, 0xFF, 0x04, 0x04, 0x04, 0xFF, 0x04, 0x03, 0x03, 0xFF,
  0x04, 0x03, 0x03, 0xFF, 0x04, 0x03, 0x03, 0xFF, 0x04, 0x03, 0x03, 0xFF, 0x04, 0x03, 0x03, 0xFF, 0x04, 0x03, 0x03, 0xFF, 0x04, 0x03, 0x03, 0xFF,
  0x04, 0x04, 0x04, 0xFF, 0x04, 0x04, 0x04, 0xFF, 0x05, 0x04, 0x05, 0xFF, 0x05, 0x06, 0x07, 0xFF, 0x07, 0x0B, 0x0D, 0xFF, 0x13, 0x3A, 0x6C, 0xFF,
  0x65, 0x8E, 0xD7, 0xFF, 0xBC, 0xE3, 0xF6, 0xFF, 0x92, 0xF7, 0xF9, 0xFF, 0x61, 0xF3, 0xF9, 0xFF, 0x52, 0xE5, 0xFA, 0xFF, 0x51, 0xDC, 0xFA, 0xFF,
  0x4B, 0xD5, 0xFB, 0xFF, 0x46, 0xD1, 0xFA, 0xFF, 0x3F, 0xCE, 0xFA, 0xFF, 0x3B, 0xCC, 0xFA, 0xFF, 0x36, 0xCA, 0xFA, 0xFF, 0x5C, 0xD5, 0xFA, 0xFF,
  0x64, 0xD9, 0xFB, 0xFF, 0x35, 0xC3, 0xFA, 0xFF, 0x2D, 0xB7, 0xFA, 0xFF, 0x2B, 0xB2, 0xFA, 0xFF, 0x2B, 0xB0, 0xFA, 0xFF, 0x2A, 0xAC, 0xFA, 0xFF,
  0x27, 0xA9, 0xFA, 0xFF, 0x26, 0xA7, 0xFA, 0xFF, 0x23, 0xA4, 0xFA, 0xFF, 0x27, 0xA7, 0xFA, 0xFF, 0x42, 0xD5, 0xFA, 0xFF, 0x63, 0xD3, 0xF0, 0xFF,
  0x26, 0x47, 0xB3, 0xFF, 0x01, 0x0A, 0x65, 0xFF, 0x03, 0x0E, 0x51, 0xFF, 0x05, 0x09, 0x1C, 0xFF, 0x05, 0x05, 0x07, 0xFF, 0x04, 0x04, 0x04, 0xFF,
  0x04, 0x03, 0x04, 0xFF, 0x04, 0x03, 0x04, 0xFF, 0x04, 0x03, 0x04, 0xFF, 0x04, 0x03, 0x04, 0xFF, 0x04, 0x03, 0x04, 0xFF, 0x04, 0x04, 0x05, 0xFF,
  0x05, 0x04, 0x06, 0xFF, 0x06, 0x06, 0x0D, 0xFF, 0x1D, 0x25, 0x62, 0xFF, 0x41, 0x57, 0xE4, 0xFF, 0x50, 0x68, 0xF9, 0xFF, 0x44, 0x4E, 0xF7, 0xFF,
  0x15, 0x17, 0xF8, 0xFF, 0x18, 0x1D, 0xF8, 0xFF, 0x1A, 0x22, 0xF9, 0xFF, 0x1C, 0x25, 0xF9, 0xFF, 0x1F, 0x29, 0xF9, 0xFF, 0x21, 0x2C, 0xF9, 0xFF,
  0x24, 0x31, 0xF9, 0xFF, 0x25, 0x35, 0xFA, 0xFF, 0x26, 0x38, 0xFA, 0xFF, 0x29, 0x3D, 0xFA, 0xFF, 0x2B, 0x43, 0xFA, 0xFF, 0x2D, 0x48, 0xF9, 0xFF,
  0x31, 0x4E, 0xF9, 0xFF, 0x41, 0x60, 0xF9, 0xFF, 0x76, 0x97, 0xF8, 0xFF, 0x7B, 0x9C, 0xF9, 0xFF, 0x5C, 0x67, 0xDA, 0xFF, 0x15, 0x1B, 0x95, 0xFF,
  0x0F, 0x15, 0x5B, 0xFF, 0x0C, 0x11, 0x47, 0xFF, 0x0A, 0x0E, 0x38, 0xFF, 0x08, 0x0B, 0x2E, 0xFF, 0x07, 0x0A, 0x29, 0xFF, 0x07, 0x09, 0x22, 0xFF,
  0x07, 0x08, 0x1E, 0xFF, 0x06, 0x07, 0x1D, 0xFF, 0x06, 0x07, 0x1D, 0xFF, 0x06, 0x06, 0x1C, 0xFF, 0x06, 0x05, 0x16, 0xFF, 0x06, 0x06, 0x16, 0xFF,
  0x06, 0x05, 0x12, 0xFF, 0x05, 0x04, 0x0C, 0xFF, 0x05, 0x04, 0x0A, 0xFF, 0x05, 0x04, 0x08, 0xFF, 0x04, 0x03, 0x07, 0xFF, 0x04, 0x03, 0x07, 0xFF,
  0x04, 0x03, 0x06, 0xFF, 0x04, 0x03, 0x05, 0xFF, 0x04, 0x03, 0x04, 0xFF, 0x04, 0x03, 0x04, 0xFF, 0x04, 0x03, 0x04, 0xFF, 0x04, 0x03, 0x04, 0xFF,
  0x04, 0x03, 0x04, 0xFF, 0x04, 0x03, 0x03, 0xFF, 0x04, 0x03, 0x03, 0xFF, 0x04, 0x03, 0x03, 0xFF, 0x04, 0x03, 0x03, 0xFF, 0x04, 0x03, 0x04, 0xFF,
  0x06, 0x03, 0x11, 0xFF, 0x11, 0x03, 0x58, 0xFF, 0x21, 0x02, 0xA6, 0xFF, 0x21, 0x02, 0xB1, 0xFF, 0x1F, 0x02, 0xAD, 0xFF, 0x10, 0x06, 0xAB, 0xFF,
  0x7D, 0x7B, 0xFA, 0xFF, 0x72, 0x71, 0xF9, 0xFF, 0x1E, 0x0C, 0xE6, 0xFF, 0x23, 0x09, 0xB3, 0xFF, 0x0E, 0x08, 0x36, 0xFF, 0x05, 0x03, 0x08, 0xFF,
  0x04, 0x03, 0x04, 0xFF, 0x04, 0x03, 0x03, 0xFF, 0x04, 0x03, 0x03, 0xFF, 0x04, 0x03, 0x03, 0xFF, 0x04, 0x03, 0x03, 0xFF, 0x04, 0x03, 0x03, 0xFF,
  0x04, 0x03, 0x03, 0xFF, 0x04, 0x03, 0x03, 0xFF, 0x04, 0x03, 0x03, 0xFF, 0x04, 0x03, 0x03, 0xFF, 0x04, 0x03, 0x03, 0xFF, 0x04, 0x03, 0x04, 0xFF,
  0x04, 0x05, 0x07, 0xFF, 0x04, 0x0F, 0x1C, 0xFF, 0x03, 0x32, 0x76, 0xFF, 0x01, 0x4E, 0xCD, 0xFF, 0x1D, 0xD8, 0xFA, 0xFF, 0x1F, 0xD8, 0xF9, 0xFF,
  0x01, 0x3C, 0x9F, 0xFF, 0x00, 0x25, 0x80, 0xFF, 0x01, 0x2A, 0x86, 0xFF, 0x02, 0x1E, 0x59, 0xFF, 0x03, 0x0A, 0x16, 0xFF, 0x04, 0x04, 0x05, 0xFF,
  0x04, 0x03, 0x04, 0xFF, 0x04, 0x03, 0x03, 0xFF, 0x04, 0x03, 0x03, 0xFF, 0x04, 0x03, 0x03, 0xFF, 0x04, 0x03, 0x03, 0xFF, 0x04, 0x03, 0x03, 0xFF,
  0x04, 0x03, 0x03, 0xFF, 0x04, 0x03, 0x03, 0xFF, 0x04, 0x03, 0x03, 0xFF, 0x04, 0x03, 0x03, 0xFF, 0x04, 0x03, 0x03, 0xFF, 0x04, 0x03, 0x04, 0xFF,
  0x04, 0x03, 0x04, 0xFF, 0x04, 0x03, 0x04, 0xFF, 0x04, 0x04, 0x04, 0xFF, 0x04, 0x04, 0x05, 0xFF, 0x04, 0x04, 0x06, 0xFF, 0x04, 0x05, 0x07, 0xFF,
  0x04, 0x05, 0x08, 0xFF, 0x04, 0x06, 0x09, 0xFF, 0x04, 0x06, 0x0B, 0xFF, 0x04, 0x08, 0x0E, 0xFF, 0x04, 0x09, 0x11, 0xFF, 0x04, 0x0B, 0x15, 0xFF,
  0x04, 0x0D, 0x1A, 0xFF, 0x04, 0x0F, 0x20, 0xFF, 0x04, 0x14, 0x2B, 0xFF, 0x04, 0x1F, 0x46, 0xFF, 0x03, 0x29, 0x5D, 0xFF, 0x03, 0x2B, 0x62, 0xFF,
  0x04, 0x28, 0x5B, 0xFF, 0x04, 0x29, 0x5A, 0xFF, 0x05, 0x2D, 0x5C, 0xFF, 0x06, 0x27, 0x53, 0xFF, 0x08, 0x2C, 0x5A, 0xFF, 0x09, 0x35, 0x69, 0xFF,
  0x0C, 0x3F, 0x77, 0xFF, 0x1A, 0x5F, 0xB1, 0xFF, 0x99, 0xEE, 0xF7, 0xFF, 0x7F, 0xF6, 0xF9, 0xFF, 0x22, 0xD8, 0xFA, 0xFF, 0x1D, 0xCE, 0xFA, 0xFF,
  0x1E, 0xD1, 0xFA, 0xFF, 0x1E, 0xCC, 0xFA, 0xFF, 0x1B, 0xCB, 0xF9, 0xFF, 0x12, 0xBA, 0xF9, 0xFF, 0x03, 0x93, 0xF9, 0xFF, 0x04, 0x91, 0xF9, 0xFF,
  0x1E, 0x64, 0x99, 0xFF, 0x06, 0x11, 0x1B, 0xFF, 0x04, 0x07, 0x09, 0xFF, 0x04, 0x04, 0x05, 0xFF, 0x04, 0x04, 0x04, 0xFF, 0x04, 0x04, 0x04, 0xFF,
  0x04, 0x03, 0x03, 0xFF, 0x04, 0x03, 0x03, 0xFF, 0x04, 0x03, 0x03, 0xFF, 0x04, 0x03, 0x03, 0xFF, 0x04, 0x03, 0x03, 0xFF, 0x04, 0x04, 0x04, 0xFF,
  0x05, 0x04, 0x05, 0xFF, 0x05, 0x06, 0x07, 0xFF, 0x07, 0x0B, 0x0F, 0xFF, 0x11, 0x35, 0x62, 0xFF, 0x54, 0x7B, 0xC4, 0xFF, 0x9F, 0xD1, 0xF5, 0xFF,
  0x84, 0xF1, 0xF9, 0xFF, 0x59, 0xEA, 0xFA, 0xFF, 0x55, 0xE4, 0xFA, 0xFF, 0x55, 0xDF, 0xFA, 0xFF, 0x4E, 0xD9, 0xFA, 0xFF, 0x47, 0xD2, 0xFA, 0xFF,
  0x41, 0xCD, 0xFB, 0xFF, 0x3C, 0xC8, 0xFB, 0xFF, 0x3A, 0xC5, 0xFB, 0xFF, 0x63, 0xD4, 0xFA, 0xFF, 0x79, 0xE6, 0xFB, 0xFF, 0x48, 0xCE, 0xFB, 0xFF,
  0x2D, 0xB5, 0xFA, 0xFF, 0x2D, 0xAE, 0xFA, 0xFF, 0x2B, 0xAC, 0xFB, 0xFF, 0x27, 0xA7, 0xFA, 0xFF, 0x25, 0xA3, 0xF9, 0xFF, 0x24, 0xA1, 0xFA, 0xFF,
  0x23, 0x9E, 0xFA, 0xFF, 0x22, 0x9C, 0xFA, 0xFF, 0x3A, 0xBC, 0xFA, 0xFF, 0x52, 0xD6, 0xF2, 0xFF, 0x3A, 0x71, 0xB7, 0xFF, 0x07, 0x11, 0x7A, 0xFF,
  0x01, 0x0C, 0x5D, 0xFF, 0x03, 0x0A, 0x2F, 0xFF, 0x05, 0x07, 0x0E, 0xFF, 0x04, 0x04, 0x05, 0xFF, 0x04, 0x03, 0x04, 0xFF, 0x04, 0x03, 0x04, 0xFF,
  0x04, 0x03, 0x04, 0xFF, 0x04, 0x03, 0x04, 0xFF, 0x04, 0x03, 0x05, 0xFF, 0x04, 0x04, 0x05, 0xFF, 0x04, 0x04, 0x06, 0xFF, 0x05, 0x05, 0x0B, 0xFF,
  0x14, 0x19, 0x42, 0xFF, 0x35, 0x47, 0xC0, 0xFF, 0x48, 0x5F, 0xF8, 0xFF, 0x43, 0x53, 0xF7, 0xFF, 0x22, 0x28, 0xF3, 0xFF, 0x14, 0x19, 0xF0, 0xFF,
  0x16, 0x1C, 0xF4, 0xFF, 0x19, 0x20, 0xF9, 0xFF, 0x1C, 0x24, 0xF9, 0xFF, 0x1E, 0x29, 0xF8, 0xFF, 0x21, 0x2D, 0xF9, 0xFF, 0x24, 0x32, 0xF9, 0xFF,
  0x26, 0x38, 0xFA, 0xFF, 0x28, 0x3C, 0xFA, 0xFF, 0x29, 0x3F, 0xFA, 0xFF, 0x2B, 0x44, 0xFA, 0xFF, 0x2E, 0x4A, 0xF9, 0xFF, 0x31, 0x4F, 0xF9, 0xFF,
  0x3E, 0x5E, 0xF9, 0xFF, 0x6F, 0x91, 0xF8, 0xFF, 0x77, 0x97, 0xF8, 0xFF, 0x5C, 0x67, 0xDE, 0xFF, 0x13, 0x18, 0x93, 0xFF, 0x10, 0x17, 0x66, 0xFF,
  0x0C, 0x11, 0x41, 0xFF, 0x0A, 0x0E, 0x34, 0xFF, 0x08, 0x0C, 0x2C, 0xFF, 0x07, 0x0A, 0x25, 0xFF, 0x07, 0x09, 0x22, 0xFF, 0x06, 0x08, 0x1E, 0xFF,
  0x06, 0x07, 0x1B, 0xFF, 0x06, 0x07, 0x19, 0xFF, 0x06, 0x06, 0x18, 0xFF, 0x06, 0x06, 0x18, 0xFF, 0x06, 0x06, 0x15, 0xFF, 0x06, 0x05, 0x14, 0xFF,
  0x06, 0x05, 0x13, 0xFF, 0x05, 0x04, 0x0F, 0xFF, 0x05, 0x04, 0x0B, 0xFF, 0x05, 0x04, 0x08, 0xFF, 0x04, 0x03, 0x07, 0xFF, 0x04, 0x03, 0x06, 0xFF,
  0x04, 0x03, 0x06, 0xFF, 0x04, 0x03, 0x05, 0xFF, 0x04, 0x03, 0x04, 0xFF, 0x04, 0x03, 0x04, 0xFF, 0x04, 0x03, 0x04, 0xFF, 0x04, 0x03, 0x04, 0xFF,
  0x04, 0x03, 0x03, 0xFF, 0x04, 0x03, 0x04, 0xFF, 0x04, 0x03, 0x04, 0xFF, 0x04, 0x03, 0x04, 0xFF, 0x04, 0x03, 0x03, 0xFF, 0x04, 0x03, 0x04, 0xFF,
  0x06, 0x03, 0x12, 0xFF, 0x12, 0x03, 0x5D, 0xFF, 0x22, 0x02, 0xA8, 0xFF, 0x21, 0x02, 0xB3, 0xFF, 0x20, 0x02, 0xAE, 0xFF, 0x10, 0x06, 0xAA, 0xFF,
  0x7E, 0x7B, 0xFA, 0xFF, 0x74, 0x72, 0xF9, 0xFF, 0x1E, 0x0C, 0xE6, 0xFF, 0x24, 0x09, 0xB5, 0xFF, 0x0E, 0x08, 0x38, 0xFF, 0x05, 0x04, 0x09, 0xFF,
  0x04, 0x03, 0x05, 0xFF, 0x04, 0x03, 0x03, 0xFF, 0x04, 0x03, 0x03, 0xFF, 0x04, 0x03, 0x03, 0xFF, 0x04, 0x03, 0x03, 0xFF, 0x04, 0x03, 0x03, 0xFF,
  0x04, 0x03, 0x03, 0xFF, 0x04, 0x03, 0x03, 0xFF, 0x04, 0x03, 0x03, 0xFF, 0x04, 0x03, 0x03, 0xFF, 0x04, 0x03, 0x03, 0xFF, 0x04, 0x03, 0x04, 0xFF,
  0x04, 0x05, 0x07, 0xFF, 0x04, 0x0E, 0x1B, 0xFF, 0x02, 0x34, 0x7A, 0xFF, 0x01, 0x4E, 0xCD, 0xFF, 0x1D, 0xD8, 0xFA, 0xFF, 0x1F, 0xD8, 0xFA, 0xFF,
  0x01, 0x3C, 0x9F, 0xFF, 0x00, 0x26, 0x83, 0xFF, 0x01, 0x2B, 0x87, 0xFF, 0x02, 0x1F, 0x5C, 0xFF, 0x03, 0x0A, 0x17, 0xFF, 0x04, 0x04, 0x05, 0xFF,
  0x04, 0x03, 0x04, 0xFF, 0x04, 0x03, 0x03, 0xFF, 0x04, 0x03, 0x03, 0xFF, 0x04, 0x03, 0x03, 0xFF, 0x04, 0x03, 0x03, 0xFF, 0x04, 0x03, 0x03, 0xFF,
  0x04, 0x03, 0x03, 0xFF, 0x04, 0x03, 0x03, 0xFF, 0x04, 0x03, 0x03, 0xFF, 0x04, 0x03, 0x03, 0xFF, 0x04, 0x03, 0x03, 0xFF, 0x04, 0x03, 0x04, 0xFF,
  0x04, 0x03, 0x04, 0xFF, 0x04, 0x04, 0x04, 0xFF, 0x04, 0x04, 0x04, 0xFF, 0x04, 0x04, 0x06, 0xFF, 0x04, 0x05, 0x07, 0xFF, 0x04, 0x05, 0x08, 0xFF,
  0x04, 0x05, 0x09, 0xFF, 0x04, 0x06, 0x0B, 0xFF, 0x04, 0x07, 0x0D, 0xFF, 0x04, 0x0A, 0x13, 0xFF, 0x04, 0x0C, 0x18, 0xFF, 0x04, 0x0D, 0x1B, 0xFF,
  0x04, 0x0F, 0x21, 0xFF, 0x04, 0x12, 0x27, 0xFF, 0x04, 0x17, 0x32, 0xFF, 0x04, 0x1C, 0x3C, 0xFF, 0x04, 0x1D, 0x41, 0xFF, 0x04, 0x1E, 0x42, 0xFF,
  0x04, 0x1E, 0x43, 0xFF, 0x04, 0x20, 0x47, 0xFF, 0x05, 0x22, 0x4B, 0xFF, 0x05, 0x26, 0x51, 0xFF, 0x07, 0x2D, 0x5E, 0xFF, 0x08, 0x39, 0x72, 0xFF,
  0x0C, 0x3B, 0x73, 0xFF, 0x10, 0x4B, 0x8E, 0xFF, 0x77, 0xAF, 0xE4, 0xFF, 0x6E, 0xF8, 0xFA, 0xFF, 0x6D, 0xEC, 0xFA, 0xFF, 0x20, 0xD7, 0xFA, 0xFF,
  0x20, 0xD6, 0xFB, 0xFF, 0x1F, 0xD1, 0xFB, 0xFF, 0x1E, 0xCE, 0xFA, 0xFF, 0x1A, 0xCB, 0xFA, 0xFF, 0x07, 0x9E, 0xFA, 0xFF, 0x03, 0x91, 0xFA, 0xFF,
  0x13, 0x90, 0xEA, 0xFF, 0x0A, 0x23, 0x3F, 0xFF, 0x05, 0x08, 0x0C, 0xFF, 0x04, 0x05, 0x06, 0xFF, 0x04, 0x04, 0x05, 0xFF, 0x04, 0x04, 0x04, 0xFF,
  0x04, 0x03, 0x03, 0xFF, 0x04, 0x03, 0x03, 0xFF, 0x04, 0x03, 0x03, 0xFF, 0x04, 0x04, 0x04, 0xFF, 0x04, 0x04, 0x04, 0xFF, 0x04, 0x04, 0x05, 0xFF,
  0x06, 0x09, 0x0D, 0xFF, 0x0D, 0x26, 0x5A, 0xFF, 0x56, 0x76, 0xC0, 0xFF, 0x94, 0xD2, 0xF6, 0xFF, 0x74, 0xE8, 0xF9, 0xFF, 0x4D, 0xDA, 0xFA, 0xFF,
  0x4A, 0xD4, 0xFA, 0xFF, 0x4A, 0xD3, 0xFA, 0xFF, 0x49, 0xD1, 0xFA, 0xFF, 0x47, 0xD0, 0xFA, 0xFF, 0x42, 0xCC, 0xFA, 0xFF, 0x3F, 0xC8, 0xFB, 0xFF,
  0x3C, 0xC5, 0xFB, 0xFF, 0x62, 0xD3, 0xFA, 0xFF, 0x7B, 0xE4, 0xFA, 0xFF, 0x4E, 0xD0, 0xFB, 0xFF, 0x32, 0xB7, 0xFB, 0xFF, 0x30, 0xAD, 0xFB, 0xFF,
  0x29, 0xA5, 0xFA, 0xFF, 0x28, 0xA2, 0xFB, 0xFF, 0x26, 0xA1, 0xFB, 0xFF, 0x23, 0x9C, 0xFA, 0xFF, 0x20, 0x98, 0xF9, 0xFF, 0x1F, 0x93, 0xF9, 0xFF,
  0x2E, 0xAC, 0xF9, 0xFF, 0x50, 0xD7, 0xF8, 0xFF, 0x38, 0x90, 0xC8, 0xFF, 0x0E, 0x20, 0x92, 0xFF, 0x01, 0x0C, 0x6B, 0xFF, 0x04, 0x0D, 0x3D, 0xFF,
  0x05, 0x08, 0x13, 0xFF, 0x04, 0x04, 0x05, 0xFF, 0x04, 0x04, 0x04, 0xFF, 0x04, 0x03, 0x04, 0xFF, 0x04, 0x03, 0x04, 0xFF, 0x04, 0x03, 0x04, 0xFF,
  0x04, 0x03, 0x04, 0xFF, 0x04, 0x03, 0x04, 0xFF, 0x04, 0x03, 0x05, 0xFF, 0x04, 0x04, 0x06, 0xFF, 0x0B, 0x0D, 0x24, 0xFF, 0x2A, 0x3B, 0xA7, 0xFF,
  0x41, 0x58, 0xF3, 0xFF, 0x33, 0x43, 0xF4, 0xFF, 0x1C, 0x22, 0xEF, 0xFF, 0x12, 0x15, 0xEC, 0xFF, 0x14, 0x1A, 0xED, 0xFF, 0x15, 0x1B, 0xF0, 0xFF,
  0x17, 0x1E, 0xF4, 0xFF, 0x1B, 0x23, 0xF8, 0xFF, 0x1D, 0x27, 0xF9, 0xFF, 0x1F, 0x2B, 0xF8, 0xFF, 0x22, 0x34, 0xF9, 0xFF, 0x26, 0x3B, 0xFA, 0xFF,
  0x28, 0x41, 0xFA, 0xFF, 0x2B, 0x44, 0xFA, 0xFF, 0x2C, 0x46, 0xFA, 0xFF, 0x2F, 0x4B, 0xFA, 0xFF, 0x31, 0x50, 0xFA, 0xFF, 0x42, 0x64, 0xF9, 0xFF,
  0x6D, 0x8F, 0xF8, 0xFF, 0x75, 0x93, 0xF8, 0xFF, 0x4F, 0x5A, 0xD9, 0xFF, 0x14, 0x19, 0x8F, 0xFF, 0x0F, 0x16, 0x5F, 0xFF, 0x0C, 0x15, 0x50, 0xFF,
  0x0A, 0x0F, 0x36, 0xFF, 0x08, 0x0C, 0x2A, 0xFF, 0x07, 0x0A, 0x24, 0xFF, 0x06, 0x08, 0x1F, 0xFF, 0x06, 0x08, 0x1C, 0xFF, 0x06, 0x07, 0x1B, 0xFF,
  0x06, 0x07, 0x18, 0xFF, 0x06, 0x06, 0x17, 0xFF, 0x06, 0x06, 0x16, 0xFF, 0x06, 0x06, 0x16, 0xFF, 0x06, 0x06, 0x15, 0xFF, 0x06, 0x05, 0x15, 0xFF,
  0x06, 0x05, 0x13, 0xFF, 0x05, 0x05, 0x10, 0xFF, 0x05, 0x04, 0x0D, 0xFF, 0x05, 0x04, 0x08, 0xFF, 0x04, 0x03, 0x07, 0xFF, 0x04, 0x03, 0x06, 0xFF,
  0x04, 0x03, 0x06, 0xFF, 0x04, 0x03, 0x05, 0xFF, 0x04, 0x03, 0x05, 0xFF, 0x04, 0x03, 0x04, 0xFF, 0x04, 0x03, 0x04, 0xFF, 0x04, 0x03, 0x04, 0xFF,
  0x04, 0x03, 0x04, 0xFF, 0x04, 0x03, 0x04, 0xFF, 0x04, 0x03, 0x04, 0xFF, 0x04, 0x03, 0x04, 0xFF, 0x04, 0x03, 0x03, 0xFF, 0x04, 0x03, 0x04, 0xFF,
  0x06, 0x03, 0x13, 0xFF, 0x14, 0x03, 0x62, 0xFF, 0x22, 0x02, 0xA8, 0xFF, 0x22, 0x02, 0xB2, 0xFF, 0x20, 0x02, 0xAD, 0xFF, 0x10, 0x05, 0xA7, 0xFF,
  0x80, 0x7D, 0xFA, 0xFF, 0x76, 0x73, 0xFA, 0xFF, 0x1F, 0x0C, 0xE7, 0xFF, 0x25, 0x09, 0xBB, 0xFF, 0x0F, 0x08, 0x3B, 0xFF, 0x05, 0x04, 0x09, 0xFF,
  0x04, 0x03, 0x05, 0xFF, 0x04, 0x03, 0x03, 0xFF, 0x04, 0x03, 0x03, 0xFF, 0x04, 0x03, 0x03, 0xFF, 0x04, 0x03, 0x03, 0xFF, 0x04, 0x03, 0x03, 0xFF,
  0x04, 0x03, 0x03, 0xFF, 0x04, 0x03, 0x03, 0xFF, 0x04, 0x03, 0x03, 0xFF, 0x04, 0x03, 0x03, 0xFF, 0x04, 0x03, 0x03, 0xFF, 0x04, 0x03, 0x04, 0xFF,
  0x04, 0x05, 0x07, 0xFF, 0x04, 0x0D, 0x19, 0xFF, 0x03, 0x31, 0x72, 0xFF, 0x01, 0x4D, 0xCC, 0xFF, 0x1E, 0xD8, 0xFA, 0xFF, 0x1F, 0xD8, 0xFA, 0xFF,
  0x01, 0x3D, 0xA2, 0xFF, 0x01, 0x27, 0x85, 0xFF, 0x01, 0x2C, 0x88, 0xFF, 0x02, 0x20, 0x5E, 0xFF, 0x03, 0x0A, 0x17, 0xFF, 0x04, 0x04, 0x05, 0xFF,
  0x04, 0x03, 0x03, 0xFF, 0x04, 0x03, 0x03, 0xFF, 0x04, 0x03, 0x03, 0xFF, 0x04, 0x03, 0x03, 0xFF, 0x04, 0x03, 0x03, 0xFF, 0x04, 0x03, 0x03, 0xFF,
  0x04, 0x03, 0x03, 0xFF, 0x04, 0x03, 0x03, 0xFF, 0x04, 0x03, 0x03, 0xFF, 0x04, 0x03, 0x03, 0xFF, 0x04, 0x03, 0x03, 0xFF, 0x04, 0x03, 0x03, 0xFF,
  0x04, 0x03, 0x04, 0xFF, 0x04, 0x04, 0x04, 0xFF, 0x04, 0x04, 0x05, 0xFF, 0x04, 0x04, 0x06, 0xFF, 0x04, 0x05, 0x07, 0xFF, 0x04, 0x05, 0x08, 0xFF,
  0x04, 0x06, 0x0A, 0xFF, 0x04, 0x07, 0x0D, 0xFF, 0x04, 0x09, 0x11, 0xFF, 0x04, 0x0C, 0x18, 0xFF, 0x04, 0x10, 0x22, 0xFF, 0x04, 0x12, 0x27, 0xFF,
  0x04, 0x15, 0x2D, 0xFF, 0x04, 0x18, 0x35, 0xFF, 0x04, 0x1D, 0x40, 0xFF, 0x03, 0x25, 0x4B, 0xFF, 0x04, 0x1F, 0x44, 0xFF, 0x04, 0x1F, 0x45, 0xFF,
  0x04, 0x21, 0x4A, 0xFF, 0x04, 0x24, 0x50, 0xFF, 0x05, 0x23, 0x4E, 0xFF, 0x05, 0x26, 0x52, 0xFF, 0x06, 0x31, 0x65, 0xFF, 0x07, 0x3D, 0x74, 0xFF,
  0x0B, 0x39, 0x70, 0xFF, 0x0F, 0x41, 0x79, 0xFF, 0x29, 0x63, 0xB0, 0xFF, 0x99, 0xF4, 0xF6, 0xFF, 0x89, 0xF8, 0xFA, 0xFF, 0x2B, 0xE3, 0xFB, 0xFF,
  0x21, 0xDB, 0xFB, 0xFF, 0x20, 0xD4, 0xFA, 0xFF, 0x1F, 0xCF, 0xFA, 0xFF, 0x1C, 0xCD, 0xFB, 0xFF, 0x13, 0xB9, 0xFA, 0xFF, 0x02, 0x90, 0xF9, 0xFF,
  0x02, 0x8B, 0xF9, 0xFF, 0x1A, 0x65, 0x9B, 0xFF, 0x05, 0x0D, 0x14, 0xFF, 0x04, 0x06, 0x07, 0xFF, 0x04, 0x04, 0x05, 0xFF, 0x04, 0x04, 0x04, 0xFF,
  0x04, 0x04, 0x04, 0xFF, 0x04, 0x04, 0x04, 0xFF, 0x04, 0x04, 0x04, 0xFF, 0x04, 0x04, 0x05, 0xFF, 0x05, 0x05, 0x07, 0xFF, 0x09, 0x14, 0x2C, 0xFF,
  0x3A, 0x5A, 0xB4, 0xFF, 0x8C, 0xC5, 0xF6, 0xFF, 0x61, 0xD9, 0xFA, 0xFF, 0x40, 0xCB, 0xFA, 0xFF, 0x43, 0xC8, 0xFB, 0xFF, 0x45, 0xC9, 0xFB, 0xFF,
  0x44, 0xC8, 0xFB, 0xFF, 0x42, 0xC7, 0xFB, 0xFF, 0x41, 0xC4, 0xFB, 0xFF, 0x3C, 0xC0, 0xFA, 0xFF, 0x33, 0xBF, 0xFA, 0xFF, 0x60, 0xD2, 0xFB, 0xFF,
  0xA3, 0xEF, 0xFA, 0xFF, 0x62, 0xDE, 0xFA, 0xFF, 0x33, 0xB7, 0xFA, 0xFF, 0x2E, 0xAB, 0xFA, 0xFF, 0x2C, 0xA5, 0xFB, 0xFF, 0x28, 0xA1, 0xFA, 0xFF,
  0x24, 0x9C, 0xFA, 0xFF, 0x23, 0x9A, 0xFA, 0xFF, 0x21, 0x96, 0xFA, 0xFF, 0x1F, 0x92, 0xFA, 0xFF, 0x27, 0x9D, 0xFA, 0xFF, 0x36, 0xCD, 0xF9, 0xFF,
  0x3D, 0xC0, 0xE4, 0xFF, 0x23, 0x40, 0x87, 0xFF, 0x01, 0x0C, 0x66, 0xFF, 0x02, 0x0F, 0x58, 0xFF, 0x05, 0x0B, 0x1E, 0xFF, 0x05, 0x05, 0x08, 0xFF,
  0x04, 0x04, 0x05, 0xFF, 0x04, 0x03, 0x04, 0xFF, 0x04, 0x03, 0x04, 0xFF, 0x04, 0x03, 0x04, 0xFF, 0x04, 0x03, 0x04, 0xFF, 0x04, 0x03, 0x04, 0xFF,
  0x04, 0x03, 0x05, 0xFF, 0x04, 0x04, 0x05, 0xFF, 0x06, 0x07, 0x13, 0xFF, 0x1A, 0x23, 0x6E, 0xFF, 0x35, 0x4C, 0xE1, 0xFF, 0x2E, 0x43, 0xF8, 0xFF,
  0x16, 0x1D, 0xEC, 0xFF, 0x0E, 0x13, 0xE4, 0xFF, 0x0F, 0x14, 0xE6, 0xFF, 0x12, 0x17, 0xEB, 0xFF, 0x13, 0x19, 0xEE, 0xFF, 0x16, 0x1C, 0xF2, 0xFF,
  0x18, 0x1F, 0xF7, 0xFF, 0x1C, 0x25, 0xF9, 0xFF, 0x1F, 0x2A, 0xF9, 0xFF, 0x21, 0x2F, 0xF9, 0xFF, 0x24, 0x3B, 0xFA, 0xFF, 0x27, 0x49, 0xFA, 0xFF,
  0x2A, 0x4E, 0xFA, 0xFF, 0x2E, 0x4D, 0xFA, 0xFF, 0x30, 0x4F, 0xFA, 0xFF, 0x32, 0x51, 0xFA, 0xFF, 0x41, 0x65, 0xF9, 0xFF, 0x6C, 0x93, 0xF9, 0xFF,
  0x78, 0x97, 0xF7, 0xFF, 0x51, 0x57, 0xD3, 0xFF, 0x14, 0x1A, 0x84, 0xFF, 0x0F, 0x17, 0x59, 0xFF, 0x0C, 0x13, 0x47, 0xFF, 0x0B, 0x11, 0x3F, 0xFF,
  0x08, 0x0E, 0x30, 0xFF, 0x07, 0x0B, 0x27, 0xFF, 0x07, 0x0A, 0x22, 0xFF, 0x06, 0x08, 0x1C, 0xFF, 0x06, 0x07, 0x1A, 0xFF, 0x06, 0x07, 0x18, 0xFF,
  0x06, 0x07, 0x17, 0xFF, 0x06, 0x06, 0x15, 0xFF, 0x06, 0x06, 0x14, 0xFF, 0x06, 0x06, 0x14, 0xFF, 0x06, 0x05, 0x14, 0xFF, 0x06, 0x05, 0x13, 0xFF,
  0x06, 0x05, 0x13, 0xFF, 0x05, 0x05, 0x10, 0xFF, 0x05, 0x04, 0x0E, 0xFF, 0x05, 0x04, 0x0C, 0xFF, 0x05, 0x03, 0x07, 0xFF, 0x04, 0x03, 0x06, 0xFF,
  0x04, 0x03, 0x06, 0xFF, 0x04, 0x03, 0x05, 0xFF, 0x04, 0x03, 0x05, 0xFF, 0x04, 0x03, 0x04, 0xFF, 0x04, 0x03, 0x04, 0xFF, 0x04, 0x03, 0x04, 0xFF,
  0x04, 0x03, 0x04, 0xFF, 0x04, 0x03, 0x04, 0xFF, 0x04, 0x03, 0x03, 0xFF, 0x04, 0x03, 0x03, 0xFF, 0x04, 0x03, 0x04, 0xFF, 0x04, 0x03, 0x04, 0xFF,
  0x06, 0x03, 0x13, 0xFF, 0x14, 0x02, 0x61, 0xFF, 0x22, 0x02, 0xA7, 0xFF, 0x22, 0x02, 0xB1, 0xFF, 0x21, 0x02, 0xAC, 0xFF, 0x10, 0x06, 0xA7, 0xFF,
  0x81, 0x7F, 0xFA, 0xFF, 0x74, 0x72, 0xFA, 0xFF, 0x1F, 0x0C, 0xE7, 0xFF, 0x25, 0x09, 0xBF, 0xFF, 0x10, 0x08, 0x3D, 0xFF, 0x05, 0x04, 0x09, 0xFF,
  0x04, 0x03, 0x05, 0xFF, 0x04, 0x03, 0x03, 0xFF, 0x04, 0x03, 0x03, 0xFF, 0x04, 0x03, 0x03, 0xFF, 0x04, 0x03, 0x03, 0xFF, 0x04, 0x03, 0x03, 0xFF,
  0x04, 0x03, 0x03, 0xFF, 0x04, 0x03, 0x03, 0xFF, 0x04, 0x03, 0x03, 0xFF, 0x04, 0x03, 0x03, 0xFF, 0x04, 0x03, 0x03, 0xFF, 0x04, 0x03, 0x04, 0xFF,
  0x04, 0x05, 0x07, 0xFF, 0x04, 0x0D, 0x17, 0xFF, 0x03, 0x2D, 0x6A, 0xFF, 0x01, 0x4D, 0xCB, 0xFF, 0x20, 0xD9, 0xFA, 0xFF, 0x20, 0xD8, 0xF9, 0xFF,
  0x01, 0x3C, 0xA1, 0xFF, 0x01, 0x27, 0x84, 0xFF, 0x01, 0x2C, 0x87, 0xFF, 0x02, 0x20, 0x5D, 0xFF, 0x03, 0x0A, 0x18, 0xFF, 0x04, 0x04, 0x05, 0xFF,
  0x04, 0x03, 0x03, 0xFF, 0x04, 0x03, 0x03, 0xFF, 0x04, 0x03, 0x03, 0xFF, 0x04, 0x03, 0x03, 0xFF, 0x04, 0x03, 0x03, 0xFF, 0x04, 0x03, 0x03, 0xFF,
  0x04, 0x03, 0x03, 0xFF, 0x04, 0x03, 0x03, 0xFF, 0x04, 0x03, 0x03, 0xFF, 0x04, 0x03, 0x03, 0xFF, 0x04, 0x03, 0x03, 0xFF, 0x04, 0x03, 0x03, 0xFF,
  0x04, 0x03, 0x04, 0xFF, 0x04, 0x04, 0x04, 0xFF, 0x04, 0x04, 0x05, 0xFF, 0x04, 0x04, 0x06, 0xFF, 0x04, 0x05, 0x08, 0xFF, 0x04, 0x05, 0x09, 0xFF,
  0x04, 0x07, 0x0B, 0xFF, 0x04, 0x08, 0x10, 0xFF, 0x04, 0x0A, 0x13, 0xFF, 0x04, 0x0E, 0x1D, 0xFF, 0x04, 0x14, 0x2C, 0xFF, 0x04, 0x1A, 0x39, 0xFF,
  0x04, 0x1E, 0x43, 0xFF, 0x04, 0x22, 0x4B, 0xFF, 0x03, 0x26, 0x53, 0xFF, 0x03, 0x28, 0x57, 0xFF, 0x04, 0x24, 0x4F, 0xFF, 0x04, 0x24, 0x50, 0xFF,
  0x04, 0x36, 0x69, 0xFF, 0x03, 0x33, 0x6A, 0xFF, 0x04, 0x2C, 0x61, 0xFF, 0x04, 0x32, 0x69, 0xFF, 0x05, 0x3B, 0x76, 0xFF, 0x07, 0x32, 0x68, 0xFF,
  0x09, 0x2F, 0x5F, 0xFF, 0x0D, 0x33, 0x60, 0xFF, 0x10, 0x3D, 0x72, 0xFF, 0x79, 0xAD, 0xD0, 0xFF, 0x5F, 0xF8, 0xF9, 0xFF, 0x5C, 0xF1, 0xFB, 0xFF,
  0x1F, 0xE2, 0xFB, 0xFF, 0x20, 0xD7, 0xFB, 0xFF, 0x20, 0xD3, 0xFB, 0xFF, 0x1F, 0xD1, 0xFB, 0xFF, 0x1D, 0xCF, 0xFA, 0xFF, 0x06, 0x98, 0xF9, 0xFF,
  0x02, 0x8A, 0xF8, 0xFF, 0x12, 0x8F, 0xE9, 0xFF, 0x09, 0x1F, 0x3B, 0xFF, 0x05, 0x08, 0x0B, 0xFF, 0x04, 0x05, 0x07, 0xFF, 0x04, 0x04, 0x05, 0xFF,
  0x04, 0x04, 0x05, 0xFF, 0x04, 0x04, 0x05, 0xFF, 0x04, 0x04, 0x05, 0xFF, 0x06, 0x0A, 0x13, 0xFF, 0x26, 0x41, 0x8A, 0xFF, 0x6D, 0xA3, 0xEC, 0xFF,
  0x5C, 0xCA, 0xFA, 0xFF, 0x2E, 0xB7, 0xFA, 0xFF, 0x3A, 0xBB, 0xFB, 0xFF, 0x3F, 0xBF, 0xFB, 0xFF, 0x3F, 0xC1, 0xFB, 0xFF, 0x40, 0xC2, 0xFB, 0xFF,
  0x3E, 0xC0, 0xFB, 0xFF, 0x3E, 0xBE, 0xFB, 0xFF, 0x3E, 0xC1, 0xFB, 0xFF, 0x62, 0xD5, 0xFA, 0xFF, 0x89, 0xE7, 0xFA, 0xFF, 0x63, 0xDB, 0xFA, 0xFF,
  0x31, 0xBF, 0xFA, 0xFF, 0x2E, 0xAB, 0xF9, 0xFF, 0x2C, 0xA3, 0xFA, 0xFF, 0x2A, 0x9F, 0xFB, 0xFF, 0x27, 0x9C, 0xFB, 0xFF, 0x24, 0x99, 0xFA, 0xFF,
  0x20, 0x92, 0xFA, 0xFF, 0x1D, 0x8F, 0xFA, 0xFF, 0x1F, 0x90, 0xFA, 0xFF, 0x29, 0xB5, 0xF9, 0xFF, 0x3B, 0xCD, 0xEF, 0xFF, 0x27, 0x68, 0xA8, 0xFF,
  0x05, 0x10, 0x66, 0xFF, 0x01, 0x0C, 0x56, 0xFF, 0x03, 0x0B, 0x28, 0xFF, 0x04, 0x05, 0x07, 0xFF, 0x04, 0x04, 0x04, 0xFF, 0x04, 0x03, 0x04, 0xFF,
  0x04, 0x03, 0x04, 0xFF, 0x04, 0x03, 0x04, 0xFF, 0x04, 0x03, 0x04, 0xFF, 0x04, 0x03, 0x04, 0xFF, 0x04, 0x03, 0x04, 0xFF, 0x04, 0x03, 0x05, 0xFF,
  0x05, 0x06, 0x10, 0xFF, 0x14, 0x1D, 0x5A, 0xFF, 0x30, 0x46, 0xD5, 0xFF, 0x28, 0x3F, 0xF8, 0xFF, 0x17, 0x22, 0xEE, 0xFF, 0x0E, 0x13, 0xE3, 0xFF,
  0x0F, 0x12, 0xE2, 0xFF, 0x0F, 0x14, 0xE5, 0xFF, 0x10, 0x15, 0xE8, 0xFF, 0x12, 0x18, 0xED, 0xFF, 0x15, 0x1B, 0xF0, 0xFF, 0x17, 0x1D, 0xF5, 0xFF,
  0x1A, 0x21, 0xF8, 0xFF, 0x1E, 0x27, 0xF8, 0xFF, 0x21, 0x2D, 0xF9, 0xFF, 0x25, 0x36, 0xFA, 0xFF, 0x28, 0x42, 0xFA, 0xFF, 0x2B, 0x56, 0xFB, 0xFF,
  0x2E, 0x5B, 0xFA, 0xFF, 0x32, 0x54, 0xFA, 0xFF, 0x35, 0x56, 0xFA, 0xFF, 0x44, 0x67, 0xF9, 0xFF, 0x69, 0x92, 0xF8, 0xFF, 0x70, 0x90, 0xF5, 0xFF,
  0x3D, 0x42, 0xC5, 0xFF, 0x13, 0x16, 0x78, 0xFF, 0x0D, 0x13, 0x4D, 0xFF, 0x0B, 0x11, 0x40, 0xFF, 0x0A, 0x10, 0x3C, 0xFF, 0x09, 0x0E, 0x33, 0xFF,
  0x08, 0x0C, 0x2A, 0xFF, 0x07, 0x0B, 0x25, 0xFF, 0x06, 0x09, 0x1F, 0xFF, 0x06, 0x08, 0x1B, 0xFF, 0x06, 0x07, 0x18, 0xFF, 0x06, 0x07, 0x16, 0xFF,
  0x05, 0x06, 0x13, 0xFF, 0x05, 0x05, 0x12, 0xFF, 0x05, 0x05, 0x12, 0xFF, 0x05, 0x05, 0x12, 0xFF, 0x06, 0x05, 0x13, 0xFF, 0x06, 0x05, 0x14, 0xFF,
  0x06, 0x05, 0x15, 0xFF, 0x06, 0x05, 0x13, 0xFF, 0x05, 0x05, 0x10, 0xFF, 0x05, 0x04, 0x0D, 0xFF, 0x05, 0x04, 0x0A, 0xFF, 0x04, 0x03, 0x06, 0xFF,
  0x04, 0x03, 0x06, 0xFF, 0x04, 0x03, 0x05, 0xFF, 0x04, 0x03, 0x05, 0xFF, 0x04, 0x03, 0x05, 0xFF, 0x04, 0x03, 0x04, 0xFF, 0x04, 0x03, 0x04, 0xFF,
  0x04, 0x03, 0x04, 0xFF, 0x04, 0x03, 0x03, 0xFF, 0x04, 0x03, 0x03, 0xFF, 0x04, 0x03, 0x03, 0xFF, 0x04, 0x03, 0x04, 0xFF, 0x04, 0x03, 0x04, 0xFF,
  0x06, 0x03, 0x14, 0xFF, 0x14, 0x03, 0x61, 0xFF, 0x22, 0x02, 0xA7, 0xFF, 0x23, 0x02, 0xB2, 0xFF, 0x22, 0x02, 0xAD, 0xFF, 0x0F, 0x04, 0xA6, 0xFF,
  0x7B, 0x78, 0xFA, 0xFF, 0x73, 0x71, 0xFA, 0xFF, 0x1F, 0x0B, 0xE5, 0xFF, 0x26, 0x09, 0xC2, 0xFF, 0x0F, 0x08, 0x3B, 0xFF, 0x05, 0x04, 0x09, 0xFF,
  0x04, 0x03, 0x05, 0xFF, 0x04, 0x03, 0x03, 0xFF, 0x04, 0x03, 0x03, 0xFF, 0x04, 0x03, 0x03, 0xFF, 0x04, 0x03, 0x03, 0xFF, 0x04, 0x03, 0x03, 0xFF,
  0x04, 0x03, 0x03, 0xFF, 0x04, 0x03, 0x03, 0xFF, 0x04, 0x03, 0x03, 0xFF, 0x04, 0x03, 0x03, 0xFF, 0x04, 0x03, 0x03, 0xFF, 0x04, 0x03, 0x04, 0xFF,
  0x04, 0x05, 0x07, 0xFF, 0x04, 0x0E, 0x1A, 0xFF, 0x03, 0x30, 0x70, 0xFF, 0x01, 0x4D, 0xCC, 0xFF, 0x1C, 0xD7, 0xF9, 0xFF, 0x20, 0xD7, 0xFA, 0xFF,
  0x02, 0x3D, 0xA2, 0xFF, 0x01, 0x27, 0x85, 0xFF, 0x00, 0x2A, 0x87, 0xFF, 0x02, 0x1E, 0x5B, 0xFF, 0x03, 0x0A, 0x18, 0xFF, 0x04, 0x04, 0x05, 0xFF,
  0x04, 0x03, 0x03, 0xFF, 0x04, 0x03, 0x03, 0xFF, 0x04, 0x03, 0x03, 0xFF, 0x04, 0x03, 0x03, 0xFF, 0x04, 0x03, 0x03, 0xFF, 0x04, 0x03, 0x03, 0xFF,
  0x04, 0x03, 0x03, 0xFF, 0x04, 0x03, 0x03, 0xFF, 0x04, 0x03, 0x03, 0xFF, 0x04, 0x03, 0x03, 0xFF, 0x04, 0x03, 0x03, 0xFF, 0x04, 0x03, 0x03, 0xFF,
  0x04, 0x03, 0x04, 0xFF, 0x04, 0x04, 0x04, 0xFF, 0x04, 0x04, 0x05, 0xFF, 0x04, 0x04, 0x06, 0xFF, 0x04, 0x05, 0x08, 0xFF, 0x04, 0x06, 0x09, 0xFF,
  0x04, 0x07, 0x0C, 0xFF, 0x04, 0x09, 0x12, 0xFF, 0x04, 0x0C, 0x18, 0xFF, 0x03, 0x12, 0x28, 0xFF, 0x03, 0x1C, 0x3F, 0xFF, 0x03, 0x2A, 0x5D, 0xFF,
  0x03, 0x31, 0x71, 0xFF, 0x02, 0x3A, 0x83, 0xFF, 0x02, 0x40, 0x8F, 0xFF, 0x02, 0x3E, 0x8C, 0xFF, 0x03, 0x36, 0x79, 0xFF, 0x03, 0x32, 0x6E, 0xFF,
  0x03, 0x2B, 0x5F, 0xFF, 0x04, 0x28, 0x59, 0xFF, 0x04, 0x2D, 0x63, 0xFF, 0x04, 0x3C, 0x76, 0xFF, 0x04, 0x3A, 0x78, 0xFF, 0x06, 0x2F, 0x64, 0xFF,
  0x08, 0x2C, 0x5A, 0xFF, 0x0A, 0x2F, 0x5B, 0xFF, 0x0E, 0x36, 0x64, 0xFF, 0x26, 0x60, 0xAB, 0xFF, 0x99, 0xF0, 0xF6, 0xFF, 0x80, 0xF8, 0xFA, 0xFF,
  0x23, 0xE7, 0xFA, 0xFF, 0x22, 0xDD, 0xFB, 0xFF, 0x22, 0xDA, 0xFB, 0xFF, 0x20, 0xD5, 0xFB, 0xFF, 0x1E, 0xD1, 0xFA, 0xFF, 0x14, 0xBD, 0xF9, 0xFF,
  0x02, 0x8A, 0xF9, 0xFF, 0x03, 0x89, 0xF9, 0xFF, 0x13, 0x5C, 0x92, 0xFF, 0x05, 0x0C, 0x13, 0xFF, 0x05, 0x06, 0x09, 0xFF, 0x04, 0x05, 0x06, 0xFF,
  0x04, 0x05, 0x07, 0xFF, 0x05, 0x08, 0x0C, 0xFF, 0x18, 0x2E, 0x61, 0xFF, 0x59, 0x90, 0xDA, 0xFF, 0x4C, 0xBA, 0xF9, 0xFF, 0x25, 0xA3, 0xFA, 0xFF,
  0x27, 0x9F, 0xFA, 0xFF, 0x2E, 0xA8, 0xFB, 0xFF, 0x36, 0xB2, 0xFB, 0xFF, 0x39, 0xB6, 0xFB, 0xFF, 0x3A, 0xB8, 0xFB, 0xFF, 0x39, 0xB8, 0xFB, 0xFF,
  0x35, 0xBE, 0xFB, 0xFF, 0x5B, 0xD4, 0xFB, 0xFF, 0x8E, 0xEC, 0xFB, 0xFF, 0x6A, 0xD5, 0xFB, 0xFF, 0x38, 0xB3, 0xFB, 0xFF, 0x2D, 0xA3, 0xFA, 0xFF,
  0x28, 0x9C, 0xF9, 0xFF, 0x27, 0x98, 0xF9, 0xFF, 0x25, 0x96, 0xFA, 0xFF, 0x23, 0x94, 0xFB, 0xFF, 0x21, 0x90, 0xFB, 0xFF, 0x1E, 0x8D, 0xFA, 0xFF,
  0x1B, 0x88, 0xFA, 0xFF, 0x36, 0xAC, 0xFA, 0xFF, 0x31, 0xD0, 0xF6, 0xFF, 0x32, 0x84, 0xBF, 0xFF, 0x0E, 0x1D, 0x72, 0xFF, 0x01, 0x0D, 0x52, 0xFF,
  0x03, 0x10, 0x3F, 0xFF, 0x05, 0x09, 0x11, 0xFF, 0x04, 0x04, 0x05, 0xFF, 0x04, 0x04, 0x04, 0xFF, 0x04, 0x03, 0x04, 0xFF, 0x04, 0x03, 0x04, 0xFF,
  0x04, 0x03, 0x04, 0xFF, 0x04, 0x03, 0x04, 0xFF, 0x04, 0x03, 0x04, 0xFF, 0x04, 0x03, 0x05, 0xFF, 0x04, 0x04, 0x07, 0xFF, 0x10, 0x17, 0x43, 0xFF,
  0x2C, 0x44, 0xCA, 0xFF, 0x25, 0x3A, 0xF4, 0xFF, 0x11, 0x1C, 0xED, 0xFF, 0x0D, 0x14, 0xE3, 0xFF, 0x0E, 0x14, 0xE1, 0xFF, 0x0E, 0x13, 0xE2, 0xFF,
  0x0F, 0x13, 0xE4, 0xFF, 0x10, 0x15, 0xE6, 0xFF, 0x11, 0x17, 0xEA, 0xFF, 0x14, 0x19, 0xEF, 0xFF, 0x16, 0x1C, 0xF3, 0xFF, 0x18, 0x1F, 0xF8, 0xFF,
  0x1C, 0x24, 0xF8, 0xFF, 0x1F, 0x2A, 0xF8, 0xFF, 0x23, 0x32, 0xF8, 0xFF, 0x27, 0x3B, 0xFA, 0xFF, 0x2A, 0x44, 0xFA, 0xFF, 0x2E, 0x51, 0xFA, 0xFF,
  0x33, 0x58, 0xFA, 0xFF, 0x35, 0x58, 0xFA, 0xFF, 0x4D, 0x74, 0xFA, 0xFF, 0x6A, 0x97, 0xF9, 0xFF, 0x8B, 0xA7, 0xF2, 0xFF, 0x34, 0x39, 0xB3, 0xFF,
  0x13, 0x18, 0x6C, 0xFF, 0x0E, 0x12, 0x45, 0xFF, 0x0B, 0x0F, 0x35, 0xFF, 0x09, 0x0E, 0x30, 0xFF, 0x08, 0x10, 0x33, 0xFF, 0x08, 0x0E, 0x31, 0xFF,
  0x07, 0x0B, 0x27, 0xFF, 0x07, 0x0A, 0x21, 0xFF, 0x06, 0x08, 0x1B, 0xFF, 0x06, 0x07, 0x18, 0xFF, 0x06, 0x06, 0x15, 0xFF, 0x05, 0x06, 0x13, 0xFF,
  0x05, 0x05, 0x11, 0xFF, 0x05, 0x05, 0x0F, 0xFF, 0x05, 0x05, 0x0E, 0xFF, 0x05, 0x05, 0x0E, 0xFF, 0x05, 0x05, 0x11, 0xFF, 0x07, 0x05, 0x1C, 0xFF,
  0x08, 0x07, 0x32, 0xFF, 0x07, 0x05, 0x1D, 0xFF, 0x05, 0x04, 0x0F, 0xFF, 0x05, 0x04, 0x09, 0xFF, 0x05, 0x04, 0x08, 0xFF, 0x04, 0x03, 0x06, 0xFF,
  0x04, 0x03, 0x05, 0xFF, 0x04, 0x03, 0x05, 0xFF, 0x04, 0x03, 0x05, 0xFF, 0x04, 0x03, 0x04, 0xFF, 0x04, 0x03, 0x04, 0xFF, 0x04, 0x03, 0x03, 0xFF,
  0x04, 0x03, 0x03, 0xFF, 0x04, 0x03, 0x03, 0xFF, 0x04, 0x03, 0x03, 0xFF, 0x04, 0x03, 0x03, 0xFF, 0x04, 0x03, 0x03, 0xFF, 0x04, 0x03, 0x04, 0xFF,
  0x06, 0x03, 0x12, 0xFF, 0x14, 0x02, 0x5E, 0xFF, 0x23, 0x02, 0xA6, 0xFF, 0x24, 0x02, 0xB1, 0xFF, 0x22, 0x02, 0xAD, 0xFF, 0x12, 0x04, 0xA5, 0xFF,
  0x7C, 0x79, 0xFA, 0xFF, 0x71, 0x6F, 0xFA, 0xFF, 0x23, 0x0C, 0xE9, 0xFF, 0x27, 0x0A, 0xC5, 0xFF, 0x0F, 0x08, 0x3C, 0xFF, 0x05, 0x04, 0x09, 0xFF,
  0x04, 0x03, 0x05, 0xFF, 0x04, 0x03, 0x03, 0xFF, 0x04, 0x03, 0x03, 0xFF, 0x04, 0x03, 0x03, 0xFF, 0x04, 0x03, 0x03, 0xFF, 0x04, 0x03, 0x03, 0xFF,
  0x04, 0x03, 0x03, 0xFF, 0x04, 0x03, 0x03, 0xFF, 0x04, 0x03, 0x03, 0xFF, 0x04, 0x03, 0x03, 0xFF, 0x04, 0x03, 0x03, 0xFF, 0x04, 0x03, 0x04, 0xFF,
  0x04, 0x05, 0x07, 0xFF, 0x04, 0x0E, 0x1A, 0xFF, 0x03, 0x33, 0x76, 0xFF, 0x01, 0x4B, 0xCC, 0xFF, 0x1A, 0xD6, 0xFA, 0xFF, 0x1E, 0xD7, 0xF9, 0xFF,
  0x01, 0x3D, 0xA1, 0xFF, 0x01, 0x28, 0x86, 0xFF, 0x00, 0x2B, 0x8A, 0xFF, 0x02, 0x1F, 0x5B, 0xFF, 0x03, 0x0A, 0x18, 0xFF, 0x04, 0x04, 0x05, 0xFF,
  0x04, 0x03, 0x03, 0xFF, 0x04, 0x03, 0x03, 0xFF, 0x04, 0x03, 0x03, 0xFF, 0x04, 0x03, 0x03, 0xFF, 0x04, 0x03, 0x03, 0xFF, 0x04, 0x03, 0x03, 0xFF,
  0x04, 0x03, 0x03, 0xFF, 0x04, 0x03, 0x03, 0xFF, 0x04, 0x03, 0x03, 0xFF, 0x04, 0x03, 0x03, 0xFF, 0x04, 0x03, 0x03, 0xFF, 0x04, 0x03, 0x04, 0xFF,
  0x04, 0x03, 0x04, 0xFF, 0x04, 0x04, 0x04, 0xFF, 0x04, 0x04, 0x04, 0xFF, 0x04, 0x04, 0x05, 0xFF, 0x04, 0x05, 0x07, 0xFF, 0x04, 0x06, 0x0A, 0xFF,
  0x04, 0x07, 0x0E, 0xFF, 0x04, 0x0A, 0x13, 0xFF, 0x04, 0x0D, 0x1C, 0xFF, 0x03, 0x17, 0x33, 0xFF, 0x03, 0x26, 0x56, 0xFF, 0x02, 0x3E, 0x8A, 0xFF,
  0x01, 0x5A, 0xC1, 0xFF, 0x01, 0x6B, 0xE7, 0xFF, 0x01, 0x6F, 0xEC, 0xFF, 0x01, 0x62, 0xDD, 0xFF, 0x01, 0x55, 0xBA, 0xFF, 0x02, 0x3A, 0x81, 0xFF,
  0x04, 0x29, 0x5C, 0xFF, 0x04, 0x23, 0x4F, 0xFF, 0x04, 0x21, 0x4A, 0xFF, 0x04, 0x24, 0x50, 0xFF, 0x04, 0x2C, 0x5D, 0xFF, 0x04, 0x32, 0x64, 0xFF,
  0x06, 0x2C, 0x5D, 0xFF, 0x08, 0x32, 0x61, 0xFF, 0x0C, 0x34, 0x63, 0xFF, 0x0F, 0x49, 0x8B, 0xFF, 0x85, 0xB6, 0xDF, 0xFF, 0x6A, 0xF9, 0xFA, 0xFF,
  0x66, 0xF2, 0xFA, 0xFF, 0x20, 0xE3, 0xFB, 0xFF, 0x22, 0xDE, 0xFA, 0xFF, 0x20, 0xD9, 0xFA, 0xFF, 0x1F, 0xD4, 0xFA, 0xFF, 0x1D, 0xD3, 0xF9, 0xFF,
  0x05, 0x95, 0xF9, 0xFF, 0x04, 0x89, 0xFA, 0xFF, 0x12, 0x8A, 0xE5, 0xFF, 0x06, 0x1B, 0x37, 0xFF, 0x05, 0x0B, 0x12, 0xFF, 0x05, 0x08, 0x0C, 0xFF,
  0x06, 0x0C, 0x17, 0xFF, 0x38, 0x6D, 0xAA, 0xFF, 0x55, 0xBD, 0xF9, 0xFF, 0x14, 0x98, 0xF9, 0xFF, 0x1B, 0x91, 0xF9, 0xFF, 0x21, 0x93, 0xFA, 0xFF,
  0x23, 0x95, 0xFA, 0xFF, 0x2B, 0x9E, 0xFB, 0xFF, 0x31, 0xA6, 0xFB, 0xFF, 0x30, 0xA8, 0xFB, 0xFF, 0x31, 0xB3, 0xFA, 0xFF, 0x7A, 0xDB, 0xFB, 0xFF,
  0xB6, 0xF5, 0xFA, 0xFF, 0x68, 0xDD, 0xFA, 0xFF, 0x2D, 0xAD, 0xFA, 0xFF, 0x2C, 0x9D, 0xFB, 0xFF, 0x2A, 0x99, 0xFB, 0xFF, 0x29, 0x95, 0xFB, 0xFF,
  0x27, 0x95, 0xFB, 0xFF, 0x22, 0x8F, 0xF9, 0xFF, 0x1F, 0x8C, 0xF9, 0xFF, 0x1F, 0x89, 0xFB, 0xFF, 0x1E, 0x87, 0xFA, 0xFF, 0x30, 0x95, 0xF9, 0xFF,
  0x3B, 0xD3, 0xFA, 0xFF, 0x3C, 0xBE, 0xE2, 0xFF, 0x22, 0x39, 0x88, 0xFF, 0x01, 0x0E, 0x57, 0xFF, 0x02, 0x0D, 0x41, 0xFF, 0x04, 0x07, 0x10, 0xFF,
  0x04, 0x04, 0x05, 0xFF, 0x04, 0x03, 0x04, 0xFF, 0x04, 0x03, 0x04, 0xFF, 0x04, 0x03, 0x04, 0xFF, 0x04, 0x03, 0x04, 0xFF, 0x04, 0x03, 0x04, 0xFF,
  0x04, 0x03, 0x04, 0xFF, 0x04, 0x04, 0x06, 0xFF, 0x04, 0x04, 0x08, 0xFF, 0x0B, 0x11, 0x3D, 0xFF, 0x24, 0x39, 0xAE, 0xFF, 0x25, 0x40, 0xF1, 0xFF,
  0x0E, 0x1B, 0xEB, 0xFF, 0x0B, 0x12, 0xE2, 0xFF, 0x0C, 0x12, 0xE0, 0xFF, 0x0D, 0x13, 0xE2, 0xFF, 0x0E, 0x14, 0xE2, 0xFF, 0x0E, 0x13, 0xE2, 0xFF,
  0x0F, 0x13, 0xE5, 0xFF, 0x10, 0x15, 0xE7, 0xFF, 0x12, 0x17, 0xEB, 0xFF, 0x15, 0x1B, 0xF1, 0xFF, 0x17, 0x1E, 0xF7, 0xFF, 0x1A, 0x21, 0xF9, 0xFF,
  0x1E, 0x27, 0xF8, 0xFF, 0x21, 0x2D, 0xF8, 0xFF, 0x25, 0x35, 0xF9, 0xFF, 0x29, 0x3F, 0xFA, 0xFF, 0x2E, 0x49, 0xFA, 0xFF, 0x34, 0x54, 0xFA, 0xFF,
  0x3A, 0x5E, 0xFA, 0xFF, 0x5A, 0x85, 0xF8, 0xFF, 0x6B, 0x97, 0xF9, 0xFF, 0x82, 0x9B, 0xEA, 0xFF, 0x23, 0x24, 0x98, 0xFF, 0x10, 0x15, 0x56, 0xFF,
  0x0C, 0x11, 0x3B, 0xFF, 0x0A, 0x0E, 0x2E, 0xFF, 0x09, 0x0C, 0x28, 0xFF, 0x08, 0x0B, 0x25, 0xFF, 0x07, 0x0B, 0x25, 0xFF, 0x07, 0x0D, 0x2A, 0xFF,
  0x07, 0x0C, 0x27, 0xFF, 0x06, 0x09, 0x1F, 0xFF, 0x06, 0x07, 0x19, 0xFF, 0x06, 0x06, 0x15, 0xFF, 0x06, 0x06, 0x14, 0xFF, 0x05, 0x05, 0x11, 0xFF,
  0x05, 0x05, 0x0F, 0xFF, 0x05, 0x05, 0x0F, 0xFF, 0x05, 0x05, 0x0D, 0xFF, 0x05, 0x05, 0x0D, 0xFF, 0x05, 0x05, 0x10, 0xFF, 0x08, 0x08, 0x2F, 0xFF,
  0x10, 0x21, 0x66, 0xFF, 0x07, 0x06, 0x23, 0xFF, 0x06, 0x05, 0x10, 0xFF, 0x05, 0x04, 0x0A, 0xFF, 0x05, 0x03, 0x07, 0xFF, 0x04, 0x03, 0x06, 0xFF,
  0x04, 0x03, 0x05, 0xFF, 0x04, 0x03, 0x05, 0xFF, 0x04, 0x03, 0x05, 0xFF, 0x04, 0x03, 0x04, 0xFF, 0x04, 0x03, 0x04, 0xFF, 0x04, 0x03, 0x04, 0xFF,
  0x04, 0x03, 0x03, 0xFF, 0x04, 0x03, 0x03, 0xFF, 0x04, 0x03, 0x03, 0xFF, 0x04, 0x03, 0x03, 0xFF, 0x04, 0x03, 0x03, 0xFF, 0x04, 0x03, 0x04, 0xFF,
  0x06, 0x03, 0x10, 0xFF, 0x13, 0x02, 0x57, 0xFF, 0x23, 0x02, 0xA4, 0xFF, 0x23, 0x02, 0xB0, 0xFF, 0x22, 0x02, 0xAC, 0xFF, 0x12, 0x04, 0xA6, 0xFF,
  0x7F, 0x7D, 0xF9, 0xFF, 0x75, 0x73, 0xF9, 0xFF, 0x22, 0x0D, 0xE7, 0xFF, 0x27, 0x09, 0xC0, 0xFF, 0x0F, 0x08, 0x3A, 0xFF, 0x05, 0x04, 0x09, 0xFF,
  0x04, 0x03, 0x05, 0xFF, 0x04, 0x03, 0x04, 0xFF, 0x04, 0x03, 0x03, 0xFF, 0x04, 0x03, 0x03, 0xFF, 0x04, 0x03, 0x03, 0xFF, 0x04, 0x03, 0x03, 0xFF,
  0x04, 0x03, 0x03, 0xFF, 0x04, 0x03, 0x03, 0xFF, 0x04, 0x03, 0x03, 0xFF, 0x04, 0x03, 0x03, 0xFF, 0x04, 0x03, 0x03, 0xFF, 0x04, 0x03, 0x04, 0xFF,
  0x04, 0x05, 0x07, 0xFF, 0x04, 0x0E, 0x1A, 0xFF, 0x03, 0x35, 0x7B, 0xFF, 0x00, 0x4A, 0xCC, 0xFF, 0x1C, 0xD7, 0xF9, 0xFF, 0x1E, 0xD8, 0xF9, 0xFF,
  0x01, 0x3E, 0xA4, 0xFF, 0x00, 0x29, 0x89, 0xFF, 0x01, 0x2C, 0x8A, 0xFF, 0x02, 0x1F, 0x5B, 0xFF, 0x03, 0x0A, 0x17, 0xFF, 0x04, 0x04, 0x05, 0xFF,
  0x04, 0x03, 0x03, 0xFF, 0x04, 0x03, 0x03, 0xFF, 0x04, 0x03, 0x03, 0xFF, 0x04, 0x03, 0x03, 0xFF, 0x04, 0x03, 0x03, 0xFF, 0x04, 0x03, 0x03, 0xFF,
  0x04, 0x03, 0x03, 0xFF, 0x04, 0x03, 0x03, 0xFF, 0x04, 0x03, 0x03, 0xFF, 0x04, 0x03, 0x03, 0xFF, 0x04, 0x03, 0x03, 0xFF, 0x04, 0x03, 0x04, 0xFF,
  0x04, 0x03, 0x04, 0xFF, 0x04, 0x03, 0x04, 0xFF, 0x04, 0x04, 0x04, 0xFF, 0x04, 0x04, 0x05, 0xFF, 0x04, 0x05, 0x07, 0xFF, 0x04, 0x06, 0x0A, 0xFF,
  0x04, 0x08, 0x0F, 0xFF, 0x04, 0x0B, 0x15, 0xFF, 0x03, 0x0F, 0x20, 0xFF, 0x03, 0x1A, 0x3A, 0xFF, 0x03, 0x2E, 0x6A, 0xFF, 0x02, 0x4B, 0xA9, 0xFF,
  0x01, 0x83, 0xE3, 0xFF, 0x08, 0xC8, 0xF8, 0xFF, 0x0E, 0xCF, 0xF9, 0xFF, 0x01, 0x9C, 0xF4, 0xFF, 0x01, 0x67, 0xDC, 0xFF, 0x02, 0x45, 0x9C, 0xFF,
  0x03, 0x30, 0x6C, 0xFF, 0x03, 0x26, 0x57, 0xFF, 0x04, 0x23, 0x4F, 0xFF, 0x04, 0x25, 0x52, 0xFF, 0x04, 0x28, 0x59, 0xFF, 0x05, 0x2A, 0x5B, 0xFF,
  0x06, 0x2B, 0x5D, 0xFF, 0x07, 0x2E, 0x60, 0xFF, 0x0A, 0x32, 0x64, 0xFF, 0x0B, 0x44, 0x7F, 0xFF, 0x21, 0x6A, 0xC5, 0xFF, 0x91, 0xF1, 0xF7, 0xFF,
  0x7A, 0xF9, 0xFA, 0xFF, 0x29, 0xEB, 0xFA, 0xFF, 0x21, 0xE2, 0xF9, 0xFF, 0x20, 0xDE, 0xFA, 0xFF, 0x20, 0xD9, 0xFA, 0xFF, 0x20, 0xD8, 0xFA, 0xFF,
  0x11, 0xB7, 0xFA, 0xFF, 0x02, 0x86, 0xFA, 0xFF, 0x03, 0x84, 0xF8, 0xFF, 0x12, 0x54, 0x8E, 0xFF, 0x06, 0x14, 0x23, 0xFF, 0x06, 0x14, 0x28, 0xFF,
  0x1D, 0x7B, 0xBA, 0xFF, 0x1F, 0xA1, 0xF9, 0xFF, 0x09, 0x81, 0xF9, 0xFF, 0x11, 0x81, 0xF9, 0xFF, 0x18, 0x87, 0xF9, 0xFF, 0x1C, 0x8B, 0xFA, 0xFF,
  0x1F, 0x8D, 0xF9, 0xFF, 0x26, 0x95, 0xFA, 0xFF, 0x26, 0x9E, 0xFB, 0xFF, 0x65, 0xC5, 0xFB, 0xFF, 0xAA, 0xEF, 0xFB, 0xFF, 0x77, 0xDC, 0xFA, 0xFF,
  0x31, 0xB1, 0xFB, 0xFF, 0x2B, 0x98, 0xFB, 0xFF, 0x26, 0x90, 0xFA, 0xFF, 0x24, 0x8B, 0xFA, 0xFF, 0x23, 0x89, 0xFA, 0xFF, 0x22, 0x8A, 0xFB, 0xFF,
  0x22, 0x89, 0xFB, 0xFF, 0x1F, 0x85, 0xFA, 0xFF, 0x1C, 0x7F, 0xF9, 0xFF, 0x25, 0x83, 0xFA, 0xFF, 0x3F, 0xBA, 0xFA, 0xFF, 0x36, 0xD1, 0xF0, 0xFF,
  0x26, 0x66, 0xA5, 0xFF, 0x05, 0x0D, 0x5C, 0xFF, 0x01, 0x0E, 0x4D, 0xFF, 0x04, 0x0B, 0x22, 0xFF, 0x04, 0x05, 0x08, 0xFF, 0x04, 0x03, 0x04, 0xFF,
  0x04, 0x03, 0x04, 0xFF, 0x04, 0x03, 0x04, 0xFF, 0x04, 0x03, 0x04, 0xFF, 0x04, 0x03, 0x03, 0xFF, 0x04, 0x03, 0x04, 0xFF, 0x04, 0x03, 0x04, 0xFF,
  0x04, 0x03, 0x05, 0xFF, 0x07, 0x09, 0x1A, 0xFF, 0x18, 0x29, 0x86, 0xFF, 0x1D, 0x34, 0xEA, 0xFF, 0x0F, 0x20, 0xEB, 0xFF, 0x0C, 0x13, 0xE0, 0xFF,
  0x0B, 0x10, 0xDC, 0xFF, 0x0C, 0x10, 0xDE, 0xFF, 0x0C, 0x10, 0xE0, 0xFF, 0x0D, 0x11, 0xE2, 0xFF, 0x0E, 0x13, 0xE3, 0xFF, 0x0F, 0x14, 0xE4, 0xFF,
  0x10, 0x14, 0xE7, 0xFF, 0x11, 0x15, 0xE9, 0xFF, 0x13, 0x19, 0xED, 0xFF, 0x15, 0x1C, 0xF4, 0xFF, 0x19, 0x20, 0xF8, 0xFF, 0x1C, 0x25, 0xF9, 0xFF,
  0x20, 0x2B, 0xF9, 0xFF, 0x24, 0x32, 0xF9, 0xFF, 0x28, 0x3B, 0xF9, 0xFF, 0x2D, 0x45, 0xFA, 0xFF, 0x32, 0x4F, 0xFA, 0xFF, 0x3C, 0x5D, 0xFA, 0xFF,
  0x62, 0x8C, 0xF9, 0xFF, 0x76, 0x9E, 0xF8, 0xFF, 0x6F, 0x84, 0xDD, 0xFF, 0x1D, 0x23, 0x82, 0xFF, 0x0F, 0x15, 0x4A, 0xFF, 0x0C, 0x10, 0x35, 0xFF,
  0x0A, 0x0D, 0x2B, 0xFF, 0x08, 0x0B, 0x25, 0xFF, 0x08, 0x0B, 0x21, 0xFF, 0x07, 0x0A, 0x1F, 0xFF, 0x07, 0x0A, 0x1E, 0xFF, 0x06, 0x0A, 0x21, 0xFF,
  0x06, 0x0A, 0x20, 0xFF, 0x06, 0x09, 0x1C, 0xFF, 0x06, 0x07, 0x17, 0xFF, 0x05, 0x06, 0x13, 0xFF, 0x05, 0x06, 0x14, 0xFF, 0x05, 0x05, 0x11, 0xFF,
  0x05, 0x05, 0x0F, 0xFF, 0x05, 0x05, 0x0E, 0xFF, 0x05, 0x05, 0x0D, 0xFF, 0x05, 0x04, 0x0C, 0xFF, 0x05, 0x05, 0x0F, 0xFF, 0x06, 0x05, 0x15, 0xFF,
  0x07, 0x06, 0x1B, 0xFF, 0x06, 0x05, 0x12, 0xFF, 0x05, 0x04, 0x0D, 0xFF, 0x05, 0x04, 0x09, 0xFF, 0x05, 0x03, 0x07, 0xFF, 0x04, 0x03, 0x06, 0xFF,
  0x04, 0x03, 0x05, 0xFF, 0x04, 0x03, 0x05, 0xFF, 0x04, 0x03, 0x04, 0xFF, 0x04, 0x03, 0x04, 0xFF, 0x04, 0x03, 0x04, 0xFF, 0x04, 0x03, 0x04, 0xFF,
  0x04, 0x03, 0x03, 0xFF, 0x04, 0x03, 0x03, 0xFF, 0x04, 0x03, 0x03, 0xFF, 0x04, 0x03, 0x03, 0xFF, 0x04, 0x03, 0x03, 0xFF, 0x04, 0x03, 0x04, 0xFF,
  0x06, 0x03, 0x10, 0xFF, 0x12, 0x03, 0x54, 0xFF, 0x22, 0x02, 0xA2, 0xFF, 0x23, 0x01, 0xAD, 0xFF, 0x20, 0x01, 0xA9, 0xFF, 0x11, 0x05, 0xA5, 0xFF,
  0x88, 0x88, 0xF9, 0xFF, 0x77, 0x76, 0xF9, 0xFF, 0x22, 0x0C, 0xE6, 0xFF, 0x26, 0x09, 0xBD, 0xFF, 0x0E, 0x08, 0x38, 0xFF, 0x05, 0x04, 0x09, 0xFF,
  0x04, 0x03, 0x05, 0xFF, 0x04, 0x03, 0x04, 0xFF, 0x04, 0x03, 0x03, 0xFF, 0x04, 0x03, 0x03, 0xFF, 0x04, 0x03, 0x03, 0xFF, 0x04, 0x03, 0x03, 0xFF,
  0x04, 0x03, 0x03, 0xFF, 0x04, 0x03, 0x03, 0xFF, 0x04, 0x03, 0x03, 0xFF, 0x04, 0x03, 0x03, 0xFF, 0x04, 0x03, 0x03, 0xFF, 0x04, 0x03, 0x04, 0xFF,
  0x04, 0x05, 0x07, 0xFF, 0x04, 0x0E, 0x1B, 0xFF, 0x03, 0x35, 0x7D, 0xFF, 0x00, 0x49, 0xCD, 0xFF, 0x1B, 0xD8, 0xF9, 0xFF, 0x1E, 0xD9, 0xF9, 0xFF,
  0x01, 0x3C, 0xA4, 0xFF, 0x00, 0x29, 0x8A, 0xFF, 0x00, 0x2C, 0x8A, 0xFF, 0x02, 0x1F, 0x59, 0xFF, 0x03, 0x0A, 0x16, 0xFF, 0x04, 0x04, 0x05, 0xFF,
  0x04, 0x03, 0x03, 0xFF, 0x04, 0x03, 0x03, 0xFF, 0x04, 0x03, 0x03, 0xFF, 0x04, 0x03, 0x03, 0xFF, 0x04, 0x03, 0x03, 0xFF, 0x04, 0x03, 0x03, 0xFF,
  0x04, 0x03, 0x03, 0xFF, 0x04, 0x03, 0x03, 0xFF, 0x04, 0x03, 0x03, 0xFF, 0x04, 0x03, 0x03, 0xFF, 0x04, 0x03, 0x04, 0xFF, 0x04, 0x03, 0x04, 0xFF,
  0x04, 0x03, 0x04, 0xFF, 0x04, 0x04, 0x04, 0xFF, 0x04, 0x04, 0x04, 0xFF, 0x04, 0x04, 0x05, 0xFF, 0x04, 0x05, 0x07, 0xFF, 0x04, 0x06, 0x0B, 0xFF,
  0x04, 0x08, 0x10, 0xFF, 0x04, 0x0C, 0x17, 0xFF, 0x04, 0x10, 0x21, 0xFF, 0x03, 0x1C, 0x3E, 0xFF, 0x03, 0x30, 0x6D, 0xFF, 0x01, 0x50, 0xB5, 0xFF,
  0x03, 0x9A, 0xEB, 0xFF, 0x4D, 0xF5, 0xF9, 0xFF, 0xC5, 0xFA, 0xFA, 0xFF, 0x0A, 0xDA, 0xF7, 0xFF, 0x01, 0x79, 0xE8, 0xFF, 0x01, 0x52, 0xB4, 0xFF,
  0x02, 0x3A, 0x80, 0xFF, 0x03, 0x2E, 0x67, 0xFF, 0x03, 0x2C, 0x60, 0xFF, 0x03, 0x2B, 0x64, 0xFF, 0x03, 0x35, 0x77, 0xFF, 0x03, 0x40, 0x8E, 0xFF,
  0x03, 0x41, 0x92, 0xFF, 0x05, 0x3D, 0x85, 0xFF, 0x07, 0x38, 0x73, 0xFF, 0x0B, 0x3C, 0x76, 0xFF, 0x0D, 0x48, 0x8F, 0xFF, 0x6F, 0xAC, 0xDE, 0xFF,
  0x4B, 0xF8, 0xF8, 0xFF, 0x60, 0xF5, 0xFA, 0xFF, 0x20, 0xEA, 0xFA, 0xFF, 0x22, 0xE2, 0xFA, 0xFF, 0x22, 0xDF, 0xFB, 0xFF, 0x22, 0xDD, 0xFB, 0xFF,
  0x1F, 0xD8, 0xFA, 0xFF, 0x04, 0x8A, 0xF9, 0xFF, 0x03, 0x82, 0xF9, 0xFF, 0x11, 0x89, 0xE8, 0xFF, 0x0A, 0x2C, 0x5A, 0xFF, 0x0B, 0x69, 0xBA, 0xFF,
  0x0C, 0x84, 0xF9, 0xFF, 0x04, 0x74, 0xFA, 0xFF, 0x09, 0x76, 0xFA, 0xFF, 0x0F, 0x7A, 0xFB, 0xFF, 0x15, 0x82, 0xFB, 0xFF, 0x17, 0x86, 0xFB, 0xFF,
  0x19, 0x91, 0xFA, 0xFF, 0x65, 0xC6, 0xFB, 0xFF, 0x9D, 0xEA, 0xFA, 0xFF, 0x5B, 0xCF, 0xFA, 0xFF, 0x23, 0x9B, 0xFA, 0xFF, 0x22, 0x87, 0xFA, 0xFF,
  0x24, 0x86, 0xFA, 0xFF, 0x23, 0x86, 0xFB, 0xFF, 0x22, 0x86, 0xFB, 0xFF, 0x1F, 0x80, 0xFA, 0xFF, 0x1C, 0x7D, 0xFA, 0xFF, 0x1B, 0x7B, 0xFA, 0xFF,
  0x1B, 0x79, 0xFA, 0xFF, 0x20, 0x7D, 0xFB, 0xFF, 0x45, 0xA9, 0xF9, 0xFF, 0x32, 0xD4, 0xF6, 0xFF, 0x1F, 0x87, 0xBC, 0xFF, 0x0C, 0x1E, 0x75, 0xFF,
  0x01, 0x0B, 0x56, 0xFF, 0x03, 0x0B, 0x31, 0xFF, 0x04, 0x07, 0x0E, 0xFF, 0x04, 0x03, 0x04, 0xFF, 0x04, 0x03, 0x04, 0xFF, 0x04, 0x03, 0x04, 0xFF,
  0x04, 0x03, 0x04, 0xFF, 0x04, 0x03, 0x04, 0xFF, 0x04, 0x03, 0x03, 0xFF, 0x04, 0x03, 0x03, 0xFF, 0x04, 0x03, 0x04, 0xFF, 0x04, 0x03, 0x04, 0xFF,
  0x04, 0x04, 0x09, 0xFF, 0x1B, 0x31, 0xC3, 0xFF, 0x0C, 0x18, 0xED, 0xFF, 0x0C, 0x15, 0xDF, 0xFF, 0x0B, 0x12, 0xDB, 0xFF, 0x0A, 0x0F, 0xDA, 0xFF,
  0x0B, 0x0F, 0xDC, 0xFF, 0x0C, 0x10, 0xDE, 0xFF, 0x0D, 0x10, 0xE0, 0xFF, 0x0E, 0x11, 0xE2, 0xFF, 0x0F, 0x13, 0xE5, 0xFF, 0x10, 0x16, 0xE7, 0xFF,
  0x11, 0x16, 0xE9, 0xFF, 0x12, 0x17, 0xEC, 0xFF, 0x14, 0x1A, 0xF0, 0xFF, 0x17, 0x1E, 0xF7, 0xFF, 0x1B, 0x23, 0xF8, 0xFF, 0x1F, 0x2A, 0xFA, 0xFF,
  0x24, 0x31, 0xFA, 0xFF, 0x27, 0x39, 0xFA, 0xFF, 0x2B, 0x42, 0xFA, 0xFF, 0x31, 0x4B, 0xFA, 0xFF, 0x45, 0x68, 0xF9, 0xFF, 0x68, 0x90, 0xF9, 0xFF,
  0x76, 0x99, 0xF4, 0xFF, 0x4A, 0x56, 0xBC, 0xFF, 0x11, 0x17, 0x5F, 0xFF, 0x0E, 0x13, 0x3E, 0xFF, 0x0B, 0x0F, 0x2E, 0xFF, 0x09, 0x0D, 0x27, 0xFF,
  0x08, 0x0B, 0x23, 0xFF, 0x07, 0x0A, 0x1F, 0xFF, 0x07, 0x0A, 0x1C, 0xFF, 0x06, 0x09, 0x1C, 0xFF, 0x06, 0x09, 0x1C, 0xFF, 0x06, 0x09, 0x1D, 0xFF,
  0x06, 0x09, 0x1D, 0xFF, 0x06, 0x08, 0x19, 0xFF, 0x05, 0x06, 0x12, 0xFF, 0x05, 0x06, 0x10, 0xFF, 0x06, 0x06, 0x13, 0xFF, 0x06, 0x07, 0x19, 0xFF,
  0x06, 0x06, 0x14, 0xFF, 0x05, 0x05, 0x10, 0xFF, 0x05, 0x05, 0x0D, 0xFF, 0x05, 0x05, 0x0E, 0xFF, 0x06, 0x05, 0x12, 0xFF, 0x06, 0x05, 0x12, 0xFF,
  0x05, 0x04, 0x0F, 0xFF, 0x05, 0x04, 0x0C, 0xFF, 0x05, 0x04, 0x0B, 0xFF, 0x05, 0x04, 0x09, 0xFF, 0x05, 0x04, 0x08, 0xFF, 0x05, 0x03, 0x08, 0xFF,
  0x04, 0x03, 0x07, 0xFF, 0x04, 0x03, 0x05, 0xFF, 0x04, 0x03, 0x04, 0xFF, 0x04, 0x03, 0x04, 0xFF, 0x04, 0x03, 0x03, 0xFF, 0x04, 0x03, 0x03, 0xFF,
  0x04, 0x03, 0x03, 0xFF, 0x04, 0x03, 0x03, 0xFF, 0x04, 0x03, 0x03, 0xFF, 0x04, 0x03, 0x03, 0xFF, 0x04, 0x03, 0x03, 0xFF, 0x04, 0x03, 0x04, 0xFF,
  0x06, 0x03, 0x10, 0xFF, 0x12, 0x03, 0x54, 0xFF, 0x22, 0x02, 0x9F, 0xFF, 0x22, 0x01, 0xA9, 0xFF, 0x21, 0x01, 0xA8, 0xFF, 0x12, 0x06, 0xA7, 0xFF,
  0x85, 0x88, 0xF9, 0xFF, 0x75, 0x76, 0xF9, 0xFF, 0x20, 0x0C, 0xE6, 0xFF, 0x25, 0x09, 0xB8, 0xFF, 0x0E, 0x08, 0x36, 0xFF, 0x05, 0x04, 0x09, 0xFF,
  0x04, 0x03, 0x05, 0xFF, 0x04, 0x03, 0x03, 0xFF, 0x04, 0x03, 0x03, 0xFF, 0x04, 0x03, 0x03, 0xFF, 0x04, 0x03, 0x03, 0xFF, 0x04, 0x03, 0x03, 0xFF,
  0x04, 0x03, 0x03, 0xFF, 0x04, 0x03, 0x03, 0xFF, 0x04, 0x03, 0x03, 0xFF, 0x04, 0x03, 0x03, 0xFF, 0x04, 0x03, 0x03, 0xFF, 0x04, 0x03, 0x04, 0xFF,
  0x04, 0x06, 0x08, 0xFF, 0x04, 0x0F, 0x1D, 0xFF, 0x03, 0x34, 0x7D, 0xFF, 0x00, 0x4B, 0xCE, 0xFF, 0x1C, 0xD9, 0xF9, 0xFF, 0x1E, 0xD9, 0xFA, 0xFF,
  0x01, 0x3B, 0xA4, 0xFF, 0x00, 0x29, 0x8A, 0xFF, 0x00, 0x2D, 0x8A, 0xFF, 0x02, 0x1F, 0x5A, 0xFF, 0x03, 0x0A, 0x17, 0xFF, 0x04, 0x04, 0x05, 0xFF,
  0x04, 0x03, 0x03, 0xFF, 0x04, 0x03, 0x03, 0xFF, 0x04, 0x03, 0x03, 0xFF, 0x04, 0x03, 0x03, 0xFF, 0x04, 0x03, 0x03, 0xFF, 0x04, 0x03, 0x03, 0xFF,
  0x04, 0x03, 0x03, 0xFF, 0x04, 0x03, 0x03, 0xFF, 0x04, 0x03, 0x03, 0xFF, 0x04, 0x03, 0x03, 0xFF, 0x04, 0x03, 0x04, 0xFF, 0x04, 0x03, 0x04, 0xFF,
  0x04, 0x03, 0x04, 0xFF, 0x04, 0x04, 0x04, 0xFF, 0x04, 0x04, 0x04, 0xFF, 0x04, 0x04, 0x05, 0xFF, 0x04, 0x04, 0x07, 0xFF, 0x04, 0x06, 0x0A, 0xFF,
  0x04, 0x08, 0x0F, 0xFF, 0x04, 0x0B, 0x17, 0xFF, 0x03, 0x0F, 0x20, 0xFF, 0x03, 0x19, 0x37, 0xFF, 0x03, 0x29, 0x5C, 0xFF, 0x02, 0x49, 0xA4, 0xFF,
  0x01, 0x7D, 0xE6, 0xFF, 0x0E, 0xDA, 0xF9, 0xFF, 0x33, 0xF0, 0xF9, 0xFF, 0x02, 0xB9, 0xF8, 0xFF, 0x00, 0x6C, 0xE7, 0xFF, 0x02, 0x4F, 0xB1, 0xFF,
  0x02, 0x36, 0x79, 0xFF, 0x03, 0x2D, 0x64, 0xFF, 0x03, 0x2D, 0x63, 0xFF, 0x02, 0x33, 0x72, 0xFF, 0x02, 0x49, 0xA0, 0xFF, 0x03, 0x76, 0xE0, 0xFF,
  0x02, 0x7C, 0xE7, 0xFF, 0x03, 0x60, 0xC6, 0xFF, 0x05, 0x3D, 0x83, 0xFF, 0x08, 0x35, 0x6D, 0xFF, 0x0A, 0x36, 0x69, 0xFF, 0x1F, 0x5A, 0xA6, 0xFF,
  0x5F, 0xF1, 0xF4, 0xFF, 0x61, 0xF4, 0xFA, 0xFF, 0x20, 0xF1, 0xFC, 0xFF, 0x24, 0xE6, 0xFB, 0xFF, 0x24, 0xE3, 0xFB, 0xFF, 0x24, 0xDF, 0xFA, 0xFF,
  0x25, 0xDC, 0xFB, 0xFF, 0x12, 0xAF, 0xFA, 0xFF, 0x01, 0x7E, 0xF8, 0xFF, 0x02, 0x80, 0xF8, 0xFF, 0x12, 0x8B, 0xE7, 0xFF, 0x08, 0x7E, 0xF6, 0xFF,
  0x01, 0x6B, 0xF9, 0xFF, 0x04, 0x6F, 0xFB, 0xFF, 0x0B, 0x73, 0xFB, 0xFF, 0x0D, 0x75, 0xFB, 0xFF, 0x0F, 0x80, 0xFB, 0xFF, 0x40, 0xB8, 0xFB, 0xFF,
  0x8C, 0xE6, 0xF9, 0xFF, 0x5C, 0xD0, 0xFB, 0xFF, 0x1F, 0x9A, 0xFA, 0xFF, 0x1C, 0x7E, 0xFB, 0xFF, 0x1B, 0x75, 0xFB, 0xFF, 0x1B, 0x73, 0xFA, 0xFF,
  0x1D, 0x77, 0xFA, 0xFF, 0x1E, 0x7A, 0xFB, 0xFF, 0x1F, 0x7B, 0xFB, 0xFF, 0x1D, 0x79, 0xFB, 0xFF, 0x1A, 0x76, 0xFA, 0xFF, 0x16, 0x70, 0xFA, 0xFF,
  0x2C, 0x80, 0xFA, 0xFF, 0x42, 0xD2, 0xF9, 0xFF, 0x1C, 0xC5, 0xE7, 0xFF, 0x0E, 0x39, 0x8D, 0xFF, 0x00, 0x07, 0x55, 0xFF, 0x02, 0x0C, 0x41, 0xFF,
  0x04, 0x06, 0x0F, 0xFF, 0x04, 0x04, 0x05, 0xFF, 0x04, 0x03, 0x04, 0xFF, 0x04, 0x03, 0x03, 0xFF, 0x04, 0x03, 0x03, 0xFF, 0x04, 0x03, 0x03, 0xFF,
  0x04, 0x03, 0x03, 0xFF, 0x04, 0x03, 0x03, 0xFF, 0x04, 0x03, 0x04, 0xFF, 0x04, 0x03, 0x03, 0xFF, 0x04, 0x03, 0x04, 0xFF, 0x04, 0x03, 0x04, 0xFF,
  0x06, 0x07, 0x15, 0xFF, 0x2C, 0x4A, 0xD0, 0xFF, 0x0E, 0x19, 0xED, 0xFF, 0x0F, 0x17, 0xE0, 0xFF, 0x0D, 0x13, 0xDC, 0xFF, 0x0B, 0x11, 0xDD, 0xFF,
  0x0C, 0x11, 0xDE, 0xFF, 0x0D, 0x11, 0xDF, 0xFF, 0x0E, 0x12, 0xE2, 0xFF, 0x0F, 0x13, 0xE4, 0xFF, 0x10, 0x16, 0xE7, 0xFF, 0x11, 0x18, 0xE9, 0xFF,
  0x12, 0x18, 0xEC, 0xFF, 0x13, 0x19, 0xF0, 0xFF, 0x16, 0x1C, 0xF5, 0xFF, 0x19, 0x21, 0xF9, 0xFF, 0x1D, 0x27, 0xF8, 0xFF, 0x22, 0x2E, 0xF9, 0xFF,
  0x26, 0x37, 0xFA, 0xFF, 0x2B, 0x40, 0xFA, 0xFF, 0x2E, 0x46, 0xFA, 0xFF, 0x4C, 0x6D, 0xF9, 0xFF, 0x6A, 0x93, 0xF9, 0xFF, 0x78, 0x98, 0xF0, 0xFF,
  0x30, 0x38, 0xA0, 0xFF, 0x11, 0x17, 0x56, 0xFF, 0x0C, 0x11, 0x33, 0xFF, 0x0A, 0x0E, 0x2A, 0xFF, 0x09, 0x0C, 0x24, 0xFF, 0x08, 0x0C, 0x22, 0xFF,
  0x07, 0x0B, 0x20, 0xFF, 0x06, 0x0A, 0x1D, 0xFF, 0x06, 0x09, 0x1A, 0xFF, 0x06, 0x09, 0x19, 0xFF, 0x06, 0x09, 0x1B, 0xFF, 0x06, 0x09, 0x1D, 0xFF,
  0x06, 0x0A, 0x20, 0xFF, 0x05, 0x07, 0x14, 0xFF, 0x05, 0x05, 0x0F, 0xFF, 0x05, 0x05, 0x0D, 0xFF, 0x05, 0x05, 0x10, 0xFF, 0x07, 0x0B, 0x22, 0xFF,
  0x06, 0x06, 0x19, 0xFF, 0x05, 0x05, 0x10, 0xFF, 0x05, 0x05, 0x11, 0xFF, 0x07, 0x06, 0x1D, 0xFF, 0x07, 0x07, 0x23, 0xFF, 0x06, 0x05, 0x17, 0xFF,
  0x06, 0x05, 0x13, 0xFF, 0x05, 0x04, 0x0C, 0xFF, 0x05, 0x04, 0x0A, 0xFF, 0x05, 0x04, 0x09, 0xFF, 0x05, 0x04, 0x09, 0xFF, 0x05, 0x04, 0x0D, 0xFF,
  0x06, 0x04, 0x11, 0xFF, 0x04, 0x03, 0x07, 0xFF, 0x04, 0x03, 0x04, 0xFF, 0x04, 0x03, 0x03, 0xFF, 0x04, 0x03, 0x03, 0xFF, 0x04, 0x03, 0x03, 0xFF,
  0x04, 0x03, 0x03, 0xFF, 0x04, 0x03, 0x04, 0xFF, 0x04, 0x03, 0x04, 0xFF, 0x04, 0x03, 0x04, 0xFF, 0x04, 0x03, 0x04, 0xFF, 0x04, 0x03, 0x04, 0xFF,
  0x06, 0x03, 0x10, 0xFF, 0x12, 0x03, 0x53, 0xFF, 0x22, 0x02, 0x9D, 0xFF, 0x22, 0x01, 0xAA, 0xFF, 0x22, 0x02, 0xA9, 0xFF, 0x12, 0x05, 0xA5, 0xFF,
  0x80, 0x85, 0xFA, 0xFF, 0x73, 0x74, 0xF9, 0xFF, 0x1E, 0x0C, 0xE6, 0xFF, 0x24, 0x08, 0xB4, 0xFF, 0x0E, 0x08, 0x35, 0xFF, 0x05, 0x04, 0x09, 0xFF,
  0x04, 0x03, 0x05, 0xFF, 0x04, 0x03, 0x03, 0xFF, 0x04, 0x03, 0x03, 0xFF, 0x04, 0x03, 0x03, 0xFF, 0x04, 0x03, 0x03, 0xFF, 0x04, 0x03, 0x03, 0xFF,
  0x04, 0x03, 0x03, 0xFF, 0x04, 0x03, 0x03, 0xFF, 0x04, 0x03, 0x03, 0xFF, 0x04, 0x03, 0x03, 0xFF, 0x04, 0x03, 0x04, 0xFF, 0x04, 0x03, 0x04, 0xFF,
  0x04, 0x05, 0x08, 0xFF, 0x04, 0x0F, 0x1D, 0xFF, 0x03, 0x33, 0x7A, 0xFF, 0x00, 0x4A, 0xCC, 0xFF, 0x1E, 0xDB, 0xF9, 0xFF, 0x1E, 0xDA, 0xFA, 0xFF,
  0x01, 0x3A, 0xA2, 0xFF, 0x00, 0x28, 0x8A, 0xFF, 0x00, 0x2C, 0x8C, 0xFF, 0x02, 0x21, 0x5F, 0xFF, 0x03, 0x0A, 0x19, 0xFF, 0x04, 0x04, 0x06, 0xFF,
  0x04, 0x03, 0x03, 0xFF, 0x04, 0x03, 0x03, 0xFF, 0x04, 0x03, 0x03, 0xFF, 0x04, 0x03, 0x03, 0xFF, 0x04, 0x03, 0x03, 0xFF, 0x04, 0x03, 0x03, 0xFF,
  0x04, 0x03, 0x03, 0xFF, 0x04, 0x03, 0x03, 0xFF, 0x04, 0x03, 0x03, 0xFF, 0x04, 0x03, 0x04, 0xFF, 0x04, 0x03, 0x04, 0xFF, 0x04, 0x03, 0x04, 0xFF,
  0x04, 0x03, 0x04, 0xFF, 0x04, 0x04, 0x04, 0xFF, 0x04, 0x04, 0x04, 0xFF, 0x04, 0x04, 0x05, 0xFF, 0x04, 0x04, 0x06, 0xFF, 0x04, 0x05, 0x09, 0xFF,
  0x04, 0x07, 0x0D, 0xFF, 0x04, 0x0A, 0x13, 0xFF, 0x04, 0x0D, 0x1C, 0xFF, 0x03, 0x14, 0x2C, 0xFF, 0x03, 0x20, 0x46, 0xFF, 0x02, 0x35, 0x78, 0xFF,
  0x01, 0x5C, 0xC9, 0xFF, 0x01, 0x78, 0xEE, 0xFF, 0x00, 0x7F, 0xF3, 0xFF, 0x00, 0x70, 0xEB, 0xFF, 0x01, 0x5F, 0xCF, 0xFF, 0x02, 0x43, 0x97, 0xFF,
  0x03, 0x2F, 0x68, 0xFF, 0x03, 0x27, 0x56, 0xFF, 0x03, 0x28, 0x5A, 0xFF, 0x02, 0x32, 0x74, 0xFF, 0x02, 0x5C, 0xBD, 0xFF, 0x16, 0xC5, 0xF0, 0xFF,
  0x4A, 0xE5, 0xF4, 0xFF, 0x02, 0x7B, 0xE1, 0xFF, 0x03, 0x43, 0x96, 0xFF, 0x06, 0x33, 0x6E, 0xFF, 0x09, 0x32, 0x63, 0xFF, 0x0A, 0x40, 0x82, 0xFF,
  0x4C, 0xA8, 0xDD, 0xFF, 0x35, 0xEA, 0xF9, 0xFF, 0x54, 0xF5, 0xFB, 0xFF, 0x21, 0xE9, 0xFB, 0xFF, 0x23, 0xE5, 0xFA, 0xFF, 0x25, 0xE1, 0xFB, 0xFF,
  0x26, 0xDC, 0xFC, 0xFF, 0x1F, 0xD0, 0xFB, 0xFF, 0x04, 0x80, 0xF5, 0xFF, 0x01, 0x79, 0xF7, 0xFF, 0x18, 0xB1, 0xFA, 0xFF, 0x02, 0x59, 0xF9, 0xFF,
  0x00, 0x69, 0xFA, 0xFF, 0x02, 0x6B, 0xFA, 0xFF, 0x06, 0x75, 0xFA, 0xFF, 0x37, 0x9F, 0xFB, 0xFF, 0x60, 0xDB, 0xFA, 0xFF, 0x4D, 0xBD, 0xFA, 0xFF,
  0x11, 0x89, 0xFA, 0xFF, 0x10, 0x67, 0xFA, 0xFF, 0x12, 0x66, 0xFA, 0xFF, 0x15, 0x6B, 0xFB, 0xFF, 0x16, 0x6A, 0xFB, 0xFF, 0x17, 0x6B, 0xFA, 0xFF,
  0x18, 0x6D, 0xFA, 0xFF, 0x18, 0x6F, 0xFA, 0xFF, 0x19, 0x71, 0xFB, 0xFF, 0x1B, 0x72, 0xFB, 0xFF, 0x2D, 0x7A, 0xFB, 0xFF, 0x3E, 0xB3, 0xFA, 0xFF,
  0x2F, 0xD6, 0xF3, 0xFF, 0x16, 0x71, 0xAC, 0xFF, 0x03, 0x10, 0x69, 0xFF, 0x01, 0x0A, 0x52, 0xFF, 0x04, 0x0B, 0x27, 0xFF, 0x04, 0x05, 0x08, 0xFF,
  0x04, 0x03, 0x04, 0xFF, 0x04, 0x03, 0x04, 0xFF, 0x04, 0x03, 0x03, 0xFF, 0x04, 0x03, 0x03, 0xFF, 0x04, 0x03, 0x03, 0xFF, 0x04, 0x03, 0x03, 0xFF,
  0x04, 0x03, 0x03, 0xFF, 0x04, 0x03, 0x03, 0xFF, 0x04, 0x03, 0x04, 0xFF, 0x04, 0x03, 0x04, 0xFF, 0x04, 0x03, 0x04, 0xFF, 0x04, 0x03, 0x04, 0xFF,
  0x07, 0x08, 0x19, 0xFF, 0x34, 0x53, 0xCF, 0xFF, 0x11, 0x1B, 0xF0, 0xFF, 0x10, 0x19, 0xE3, 0xFF, 0x0F, 0x16, 0xDF, 0xFF, 0x0D, 0x14, 0xDE, 0xFF,
  0x0D, 0x14, 0xDF, 0xFF, 0x0C, 0x15, 0xE2, 0xFF, 0x0E, 0x15, 0xE5, 0xFF, 0x0F, 0x16, 0xE7, 0xFF, 0x12, 0x18, 0xE9, 0xFF, 0x13, 0x1A, 0xEB, 0xFF,
  0x15, 0x1B, 0xEF, 0xFF, 0x16, 0x1C, 0xF3, 0xFF, 0x17, 0x1E, 0xF6, 0xFF, 0x1C, 0x23, 0xF9, 0xFF, 0x20, 0x2B, 0xFA, 0xFF, 0x24, 0x34, 0xFA, 0xFF,
  0x2A, 0x3E, 0xFA, 0xFF, 0x35, 0x4D, 0xFB, 0xFF, 0x56, 0x77, 0xF9, 0xFF, 0x66, 0x8B, 0xFA, 0xFF, 0x63, 0x7B, 0xE0, 0xFF, 0x1D, 0x25, 0x87, 0xFF,
  0x0F, 0x16, 0x4E, 0xFF, 0x0C, 0x12, 0x36, 0xFF, 0x0A, 0x0F, 0x2B, 0xFF, 0x09, 0x0F, 0x29, 0xFF, 0x08, 0x0D, 0x26, 0xFF, 0x07, 0x0C, 0x22, 0xFF,
  0x06, 0x0B, 0x1F, 0xFF, 0x06, 0x0A, 0x1A, 0xFF, 0x06, 0x08, 0x16, 0xFF, 0x06, 0x08, 0x16, 0xFF, 0x06, 0x08, 0x17, 0xFF, 0x06, 0x0A, 0x1C, 0xFF,
  0x06, 0x08, 0x18, 0xFF, 0x05, 0x06, 0x11, 0xFF, 0x05, 0x05, 0x0D, 0xFF, 0x05, 0x05, 0x0B, 0xFF, 0x05, 0x05, 0x0C, 0xFF, 0x05, 0x05, 0x0F, 0xFF,
  0x05, 0x05, 0x0E, 0xFF, 0x05, 0x05, 0x0E, 0xFF, 0x06, 0x06, 0x17, 0xFF, 0x14, 0x22, 0x6E, 0xFF, 0x18, 0x24, 0x70, 0xFF, 0x08, 0x06, 0x22, 0xFF,
  0x06, 0x05, 0x16, 0xFF, 0x05, 0x04, 0x0B, 0xFF, 0x05, 0x04, 0x0A, 0xFF, 0x05, 0x04, 0x0A, 0xFF, 0x05, 0x04, 0x0A, 0xFF, 0x05, 0x04, 0x0E, 0xFF,
  0x05, 0x04, 0x0E, 0xFF, 0x05, 0x03, 0x07, 0xFF, 0x04, 0x03, 0x04, 0xFF, 0x04, 0x03, 0x04, 0xFF, 0x04, 0x03, 0x03, 0xFF, 0x04, 0x03, 0x03, 0xFF,
  0x04, 0x03, 0x03, 0xFF, 0x04, 0x03, 0x03, 0xFF, 0x04, 0x03, 0x04, 0xFF, 0x04, 0x03, 0x03, 0xFF, 0x04, 0x03, 0x03, 0xFF, 0x04, 0x03, 0x04, 0xFF,
  0x06, 0x03, 0x10, 0xFF, 0x12, 0x03, 0x54, 0xFF, 0x22, 0x02, 0x9E, 0xFF, 0x22, 0x02, 0xAA, 0xFF, 0x21, 0x02, 0xA8, 0xFF, 0x10, 0x05, 0xA3, 0xFF,
  0x81, 0x87, 0xF9, 0xFF, 0x73, 0x75, 0xF9, 0xFF, 0x1F, 0x0E, 0xE8, 0xFF, 0x24, 0x08, 0xB7, 0xFF, 0x0E, 0x07, 0x35, 0xFF, 0x05, 0x04, 0x08, 0xFF,
  0x04, 0x03, 0x05, 0xFF, 0x04, 0x03, 0x04, 0xFF, 0x04, 0x03, 0x03, 0xFF, 0x04, 0x03, 0x03, 0xFF, 0x04, 0x03, 0x03, 0xFF, 0x04, 0x03, 0x03, 0xFF,
  0x04, 0x03, 0x03, 0xFF, 0x04, 0x03, 0x03, 0xFF, 0x04, 0x03, 0x03, 0xFF, 0x04, 0x03, 0x03, 0xFF, 0x04, 0x03, 0x03, 0xFF, 0x04, 0x03, 0x04, 0xFF,
  0x04, 0x05, 0x07, 0xFF, 0x04, 0x0F, 0x1C, 0xFF, 0x03, 0x34, 0x7A, 0xFF, 0x01, 0x4B, 0xCB, 0xFF, 0x22, 0xDE, 0xFA, 0xFF, 0x20, 0xDC, 0xFA, 0xFF,
  0x01, 0x39, 0xA3, 0xFF, 0x00, 0x29, 0x8B, 0xFF, 0x00, 0x2D, 0x8E, 0xFF, 0x02, 0x23, 0x63, 0xFF, 0x03, 0x0B, 0x1A, 0xFF, 0x04, 0x04, 0x06, 0xFF,
  0x04, 0x03, 0x03, 0xFF, 0x04, 0x03, 0x03, 0xFF, 0x04, 0x03, 0x03, 0xFF, 0x04, 0x03, 0x03, 0xFF, 0x04, 0x03, 0x03, 0xFF, 0x04, 0x03, 0x03, 0xFF,
  0x04, 0x03, 0x03, 0xFF, 0x04, 0x03, 0x03, 0xFF, 0x04, 0x03, 0x03, 0xFF, 0x04, 0x03, 0x03, 0xFF, 0x04, 0x03, 0x03, 0xFF, 0x04, 0x03, 0x04, 0xFF,
  0x04, 0x03, 0x04, 0xFF, 0x04, 0x03, 0x04, 0xFF, 0x04, 0x04, 0x04, 0xFF, 0x04, 0x04, 0x05, 0xFF, 0x04, 0x04, 0x06, 0xFF, 0x04, 0x05, 0x08, 0xFF,
  0x04, 0x06, 0x0B, 0xFF, 0x04, 0x08, 0x0F, 0xFF, 0x04, 0x0A, 0x14, 0xFF, 0x04, 0x0E, 0x1D, 0xFF, 0x03, 0x15, 0x2D, 0xFF, 0x03, 0x20, 0x47, 0xFF,
  0x02, 0x2E, 0x67, 0xFF, 0x02, 0x36, 0x7B, 0xFF, 0x02, 0x3F, 0x8F, 0xFF, 0x02, 0x3D, 0x8A, 0xFF, 0x02, 0x35, 0x78, 0xFF, 0x03, 0x2B, 0x60, 0xFF,
  0x03, 0x25, 0x51, 0xFF, 0x03, 0x22, 0x4B, 0xFF, 0x03, 0x24, 0x52, 0xFF, 0x03, 0x2F, 0x6A, 0xFF, 0x02, 0x4F, 0xAE, 0xFF, 0x03, 0x8F, 0xE7, 0xFF,
  0x0E, 0xAC, 0xEE, 0xFF, 0x01, 0x6F, 0xDC, 0xFF, 0x02, 0x4B, 0xA7, 0xFF, 0x04, 0x36, 0x77, 0xFF, 0x06, 0x2E, 0x60, 0xFF, 0x07, 0x32, 0x66, 0xFF,
  0x10, 0x51, 0xA5, 0xFF, 0x2F, 0xE3, 0xF6, 0xFF, 0x6B, 0xE8, 0xF9, 0xFF, 0x18, 0xEC, 0xFA, 0xFF, 0x23, 0xE6, 0xFB, 0xFF, 0x25, 0xE2, 0xFB, 0xFF,
  0x24, 0xDA, 0xFB, 0xFF, 0x22, 0xD1, 0xFB, 0xFF, 0x14, 0xA3, 0xFA, 0xFF, 0x10, 0x81, 0xF8, 0xFF, 0x03, 0x70, 0xF8, 0xFF, 0x02, 0x64, 0xFB, 0xFF,
  0x04, 0x70, 0xFB, 0xFF, 0x2E, 0xA1, 0xF9, 0xFF, 0x66, 0xE6, 0xFB, 0xFF, 0x52, 0xC0, 0xF9, 0xFF, 0x0F, 0x75, 0xFA, 0xFF, 0x0A, 0x5D, 0xFA, 0xFF,
  0x0C, 0x5A, 0xFA, 0xFF, 0x0C, 0x5A, 0xFA, 0xFF, 0x0F, 0x5E, 0xFA, 0xFF, 0x11, 0x64, 0xFB, 0xFF, 0x13, 0x65, 0xFB, 0xFF, 0x14, 0x66, 0xFA, 0xFF,
  0x15, 0x67, 0xFA, 0xFF, 0x15, 0x67, 0xFA, 0xFF, 0x1A, 0x69, 0xFB, 0xFF, 0x45, 0xA4, 0xFA, 0xFF, 0x34, 0xE0, 0xF7, 0xFF, 0x22, 0x8C, 0xBD, 0xFF,
  0x0B, 0x21, 0x78, 0xFF, 0x01, 0x0D, 0x51, 0xFF, 0x03, 0x0B, 0x2E, 0xFF, 0x04, 0x06, 0x0B, 0xFF, 0x04, 0x03, 0x04, 0xFF, 0x04, 0x03, 0x04, 0xFF,
  0x04, 0x03, 0x03, 0xFF, 0x04, 0x03, 0x03, 0xFF, 0x04, 0x03, 0x03, 0xFF, 0x04, 0x03, 0x03, 0xFF, 0x04, 0x03, 0x03, 0xFF, 0x04, 0x03, 0x03, 0xFF,
  0x04, 0x03, 0x03, 0xFF, 0x04, 0x03, 0x03, 0xFF, 0x04, 0x03, 0x03, 0xFF, 0x04, 0x03, 0x04, 0xFF, 0x04, 0x03, 0x04, 0xFF, 0x04, 0x03, 0x04, 0xFF,
  0x07, 0x08, 0x1B, 0xFF, 0x32, 0x54, 0xD4, 0xFF, 0x12, 0x1D, 0xF1, 0xFF, 0x11, 0x1C, 0xE6, 0xFF, 0x11, 0x19, 0xE2, 0xFF, 0x11, 0x17, 0xE0, 0xFF,
  0x0F, 0x16, 0xE1, 0xFF, 0x0F, 0x24, 0xF0, 0xFF, 0x0D, 0x24, 0xF3, 0xFF, 0x10, 0x1C, 0xED, 0xFF, 0x14, 0x1D, 0xED, 0xFF, 0x16, 0x1E, 0xF1, 0xFF,
  0x16, 0x1D, 0xF5, 0xFF, 0x18, 0x1F, 0xF7, 0xFF, 0x1C, 0x24, 0xF8, 0xFF, 0x1F, 0x2B, 0xF9, 0xFF, 0x24, 0x32, 0xFA, 0xFF, 0x28, 0x3B, 0xFA, 0xFF,
  0x3A, 0x53, 0xFA, 0xFF, 0x55, 0x76, 0xF9, 0xFF, 0x6A, 0x86, 0xF2, 0xFF, 0x42, 0x50, 0xB1, 0xFF, 0x0E, 0x14, 0x54, 0xFF, 0x0C, 0x11, 0x37, 0xFF,
  0x0A, 0x10, 0x2D, 0xFF, 0x09, 0x0F, 0x2B, 0xFF, 0x09, 0x10, 0x2D, 0xFF, 0x09, 0x19, 0x40, 0xFF, 0x08, 0x19, 0x3F, 0xFF, 0x07, 0x10, 0x2C, 0xFF,
  0x06, 0x0A, 0x1C, 0xFF, 0x06, 0x08, 0x17, 0xFF, 0x06, 0x08, 0x14, 0xFF, 0x05, 0x07, 0x13, 0xFF, 0x05, 0x07, 0x13, 0xFF, 0x05, 0x07, 0x13, 0xFF,
  0x05, 0x06, 0x0F, 0xFF, 0x05, 0x05, 0x0E, 0xFF, 0x05, 0x05, 0x0D, 0xFF, 0x05, 0x05, 0x0B, 0xFF, 0x05, 0x04, 0x0A, 0xFF, 0x05, 0x04, 0x09, 0xFF,
  0x05, 0x04, 0x08, 0xFF, 0x05, 0x04, 0x09, 0xFF, 0x06, 0x05, 0x14, 0xFF, 0x09, 0x09, 0x36, 0xFF, 0x09, 0x08, 0x36, 0xFF, 0x06, 0x05, 0x14, 0xFF,
  0x05, 0x04, 0x0C, 0xFF, 0x05, 0x04, 0x09, 0xFF, 0x05, 0x04, 0x08, 0xFF, 0x05, 0x03, 0x08, 0xFF, 0x05, 0x03, 0x07, 0xFF, 0x04, 0x03, 0x06, 0xFF,
  0x04, 0x03, 0x05, 0xFF, 0x04, 0x03, 0x05, 0xFF, 0x04, 0x03, 0x04, 0xFF, 0x04, 0x03, 0x04, 0xFF, 0x04, 0x03, 0x04, 0xFF, 0x04, 0x03, 0x03, 0xFF,
  0x04, 0x03, 0x03, 0xFF, 0x04, 0x03, 0x03, 0xFF, 0x04, 0x03, 0x03, 0xFF, 0x04, 0x03, 0x03, 0xFF, 0x04, 0x03, 0x03, 0xFF, 0x04, 0x03, 0x04, 0xFF,
  0x06, 0x03, 0x0F, 0xFF, 0x12, 0x03, 0x57, 0xFF, 0x22, 0x02, 0x9E, 0xFF, 0x22, 0x02, 0xA8, 0xFF, 0x21, 0x02, 0xA6, 0xFF, 0x11, 0x05, 0xA3, 0xFF,
  0x82, 0x8A, 0xFA, 0xFF, 0x72, 0x75, 0xF8, 0xFF, 0x1F, 0x0E, 0xE6, 0xFF, 0x25, 0x08, 0xB6, 0xFF, 0x0E, 0x07, 0x34, 0xFF, 0x05, 0x04, 0x08, 0xFF,
  0x04, 0x03, 0x05, 0xFF, 0x04, 0x03, 0x04, 0xFF, 0x04, 0x03, 0x03, 0xFF, 0x04, 0x03, 0x03, 0xFF, 0x04, 0x03, 0x03, 0xFF, 0x04, 0x03, 0x03, 0xFF,
  0x04, 0x03, 0x03, 0xFF, 0x04, 0x03, 0x03, 0xFF, 0x04, 0x03, 0x03, 0xFF, 0x04, 0x03, 0x03, 0xFF, 0x04, 0x03, 0x03, 0xFF, 0x04, 0x03, 0x04, 0xFF,
  0x04, 0x05, 0x07, 0xFF, 0x04, 0x0F, 0x1D, 0xFF, 0x03, 0x34, 0x7C, 0xFF, 0x01, 0x4F, 0xCE, 0xFF, 0x22, 0xE0, 0xFA, 0xFF, 0x22, 0xDE, 0xFA, 0xFF,
  0x01, 0x3D, 0xA5, 0xFF, 0x00, 0x2A, 0x8D, 0xFF, 0x01, 0x2E, 0x90, 0xFF, 0x02, 0x23, 0x65, 0xFF, 0x03, 0x0C, 0x1C, 0xFF, 0x04, 0x04, 0x06, 0xFF,
  0x04, 0x03, 0x04, 0xFF, 0x04, 0x03, 0x03, 0xFF, 0x04, 0x03, 0x03, 0xFF, 0x04, 0x03, 0x03, 0xFF, 0x04, 0x03, 0x03, 0xFF, 0x04, 0x03, 0x03, 0xFF,
  0x04, 0x03, 0x03, 0xFF, 0x04, 0x03, 0x03, 0xFF, 0x04, 0x03, 0x03, 0xFF, 0x04, 0x03, 0x03, 0xFF, 0x04, 0x03, 0x03, 0xFF, 0x04, 0x03, 0x04, 0xFF,
  0x04, 0x03, 0x04, 0xFF, 0x04, 0x03, 0x04, 0xFF, 0x04, 0x04, 0x04, 0xFF, 0x04, 0x04, 0x05, 0xFF, 0x04, 0x04, 0x06, 0xFF, 0x04, 0x05, 0x08, 0xFF,
  0x04, 0x06, 0x0A, 0xFF, 0x04, 0x07, 0x0C, 0xFF, 0x04, 0x08, 0x0E, 0xFF, 0x04, 0x0A, 0x14, 0xFF, 0x04, 0x0E, 0x1D, 0xFF, 0x03, 0x13, 0x29, 0xFF,
  0x03, 0x18, 0x36, 0xFF, 0x03, 0x1D, 0x41, 0xFF, 0x03, 0x23, 0x4F, 0xFF, 0x03, 0x23, 0x4E, 0xFF, 0x03, 0x20, 0x49, 0xFF, 0x03, 0x1E, 0x41, 0xFF,
  0x03, 0x1A, 0x3A, 0xFF, 0x03, 0x1C, 0x3E, 0xFF, 0x03, 0x20, 0x47, 0xFF, 0x03, 0x26, 0x56, 0xFF, 0x02, 0x3D, 0x88, 0xFF, 0x02, 0x4A, 0xA9, 0xFF,
  0x02, 0x53, 0xBA, 0xFF, 0x02, 0x49, 0xA8, 0xFF, 0x03, 0x37, 0x7D, 0xFF, 0x04, 0x37, 0x71, 0xFF, 0x04, 0x30, 0x61, 0xFF, 0x05, 0x30, 0x61, 0xFF,
  0x06, 0x45, 0x8E, 0xFF, 0x1A, 0xB2, 0xE6, 0xFF, 0x25, 0xCB, 0xF5, 0xFF, 0x42, 0xD9, 0xFB, 0xFF, 0x3F, 0xE8, 0xFB, 0xFF, 0x27, 0xE2, 0xFB, 0xFF,
  0x1E, 0xD7, 0xFA, 0xFF, 0x1F, 0xD0, 0xFA, 0xFF, 0x33, 0xC9, 0xFB, 0xFF, 0x16, 0x81, 0xFA, 0xFF, 0x06, 0x6C, 0xF9, 0xFF, 0x04, 0x88, 0xFA, 0xFF,
  0x2D, 0xDF, 0xFB, 0xFF, 0x61, 0xDF, 0xF9, 0xFF, 0x0E, 0x7D, 0xFA, 0xFF, 0x02, 0x54, 0xFA, 0xFF, 0x04, 0x51, 0xFA, 0xFF, 0x05, 0x51, 0xFB, 0xFF,
  0x08, 0x52, 0xFA, 0xFF, 0x0B, 0x55, 0xFA, 0xFF, 0x0C, 0x5A, 0xFA, 0xFF, 0x0D, 0x60, 0xFA, 0xFF, 0x0F, 0x60, 0xFB, 0xFF, 0x11, 0x61, 0xFB, 0xFF,
  0x12, 0x60, 0xFB, 0xFF, 0x2D, 0x76, 0xFA, 0xFF, 0x39, 0xCB, 0xF9, 0xFF, 0x22, 0xC3, 0xE0, 0xFF, 0x18, 0x3B, 0x87, 0xFF, 0x01, 0x0A, 0x63, 0xFF,
  0x02, 0x11, 0x4B, 0xFF, 0x04, 0x0A, 0x18, 0xFF, 0x04, 0x04, 0x06, 0xFF, 0x04, 0x03, 0x04, 0xFF, 0x04, 0x03, 0x04, 0xFF, 0x04, 0x03, 0x03, 0xFF,
  0x04, 0x03, 0x03, 0xFF, 0x04, 0x03, 0x03, 0xFF, 0x04, 0x03, 0x03, 0xFF, 0x04, 0x03, 0x03, 0xFF, 0x04, 0x03, 0x03, 0xFF, 0x04, 0x03, 0x03, 0xFF,
  0x04, 0x03, 0x03, 0xFF, 0x04, 0x03, 0x03, 0xFF, 0x04, 0x03, 0x03, 0xFF, 0x04, 0x03, 0x04, 0xFF, 0x04, 0x03, 0x04, 0xFF, 0x04, 0x03, 0x04, 0xFF,
  0x07, 0x08, 0x1A, 0xFF, 0x35, 0x58, 0xD5, 0xFF, 0x14, 0x1F, 0xF3, 0xFF, 0x12, 0x1D, 0xE9, 0xFF, 0x11, 0x1B, 0xE4, 0xFF, 0x11, 0x1A, 0xE2, 0xFF,
  0x10, 0x1D, 0xE9, 0xFF, 0x10, 0x39, 0xF8, 0xFF, 0x0C, 0x2A, 0xF6, 0xFF, 0x10, 0x1E, 0xF0, 0xFF, 0x16, 0x20, 0xF1, 0xFF, 0x17, 0x21, 0xF6, 0xFF,
  0x19, 0x22, 0xF8, 0xFF, 0x1C, 0x26, 0xF9, 0xFF, 0x1F, 0x2C, 0xFA, 0xFF, 0x24, 0x33, 0xFA, 0xFF, 0x28, 0x39, 0xF9, 0xFF, 0x40, 0x59, 0xF9, 0xFF,
  0x53, 0x72, 0xF9, 0xFF, 0x60, 0x76, 0xE2, 0xFF, 0x20, 0x27, 0x90, 0xFF, 0x0E, 0x14, 0x4A, 0xFF, 0x0B, 0x11, 0x34, 0xFF, 0x09, 0x0E, 0x29, 0xFF,
  0x09, 0x0F, 0x2A, 0xFF, 0x08, 0x13, 0x35, 0xFF, 0x08, 0x1A, 0x44, 0xFF, 0x08, 0x1E, 0x4C, 0xFF, 0x07, 0x1B, 0x42, 0xFF, 0x06, 0x10, 0x2A, 0xFF,
  0x06, 0x0B, 0x1D, 0xFF, 0x06, 0x08, 0x16, 0xFF, 0x05, 0x08, 0x13, 0xFF, 0x05, 0x07, 0x12, 0xFF, 0x05, 0x07, 0x11, 0xFF, 0x05, 0x06, 0x0F, 0xFF,
  0x05, 0x06, 0x0E, 0xFF, 0x05, 0x05, 0x0E, 0xFF, 0x05, 0x05, 0x0D, 0xFF, 0x05, 0x04, 0x0A, 0xFF, 0x05, 0x04, 0x09, 0xFF, 0x05, 0x04, 0x08, 0xFF,
  0x04, 0x04, 0x07, 0xFF, 0x05, 0x04, 0x08, 0xFF, 0x05, 0x04, 0x0A, 0xFF, 0x05, 0x04, 0x0D, 0xFF, 0x05, 0x04, 0x0D, 0xFF, 0x05, 0x04, 0x0B, 0xFF,
  0x05, 0x04, 0x0A, 0xFF, 0x05, 0x04, 0x09, 0xFF, 0x05, 0x04, 0x08, 0xFF, 0x05, 0x03, 0x07, 0xFF, 0x04, 0x03, 0x06, 0xFF, 0x04, 0x03, 0x05, 0xFF,
  0x04, 0x03, 0x05, 0xFF, 0x04, 0x03, 0x04, 0xFF, 0x04, 0x03, 0x04, 0xFF, 0x04, 0x03, 0x04, 0xFF, 0x04, 0x03, 0x04, 0xFF, 0x04, 0x03, 0x03, 0xFF,
  0x04, 0x03, 0x03, 0xFF, 0x04, 0x03, 0x03, 0xFF, 0x04, 0x03, 0x03, 0xFF, 0x04, 0x03, 0x03, 0xFF, 0x04, 0x03, 0x03, 0xFF, 0x04, 0x03, 0x04, 0xFF,
  0x06, 0x03, 0x10, 0xFF, 0x13, 0x02, 0x5A, 0xFF, 0x22, 0x02, 0x9D, 0xFF, 0x20, 0x02, 0xA5, 0xFF, 0x1F, 0x01, 0xA3, 0xFF, 0x11, 0x05, 0xA3, 0xFF,
  0x82, 0x8A, 0xFA, 0xFF, 0x71, 0x74, 0xF9, 0xFF, 0x1F, 0x0D, 0xE7, 0xFF, 0x25, 0x08, 0xB7, 0xFF, 0x0E, 0x08, 0x35, 0xFF, 0x05, 0x03, 0x08, 0xFF,
  0x04, 0x03, 0x04, 0xFF, 0x04, 0x03, 0x03, 0xFF, 0x04, 0x03, 0x03, 0xFF, 0x04, 0x03, 0x03, 0xFF, 0x04, 0x03, 0x03, 0xFF, 0x04, 0x03, 0x03, 0xFF,
  0x04, 0x03, 0x03, 0xFF, 0x04, 0x03, 0x03, 0xFF, 0x04, 0x03, 0x03, 0xFF, 0x04, 0x03, 0x03, 0xFF, 0x04, 0x03, 0x03, 0xFF, 0x04, 0x03, 0x04, 0xFF,
  0x04, 0x05, 0x07, 0xFF, 0x04, 0x10, 0x1F, 0xFF, 0x03, 0x3B, 0x8C, 0xFF, 0x00, 0x4F, 0xD2, 0xFF, 0x21, 0xDF, 0xF9, 0xFF, 0x20, 0xDD, 0xF9, 0xFF,
  0x01, 0x40, 0xA8, 0xFF, 0x00, 0x2A, 0x8E, 0xFF, 0x00, 0x2E, 0x91, 0xFF, 0x01, 0x23, 0x67, 0xFF, 0x03, 0x0C, 0x1D, 0xFF, 0x04, 0x04, 0x06, 0xFF,
  0x04, 0x03, 0x03, 0xFF, 0x04, 0x03, 0x03, 0xFF, 0x04, 0x03, 0x03, 0xFF, 0x04, 0x03, 0x03, 0xFF, 0x04, 0x03, 0x03, 0xFF, 0x04, 0x03, 0x03, 0xFF,
  0x04, 0x03, 0x03, 0xFF, 0x04, 0x03, 0x03, 0xFF, 0x04, 0x03, 0x03, 0xFF, 0x04, 0x03, 0x03, 0xFF, 0x04, 0x03, 0x03, 0xFF, 0x04, 0x03, 0x04, 0xFF,
  0x04, 0x03, 0x04, 0xFF, 0x04, 0x03, 0x04, 0xFF, 0x04, 0x03, 0x04, 0xFF, 0x04, 0x04, 0x04, 0xFF, 0x04, 0x04, 0x05, 0xFF, 0x04, 0x04, 0x06, 0xFF,
  0x04, 0x05, 0x08, 0xFF, 0x04, 0x06, 0x0A, 0xFF, 0x04, 0x07, 0x0C, 0xFF, 0x04, 0x08, 0x0E, 0xFF, 0x04, 0x0A, 0x13, 0xFF, 0x04, 0x0C, 0x1A, 0xFF,
  0x04, 0x0F, 0x20, 0xFF, 0x03, 0x11, 0x25, 0xFF, 0x03, 0x13, 0x2A, 0xFF, 0x03, 0x14, 0x2B, 0xFF, 0x03, 0x14, 0x2C, 0xFF, 0x03, 0x15, 0x2D, 0xFF,
  0x03, 0x15, 0x2E, 0xFF, 0x03, 0x16, 0x31, 0xFF, 0x03, 0x1C, 0x3C, 0xFF, 0x03, 0x21, 0x49, 0xFF, 0x03, 0x26, 0x55, 0xFF, 0x03, 0x2A, 0x5E, 0xFF,
  0x03, 0x2D, 0x66, 0xFF, 0x03, 0x2E, 0x67, 0xFF, 0x03, 0x25, 0x54, 0xFF, 0x04, 0x24, 0x50, 0xFF, 0x04, 0x23, 0x4B, 0xFF, 0x04, 0x27, 0x51, 0xFF,
  0x05, 0x38, 0x72, 0xFF, 0x07, 0x62, 0xBE, 0xFF, 0x06, 0xCA, 0xF4, 0xFF, 0x31, 0xBE, 0xFA, 0xFF, 0x21, 0x97, 0xFA, 0xFF, 0x25, 0xA6, 0xF8, 0xFF,
  0x3B, 0xB8, 0xFB, 0xFF, 0x45, 0xD9, 0xFA, 0xFF, 0x24, 0xD2, 0xFA, 0xFF, 0x23, 0xAC, 0xFB, 0xFF, 0x18, 0xBA, 0xFB, 0xFF, 0x40, 0xED, 0xFA, 0xFF,
  0x33, 0xA7, 0xF8, 0xFF, 0x04, 0x55, 0xF9, 0xFF, 0x00, 0x4A, 0xFA, 0xFF, 0x01, 0x49, 0xFA, 0xFF, 0x03, 0x4A, 0xFA, 0xFF, 0x04, 0x4C, 0xFA, 0xFF,
  0x06, 0x4D, 0xFA, 0xFF, 0x08, 0x51, 0xFA, 0xFF, 0x0A, 0x56, 0xFA, 0xFF, 0x0A, 0x5C, 0xFA, 0xFF, 0x0D, 0x5A, 0xFA, 0xFF, 0x1B, 0x62, 0xFA, 0xFF,
  0x3B, 0xA7, 0xF9, 0xFF, 0x26, 0xD4, 0xF5, 0xFF, 0x1C, 0x75, 0xBC, 0xFF, 0x05, 0x12, 0x6E, 0xFF, 0x01, 0x0C, 0x50, 0xFF, 0x03, 0x0B, 0x25, 0xFF,
  0x04, 0x07, 0x0C, 0xFF, 0x04, 0x04, 0x04, 0xFF, 0x04, 0x03, 0x04, 0xFF, 0x04, 0x03, 0x04, 0xFF, 0x04, 0x03, 0x03, 0xFF, 0x04, 0x03, 0x03, 0xFF,
  0x04, 0x03, 0x03, 0xFF, 0x04, 0x03, 0x03, 0xFF, 0x04, 0x03, 0x03, 0xFF, 0x04, 0x03, 0x03, 0xFF, 0x04, 0x03, 0x03, 0xFF, 0x04, 0x03, 0x03, 0xFF,
  0x04, 0x03, 0x03, 0xFF, 0x04, 0x03, 0x03, 0xFF, 0x04, 0x03, 0x03, 0xFF, 0x04, 0x03, 0x03, 0xFF, 0x04, 0x03, 0x04, 0xFF, 0x04, 0x03, 0x04, 0xFF,
  0x07, 0x09, 0x1B, 0xFF, 0x3A, 0x5F, 0xD5, 0xFF, 0x15, 0x21, 0xF6, 0xFF, 0x13, 0x1E, 0xEC, 0xFF, 0x12, 0x1E, 0xE8, 0xFF, 0x13, 0x1E, 0xE7, 0xFF,
  0x13, 0x1F, 0xE8, 0xFF, 0x14, 0x21, 0xEF, 0xFF, 0x14, 0x20, 0xF2, 0xFF, 0x15, 0x20, 0xF2, 0xFF, 0x18, 0x22, 0xF6, 0xFF, 0x1A, 0x25, 0xF9, 0xFF,
  0x1E, 0x2B, 0xF9, 0xFF, 0x21, 0x31, 0xFA, 0xFF, 0x24, 0x36, 0xFA, 0xFF, 0x2E, 0x43, 0xF9, 0xFF, 0x44, 0x62, 0xF9, 0xFF, 0x57, 0x73, 0xF5, 0xFF,
  0x48, 0x58, 0xB5, 0xFF, 0x12, 0x17, 0x5C, 0xFF, 0x0B, 0x11, 0x39, 0xFF, 0x09, 0x0D, 0x29, 0xFF, 0x09, 0x0E, 0x28, 0xFF, 0x08, 0x0E, 0x27, 0xFF,
  0x08, 0x12, 0x30, 0xFF, 0x08, 0x20, 0x4E, 0xFF, 0x07, 0x28, 0x5B, 0xFF, 0x06, 0x22, 0x53, 0xFF, 0x07, 0x19, 0x3F, 0xFF, 0x06, 0x0F, 0x26, 0xFF,
  0x06, 0x0A, 0x1B, 0xFF, 0x05, 0x08, 0x14, 0xFF, 0x05, 0x08, 0x13, 0xFF, 0x05, 0x07, 0x11, 0xFF, 0x05, 0x06, 0x0F, 0xFF, 0x05, 0x06, 0x0E, 0xFF,
  0x05, 0x05, 0x0D, 0xFF, 0x05, 0x05, 0x0B, 0xFF, 0x05, 0x05, 0x0A, 0xFF, 0x05, 0x04, 0x09, 0xFF, 0x05, 0x04, 0x08, 0xFF, 0x04, 0x04, 0x07, 0xFF,
  0x04, 0x04, 0x07, 0xFF, 0x05, 0x04, 0x08, 0xFF, 0x05, 0x04, 0x08, 0xFF, 0x05, 0x04, 0x09, 0xFF, 0x05, 0x04, 0x09, 0xFF, 0x05, 0x04, 0x0B, 0xFF,
  0x05, 0x04, 0x0C, 0xFF, 0x05, 0x04, 0x0A, 0xFF, 0x05, 0x04, 0x0A, 0xFF, 0x05, 0x04, 0x09, 0xFF, 0x04, 0x03, 0x06, 0xFF, 0x04, 0x03, 0x05, 0xFF,
  0x04, 0x03, 0x04, 0xFF, 0x04, 0x03, 0x04, 0xFF, 0x04, 0x03, 0x04, 0xFF, 0x04, 0x03, 0x04, 0xFF, 0x04, 0x03, 0x04, 0xFF, 0x04, 0x03, 0x03, 0xFF,
  0x04, 0x03, 0x03, 0xFF, 0x04, 0x03, 0x03, 0xFF, 0x04, 0x03, 0x03, 0xFF, 0x04, 0x03, 0x03, 0xFF, 0x04, 0x03, 0x03, 0xFF, 0x04, 0x03, 0x04, 0xFF,
  0x06, 0x03, 0x12, 0xFF, 0x13, 0x02, 0x5F, 0xFF, 0x21, 0x02, 0x9B, 0xFF, 0x1F, 0x01, 0xA2, 0xFF, 0x1E, 0x02, 0xA2, 0xFF, 0x11, 0x05, 0xA3, 0xFF,
  0x82, 0x8B, 0xF9, 0xFF, 0x72, 0x75, 0xF9, 0xFF, 0x1D, 0x0D, 0xE6, 0xFF, 0x25, 0x09, 0xB9, 0xFF, 0x0E, 0x08, 0x37, 0xFF, 0x05, 0x04, 0x08, 0xFF,
  0x04, 0x03, 0x04, 0xFF, 0x04, 0x03, 0x03, 0xFF, 0x04, 0x03, 0x03, 0xFF, 0x04, 0x03, 0x03, 0xFF, 0x04, 0x03, 0x03, 0xFF, 0x04, 0x03, 0x03, 0xFF,
  0x04, 0x03, 0x03, 0xFF, 0x04, 0x03, 0x03, 0xFF, 0x04, 0x03, 0x03, 0xFF, 0x04, 0x03, 0x03, 0xFF, 0x04, 0x03, 0x03, 0xFF, 0x04, 0x03, 0x04, 0xFF,
  0x04, 0x05, 0x07, 0xFF, 0x04, 0x11, 0x21, 0xFF, 0x02, 0x40, 0x9A, 0xFF, 0x00, 0x50, 0xD3, 0xFF, 0x20, 0xDE, 0xFA, 0xFF, 0x21, 0xDE, 0xF9, 0xFF,
  0x01, 0x42, 0xAA, 0xFF, 0x01, 0x2A, 0x8F, 0xFF, 0x00, 0x2E, 0x92, 0xFF, 0x01, 0x23, 0x69, 0xFF, 0x03, 0x0C, 0x1E, 0xFF, 0x04, 0x04, 0x06, 0xFF,
  0x04, 0x03, 0x03, 0xFF, 0x04, 0x03, 0x03, 0xFF, 0x04, 0x03, 0x03, 0xFF, 0x04, 0x03, 0x03, 0xFF, 0x04, 0x03, 0x03, 0xFF, 0x04, 0x03, 0x03, 0xFF,
  0x04, 0x03, 0x03, 0xFF, 0x04, 0x03, 0x03, 0xFF, 0x04, 0x03, 0x03, 0xFF, 0x04, 0x03, 0x03, 0xFF, 0x04, 0x03, 0x03, 0xFF, 0x04, 0x03, 0x03, 0xFF,
  0x04, 0x03, 0x03, 0xFF, 0x04, 0x03, 0x04, 0xFF, 0x04, 0x03, 0x04, 0xFF, 0x04, 0x04, 0x04, 0xFF, 0x04, 0x04, 0x04, 0xFF, 0x04, 0x04, 0x05, 0xFF,
  0x04, 0x04, 0x06, 0xFF, 0x04, 0x05, 0x08, 0xFF, 0x04, 0x06, 0x09, 0xFF, 0x04, 0x06, 0x0B, 0xFF, 0x04, 0x07, 0x0D, 0xFF, 0x04, 0x09, 0x10, 0xFF,
  0x04, 0x0A, 0x14, 0xFF, 0x04, 0x0B, 0x16, 0xFF, 0x04, 0x0C, 0x18, 0xFF, 0x04, 0x0D, 0x1A, 0xFF, 0x04, 0x0D, 0x1C, 0xFF, 0x04, 0x0E, 0x1E, 0xFF,
  0x03, 0x10, 0x23, 0xFF, 0x03, 0x12, 0x28, 0xFF, 0x03, 0x14, 0x2C, 0xFF, 0x03, 0x15, 0x2F, 0xFF, 0x03, 0x1A, 0x39, 0xFF, 0x03, 0x1B, 0x3A, 0xFF,
  0x03, 0x1B, 0x3B, 0xFF, 0x03, 0x1F, 0x44, 0xFF, 0x03, 0x1D, 0x42, 0xFF, 0x04, 0x1C, 0x3E, 0xFF, 0x04, 0x1B, 0x3A, 0xFF, 0x04, 0x1D, 0x3E, 0xFF,
  0x04, 0x24, 0x4C, 0xFF, 0x04, 0x3A, 0x7F, 0xFF, 0x04, 0x99, 0xDA, 0xFF, 0x0A, 0xAE, 0xFA, 0xFF, 0x01, 0x7D, 0xF9, 0xFF, 0x01, 0x67, 0xF7, 0xFF,
  0x27, 0x7C, 0xFA, 0xFF, 0x57, 0xCF, 0xFB, 0xFF, 0x47, 0xDF, 0xFA, 0xFF, 0xB7, 0xE7, 0xFB, 0xFF, 0x36, 0xBA, 0xF9, 0xFF, 0x0E, 0x61, 0xF9, 0xFF,
  0x00, 0x44, 0xFA, 0xFF, 0x00, 0x41, 0xFA, 0xFF, 0x00, 0x43, 0xFA, 0xFF, 0x00, 0x45, 0xFA, 0xFF, 0x01, 0x47, 0xFA, 0xFF, 0x02, 0x48, 0xFA, 0xFF,
  0x03, 0x4A, 0xFB, 0xFF, 0x05, 0x4C, 0xFB, 0xFF, 0x07, 0x50, 0xFA, 0xFF, 0x0D, 0x54, 0xFB, 0xFF, 0x3C, 0x8E, 0xFA, 0xFF, 0x2F, 0xD2, 0xF8, 0xFF,
  0x0A, 0x8D, 0xD3, 0xFF, 0x07, 0x22, 0x96, 0xFF, 0x01, 0x0E, 0x62, 0xFF, 0x03, 0x10, 0x3D, 0xFF, 0x04, 0x07, 0x0E, 0xFF, 0x04, 0x04, 0x04, 0xFF,
  0x04, 0x03, 0x04, 0xFF, 0x04, 0x03, 0x04, 0xFF, 0x04, 0x03, 0x04, 0xFF, 0x04, 0x03, 0x03, 0xFF, 0x04, 0x03, 0x03, 0xFF, 0x04, 0x03, 0x03, 0xFF,
  0x04, 0x03, 0x03, 0xFF, 0x04, 0x03, 0x03, 0xFF, 0x04, 0x03, 0x03, 0xFF, 0x04, 0x03, 0x03, 0xFF, 0x04, 0x03, 0x03, 0xFF, 0x04, 0x03, 0x03, 0xFF,
  0x04, 0x03, 0x03, 0xFF, 0x04, 0x03, 0x03, 0xFF, 0x04, 0x03, 0x03, 0xFF, 0x04, 0x03, 0x04, 0xFF, 0x04, 0x03, 0x04, 0xFF, 0x04, 0x04, 0x05, 0xFF,
  0x07, 0x09, 0x1C, 0xFF, 0x40, 0x67, 0xD3, 0xFF, 0x17, 0x25, 0xF7, 0xFF, 0x15, 0x22, 0xF1, 0xFF, 0x14, 0x21, 0xEC, 0xFF, 0x14, 0x1F, 0xE9, 0xFF,
  0x15, 0x1F, 0xEA, 0xFF, 0x16, 0x21, 0xEF, 0xFF, 0x16, 0x22, 0xF5, 0xFF, 0x18, 0x24, 0xF8, 0xFF, 0x1B, 0x27, 0xF8, 0xFF, 0x1F, 0x2D, 0xFA, 0xFF,
  0x23, 0x35, 0xFA, 0xFF, 0x28, 0x3D, 0xFA, 0xFF, 0x38, 0x54, 0xFA, 0xFF, 0x4A, 0x6B, 0xF8, 0xFF, 0x57, 0x6E, 0xE2, 0xFF, 0x28, 0x31, 0x85, 0xFF,
  0x0B, 0x10, 0x37, 0xFF, 0x09, 0x0C, 0x26, 0xFF, 0x08, 0x0B, 0x1E, 0xFF, 0x07, 0x0B, 0x1C, 0xFF, 0x07, 0x0D, 0x23, 0xFF, 0x07, 0x11, 0x2B, 0xFF,
  0x07, 0x13, 0x34, 0xFF, 0x08, 0x1F, 0x55, 0xFF, 0x06, 0x27, 0x61, 0xFF, 0x06, 0x27, 0x59, 0xFF, 0x06, 0x18, 0x39, 0xFF, 0x05, 0x0C, 0x1F, 0xFF,
  0x05, 0x09, 0x16, 0xFF, 0x05, 0x07, 0x11, 0xFF, 0x05, 0x07, 0x10, 0xFF, 0x05, 0x06, 0x0E, 0xFF, 0x05, 0x05, 0x0C, 0xFF, 0x05, 0x05, 0x0B, 0xFF,
  0x05, 0x05, 0x0A, 0xFF, 0x05, 0x04, 0x09, 0xFF, 0x05, 0x04, 0x08, 0xFF, 0x04, 0x04, 0x07, 0xFF, 0x04, 0x04, 0x07, 0xFF, 0x04, 0x03, 0x06, 0xFF,
  0x04, 0x03, 0x07, 0xFF, 0x05, 0x04, 0x07, 0xFF, 0x05, 0x04, 0x08, 0xFF, 0x05, 0x04, 0x08, 0xFF, 0x05, 0x04, 0x0A, 0xFF, 0x06, 0x06, 0x18, 0xFF,
  0x06, 0x04, 0x12, 0xFF, 0x05, 0x04, 0x0B, 0xFF, 0x05, 0x04, 0x08, 0xFF, 0x04, 0x03, 0x06, 0xFF, 0x04, 0x03, 0x05, 0xFF, 0x04, 0x03, 0x05, 0xFF,
  0x04, 0x03, 0x04, 0xFF, 0x04, 0x03, 0x04, 0xFF, 0x04, 0x03, 0x03, 0xFF, 0x04, 0x03, 0x03, 0xFF, 0x04, 0x03, 0x03, 0xFF, 0x04, 0x03, 0x03, 0xFF,
  0x04, 0x03, 0x03, 0xFF, 0x04, 0x03, 0x03, 0xFF, 0x04, 0x03, 0x03, 0xFF, 0x04, 0x03, 0x03, 0xFF, 0x04, 0x03, 0x03, 0xFF, 0x04, 0x03, 0x04, 0xFF,
  0x06, 0x03, 0x12, 0xFF, 0x13, 0x02, 0x60, 0xFF, 0x20, 0x01, 0x9A, 0xFF, 0x1E, 0x01, 0xA2, 0xFF, 0x1E, 0x01, 0xA3, 0xFF, 0x11, 0x05, 0xA1, 0xFF,
  0x7F, 0x8A, 0xFA, 0xFF, 0x72, 0x78, 0xF9, 0xFF, 0x1F, 0x0E, 0xE8, 0xFF, 0x25, 0x09, 0xBA, 0xFF, 0x0F, 0x08, 0x38, 0xFF, 0x05, 0x04, 0x09, 0xFF,
  0x04, 0x03, 0x05, 0xFF, 0x04, 0x03, 0x04, 0xFF, 0x04, 0x03, 0x03, 0xFF, 0x04, 0x03, 0x03, 0xFF, 0x04, 0x03, 0x03, 0xFF, 0x04, 0x03, 0x03, 0xFF,
  0x04, 0x03, 0x03, 0xFF, 0x04, 0x03, 0x03, 0xFF, 0x04, 0x03, 0x03, 0xFF, 0x04, 0x03, 0x03, 0xFF, 0x04, 0x03, 0x03, 0xFF, 0x04, 0x03, 0x04, 0xFF,
  0x04, 0x05, 0x07, 0xFF, 0x04, 0x10, 0x20, 0xFF, 0x02, 0x3D, 0x93, 0xFF, 0x00, 0x4D, 0xD1, 0xFF, 0x20, 0xDE, 0xF9, 0xFF, 0x22, 0xDF, 0xF9, 0xFF,
  0x02, 0x43, 0xAB, 0xFF, 0x00, 0x2B, 0x8F, 0xFF, 0x00, 0x2F, 0x92, 0xFF, 0x01, 0x23, 0x67, 0xFF, 0x03, 0x0C, 0x1D, 0xFF, 0x04, 0x04, 0x06, 0xFF,
  0x04, 0x03, 0x03, 0xFF, 0x04, 0x03, 0x03, 0xFF, 0x04, 0x03, 0x03, 0xFF, 0x04, 0x03, 0x03, 0xFF, 0x04, 0x03, 0x03, 0xFF, 0x04, 0x03, 0x03, 0xFF,
  0x04, 0x03, 0x03, 0xFF, 0x04, 0x03, 0x03, 0xFF, 0x04, 0x03, 0x03, 0xFF, 0x04, 0x03, 0x03, 0xFF, 0x04, 0x03, 0x03, 0xFF, 0x04, 0x03, 0x03, 0xFF,
  0x04, 0x03, 0x03, 0xFF, 0x04, 0x03, 0x03, 0xFF, 0x04, 0x03, 0x04, 0xFF, 0x04, 0x03, 0x04, 0xFF, 0x04, 0x03, 0x04, 0xFF, 0x04, 0x04, 0x05, 0xFF,
  0x04, 0x04, 0x05, 0xFF, 0x04, 0x04, 0x06, 0xFF, 0x04, 0x05, 0x08, 0xFF, 0x04, 0x06, 0x09, 0xFF, 0x04, 0x06, 0x0A, 0xFF, 0x04, 0x07, 0x0C, 0xFF,
  0x04, 0x07, 0x0E, 0xFF, 0x04, 0x08, 0x10, 0xFF, 0x04, 0x09, 0x12, 0xFF, 0x04, 0x0A, 0x14, 0xFF, 0x04, 0x0A, 0x15, 0xFF, 0x04, 0x0B, 0x16, 0xFF,
  0x04, 0x0C, 0x1A, 0xFF, 0x04, 0x0F, 0x1F, 0xFF, 0x04, 0x0E, 0x1D, 0xFF, 0x04, 0x0F, 0x20, 0xFF, 0x03, 0x12, 0x27, 0xFF, 0x03, 0x12, 0x28, 0xFF,
  0x03, 0x13, 0x2A, 0xFF, 0x03, 0x18, 0x35, 0xFF, 0x03, 0x19, 0x36, 0xFF, 0x03, 0x17, 0x32, 0xFF, 0x04, 0x17, 0x31, 0xFF, 0x04, 0x18, 0x34, 0xFF,
  0x04, 0x1C, 0x3C, 0xFF, 0x04, 0x27, 0x55, 0xFF, 0x04, 0x52, 0xA8, 0xFF, 0x02, 0xAD, 0xF6, 0xFF, 0x01, 0x89, 0xFA, 0xFF, 0x00, 0x6B, 0xFB, 0xFF,
  0x00, 0x62, 0xFA, 0xFF, 0x02, 0x66, 0xF8, 0xFF, 0x1B, 0x68, 0xF9, 0xFF, 0x0B, 0x38, 0xFA, 0xFF, 0x02, 0x55, 0xFA, 0xFF, 0x00, 0x3C, 0xFA, 0xFF,
  0x00, 0x3B, 0xFA, 0xFF, 0x00, 0x3D, 0xFA, 0xFF, 0x00, 0x40, 0xFA, 0xFF, 0x01, 0x43, 0xFA, 0xFF, 0x00, 0x45, 0xFA, 0xFF, 0x01, 0x45, 0xFB, 0xFF,
  0x01, 0x46, 0xFB, 0xFF, 0x02, 0x48, 0xFB, 0xFF, 0x14, 0x53, 0xFA, 0xFF, 0x4B, 0xB9, 0xFA, 0xFF, 0x17, 0xCE, 0xEE, 0xFF, 0x0A, 0x4A, 0x98, 0xFF,
  0x01, 0x0D, 0x6F, 0xFF, 0x01, 0x11, 0x55, 0xFF, 0x04, 0x0A, 0x19, 0xFF, 0x04, 0x05, 0x07, 0xFF, 0x04, 0x04, 0x05, 0xFF, 0x04, 0x03, 0x04, 0xFF,
  0x04, 0x03, 0x04, 0xFF, 0x04, 0x03, 0x04, 0xFF, 0x04, 0x03, 0x03, 0xFF, 0x04, 0x03, 0x03, 0xFF, 0x04, 0x03, 0x03, 0xFF, 0x04, 0x03, 0x03, 0xFF,
  0x04, 0x03, 0x03, 0xFF, 0x04, 0x03, 0x03, 0xFF, 0x04, 0x03, 0x03, 0xFF, 0x04, 0x03, 0x03, 0xFF, 0x04, 0x03, 0x03, 0xFF, 0x04, 0x03, 0x03, 0xFF,
  0x04, 0x03, 0x03, 0xFF, 0x04, 0x03, 0x03, 0xFF, 0x04, 0x03, 0x03, 0xFF, 0x04, 0x03, 0x04, 0xFF, 0x04, 0x03, 0x04, 0xFF, 0x04, 0x04, 0x05, 0xFF,
  0x08, 0x09, 0x1C, 0xFF, 0x40, 0x68, 0xD0, 0xFF, 0x1A, 0x2A, 0xF7, 0xFF, 0x17, 0x25, 0xF4, 0xFF, 0x16, 0x23, 0xEF, 0xFF, 0x16, 0x21, 0xEE, 0xFF,
  0x17, 0x22, 0xEE, 0xFF, 0x17, 0x23, 0xF3, 0xFF, 0x19, 0x25, 0xF8, 0xFF, 0x1B, 0x29, 0xF9, 0xFF, 0x1E, 0x2E, 0xF8, 0xFF, 0x23, 0x36, 0xF9, 0xFF,
  0x29, 0x41, 0xFA, 0xFF, 0x3E, 0x5D, 0xFA, 0xFF, 0x51, 0x73, 0xF9, 0xFF, 0x50, 0x63, 0xC2, 0xFF, 0x11, 0x16, 0x54, 0xFF, 0x0B, 0x0F, 0x30, 0xFF,
  0x08, 0x0B, 0x21, 0xFF, 0x07, 0x0A, 0x1C, 0xFF, 0x07, 0x0A, 0x1A, 0xFF, 0x06, 0x0A, 0x1A, 0xFF, 0x07, 0x0E, 0x23, 0xFF, 0x07, 0x19, 0x3B, 0xFF,
  0x07, 0x1B, 0x48, 0xFF, 0x05, 0x3A, 0x78, 0xFF, 0x06, 0x30, 0x67, 0xFF, 0x06, 0x19, 0x3E, 0xFF, 0x06, 0x0E, 0x24, 0xFF, 0x05, 0x09, 0x17, 0xFF,
  0x05, 0x07, 0x12, 0xFF, 0x05, 0x07, 0x0F, 0xFF, 0x05, 0x06, 0x0D, 0xFF, 0x05, 0x05, 0x0B, 0xFF, 0x05, 0x05, 0x0A, 0xFF, 0x05, 0x04, 0x09, 0xFF,
  0x04, 0x04, 0x08, 0xFF, 0x04, 0x04, 0x08, 0xFF, 0x04, 0x04, 0x07, 0xFF, 0x04, 0x04, 0x06, 0xFF, 0x04, 0x04, 0x07, 0xFF, 0x05, 0x04, 0x07, 0xFF,
  0x05, 0x04, 0x08, 0xFF, 0x05, 0x04, 0x08, 0xFF, 0x05, 0x04, 0x08, 0xFF, 0x05, 0x04, 0x08, 0xFF, 0x05, 0x04, 0x0A, 0xFF, 0x05, 0x04, 0x0E, 0xFF,
  0x05, 0x04, 0x0B, 0xFF, 0x05, 0x03, 0x08, 0xFF, 0x04, 0x03, 0x06, 0xFF, 0x04, 0x03, 0x05, 0xFF, 0x04, 0x03, 0x05, 0xFF, 0x04, 0x03, 0x04, 0xFF,
  0x04, 0x03, 0x04, 0xFF, 0x04, 0x03, 0x04, 0xFF, 0x04, 0x03, 0x03, 0xFF, 0x04, 0x03, 0x03, 0xFF, 0x04, 0x03, 0x03, 0xFF, 0x04, 0x03, 0x04, 0xFF,
  0x04, 0x03, 0x03, 0xFF, 0x04, 0x03, 0x03, 0xFF, 0x04, 0x03, 0x03, 0xFF, 0x04, 0x03, 0x03, 0xFF, 0x04, 0x03, 0x03, 0xFF, 0x04, 0x03, 0x04, 0xFF,
  0x06, 0x03, 0x10, 0xFF, 0x13, 0x02, 0x5C, 0xFF, 0x20, 0x01, 0x9A, 0xFF, 0x1D, 0x01, 0xA3, 0xFF, 0x1D, 0x01, 0xA4, 0xFF, 0x10, 0x04, 0x9F, 0xFF,
  0x7C, 0x89, 0xFA, 0xFF, 0x71, 0x78, 0xFA, 0xFF, 0x1F, 0x0E, 0xEA, 0xFF, 0x25, 0x09, 0xBC, 0xFF, 0x0F, 0x09, 0x3B, 0xFF, 0x06, 0x04, 0x0A, 0xFF,
  0x04, 0x03, 0x05, 0xFF, 0x04, 0x03, 0x04, 0xFF, 0x04, 0x03, 0x03, 0xFF, 0x04, 0x03, 0x03, 0xFF, 0x04, 0x03, 0x03, 0xFF, 0x04, 0x03, 0x03, 0xFF,
  0x04, 0x03, 0x03, 0xFF, 0x04, 0x03, 0x03, 0xFF, 0x04, 0x03, 0x03, 0xFF, 0x04, 0x03, 0x03, 0xFF, 0x04, 0x03, 0x03, 0xFF, 0x04, 0x03, 0x04, 0xFF,
  0x04, 0x05, 0x07, 0xFF, 0x04, 0x0F, 0x1D, 0xFF, 0x02, 0x37, 0x83, 0xFF, 0x00, 0x4A, 0xD0, 0xFF, 0x1E, 0xDC, 0xFA, 0xFF, 0x22, 0xDE, 0xF9, 0xFF,
  0x01, 0x41, 0xAB, 0xFF, 0x01, 0x2B, 0x91, 0xFF, 0x01, 0x2F, 0x93, 0xFF, 0x02, 0x22, 0x63, 0xFF, 0x03, 0x0C, 0x1C, 0xFF, 0x04, 0x04, 0x06, 0xFF,
  0x04, 0x03, 0x03, 0xFF, 0x04, 0x03, 0x03, 0xFF, 0x04, 0x03, 0x03, 0xFF, 0x04, 0x03, 0x03, 0xFF, 0x04, 0x03, 0x03, 0xFF, 0x04, 0x03, 0x03, 0xFF,
  0x04, 0x03, 0x03, 0xFF, 0x04, 0x03, 0x03, 0xFF, 0x04, 0x03, 0x03, 0xFF, 0x04, 0x03, 0x03, 0xFF, 0x04, 0x03, 0x03, 0xFF, 0x04, 0x03, 0x03, 0xFF,
  0x04, 0x03, 0x03, 0xFF, 0x04, 0x03, 0x03, 0xFF, 0x04, 0x03, 0x03, 0xFF, 0x04, 0x03, 0x04, 0xFF, 0x04, 0x03, 0x04, 0xFF, 0x04, 0x04, 0x04, 0xFF,
  0x04, 0x04, 0x05, 0xFF, 0x04, 0x04, 0x05, 0xFF, 0x04, 0x05, 0x07, 0xFF, 0x04, 0x05, 0x07, 0xFF, 0x04, 0x05, 0x08, 0xFF, 0x04, 0x06, 0x09, 0xFF,
  0x04, 0x06, 0x0A, 0xFF, 0x04, 0x07, 0x0C, 0xFF, 0x04, 0x07, 0x0E, 0xFF, 0x04, 0x08, 0x0F, 0xFF, 0x04, 0x08, 0x0F, 0xFF, 0x04, 0x09, 0x11, 0xFF,
  0x04, 0x0B, 0x15, 0xFF, 0x04, 0x0C, 0x18, 0xFF, 0x04, 0x0C, 0x19, 0xFF, 0x04, 0x0F, 0x1F, 0xFF, 0x04, 0x0F, 0x20, 0xFF, 0x04, 0x0F, 0x20, 0xFF,
  0x03, 0x10, 0x22, 0xFF, 0x03, 0x11, 0x26, 0xFF, 0x03, 0x12, 0x28, 0xFF, 0x03, 0x13, 0x28, 0xFF, 0x03, 0x13, 0x28, 0xFF, 0x03, 0x15, 0x2D, 0xFF,
  0x03, 0x18, 0x32, 0xFF, 0x03, 0x1D, 0x3E, 0xFF, 0x03, 0x2F, 0x67, 0xFF, 0x04, 0x8B, 0xD1, 0xFF, 0x01, 0x8D, 0xFA, 0xFF, 0x01, 0x72, 0xFB, 0xFF,
  0x00, 0x62, 0xFA, 0xFF, 0x00, 0x58, 0xFB, 0xFF, 0x00, 0x42, 0xFB, 0xFF, 0x00, 0x24, 0xFA, 0xFF, 0x01, 0x57, 0xFA, 0xFF, 0x00, 0x37, 0xFA, 0xFF,
  0x01, 0x37, 0xF9, 0xFF, 0x01, 0x3A, 0xF9, 0xFF, 0x00, 0x3D, 0xFA, 0xFF, 0x00, 0x41, 0xFA, 0xFF, 0x00, 0x43, 0xFA, 0xFF, 0x00, 0x43, 0xFA, 0xFF,
  0x05, 0x47, 0xFA, 0xFF, 0x2C, 0x8C, 0xFB, 0xFF, 0x25, 0xCF, 0xF8, 0xFF, 0x0C, 0x85, 0xC2, 0xFF, 0x03, 0x15, 0x82, 0xFF, 0x01, 0x0C, 0x5E, 0xFF,
  0x03, 0x0A, 0x2D, 0xFF, 0x04, 0x05, 0x09, 0xFF, 0x04, 0x04, 0x04, 0xFF, 0x04, 0x03, 0x04, 0xFF, 0x04, 0x03, 0x04, 0xFF, 0x04, 0x03, 0x03, 0xFF,
  0x04, 0x03, 0x03, 0xFF, 0x04, 0x03, 0x03, 0xFF, 0x04, 0x03, 0x03, 0xFF, 0x04, 0x03, 0x03, 0xFF, 0x04, 0x03, 0x03, 0xFF, 0x04, 0x03, 0x03, 0xFF,
  0x04, 0x03, 0x03, 0xFF, 0x04, 0x03, 0x03, 0xFF, 0x04, 0x03, 0x03, 0xFF, 0x04, 0x03, 0x03, 0xFF, 0x04, 0x03, 0x03, 0xFF, 0x04, 0x03, 0x03, 0xFF,
  0x04, 0x03, 0x03, 0xFF, 0x04, 0x03, 0x03, 0xFF, 0x04, 0x03, 0x03, 0xFF, 0x04, 0x03, 0x03, 0xFF, 0x04, 0x03, 0x04, 0xFF, 0x04, 0x04, 0x05, 0xFF,
  0x08, 0x0A, 0x1B, 0xFF, 0x3D, 0x68, 0xCF, 0xFF, 0x1C, 0x2F, 0xF8, 0xFF, 0x19, 0x29, 0xF8, 0xFF, 0x17, 0x26, 0xF5, 0xFF, 0x18, 0x25, 0xF2, 0xFF,
  0x18, 0x25, 0xF2, 0xFF, 0x1A, 0x26, 0xF8, 0xFF, 0x1D, 0x2C, 0xF9, 0xFF, 0x1F, 0x30, 0xF9, 0xFF, 0x25, 0x3A, 0xFA, 0xFF, 0x2E, 0x47, 0xF8, 0xFF,
  0x3D, 0x5E, 0xF9, 0xFF, 0x50, 0x6E, 0xE9, 0xFF, 0x30, 0x3D, 0x90, 0xFF, 0x0B, 0x10, 0x37, 0xFF, 0x08, 0x0A, 0x1D, 0xFF, 0x07, 0x09, 0x1A, 0xFF,
  0x07, 0x0A, 0x19, 0xFF, 0x07, 0x0A, 0x19, 0xFF, 0x06, 0x0A, 0x18, 0xFF, 0x06, 0x0B, 0x1A, 0xFF, 0x06, 0x0F, 0x25, 0xFF, 0x07, 0x19, 0x3F, 0xFF,
  0x05, 0x35, 0x72, 0xFF, 0x05, 0x2F, 0x6D, 0xFF, 0x05, 0x13, 0x2F, 0xFF, 0x05, 0x0C, 0x1D, 0xFF, 0x05, 0x09, 0x15, 0xFF, 0x05, 0x07, 0x10, 0xFF,
  0x05, 0x06, 0x0D, 0xFF, 0x05, 0x05, 0x0B, 0xFF, 0x05, 0x05, 0x0A, 0xFF, 0x04, 0x04, 0x09, 0xFF, 0x04, 0x04, 0x08, 0xFF, 0x04, 0x04, 0x07, 0xFF,
  0x04, 0x04, 0x07, 0xFF, 0x04, 0x04, 0x07, 0xFF, 0x04, 0x04, 0x07, 0xFF, 0x04, 0x04, 0x07, 0xFF, 0x05, 0x04, 0x08, 0xFF, 0x05, 0x04, 0x09, 0xFF,
  0x05, 0x04, 0x0C, 0xFF, 0x05, 0x04, 0x0D, 0xFF, 0x05, 0x04, 0x0B, 0xFF, 0x05, 0x04, 0x0C, 0xFF, 0x05, 0x04, 0x09, 0xFF, 0x05, 0x04, 0x07, 0xFF,
  0x04, 0x03, 0x06, 0xFF, 0x04, 0x03, 0x05, 0xFF, 0x04, 0x03, 0x05, 0xFF, 0x04, 0x03, 0x05, 0xFF, 0x04, 0x03, 0x05, 0xFF, 0x04, 0x03, 0x04, 0xFF,
  0x04, 0x03, 0x04, 0xFF, 0x04, 0x03, 0x04, 0xFF, 0x04, 0x03, 0x03, 0xFF, 0x04, 0x03, 0x03, 0xFF, 0x04, 0x03, 0x03, 0xFF, 0x04, 0x03, 0x03, 0xFF,
  0x04, 0x03, 0x04, 0xFF, 0x04, 0x03, 0x03, 0xFF, 0x04, 0x03, 0x03, 0xFF, 0x04, 0x03, 0x03, 0xFF, 0x04, 0x03, 0x03, 0xFF, 0x04, 0x03, 0x04, 0xFF,
  0x05, 0x03, 0x0E, 0xFF, 0x12, 0x02, 0x58, 0xFF, 0x20, 0x02, 0x9A, 0xFF, 0x1D, 0x01, 0xA4, 0xFF, 0x1D, 0x01, 0xA5, 0xFF, 0x10, 0x03, 0x9F, 0xFF,
  0x7B, 0x87, 0xFA, 0xFF, 0x71, 0x78, 0xF9, 0xFF, 0x1E, 0x0E, 0xEA, 0xFF, 0x26, 0x0A, 0xBF, 0xFF, 0x10, 0x09, 0x3F, 0xFF, 0x06, 0x04, 0x0C, 0xFF,
  0x05, 0x03, 0x06, 0xFF, 0x04, 0x03, 0x04, 0xFF, 0x04, 0x03, 0x03, 0xFF, 0x04, 0x03, 0x03, 0xFF, 0x04, 0x03, 0x03, 0xFF, 0x04, 0x03, 0x03, 0xFF,
  0x04, 0x03, 0x03, 0xFF, 0x04, 0x03, 0x03, 0xFF, 0x04, 0x03, 0x03, 0xFF, 0x04, 0x03, 0x03, 0xFF, 0x04, 0x03, 0x03, 0xFF, 0x04, 0x03, 0x04, 0xFF,
  0x04, 0x05, 0x08, 0xFF, 0x04, 0x10, 0x1F, 0xFF, 0x02, 0x36, 0x82, 0xFF, 0x00, 0x52, 0xD4, 0xFF, 0x1E, 0xDD, 0xFA, 0xFF, 0x23, 0xE0, 0xFA, 0xFF,
  0x01, 0x41, 0xAA, 0xFF, 0x01, 0x2C, 0x92, 0xFF, 0x01, 0x2F, 0x93, 0xFF, 0x02, 0x21, 0x63, 0xFF, 0x03, 0x0C, 0x1C, 0xFF, 0x04, 0x04, 0x06, 0xFF,
  0x04, 0x03, 0x03, 0xFF, 0x04, 0x03, 0x03, 0xFF, 0x04, 0x03, 0x03, 0xFF, 0x04, 0x03, 0x03, 0xFF, 0x04, 0x03, 0x03, 0xFF, 0x04, 0x03, 0x03, 0xFF,
  0x04, 0x03, 0x03, 0xFF, 0x04, 0x03, 0x03, 0xFF, 0x04, 0x03, 0x03, 0xFF, 0x04, 0x03, 0x03, 0xFF, 0x04, 0x03, 0x03, 0xFF, 0x04, 0x03, 0x03, 0xFF,
  0x04, 0x03, 0x03, 0xFF, 0x04, 0x03, 0x03, 0xFF, 0x04, 0x03, 0x04, 0xFF, 0x04, 0x03, 0x04, 0xFF, 0x04, 0x03, 0x04, 0xFF, 0x04, 0x04, 0x04, 0xFF,
  0x04, 0x04, 0x05, 0xFF, 0x04, 0x04, 0x05, 0xFF, 0x04, 0x04, 0x06, 0xFF, 0x04, 0x04, 0x06, 0xFF, 0x04, 0x05, 0x07, 0xFF, 0x04, 0x05, 0x07, 0xFF,
  0x04, 0x05, 0x08, 0xFF, 0x04, 0x06, 0x0A, 0xFF, 0x04, 0x06, 0x0B, 0xFF, 0x04, 0x06, 0x0B, 0xFF, 0x04, 0x07, 0x0C, 0xFF, 0x04, 0x08, 0x0E, 0xFF,
  0x04, 0x0A, 0x13, 0xFF, 0x04, 0x0B, 0x16, 0xFF, 0x04, 0x0E, 0x1B, 0xFF, 0x03, 0x15, 0x2A, 0xFF, 0x04, 0x11, 0x23, 0xFF, 0x04, 0x0E, 0x1E, 0xFF,
  0x04, 0x0E, 0x1E, 0xFF, 0x04, 0x0E, 0x1E, 0xFF, 0x04, 0x10, 0x21, 0xFF, 0x03, 0x11, 0x24, 0xFF, 0x03, 0x11, 0x23, 0xFF, 0x03, 0x12, 0x26, 0xFF,
  0x03, 0x14, 0x2B, 0xFF, 0x03, 0x18, 0x32, 0xFF, 0x04, 0x1F, 0x44, 0xFF, 0x04, 0x50, 0x95, 0xFF, 0x02, 0x99, 0xF8, 0xFF, 0x00, 0x78, 0xFA, 0xFF,
  0x00, 0x62, 0xFA, 0xFF, 0x00, 0x52, 0xFA, 0xFF, 0x00, 0x40, 0xFB, 0xFF, 0x01, 0x27, 0xFB, 0xFF, 0x01, 0x54, 0xF8, 0xFF, 0x00, 0x32, 0xFA, 0xFF,
  0x00, 0x32, 0xFA, 0xFF, 0x00, 0x37, 0xFA, 0xFF, 0x00, 0x39, 0xF9, 0xFF, 0x01, 0x3B, 0xFA, 0xFF, 0x01, 0x3E, 0xF9, 0xFF, 0x1F, 0x5A, 0xF9, 0xFF,
  0x2A, 0xB4, 0xF8, 0xFF, 0x1C, 0xB6, 0xE5, 0xFF, 0x0E, 0x3F, 0x97, 0xFF, 0x00, 0x07, 0x6F, 0xFF, 0x01, 0x0B, 0x54, 0xFF, 0x04, 0x08, 0x15, 0xFF,
  0x04, 0x04, 0x06, 0xFF, 0x04, 0x04, 0x04, 0xFF, 0x04, 0x03, 0x04, 0xFF, 0x04, 0x03, 0x04, 0xFF, 0x04, 0x03, 0x04, 0xFF, 0x04, 0x03, 0x03, 0xFF,
  0x04, 0x03, 0x03, 0xFF, 0x04, 0x03, 0x03, 0xFF, 0x04, 0x03, 0x03, 0xFF, 0x04, 0x03, 0x03, 0xFF, 0x04, 0x03, 0x03, 0xFF, 0x04, 0x03, 0x03, 0xFF,
  0x04, 0x03, 0x03, 0xFF, 0x04, 0x03, 0x03, 0xFF, 0x04, 0x03, 0x03, 0xFF, 0x04, 0x03, 0x03, 0xFF, 0x04, 0x03, 0x03, 0xFF, 0x04, 0x03, 0x03, 0xFF,
  0x04, 0x03, 0x04, 0xFF, 0x04, 0x03, 0x03, 0xFF, 0x04, 0x03, 0x03, 0xFF, 0x04, 0x03, 0x03, 0xFF, 0x04, 0x03, 0x04, 0xFF, 0x04, 0x04, 0x05, 0xFF,
  0x08, 0x0A, 0x1B, 0xFF, 0x40, 0x6D, 0xD2, 0xFF, 0x20, 0x36, 0xF8, 0xFF, 0x1C, 0x2C, 0xF8, 0xFF, 0x1B, 0x2A, 0xF8, 0xFF, 0x1A, 0x28, 0xF7, 0xFF,
  0x1B, 0x27, 0xF7, 0xFF, 0x1D, 0x2B, 0xFA, 0xFF, 0x21, 0x36, 0xFA, 0xFF, 0x26, 0x3E, 0xFA, 0xFF, 0x33, 0x51, 0xF9, 0xFF, 0x44, 0x64, 0xF8, 0xFF,
  0x47, 0x5B, 0xCD, 0xFF, 0x12, 0x17, 0x57, 0xFF, 0x0A, 0x0D, 0x28, 0xFF, 0x08, 0x0A, 0x1D, 0xFF, 0x07, 0x08, 0x15, 0xFF, 0x06, 0x08, 0x15, 0xFF,
  0x06, 0x0B, 0x1A, 0xFF, 0x06, 0x0A, 0x18, 0xFF, 0x06, 0x0A, 0x18, 0xFF, 0x06, 0x0A, 0x1A, 0xFF, 0x06, 0x0D, 0x20, 0xFF, 0x06, 0x14, 0x37, 0xFF,
  0x06, 0x27, 0x65, 0xFF, 0x06, 0x15, 0x3A, 0xFF, 0x05, 0x0B, 0x1A, 0xFF, 0x05, 0x09, 0x14, 0xFF, 0x05, 0x07, 0x0F, 0xFF, 0x05, 0x06, 0x0C, 0xFF,
  0x05, 0x05, 0x0A, 0xFF, 0x04, 0x05, 0x09, 0xFF, 0x04, 0x05, 0x08, 0xFF, 0x04, 0x04, 0x07, 0xFF, 0x04, 0x04, 0x07, 0xFF, 0x04, 0x04, 0x07, 0xFF,
  0x04, 0x04, 0x06, 0xFF, 0x04, 0x04, 0x06, 0xFF, 0x04, 0x04, 0x07, 0xFF, 0x04, 0x04, 0x07, 0xFF, 0x05, 0x04, 0x0A, 0xFF, 0x06, 0x05, 0x11, 0xFF,
  0x07, 0x06, 0x1A, 0xFF, 0x08, 0x06, 0x1E, 0xFF, 0x07, 0x06, 0x1B, 0xFF, 0x06, 0x05, 0x15, 0xFF, 0x05, 0x04, 0x0D, 0xFF, 0x05, 0x04, 0x08, 0xFF,
  0x04, 0x03, 0x06, 0xFF, 0x04, 0x03, 0x05, 0xFF, 0x04, 0x03, 0x05, 0xFF, 0x04, 0x03, 0x05, 0xFF, 0x04, 0x03, 0x05, 0xFF, 0x04, 0x03, 0x04, 0xFF,
  0x04, 0x03, 0x04, 0xFF, 0x04, 0x03, 0x04, 0xFF, 0x04, 0x03, 0x03, 0xFF, 0x04, 0x03, 0x03, 0xFF, 0x04, 0x03, 0x03, 0xFF, 0x04, 0x03, 0x03, 0xFF,
  0x04, 0x03, 0x03, 0xFF, 0x04, 0x03, 0x03, 0xFF, 0x04, 0x03, 0x03, 0xFF, 0x04, 0x03, 0x03, 0xFF, 0x04, 0x03, 0x03, 0xFF, 0x04, 0x03, 0x04, 0xFF,
  0x06, 0x03, 0x0E, 0xFF, 0x12, 0x02, 0x56, 0xFF, 0x1F, 0x01, 0x9A, 0xFF, 0x1D, 0x01, 0xA3, 0xFF, 0x1D, 0x01, 0xA4, 0xFF, 0x10, 0x04, 0xA1, 0xFF,
  0x7D, 0x88, 0xFA, 0xFF, 0x70, 0x76, 0xF9, 0xFF, 0x21, 0x0F, 0xEC, 0xFF, 0x26, 0x0A, 0xBF, 0xFF, 0x10, 0x09, 0x3F, 0xFF, 0x06, 0x04, 0x0C, 0xFF,
  0x05, 0x03, 0x06, 0xFF, 0x04, 0x03, 0x03, 0xFF, 0x04, 0x03, 0x03, 0xFF, 0x04, 0x03, 0x03, 0xFF, 0x04, 0x03, 0x03, 0xFF, 0x04, 0x03, 0x03, 0xFF,
  0x04, 0x03, 0x03, 0xFF, 0x04, 0x03, 0x03, 0xFF, 0x04, 0x03, 0x03, 0xFF, 0x04, 0x03, 0x03, 0xFF, 0x04, 0x03, 0x03, 0xFF, 0x04, 0x03, 0x04, 0xFF,
  0x04, 0x05, 0x08, 0xFF, 0x04, 0x10, 0x1F, 0xFF, 0x02, 0x33, 0x79, 0xFF, 0x01, 0x53, 0xD2, 0xFF, 0x1F, 0xDF, 0xFA, 0xFF, 0x22, 0xE2, 0xFA, 0xFF,
  0x01, 0x40, 0xAA, 0xFF, 0x01, 0x2D, 0x94, 0xFF, 0x01, 0x30, 0x94, 0xFF, 0x02, 0x21, 0x62, 0xFF, 0x03, 0x0B, 0x1B, 0xFF, 0x04, 0x04, 0x06, 0xFF,
  0x04, 0x03, 0x03, 0xFF, 0x04, 0x03, 0x03, 0xFF, 0x04, 0x03, 0x03, 0xFF, 0x04, 0x03, 0x03, 0xFF, 0x04, 0x03, 0x03, 0xFF, 0x04, 0x03, 0x03, 0xFF,
  0x04, 0x03, 0x03, 0xFF, 0x04, 0x03, 0x03, 0xFF, 0x04, 0x03, 0x03, 0xFF, 0x04, 0x03, 0x03, 0xFF, 0x04, 0x03, 0x03, 0xFF, 0x04, 0x03, 0x03, 0xFF,
  0x04, 0x03, 0x03, 0xFF, 0x04, 0x03, 0x03, 0xFF, 0x04, 0x03, 0x03, 0xFF, 0x04, 0x03, 0x04, 0xFF, 0x04, 0x03, 0x04, 0xFF, 0x04, 0x03, 0x04, 0xFF,
  0x04, 0x04, 0x04, 0xFF, 0x04, 0x04, 0x05, 0xFF, 0x04, 0x04, 0x05, 0xFF, 0x04, 0x04, 0x05, 0xFF, 0x04, 0x04, 0x05, 0xFF, 0x04, 0x04, 0x06, 0xFF,
  0x04, 0x04, 0x07, 0xFF, 0x04, 0x05, 0x07, 0xFF, 0x04, 0x05, 0x08, 0xFF, 0x04, 0x06, 0x09, 0xFF, 0x04, 0x06, 0x0A, 0xFF, 0x04, 0x07, 0x0C, 0xFF,
  0x04, 0x08, 0x0F, 0xFF, 0x04, 0x09, 0x10, 0xFF, 0x04, 0x0A, 0x13, 0xFF, 0x04, 0x0D, 0x19, 0xFF, 0x04, 0x0C, 0x19, 0xFF, 0x04, 0x0C, 0x18, 0xFF,
  0x04, 0x0C, 0x17, 0xFF, 0x04, 0x0B, 0x17, 0xFF, 0x04, 0x0D, 0x19, 0xFF, 0x04, 0x0F, 0x1F, 0xFF, 0x04, 0x0F, 0x1F, 0xFF, 0x03, 0x10, 0x22, 0xFF,
  0x03, 0x12, 0x26, 0xFF, 0x03, 0x14, 0x2A, 0xFF, 0x03, 0x19, 0x37, 0xFF, 0x04, 0x29, 0x5E, 0xFF, 0x03, 0x8C, 0xD1, 0xFF, 0x00, 0x7A, 0xFA, 0xFF,
  0x00, 0x65, 0xFA, 0xFF, 0x00, 0x55, 0xFA, 0xFF, 0x01, 0x45, 0xFA, 0xFF, 0x01, 0x2F, 0xFB, 0xFF, 0x01, 0x58, 0xF9, 0xFF, 0x00, 0x31, 0xFA, 0xFF,
  0x01, 0x30, 0xFA, 0xFF, 0x00, 0x32, 0xFA, 0xFF, 0x01, 0x33, 0xFA, 0xFF, 0x04, 0x39, 0xF9, 0xFF, 0x2E, 0x89, 0xF9, 0xFF, 0x30, 0xCE, 0xF5, 0xFF,
  0x1D, 0x6E, 0xB6, 0xFF, 0x04, 0x0F, 0x77, 0xFF, 0x00, 0x0B, 0x68, 0xFF, 0x02, 0x07, 0x2F, 0xFF, 0x04, 0x06, 0x0A, 0xFF, 0x04, 0x04, 0x05, 0xFF,
  0x04, 0x03, 0x04, 0xFF, 0x04, 0x03, 0x04, 0xFF, 0x04, 0x03, 0x04, 0xFF, 0x04, 0x03, 0x03, 0xFF, 0x04, 0x03, 0x03, 0xFF, 0x04, 0x03, 0x03, 0xFF,
  0x04, 0x03, 0x03, 0xFF, 0x04, 0x03, 0x03, 0xFF, 0x04, 0x03, 0x03, 0xFF, 0x04, 0x03, 0x04, 0xFF, 0x04, 0x03, 0x03, 0xFF, 0x04, 0x03, 0x03, 0xFF,
  0x04, 0x03, 0x03, 0xFF, 0x04, 0x03, 0x03, 0xFF, 0x04, 0x03, 0x03, 0xFF, 0x04, 0x03, 0x03, 0xFF, 0x04, 0x03, 0x03, 0xFF, 0x04, 0x03, 0x03, 0xFF,
  0x04, 0x03, 0x03, 0xFF, 0x04, 0x03, 0x04, 0xFF, 0x04, 0x03, 0x03, 0xFF, 0x04, 0x03, 0x03, 0xFF, 0x04, 0x03, 0x04, 0xFF, 0x04, 0x04, 0x05, 0xFF,
  0x08, 0x0B, 0x1D, 0xFF, 0x47, 0x76, 0xD5, 0xFF, 0x22, 0x3C, 0xF8, 0xFF, 0x1F, 0x33, 0xF8, 0xFF, 0x1E, 0x2F, 0xF9, 0xFF, 0x1D, 0x2D, 0xF9, 0xFF,
  0x1D, 0x2C, 0xFA, 0xFF, 0x20, 0x30, 0xFA, 0xFF, 0x2B, 0x46, 0xF9, 0xFF, 0x3D, 0x5F, 0xF9, 0xFF, 0x53, 0x71, 0xE7, 0xFF, 0x31, 0x3C, 0x8A, 0xFF,
  0x0D, 0x12, 0x45, 0xFF, 0x09, 0x0C, 0x24, 0xFF, 0x08, 0x0A, 0x1A, 0xFF, 0x07, 0x09, 0x16, 0xFF, 0x06, 0x08, 0x13, 0xFF, 0x06, 0x08, 0x13, 0xFF,
  0x06, 0x09, 0x15, 0xFF, 0x06, 0x09, 0x17, 0xFF, 0x06, 0x0C, 0x1B, 0xFF, 0x06, 0x0E, 0x20, 0xFF, 0x05, 0x0C, 0x1F, 0xFF, 0x06, 0x0F, 0x25, 0xFF,
  0x06, 0x1F, 0x40, 0xFF, 0x06, 0x12, 0x2C, 0xFF, 0x05, 0x08, 0x12, 0xFF, 0x05, 0x07, 0x0E, 0xFF, 0x05, 0x06, 0x0C, 0xFF, 0x04, 0x05, 0x09, 0xFF,
  0x04, 0x05, 0x08, 0xFF, 0x04, 0x04, 0x07, 0xFF, 0x04, 0x04, 0x06, 0xFF, 0x04, 0x04, 0x06, 0xFF, 0x04, 0x04, 0x06, 0xFF, 0x04, 0x04, 0x06, 0xFF,
  0x04, 0x03, 0x05, 0xFF, 0x04, 0x04, 0x06, 0xFF, 0x04, 0x04, 0x07, 0xFF, 0x05, 0x04, 0x08, 0xFF, 0x06, 0x05, 0x11, 0xFF, 0x0A, 0x08, 0x30, 0xFF,
  0x16, 0x0A, 0x71, 0xFF, 0x1D, 0x0B, 0x94, 0xFF, 0x14, 0x09, 0x6B, 0xFF, 0x0A, 0x07, 0x2D, 0xFF, 0x06, 0x04, 0x11, 0xFF, 0x05, 0x04, 0x09, 0xFF,
  0x04, 0x03, 0x05, 0xFF, 0x04, 0x03, 0x05, 0xFF, 0x04, 0x03, 0x05, 0xFF, 0x04, 0x03, 0x05, 0xFF, 0x04, 0x03, 0x04, 0xFF, 0x04, 0x03, 0x04, 0xFF,
  0x04, 0x03, 0x04, 0xFF, 0x04, 0x03, 0x03, 0xFF, 0x04, 0x03, 0x03, 0xFF, 0x04, 0x03, 0x03, 0xFF, 0x04, 0x03, 0x03, 0xFF, 0x04, 0x03, 0x03, 0xFF,
  0x04, 0x03, 0x03, 0xFF, 0x04, 0x03, 0x03, 0xFF, 0x04, 0x03, 0x03, 0xFF, 0x04, 0x03, 0x03, 0xFF, 0x04, 0x03, 0x03, 0xFF, 0x04, 0x03, 0x04, 0xFF,
  0x06, 0x03, 0x0F, 0xFF, 0x12, 0x02, 0x57, 0xFF, 0x20, 0x02, 0x9C, 0xFF, 0x1E, 0x01, 0xA6, 0xFF, 0x1E, 0x01, 0xA6, 0xFF, 0x11, 0x04, 0xA2, 0xFF,
  0x7C, 0x86, 0xFA, 0xFF, 0x6F, 0x75, 0xF9, 0xFF, 0x21, 0x10, 0xEC, 0xFF, 0x25, 0x09, 0xB8, 0xFF, 0x10, 0x09, 0x3D, 0xFF, 0x06, 0x04, 0x0C, 0xFF,
  0x04, 0x03, 0x05, 0xFF, 0x04, 0x03, 0x04, 0xFF, 0x04, 0x03, 0x03, 0xFF, 0x04, 0x03, 0x03, 0xFF, 0x04, 0x03, 0x03, 0xFF, 0x04, 0x03, 0x03, 0xFF,
  0x04, 0x03, 0x03, 0xFF, 0x04, 0x03, 0x03, 0xFF, 0x04, 0x03, 0x03, 0xFF, 0x04, 0x03, 0x03, 0xFF, 0x04, 0x03, 0x03, 0xFF, 0x04, 0x03, 0x04, 0xFF,
  0x04, 0x05, 0x07, 0xFF, 0x04, 0x0F, 0x1D, 0xFF, 0x02, 0x32, 0x74, 0xFF, 0x01, 0x51, 0xCF, 0xFF, 0x1F, 0xE1, 0xF9, 0xFF, 0x22, 0xE4, 0xFA, 0xFF,
  0x01, 0x41, 0xAA, 0xFF, 0x01, 0x2E, 0x95, 0xFF, 0x01, 0x31, 0x93, 0xFF, 0x02, 0x23, 0x63, 0xFF, 0x03, 0x0C, 0x1B, 0xFF, 0x04, 0x04, 0x06, 0xFF,
  0x04, 0x03, 0x03, 0xFF, 0x04, 0x03, 0x03, 0xFF, 0x04, 0x03, 0x03, 0xFF, 0x04, 0x03, 0x03, 0xFF, 0x04, 0x03, 0x03, 0xFF, 0x04, 0x03, 0x03, 0xFF,
  0x04, 0x03, 0x03, 0xFF, 0x04, 0x03, 0x03, 0xFF, 0x04, 0x03, 0x03, 0xFF, 0x04, 0x03, 0x03, 0xFF, 0x04, 0x03, 0x03, 0xFF, 0x04, 0x03, 0x03, 0xFF,
  0x04, 0x03, 0x03, 0xFF, 0x04, 0x03, 0x03, 0xFF, 0x04, 0x03, 0x03, 0xFF, 0x04, 0x03, 0x04, 0xFF, 0x04, 0x03, 0x04, 0xFF, 0x04, 0x03, 0x04, 0xFF,
  0x04, 0x04, 0x04, 0xFF, 0x04, 0x03, 0x04, 0xFF, 0x04, 0x03, 0x04, 0xFF, 0x04, 0x03, 0x04, 0xFF, 0x04, 0x04, 0x05, 0xFF, 0x04, 0x04, 0x05, 0xFF,
  0x04, 0x04, 0x05, 0xFF, 0x04, 0x04, 0x06, 0xFF, 0x04, 0x04, 0x06, 0xFF, 0x04, 0x05, 0x07, 0xFF, 0x04, 0x06, 0x08, 0xFF, 0x04, 0x06, 0x0A, 0xFF,
  0x04, 0x06, 0x0B, 0xFF, 0x04, 0x06, 0x0B, 0xFF, 0x04, 0x07, 0x0D, 0xFF, 0x04, 0x08, 0x0F, 0xFF, 0x04, 0x09, 0x10, 0xFF, 0x04, 0x09, 0x10, 0xFF,
  0x04, 0x09, 0x11, 0xFF, 0x04, 0x09, 0x12, 0xFF, 0x04, 0x0B, 0x15, 0xFF, 0x04, 0x0D, 0x1B, 0xFF, 0x04, 0x0E, 0x1D, 0xFF, 0x04, 0x0F, 0x1F, 0xFF,
  0x03, 0x10, 0x21, 0xFF, 0x03, 0x11, 0x24, 0xFF, 0x03, 0x16, 0x2E, 0xFF, 0x03, 0x1E, 0x3F, 0xFF, 0x04, 0x44, 0x7B, 0xFF, 0x02, 0x8C, 0xF6, 0xFF,
  0x00, 0x6D, 0xFB, 0xFF, 0x01, 0x6D, 0xFA, 0xFF, 0x01, 0x4A, 0xFB, 0xFF, 0x01, 0x34, 0xFB, 0xFF, 0x01, 0x62, 0xFA, 0xFF, 0x00, 0x2F, 0xFB, 0xFF,
  0x00, 0x30, 0xFB, 0xFF, 0x01, 0x2E, 0xFA, 0xFF, 0x24, 0x62, 0xFA, 0xFF, 0x31, 0xBB, 0xF9, 0xFF, 0x10, 0x98, 0xCE, 0xFF, 0x09, 0x26, 0x8F, 0xFF,
  0x01, 0x08, 0x75, 0xFF, 0x02, 0x0A, 0x40, 0xFF, 0x04, 0x07, 0x12, 0xFF, 0x04, 0x04, 0x04, 0xFF, 0x04, 0x04, 0x04, 0xFF, 0x04, 0x03, 0x04, 0xFF,
  0x04, 0x03, 0x03, 0xFF, 0x04, 0x03, 0x03, 0xFF, 0x04, 0x03, 0x03, 0xFF, 0x04, 0x03, 0x03, 0xFF, 0x04, 0x03, 0x03, 0xFF, 0x04, 0x03, 0x03, 0xFF,
  0x04, 0x03, 0x03, 0xFF, 0x04, 0x03, 0x03, 0xFF, 0x04, 0x03, 0x03, 0xFF, 0x04, 0x03, 0x04, 0xFF, 0x04, 0x03, 0x04, 0xFF, 0x04, 0x03, 0x03, 0xFF,
  0x04, 0x03, 0x03, 0xFF, 0x04, 0x03, 0x03, 0xFF, 0x04, 0x03, 0x03, 0xFF, 0x04, 0x03, 0x03, 0xFF, 0x04, 0x03, 0x03, 0xFF, 0x04, 0x03, 0x03, 0xFF,
  0x04, 0x03, 0x03, 0xFF, 0x04, 0x03, 0x03, 0xFF, 0x04, 0x03, 0x03, 0xFF, 0x04, 0x03, 0x04, 0xFF, 0x04, 0x03, 0x04, 0xFF, 0x04, 0x04, 0x05, 0xFF,
  0x09, 0x0C, 0x1F, 0xFF, 0x4B, 0x7E, 0xD9, 0xFF, 0x25, 0x45, 0xF8, 0xFF, 0x22, 0x3B, 0xF9, 0xFF, 0x21, 0x37, 0xF9, 0xFF, 0x21, 0x34, 0xF9, 0xFF,
  0x23, 0x37, 0xF9, 0xFF, 0x2D, 0x49, 0xFA, 0xFF, 0x49, 0x71, 0xF6, 0xFF, 0x4A, 0x64, 0xCA, 0xFF, 0x16, 0x1D, 0x60, 0xFF, 0x09, 0x0C, 0x24, 0xFF,
  0x08, 0x0A, 0x1C, 0xFF, 0x07, 0x09, 0x17, 0xFF, 0x06, 0x08, 0x15, 0xFF, 0x06, 0x08, 0x14, 0xFF, 0x06, 0x07, 0x12, 0xFF, 0x06, 0x08, 0x12, 0xFF,
  0x06, 0x08, 0x13, 0xFF, 0x06, 0x09, 0x16, 0xFF, 0x06, 0x0C, 0x1D, 0xFF, 0x05, 0x0D, 0x1F, 0xFF, 0x05, 0x0C, 0x1D, 0xFF, 0x06, 0x0B, 0x1A, 0xFF,
  0x05, 0x0A, 0x18, 0xFF, 0x05, 0x08, 0x12, 0xFF, 0x05, 0x06, 0x0D, 0xFF, 0x04, 0x05, 0x0A, 0xFF, 0x04, 0x05, 0x09, 0xFF, 0x04, 0x04, 0x07, 0xFF,
  0x04, 0x04, 0x06, 0xFF, 0x04, 0x04, 0x06, 0xFF, 0x04, 0x03, 0x05, 0xFF, 0x04, 0x03, 0x05, 0xFF, 0x04, 0x03, 0x04, 0xFF, 0x04, 0x03, 0x05, 0xFF,
  0x04, 0x03, 0x05, 0xFF, 0x04, 0x04, 0x06, 0xFF, 0x05, 0x04, 0x08, 0xFF, 0x05, 0x04, 0x0B, 0xFF, 0x06, 0x06, 0x17, 0xFF, 0x11, 0x0A, 0x5A, 0xFF,
  0x21, 0x34, 0xD0, 0xFF, 0x88, 0xBE, 0xEB, 0xFF, 0x1D, 0x23, 0xCA, 0xFF, 0x0F, 0x08, 0x4C, 0xFF, 0x07, 0x05, 0x17, 0xFF, 0x05, 0x04, 0x0A, 0xFF,
  0x04, 0x03, 0x05, 0xFF, 0x04, 0x03, 0x05, 0xFF, 0x04, 0x03, 0x05, 0xFF, 0x04, 0x03, 0x04, 0xFF, 0x04, 0x03, 0x04, 0xFF, 0x04, 0x03, 0x04, 0xFF,
  0x04, 0x03, 0x03, 0xFF, 0x04, 0x03, 0x03, 0xFF, 0x04, 0x03, 0x03, 0xFF, 0x04, 0x03, 0x03, 0xFF, 0x04, 0x03, 0x03, 0xFF, 0x04, 0x03, 0x03, 0xFF,
  0x04, 0x03, 0x03, 0xFF, 0x04, 0x03, 0x03, 0xFF, 0x04, 0x03, 0x03, 0xFF, 0x04, 0x03, 0x03, 0xFF, 0x04, 0x03, 0x03, 0xFF, 0x04, 0x03, 0x04, 0xFF,
  0x06, 0x03, 0x11, 0xFF, 0x12, 0x02, 0x59, 0xFF, 0x20, 0x02, 0x9E, 0xFF, 0x1F, 0x01, 0xAA, 0xFF, 0x1F, 0x01, 0xAA, 0xFF, 0x12, 0x04, 0xA2, 0xFF,
  0x7A, 0x83, 0xFA, 0xFF, 0x6F, 0x74, 0xF9, 0xFF, 0x23, 0x11, 0xED, 0xFF, 0x24, 0x08, 0xB5, 0xFF, 0x0F, 0x08, 0x3C, 0xFF, 0x06, 0x04, 0x0C, 0xFF,
  0x04, 0x03, 0x05, 0xFF, 0x04, 0x03, 0x03, 0xFF, 0x04, 0x03, 0x03, 0xFF, 0x04, 0x03, 0x03, 0xFF, 0x04, 0x03, 0x03, 0xFF, 0x04, 0x03, 0x03, 0xFF,
  0x04, 0x03, 0x03, 0xFF, 0x04, 0x03, 0x03, 0xFF, 0x04, 0x03, 0x03, 0xFF, 0x04, 0x03, 0x03, 0xFF, 0x04, 0x03, 0x03, 0xFF, 0x04, 0x03, 0x04, 0xFF,
  0x04, 0x05, 0x07, 0xFF, 0x04, 0x0F, 0x1C, 0xFF, 0x02, 0x32, 0x75, 0xFF, 0x01, 0x52, 0xCF, 0xFF, 0x1E, 0xE3, 0xFA, 0xFF, 0x22, 0xE5, 0xF9, 0xFF,
  0x01, 0x43, 0xAB, 0xFF, 0x00, 0x2D, 0x95, 0xFF, 0x00, 0x30, 0x93, 0xFF, 0x02, 0x24, 0x67, 0xFF, 0x03, 0x0C, 0x1C, 0xFF, 0x04, 0x04, 0x06, 0xFF,
  0x04, 0x03, 0x03, 0xFF, 0x04, 0x03, 0x03, 0xFF, 0x04, 0x03, 0x03, 0xFF, 0x04, 0x03, 0x03, 0xFF, 0x04, 0x03, 0x03, 0xFF, 0x04, 0x03, 0x03, 0xFF,
  0x04, 0x03, 0x03, 0xFF, 0x04, 0x03, 0x03, 0xFF, 0x04, 0x03, 0x03, 0xFF, 0x04, 0x03, 0x03, 0xFF, 0x04, 0x03, 0x03, 0xFF, 0x04, 0x03, 0x03, 0xFF,
  0x04, 0x03, 0x03, 0xFF, 0x04, 0x03, 0x03, 0xFF, 0x04, 0x03, 0x04, 0xFF, 0x04, 0x03, 0x03, 0xFF, 0x04, 0x03, 0x04, 0xFF, 0x04, 0x03, 0x04, 0xFF,
  0x04, 0x03, 0x04, 0xFF, 0x04, 0x03, 0x04, 0xFF, 0x04, 0x03, 0x04, 0xFF, 0x04, 0x03, 0x04, 0xFF, 0x04, 0x03, 0x04, 0xFF, 0x04, 0x04, 0x05, 0xFF,
  0x04, 0x04, 0x05, 0xFF, 0x04, 0x04, 0x05, 0xFF, 0x04, 0x04, 0x05, 0xFF, 0x04, 0x04, 0x06, 0xFF, 0x04, 0x04, 0x07, 0xFF, 0x04, 0x05, 0x08, 0xFF,
  0x04, 0x05, 0x08, 0xFF, 0x04, 0x06, 0x09, 0xFF, 0x04, 0x06, 0x0A, 0xFF, 0x04, 0x06, 0x0B, 0xFF, 0x04, 0x07, 0x0C, 0xFF, 0x04, 0x07, 0x0D, 0xFF,
  0x04, 0x08, 0x0F, 0xFF, 0x04, 0x08, 0x10, 0xFF, 0x04, 0x09, 0x12, 0xFF, 0x04, 0x0B, 0x16, 0xFF, 0x04, 0x0C, 0x17, 0xFF, 0x04, 0x0D, 0x1A, 0xFF,
  0x04, 0x0E, 0x1B, 0xFF, 0x04, 0x10, 0x20, 0xFF, 0x03, 0x12, 0x25, 0xFF, 0x04, 0x14, 0x2A, 0xFF, 0x04, 0x1D, 0x42, 0xFF, 0x04, 0x80, 0xCB, 0xFF,
  0x00, 0x6B, 0xFA, 0xFF, 0x00, 0x5D, 0xFB, 0xFF, 0x00, 0x46, 0xFA, 0xFF, 0x01, 0x33, 0xFA, 0xFF, 0x01, 0x6D, 0xF9, 0xFF, 0x00, 0x2F, 0xFB, 0xFF,
  0x07, 0x43, 0xFA, 0xFF, 0x3E, 0x9B, 0xFA, 0xFF, 0x19, 0xC2, 0xF0, 0xFF, 0x14, 0x56, 0xAA, 0xFF, 0x01, 0x08, 0x83, 0xFF, 0x01, 0x07, 0x71, 0xFF,
  0x03, 0x08, 0x25, 0xFF, 0x04, 0x04, 0x06, 0xFF, 0x04, 0x04, 0x05, 0xFF, 0x04, 0x03, 0x04, 0xFF, 0x04, 0x03, 0x04, 0xFF, 0x04, 0x03, 0x04, 0xFF,
  0x04, 0x03, 0x03, 0xFF, 0x04, 0x03, 0x03, 0xFF, 0x04, 0x03, 0x03, 0xFF, 0x04, 0x03, 0x03, 0xFF, 0x04, 0x03, 0x03, 0xFF, 0x04, 0x03, 0x04, 0xFF,
  0x04, 0x03, 0x04, 0xFF, 0x04, 0x03, 0x04, 0xFF, 0x04, 0x03, 0x04, 0xFF, 0x04, 0x03, 0x04, 0xFF, 0x04, 0x03, 0x04, 0xFF, 0x04, 0x03, 0x05, 0xFF,
  0x04, 0x03, 0x04, 0xFF, 0x04, 0x03, 0x03, 0xFF, 0x04, 0x03, 0x03, 0xFF, 0x04, 0x03, 0x03, 0xFF, 0x04, 0x03, 0x03, 0xFF, 0x04, 0x03, 0x04, 0xFF,
  0x04, 0x03, 0x03, 0xFF, 0x04, 0x03, 0x03, 0xFF, 0x04, 0x03, 0x03, 0xFF, 0x04, 0x03, 0x04, 0xFF, 0x04, 0x03, 0x04, 0xFF, 0x04, 0x04, 0x05, 0xFF,
  0x09, 0x0C, 0x1D, 0xFF, 0x4B, 0x81, 0xDD, 0xFF, 0x28, 0x4F, 0xF8, 0xFF, 0x24, 0x44, 0xF9, 0xFF, 0x24, 0x3D, 0xF9, 0xFF, 0x25, 0x3D, 0xF9, 0xFF,
  0x30, 0x50, 0xF9, 0xFF, 0x4E, 0x6D, 0xE5, 0xFF, 0x25, 0x2F, 0x7A, 0xFF, 0x0E, 0x14, 0x47, 0xFF, 0x0A, 0x0D, 0x28, 0xFF, 0x07, 0x08, 0x16, 0xFF,
  0x06, 0x08, 0x14, 0xFF, 0x06, 0x08, 0x15, 0xFF, 0x06, 0x09, 0x16, 0xFF, 0x06, 0x09, 0x16, 0xFF, 0x06, 0x08, 0x11, 0xFF, 0x05, 0x08, 0x11, 0xFF,
  0x05, 0x09, 0x14, 0xFF, 0x05, 0x0A, 0x17, 0xFF, 0x05, 0x0B, 0x1A, 0xFF, 0x05, 0x09, 0x16, 0xFF, 0x05, 0x0A, 0x17, 0xFF, 0x05, 0x0A, 0x18, 0xFF,
  0x05, 0x09, 0x14, 0xFF, 0x05, 0x07, 0x0F, 0xFF, 0x04, 0x05, 0x0A, 0xFF, 0x04, 0x05, 0x09, 0xFF, 0x04, 0x05, 0x08, 0xFF, 0x04, 0x04, 0x06, 0xFF,
  0x04, 0x04, 0x06, 0xFF, 0x04, 0x04, 0x06, 0xFF, 0x04, 0x03, 0x05, 0xFF, 0x04, 0x03, 0x05, 0xFF, 0x04, 0x03, 0x04, 0xFF, 0x04, 0x03, 0x04, 0xFF,
  0x04, 0x03, 0x05, 0xFF, 0x04, 0x03, 0x05, 0xFF, 0x04, 0x04, 0x07, 0xFF, 0x05, 0x04, 0x0B, 0xFF, 0x06, 0x05, 0x15, 0xFF, 0x0E, 0x09, 0x49, 0xFF,
  0x1F, 0x17, 0xBA, 0xFF, 0x29, 0x4B, 0xDF, 0xFF, 0x1C, 0x0A, 0xAF, 0xFF, 0x0D, 0x07, 0x42, 0xFF, 0x07, 0x05, 0x15, 0xFF, 0x05, 0x04, 0x09, 0xFF,
  0x04, 0x03, 0x05, 0xFF, 0x04, 0x03, 0x05, 0xFF, 0x04, 0x03, 0x05, 0xFF, 0x04, 0x03, 0x04, 0xFF, 0x04, 0x03, 0x04, 0xFF, 0x04, 0x03, 0x04, 0xFF,
  0x04, 0x03, 0x04, 0xFF, 0x04, 0x03, 0x04, 0xFF, 0x04, 0x03, 0x03, 0xFF, 0x04, 0x03, 0x03, 0xFF, 0x04, 0x03, 0x03, 0xFF, 0x04, 0x03, 0x03, 0xFF,
  0x04, 0x03, 0x03, 0xFF, 0x04, 0x03, 0x03, 0xFF, 0x04, 0x03, 0x03, 0xFF, 0x04, 0x03, 0x03, 0xFF, 0x04, 0x03, 0x03, 0xFF, 0x04, 0x03, 0x04, 0xFF,
  0x06, 0x03, 0x11, 0xFF, 0x13, 0x02, 0x5C, 0xFF, 0x20, 0x01, 0x9E, 0xFF, 0x1F, 0x01, 0xAA, 0xFF, 0x20, 0x01, 0xAB, 0xFF, 0x12, 0x03, 0xA1, 0xFF,
  0x78, 0x81, 0xFA, 0xFF, 0x70, 0x74, 0xFA, 0xFF, 0x22, 0x11, 0xEC, 0xFF, 0x25, 0x09, 0xB9, 0xFF, 0x0F, 0x09, 0x3E, 0xFF, 0x06, 0x04, 0x0B, 0xFF,
  0x04, 0x03, 0x05, 0xFF, 0x04, 0x03, 0x03, 0xFF, 0x04, 0x03, 0x03, 0xFF, 0x04, 0x03, 0x03, 0xFF, 0x04, 0x03, 0x03, 0xFF, 0x04, 0x03, 0x03, 0xFF,
  0x04, 0x03, 0x03, 0xFF, 0x04, 0x03, 0x03, 0xFF, 0x04, 0x03, 0x03, 0xFF, 0x04, 0x03, 0x03, 0xFF, 0x04, 0x03, 0x03, 0xFF, 0x04, 0x03, 0x04, 0xFF,
  0x04, 0x05, 0x07, 0xFF, 0x04, 0x10, 0x1D, 0xFF, 0x03, 0x34, 0x78, 0xFF, 0x01, 0x54, 0xD0, 0xFF, 0x1E, 0xE4, 0xF9, 0xFF, 0x23, 0xE8, 0xF9, 0xFF,
  0x02, 0x44, 0xA9, 0xFF, 0x00, 0x2D, 0x95, 0xFF, 0x00, 0x31, 0x96, 0xFF, 0x01, 0x25, 0x69, 0xFF, 0x03, 0x0C, 0x1C, 0xFF, 0x04, 0x04, 0x06, 0xFF,
  0x04, 0x03, 0x03, 0xFF, 0x04, 0x03, 0x03, 0xFF, 0x04, 0x03, 0x03, 0xFF, 0x04, 0x03, 0x03, 0xFF, 0x04, 0x03, 0x03, 0xFF, 0x04, 0x03, 0x03, 0xFF,
  0x04, 0x03, 0x03, 0xFF, 0x04, 0x03, 0x03, 0xFF, 0x04, 0x03, 0x03, 0xFF, 0x04, 0x03, 0x03, 0xFF, 0x04, 0x03, 0x03, 0xFF, 0x04, 0x03, 0x03, 0xFF,
  0x04, 0x03, 0x04, 0xFF, 0x04, 0x03, 0x04, 0xFF, 0x04, 0x03, 0x04, 0xFF, 0x04, 0x03, 0x04, 0xFF, 0x04, 0x03, 0x04, 0xFF, 0x04, 0x03, 0x04, 0xFF,
  0x04, 0x03, 0x04, 0xFF, 0x04, 0x03, 0x04, 0xFF, 0x04, 0x03, 0x04, 0xFF, 0x04, 0x03, 0x04, 0xFF, 0x04, 0x03, 0x04, 0xFF, 0x04, 0x03, 0x04, 0xFF,
  0x04, 0x03, 0x04, 0xFF, 0x04, 0x03, 0x04, 0xFF, 0x04, 0x04, 0x05, 0xFF, 0x04, 0x04, 0x05, 0xFF, 0x04, 0x04, 0x06, 0xFF, 0x04, 0x04, 0x06, 0xFF,
  0x04, 0x04, 0x06, 0xFF, 0x04, 0x04, 0x06, 0xFF, 0x04, 0x05, 0x07, 0xFF, 0x04, 0x05, 0x07, 0xFF, 0x04, 0x06, 0x09, 0xFF, 0x04, 0x06, 0x0B, 0xFF,
  0x04, 0x07, 0x0D, 0xFF, 0x04, 0x08, 0x0E, 0xFF, 0x04, 0x08, 0x0E, 0xFF, 0x04, 0x09, 0x12, 0xFF, 0x04, 0x0A, 0x14, 0xFF, 0x04, 0x0B, 0x15, 0xFF,
  0x04, 0x0B, 0x16, 0xFF, 0x04, 0x0E, 0x1B, 0xFF, 0x03, 0x11, 0x23, 0xFF, 0x04, 0x13, 0x28, 0xFF, 0x03, 0x18, 0x35, 0xFF, 0x04, 0x3D, 0x7A, 0xFF,
  0x01, 0x7E, 0xF6, 0xFF, 0x00, 0x51, 0xFA, 0xFF, 0x00, 0x42, 0xFB, 0xFF, 0x01, 0x31, 0xFB, 0xFF, 0x01, 0x82, 0xF9, 0xFF, 0x13, 0x72, 0xFA, 0xFF,
  0x3D, 0xD2, 0xFB, 0xFF, 0x16, 0x8E, 0xD0, 0xFF, 0x05, 0x19, 0x8F, 0xFF, 0x00, 0x08, 0x8A, 0xFF, 0x02, 0x0A, 0x50, 0xFF, 0x04, 0x07, 0x11, 0xFF,
  0x04, 0x04, 0x05, 0xFF, 0x04, 0x03, 0x04, 0xFF, 0x04, 0x03, 0x04, 0xFF, 0x04, 0x03, 0x04, 0xFF, 0x04, 0x03, 0x03, 0xFF, 0x04, 0x03, 0x03, 0xFF,
  0x04, 0x03, 0x03, 0xFF, 0x04, 0x03, 0x03, 0xFF, 0x04, 0x03, 0x03, 0xFF, 0x04, 0x03, 0x03, 0xFF, 0x04, 0x04, 0x05, 0xFF, 0x05, 0x14, 0x1E, 0xFF,
  0x06, 0x1B, 0x2A, 0xFF, 0x04, 0x04, 0x05, 0xFF, 0x04, 0x04, 0x05, 0xFF, 0x04, 0x07, 0x0A, 0xFF, 0x04, 0x1A, 0x30, 0xFF, 0x05, 0x0F, 0x1D, 0xFF,
  0x04, 0x04, 0x05, 0xFF, 0x04, 0x03, 0x04, 0xFF, 0x04, 0x03, 0x04, 0xFF, 0x04, 0x04, 0x05, 0xFF, 0x04, 0x03, 0x04, 0xFF, 0x04, 0x03, 0x04, 0xFF,
  0x04, 0x03, 0x03, 0xFF, 0x04, 0x03, 0x03, 0xFF, 0x04, 0x03, 0x04, 0xFF, 0x04, 0x03, 0x04, 0xFF, 0x04, 0x03, 0x04, 0xFF, 0x04, 0x04, 0x05, 0xFF,
  0x08, 0x0B, 0x19, 0xFF, 0x4A, 0x7F, 0xDD, 0xFF, 0x2F, 0x5E, 0xF8, 0xFF, 0x29, 0x4F, 0xF9, 0xFF, 0x29, 0x4B, 0xF9, 0xFF, 0x3F, 0x69, 0xF7, 0xFF,
  0x40, 0x59, 0xB7, 0xFF, 0x14, 0x19, 0x4B, 0xFF, 0x09, 0x0B, 0x20, 0xFF, 0x07, 0x09, 0x18, 0xFF, 0x06, 0x08, 0x14, 0xFF, 0x06, 0x07, 0x10, 0xFF,
  0x06, 0x07, 0x11, 0xFF, 0x06, 0x09, 0x16, 0xFF, 0x07, 0x12, 0x2C, 0xFF, 0x06, 0x0C, 0x1F, 0xFF, 0x06, 0x08, 0x11, 0xFF, 0x06, 0x08, 0x13, 0xFF,
  0x05, 0x0B, 0x19, 0xFF, 0x05, 0x0B, 0x19, 0xFF, 0x05, 0x09, 0x14, 0xFF, 0x05, 0x08, 0x10, 0xFF, 0x05, 0x08, 0x11, 0xFF, 0x05, 0x09, 0x14, 0xFF,
  0x05, 0x09, 0x14, 0xFF, 0x05, 0x06, 0x0D, 0xFF, 0x04, 0x05, 0x09, 0xFF, 0x04, 0x05, 0x08, 0xFF, 0x04, 0x04, 0x07, 0xFF, 0x04, 0x04, 0x06, 0xFF,
  0x04, 0x03, 0x05, 0xFF, 0x04, 0x03, 0x05, 0xFF, 0x04, 0x03, 0x05, 0xFF, 0x04, 0x03, 0x04, 0xFF, 0x04, 0x03, 0x04, 0xFF, 0x04, 0x03, 0x04, 0xFF,
  0x04, 0x03, 0x05, 0xFF, 0x04, 0x03, 0x05, 0xFF, 0x04, 0x04, 0x06, 0xFF, 0x05, 0x04, 0x09, 0xFF, 0x05, 0x05, 0x0F, 0xFF, 0x08, 0x06, 0x22, 0xFF,
  0x11, 0x09, 0x50, 0xFF, 0x15, 0x08, 0x68, 0xFF, 0x0F, 0x07, 0x45, 0xFF, 0x09, 0x06, 0x21, 0xFF, 0x05, 0x04, 0x0D, 0xFF, 0x04, 0x03, 0x06, 0xFF,
  0x04, 0x03, 0x05, 0xFF, 0x04, 0x03, 0x05, 0xFF, 0x04, 0x03, 0x04, 0xFF, 0x04, 0x03, 0x04, 0xFF, 0x04, 0x03, 0x04, 0xFF, 0x04, 0x03, 0x04, 0xFF,
  0x04, 0x03, 0x04, 0xFF, 0x04, 0x03, 0x04, 0xFF, 0x04, 0x03, 0x04, 0xFF, 0x04, 0x03, 0x03, 0xFF, 0x04, 0x03, 0x03, 0xFF, 0x04, 0x03, 0x03, 0xFF,
  0x04, 0x03, 0x03, 0xFF, 0x04, 0x03, 0x03, 0xFF, 0x04, 0x03, 0x03, 0xFF, 0x04, 0x03, 0x03, 0xFF, 0x04, 0x03, 0x04, 0xFF, 0x04, 0x03, 0x04, 0xFF,
  0x06, 0x03, 0x11, 0xFF, 0x13, 0x02, 0x5C, 0xFF, 0x20, 0x01, 0xA0, 0xFF, 0x1F, 0x01, 0xAA, 0xFF, 0x21, 0x01, 0xAC, 0xFF, 0x12, 0x03, 0xA1, 0xFF,
  0x78, 0x81, 0xFA, 0xFF, 0x70, 0x75, 0xF9, 0xFF, 0x1F, 0x0F, 0xE9, 0xFF, 0x25, 0x09, 0xBC, 0xFF, 0x10, 0x09, 0x42, 0xFF, 0x06, 0x04, 0x0C, 0xFF,
  0x04, 0x03, 0x05, 0xFF, 0x04, 0x03, 0x03, 0xFF, 0x04, 0x03, 0x03, 0xFF, 0x04, 0x03, 0x03, 0xFF, 0x04, 0x03, 0x03, 0xFF, 0x04, 0x03, 0x03, 0xFF,
  0x04, 0x03, 0x03, 0xFF, 0x04, 0x03, 0x03, 0xFF, 0x04, 0x03, 0x03, 0xFF, 0x04, 0x03, 0x03, 0xFF, 0x04, 0x03, 0x03, 0xFF, 0x04, 0x03, 0x04, 0xFF,
  0x04, 0x05, 0x07, 0xFF, 0x04, 0x10, 0x1E, 0xFF, 0x03, 0x37, 0x7D, 0xFF, 0x01, 0x57, 0xD2, 0xFF, 0x21, 0xE7, 0xF9, 0xFF, 0x23, 0xEA, 0xF9, 0xFF,
  0x02, 0x48, 0xAA, 0xFF, 0x00, 0x2E, 0x96, 0xFF, 0x01, 0x32, 0x99, 0xFF, 0x01, 0x26, 0x6C, 0xFF, 0x03, 0x0D, 0x1E, 0xFF, 0x04, 0x04, 0x06, 0xFF,
  0x04, 0x03, 0x04, 0xFF, 0x04, 0x03, 0x04, 0xFF, 0x04, 0x03, 0x03, 0xFF, 0x04, 0x03, 0x03, 0xFF, 0x04, 0x03, 0x03, 0xFF, 0x04, 0x03, 0x03, 0xFF,
  0x04, 0x03, 0x03, 0xFF, 0x04, 0x03, 0x03, 0xFF, 0x04, 0x03, 0x03, 0xFF, 0x04, 0x03, 0x03, 0xFF, 0x04, 0x03, 0x03, 0xFF, 0x04, 0x03, 0x03, 0xFF,
  0x04, 0x03, 0x04, 0xFF, 0x04, 0x03, 0x04, 0xFF, 0x04, 0x03, 0x04, 0xFF, 0x04, 0x04, 0x04, 0xFF, 0x04, 0x03, 0x04, 0xFF, 0x04, 0x03, 0x04, 0xFF,
  0x04, 0x03, 0x04, 0xFF, 0x04, 0x03, 0x04, 0xFF, 0x04, 0x03, 0x04, 0xFF, 0x04, 0x03, 0x04, 0xFF, 0x04, 0x03, 0x04, 0xFF, 0x04, 0x03, 0x04, 0xFF,
  0x04, 0x03, 0x04, 0xFF, 0x04, 0x03, 0x04, 0xFF, 0x04, 0x03, 0x04, 0xFF, 0x04, 0x03, 0x04, 0xFF, 0x04, 0x04, 0x05, 0xFF, 0x04, 0x04, 0x05, 0xFF,
  0x04, 0x04, 0x05, 0xFF, 0x04, 0x04, 0x05, 0xFF, 0x04, 0x04, 0x06, 0xFF, 0x04, 0x05, 0x06, 0xFF, 0x04, 0x05, 0x07, 0xFF, 0x04, 0x05, 0x08, 0xFF,
  0x04, 0x06, 0x0A, 0xFF, 0x04, 0x06, 0x0B, 0xFF, 0x04, 0x07, 0x0B, 0xFF, 0x04, 0x07, 0x0D, 0xFF, 0x04, 0x08, 0x10, 0xFF, 0x04, 0x0A, 0x12, 0xFF,
  0x04, 0x0A, 0x13, 0xFF, 0x04, 0x0C, 0x18, 0xFF, 0x04, 0x1F, 0x36, 0xFF, 0x03, 0x1A, 0x34, 0xFF, 0x04, 0x17, 0x32, 0xFF, 0x04, 0x23, 0x53, 0xFF,
  0x03, 0x7C, 0xD1, 0xFF, 0x01, 0x49, 0xFA, 0xFF, 0x01, 0x39, 0xFB, 0xFF, 0x03, 0x3D, 0xFB, 0xFF, 0x26, 0xCA, 0xF9, 0xFF, 0x3C, 0xB7, 0xEE, 0xFF,
  0x13, 0x3B, 0xB6, 0xFF, 0x00, 0x07, 0x96, 0xFF, 0x01, 0x07, 0x69, 0xFF, 0x03, 0x09, 0x2A, 0xFF, 0x04, 0x05, 0x07, 0xFF, 0x04, 0x04, 0x05, 0xFF,
  0x04, 0x03, 0x04, 0xFF, 0x04, 0x03, 0x04, 0xFF, 0x04, 0x03, 0x03, 0xFF, 0x04, 0x03, 0x03, 0xFF, 0x04, 0x03, 0x03, 0xFF, 0x04, 0x03, 0x03, 0xFF,
  0x04, 0x03, 0x03, 0xFF, 0x04, 0x03, 0x03, 0xFF, 0x04, 0x03, 0x03, 0xFF, 0x04, 0x03, 0x04, 0xFF, 0x04, 0x04, 0x05, 0xFF, 0x04, 0x09, 0x10, 0xFF,
  0x04, 0x0C, 0x15, 0xFF, 0x04, 0x04, 0x06, 0xFF, 0x04, 0x04, 0x06, 0xFF, 0x05, 0x0D, 0x17, 0xFF, 0x08, 0x63, 0x8E, 0xFF, 0x05, 0x34, 0x5D, 0xFF,
  0x04, 0x05, 0x07, 0xFF, 0x04, 0x03, 0x04, 0xFF, 0x04, 0x03, 0x04, 0xFF, 0x04, 0x03, 0x04, 0xFF, 0x04, 0x03, 0x04, 0xFF, 0x04, 0x03, 0x04, 0xFF,
  0x04, 0x03, 0x03, 0xFF, 0x04, 0x03, 0x03, 0xFF, 0x04, 0x03, 0x04, 0xFF, 0x04, 0x03, 0x04, 0xFF, 0x04, 0x04, 0x05, 0xFF, 0x05, 0x04, 0x06, 0xFF,
  0x07, 0x0A, 0x16, 0xFF, 0x4E, 0x81, 0xDD, 0xFF, 0x34, 0x66, 0xF9, 0xFF, 0x34, 0x66, 0xF9, 0xFF, 0x4C, 0x75, 0xE3, 0xFF, 0x29, 0x37, 0x87, 0xFF,
  0x09, 0x0D, 0x26, 0xFF, 0x07, 0x09, 0x18, 0xFF, 0x06, 0x07, 0x12, 0xFF, 0x06, 0x07, 0x0F, 0xFF, 0x06, 0x07, 0x0F, 0xFF, 0x05, 0x06, 0x0E, 0xFF,
  0x06, 0x07, 0x10, 0xFF, 0x06, 0x09, 0x17, 0xFF, 0x06, 0x0E, 0x22, 0xFF, 0x07, 0x10, 0x26, 0xFF, 0x05, 0x08, 0x13, 0xFF, 0x05, 0x09, 0x15, 0xFF,
  0x05, 0x09, 0x13, 0xFF, 0x05, 0x08, 0x11, 0xFF, 0x05, 0x08, 0x12, 0xFF, 0x05, 0x07, 0x10, 0xFF, 0x05, 0x07, 0x0E, 0xFF, 0x05, 0x07, 0x0F, 0xFF,
  0x05, 0x07, 0x0E, 0xFF, 0x05, 0x06, 0x0C, 0xFF, 0x04, 0x05, 0x09, 0xFF, 0x04, 0x04, 0x07, 0xFF, 0x04, 0x04, 0x05, 0xFF, 0x04, 0x03, 0x05, 0xFF,
  0x04, 0x03, 0x05, 0xFF, 0x04, 0x03, 0x05, 0xFF, 0x04, 0x03, 0x05, 0xFF, 0x04, 0x03, 0x04, 0xFF, 0x04, 0x03, 0x04, 0xFF, 0x04, 0x03, 0x04, 0xFF,
  0x04, 0x03, 0x04, 0xFF, 0x04, 0x03, 0x04, 0xFF, 0x04, 0x03, 0x06, 0xFF, 0x05, 0x04, 0x07, 0xFF, 0x05, 0x04, 0x0A, 0xFF, 0x05, 0x04, 0x0E, 0xFF,
  0x06, 0x05, 0x14, 0xFF, 0x07, 0x05, 0x18, 0xFF, 0x06, 0x05, 0x14, 0xFF, 0x05, 0x04, 0x0D, 0xFF, 0x05, 0x03, 0x07, 0xFF, 0x04, 0x03, 0x06, 0xFF,
  0x04, 0x03, 0x05, 0xFF, 0x04, 0x03, 0x04, 0xFF, 0x04, 0x03, 0x04, 0xFF, 0x04, 0x03, 0x04, 0xFF, 0x04, 0x03, 0x04, 0xFF, 0x04, 0x03, 0x04, 0xFF,
  0x04, 0x03, 0x04, 0xFF, 0x04, 0x03, 0x04, 0xFF, 0x04, 0x03, 0x04, 0xFF, 0x04, 0x03, 0x03, 0xFF, 0x04, 0x03, 0x03, 0xFF, 0x04, 0x03, 0x03, 0xFF,
  0x04, 0x03, 0x03, 0xFF, 0x04, 0x03, 0x03, 0xFF, 0x04, 0x03, 0x03, 0xFF, 0x04, 0x03, 0x03, 0xFF, 0x04, 0x03, 0x04, 0xFF, 0x04, 0x03, 0x04, 0xFF,
  0x06, 0x03, 0x10, 0xFF, 0x14, 0x02, 0x5C, 0xFF, 0x21, 0x02, 0xA1, 0xFF, 0x1F, 0x01, 0xA9, 0xFF, 0x20, 0x01, 0xAD, 0xFF, 0x13, 0x04, 0xA5, 0xFF,
  0x7B, 0x84, 0xFA, 0xFF, 0x73, 0x77, 0xFA, 0xFF, 0x20, 0x11, 0xEA, 0xFF, 0x25, 0x08, 0xBD, 0xFF, 0x10, 0x08, 0x41, 0xFF, 0x06, 0x04, 0x0C, 0xFF,
  0x04, 0x03, 0x05, 0xFF, 0x04, 0x03, 0x03, 0xFF, 0x04, 0x03, 0x03, 0xFF, 0x04, 0x03, 0x03, 0xFF, 0x04, 0x03, 0x03, 0xFF, 0x04, 0x03, 0x03, 0xFF,
  0x04, 0x03, 0x03, 0xFF, 0x04, 0x03, 0x03, 0xFF, 0x04, 0x03, 0x03, 0xFF, 0x04, 0x03, 0x03, 0xFF, 0x04, 0x03, 0x03, 0xFF, 0x04, 0x03, 0x04, 0xFF,
  0x04, 0x05, 0x07, 0xFF, 0x04, 0x10, 0x1D, 0xFF, 0x03, 0x3B, 0x83, 0xFF, 0x01, 0x5D, 0xD6, 0xFF, 0x24, 0xEB, 0xF9, 0xFF, 0x26, 0xED, 0xFA, 0xFF,
  0x02, 0x49, 0xAB, 0xFF, 0x00, 0x2F, 0x98, 0xFF, 0x01, 0x34, 0x9C, 0xFF, 0x02, 0x27, 0x6E, 0xFF, 0x03, 0x0E, 0x20, 0xFF, 0x04, 0x04, 0x07, 0xFF,
  0x04, 0x03, 0x04, 0xFF, 0x04, 0x03, 0x04, 0xFF, 0x04, 0x03, 0x04, 0xFF, 0x04, 0x03, 0x03, 0xFF, 0x04, 0x03, 0x03, 0xFF, 0x04, 0x03, 0x03, 0xFF,
  0x04, 0x03, 0x03, 0xFF, 0x04, 0x03, 0x03, 0xFF, 0x04, 0x03, 0x03, 0xFF, 0x04, 0x03, 0x03, 0xFF, 0x04, 0x03, 0x04, 0xFF, 0x04, 0x03, 0x04, 0xFF,
  0x04, 0x03, 0x04, 0xFF, 0x04, 0x03, 0x04, 0xFF, 0x04, 0x03, 0x04, 0xFF, 0x04, 0x03, 0x04, 0xFF, 0x04, 0x03, 0x04, 0xFF, 0x04, 0x03, 0x04, 0xFF,
  0x04, 0x03, 0x04, 0xFF, 0x04, 0x03, 0x04, 0xFF, 0x04, 0x03, 0x04, 0xFF, 0x04, 0x03, 0x04, 0xFF, 0x04, 0x03, 0x04, 0xFF, 0x04, 0x03, 0x04, 0xFF,
  0x04, 0x03, 0x04, 0xFF, 0x04, 0x03, 0x04, 0xFF, 0x04, 0x03, 0x04, 0xFF, 0x04, 0x03, 0x04, 0xFF, 0x04, 0x03, 0x04, 0xFF, 0x04, 0x03, 0x04, 0xFF,
  0x04, 0x03, 0x04, 0xFF, 0x04, 0x04, 0x05, 0xFF, 0x04, 0x04, 0x05, 0xFF, 0x04, 0x04, 0x06, 0xFF, 0x04, 0x04, 0x06, 0xFF, 0x04, 0x05, 0x06, 0xFF,
  0x04, 0x05, 0x07, 0xFF, 0x04, 0x05, 0x08, 0xFF, 0x04, 0x06, 0x09, 0xFF, 0x04, 0x06, 0x0A, 0xFF, 0x04, 0x07, 0x0B, 0xFF, 0x04, 0x07, 0x0D, 0xFF,
  0x04, 0x08, 0x0F, 0xFF, 0x04, 0x0B, 0x14, 0xFF, 0x04, 0x13, 0x25, 0xFF, 0x04, 0x0F, 0x1F, 0xFF, 0x04, 0x0E, 0x1D, 0xFF, 0x04, 0x13, 0x2A, 0xFF,
  0x03, 0x4E, 0x8B, 0xFF, 0x01, 0x7F, 0xF8, 0xFF, 0x02, 0x53, 0xFA, 0xFF, 0x0E, 0xCF, 0xFB, 0xFF, 0x26, 0x7D, 0xEB, 0xFF, 0x04, 0x0A, 0xBB, 0xFF,
  0x00, 0x07, 0x94, 0xFF, 0x02, 0x08, 0x46, 0xFF, 0x04, 0x06, 0x0B, 0xFF, 0x04, 0x04, 0x06, 0xFF, 0x04, 0x03, 0x04, 0xFF, 0x04, 0x03, 0x04, 0xFF,
  0x04, 0x03, 0x04, 0xFF, 0x04, 0x03, 0x03, 0xFF, 0x04, 0x03, 0x03, 0xFF, 0x04, 0x03, 0x03, 0xFF, 0x04, 0x03, 0x03, 0xFF, 0x04, 0x03, 0x03, 0xFF,
  0x04, 0x03, 0x03, 0xFF, 0x04, 0x03, 0x03, 0xFF, 0x04, 0x03, 0x04, 0xFF, 0x04, 0x03, 0x04, 0xFF, 0x04, 0x04, 0x06, 0xFF, 0x04, 0x05, 0x07, 0xFF,
  0x04, 0x06, 0x08, 0xFF, 0x04, 0x04, 0x05, 0xFF, 0x04, 0x04, 0x05, 0xFF, 0x04, 0x06, 0x0A, 0xFF, 0x05, 0x0F, 0x1D, 0xFF, 0x05, 0x0D, 0x18, 0xFF,
  0x04, 0x04, 0x05, 0xFF, 0x04, 0x03, 0x04, 0xFF, 0x04, 0x03, 0x04, 0xFF, 0x04, 0x03, 0x04, 0xFF, 0x04, 0x03, 0x03, 0xFF, 0x04, 0x03, 0x03, 0xFF,
  0x04, 0x03, 0x03, 0xFF, 0x04, 0x03, 0x03, 0xFF, 0x04, 0x03, 0x03, 0xFF, 0x04, 0x03, 0x04, 0xFF, 0x04, 0x03, 0x04, 0xFF, 0x05, 0x04, 0x06, 0xFF,
  0x07, 0x0A, 0x15, 0xFF, 0x4E, 0x82, 0xDB, 0xFF, 0x49, 0x7D, 0xF7, 0xFF, 0x43, 0x5D, 0xA7, 0xFF, 0x0C, 0x10, 0x32, 0xFF, 0x07, 0x0A, 0x18, 0xFF,
  0x06, 0x07, 0x10, 0xFF, 0x06, 0x06, 0x0D, 0xFF, 0x05, 0x06, 0x0D, 0xFF, 0x06, 0x06, 0x0E, 0xFF, 0x05, 0x06, 0x0D, 0xFF, 0x05, 0x07, 0x0E, 0xFF,
  0x06, 0x07, 0x11, 0xFF, 0x05, 0x07, 0x10, 0xFF, 0x05, 0x08, 0x12, 0xFF, 0x05, 0x0A, 0x17, 0xFF, 0x05, 0x08, 0x12, 0xFF, 0x05, 0x07, 0x0F, 0xFF,
  0x05, 0x07, 0x0F, 0xFF, 0x05, 0x07, 0x0F, 0xFF, 0x05, 0x07, 0x0F, 0xFF, 0x05, 0x07, 0x0E, 0xFF, 0x05, 0x06, 0x0C, 0xFF, 0x04, 0x06, 0x0B, 0xFF,
  0x04, 0x05, 0x0A, 0xFF, 0x04, 0x05, 0x08, 0xFF, 0x04, 0x04, 0x07, 0xFF, 0x04, 0x04, 0x06, 0xFF, 0x04, 0x04, 0x05, 0xFF, 0x04, 0x03, 0x05, 0xFF,
  0x04, 0x03, 0x04, 0xFF, 0x04, 0x03, 0x04, 0xFF, 0x04, 0x03, 0x04, 0xFF, 0x04, 0x03, 0x04, 0xFF, 0x04, 0x03, 0x04, 0xFF, 0x04, 0x03, 0x04, 0xFF,
  0x04, 0x03, 0x04, 0xFF, 0x04, 0x03, 0x04, 0xFF, 0x04, 0x03, 0x05, 0xFF, 0x04, 0x03, 0x05, 0xFF, 0x04, 0x03, 0x06, 0xFF, 0x04, 0x03, 0x06, 0xFF,
  0x05, 0x04, 0x08, 0xFF, 0x05, 0x04, 0x08, 0xFF, 0x05, 0x03, 0x07, 0xFF, 0x04, 0x03, 0x06, 0xFF, 0x04, 0x03, 0x05, 0xFF, 0x04, 0x03, 0x05, 0xFF,
  0x04, 0x03, 0x04, 0xFF, 0x04, 0x03, 0x04, 0xFF, 0x04, 0x03, 0x04, 0xFF, 0x04, 0x03, 0x04, 0xFF, 0x04, 0x03, 0x04, 0xFF, 0x04, 0x03, 0x04, 0xFF,
  0x04, 0x03, 0x04, 0xFF, 0x04, 0x03, 0x04, 0xFF, 0x04, 0x03, 0x03, 0xFF, 0x04, 0x03, 0x03, 0xFF, 0x04, 0x03, 0x03, 0xFF, 0x04, 0x03, 0x03, 0xFF,
  0x04, 0x03, 0x03, 0xFF, 0x04, 0x03, 0x03, 0xFF, 0x04, 0x03, 0x03, 0xFF, 0x04, 0x03, 0x03, 0xFF, 0x04, 0x03, 0x03, 0xFF, 0x04, 0x03, 0x04, 0xFF,
  0x06, 0x03, 0x11, 0xFF, 0x14, 0x02, 0x5C, 0xFF, 0x21, 0x02, 0xA1, 0xFF, 0x20, 0x01, 0xAA, 0xFF, 0x21, 0x01, 0xAE, 0xFF, 0x13, 0x03, 0xA8, 0xFF,
  0x79, 0x82, 0xFA, 0xFF, 0x74, 0x78, 0xFA, 0xFF, 0x22, 0x12, 0xEA, 0xFF, 0x25, 0x08, 0xBE, 0xFF, 0x10, 0x08, 0x41, 0xFF, 0x06, 0x04, 0x0B, 0xFF,
  0x04, 0x03, 0x05, 0xFF, 0x04, 0x03, 0x03, 0xFF, 0x04, 0x03, 0x03, 0xFF, 0x04, 0x03, 0x03, 0xFF, 0x04, 0x03, 0x03, 0xFF, 0x04, 0x03, 0x03, 0xFF,
  0x04, 0x03, 0x03, 0xFF, 0x04, 0x03, 0x03, 0xFF, 0x04, 0x03, 0x03, 0xFF, 0x04, 0x03, 0x03, 0xFF, 0x04, 0x03, 0x03, 0xFF, 0x04, 0x03, 0x04, 0xFF,
  0x04, 0x05, 0x07, 0xFF, 0x04, 0x10, 0x1D, 0xFF, 0x03, 0x3C, 0x87, 0xFF, 0x01, 0x5D, 0xD5, 0xFF, 0x26, 0xED, 0xF9, 0xFF, 0x27, 0xEF, 0xF9, 0xFF,
  0x02, 0x4C, 0xAE, 0xFF, 0x00, 0x2F, 0x99, 0xFF, 0x01, 0x35, 0x9D, 0xFF, 0x01, 0x29, 0x73, 0xFF, 0x03, 0x0E, 0x22, 0xFF, 0x04, 0x04, 0x07, 0xFF,
  0x04, 0x03, 0x04, 0xFF, 0x04, 0x03, 0x03, 0xFF, 0x04, 0x03, 0x03, 0xFF, 0x04, 0x03, 0x03, 0xFF, 0x04, 0x03, 0x03, 0xFF, 0x04, 0x03, 0x03, 0xFF,
  0x04, 0x03, 0x03, 0xFF, 0x04, 0x03, 0x03, 0xFF, 0x04, 0x03, 0x03, 0xFF, 0x04, 0x03, 0x03, 0xFF, 0x04, 0x03, 0x04, 0xFF, 0x04, 0x03, 0x04, 0xFF,
  0x04, 0x03, 0x04, 0xFF, 0x04, 0x03, 0x04, 0xFF, 0x04, 0x03, 0x04, 0xFF, 0x04, 0x03, 0x04, 0xFF, 0x04, 0x03, 0x04, 0xFF, 0x04, 0x03, 0x04, 0xFF,
  0x04, 0x03, 0x04, 0xFF, 0x04, 0x03, 0x04, 0xFF, 0x04, 0x03, 0x04, 0xFF, 0x04, 0x03, 0x04, 0xFF, 0x04, 0x03, 0x04, 0xFF, 0x04, 0x03, 0x04, 0xFF,
  0x04, 0x03, 0x04, 0xFF, 0x04, 0x03, 0x04, 0xFF, 0x04, 0x03, 0x03, 0xFF, 0x04, 0x03, 0x03, 0xFF, 0x04, 0x03, 0x03, 0xFF, 0x04, 0x03, 0x04, 0xFF,
  0x04, 0x03, 0x04, 0xFF, 0x04, 0x04, 0x05, 0xFF, 0x04, 0x04, 0x05, 0xFF, 0x04, 0x04, 0x05, 0xFF, 0x04, 0x04, 0x05, 0xFF, 0x04, 0x04, 0x06, 0xFF,
  0x04, 0x04, 0x06, 0xFF, 0x04, 0x05, 0x07, 0xFF, 0x04, 0x05, 0x08, 0xFF, 0x04, 0x05, 0x08, 0xFF, 0x04, 0x06, 0x09, 0xFF, 0x04, 0x06, 0x0A, 0xFF,
  0x04, 0x07, 0x0C, 0xFF, 0x04, 0x08, 0x0E, 0xFF, 0x04, 0x09, 0x11, 0xFF, 0x04, 0x0A, 0x12, 0xFF, 0x04, 0x0A, 0x13, 0xFF, 0x04, 0x0D, 0x1B, 0xFF,
  0x04, 0x1D, 0x49, 0xFF, 0x01, 0x71, 0xDB, 0xFF, 0x0F, 0x79, 0xF6, 0xFF, 0x06, 0x40, 0xE9, 0xFF, 0x00, 0x03, 0xBD, 0xFF, 0x01, 0x0C, 0x87, 0xFF,
  0x03, 0x0E, 0x35, 0xFF, 0x04, 0x06, 0x0B, 0xFF, 0x04, 0x04, 0x06, 0xFF, 0x04, 0x04, 0x04, 0xFF, 0x04, 0x03, 0x04, 0xFF, 0x04, 0x03, 0x04, 0xFF,
  0x04, 0x03, 0x04, 0xFF, 0x04, 0x03, 0x03, 0xFF, 0x04, 0x03, 0x03, 0xFF, 0x04, 0x03, 0x03, 0xFF, 0x04, 0x03, 0x04, 0xFF, 0x04, 0x03, 0x03, 0xFF,
  0x04, 0x03, 0x04, 0xFF, 0x04, 0x03, 0x04, 0xFF, 0x04, 0x03, 0x04, 0xFF, 0x04, 0x04, 0x06, 0xFF, 0x04, 0x08, 0x0C, 0xFF, 0x04, 0x0E, 0x18, 0xFF,
  0x04, 0x0E, 0x18, 0xFF, 0x04, 0x05, 0x08, 0xFF, 0x04, 0x03, 0x04, 0xFF, 0x04, 0x04, 0x05, 0xFF, 0x04, 0x05, 0x06, 0xFF, 0x04, 0x05, 0x06, 0xFF,
  0x04, 0x03, 0x04, 0xFF, 0x04, 0x03, 0x04, 0xFF, 0x04, 0x03, 0x03, 0xFF, 0x04, 0x03, 0x03, 0xFF, 0x04, 0x03, 0x03, 0xFF, 0x04, 0x03, 0x03, 0xFF,
  0x04, 0x03, 0x03, 0xFF, 0x04, 0x03, 0x03, 0xFF, 0x04, 0x03, 0x03, 0xFF, 0x04, 0x03, 0x03, 0xFF, 0x04, 0x03, 0x04, 0xFF, 0x04, 0x04, 0x05, 0xFF,
  0x07, 0x09, 0x13, 0xFF, 0x45, 0x70, 0xC7, 0xFF, 0x20, 0x31, 0x6C, 0xFF, 0x08, 0x0A, 0x17, 0xFF, 0x06, 0x07, 0x0E, 0xFF, 0x05, 0x06, 0x0C, 0xFF,
  0x05, 0x05, 0x0B, 0xFF, 0x05, 0x06, 0x0B, 0xFF, 0x05, 0x06, 0x0D, 0xFF, 0x05, 0x06, 0x0C, 0xFF, 0x05, 0x06, 0x0C, 0xFF, 0x05, 0x06, 0x0D, 0xFF,
  0x05, 0x07, 0x11, 0xFF, 0x05, 0x06, 0x0D, 0xFF, 0x05, 0x06, 0x0C, 0xFF, 0x05, 0x06, 0x0D, 0xFF, 0x05, 0x06, 0x0C, 0xFF, 0x05, 0x06, 0x0C, 0xFF,
  0x05, 0x06, 0x0D, 0xFF, 0x05, 0x06, 0x0C, 0xFF, 0x05, 0x06, 0x0D, 0xFF, 0x05, 0x06, 0x0D, 0xFF, 0x04, 0x06, 0x0B, 0xFF, 0x04, 0x05, 0x0A, 0xFF,
  0x04, 0x05, 0x09, 0xFF, 0x04, 0x04, 0x07, 0xFF, 0x04, 0x04, 0x06, 0xFF, 0x04, 0x04, 0x06, 0xFF, 0x04, 0x04, 0x05, 0xFF, 0x04, 0x03, 0x05, 0xFF,
  0x04, 0x03, 0x04, 0xFF, 0x04, 0x03, 0x04, 0xFF, 0x04, 0x03, 0x04, 0xFF, 0x04, 0x03, 0x04, 0xFF, 0x04, 0x03, 0x04, 0xFF, 0x04, 0x03, 0x03, 0xFF,
  0x04, 0x03, 0x04, 0xFF, 0x04, 0x03, 0x04, 0xFF, 0x04, 0x03, 0x04, 0xFF, 0x04, 0x03, 0x05, 0xFF, 0x04, 0x03, 0x05, 0xFF, 0x04, 0x03, 0x05, 0xFF,
  0x04, 0x03, 0x05, 0xFF, 0x04, 0x03, 0x05, 0xFF, 0x04, 0x03, 0x05, 0xFF, 0x04, 0x03, 0x04, 0xFF, 0x04, 0x03, 0x04, 0xFF, 0x04, 0x03, 0x04, 0xFF,
  0x04, 0x03, 0x04, 0xFF, 0x04, 0x03, 0x04, 0xFF, 0x04, 0x03, 0x03, 0xFF, 0x04, 0x03, 0x04, 0xFF, 0x04, 0x03, 0x04, 0xFF, 0x04, 0x03, 0x04, 0xFF,
  0x04, 0x03, 0x04, 0xFF, 0x04, 0x03, 0x03, 0xFF, 0x04, 0x03, 0x03, 0xFF, 0x04, 0x03, 0x03, 0xFF, 0x04, 0x03, 0x03, 0xFF, 0x04, 0x03, 0x03, 0xFF,
  0x04, 0x03, 0x03, 0xFF, 0x04, 0x03, 0x03, 0xFF, 0x04, 0x03, 0x03, 0xFF, 0x04, 0x03, 0x03, 0xFF, 0x04, 0x03, 0x03, 0xFF, 0x04, 0x03, 0x04, 0xFF,
  0x06, 0x03, 0x12, 0xFF, 0x14, 0x02, 0x5E, 0xFF, 0x22, 0x02, 0xA1, 0xFF, 0x21, 0x01, 0xAB, 0xFF, 0x21, 0x01, 0xAE, 0xFF, 0x13, 0x03, 0xA6, 0xFF,
  0x74, 0x7D, 0xFA, 0xFF, 0x70, 0x75, 0xF9, 0xFF, 0x23, 0x13, 0xEA, 0xFF, 0x26, 0x09, 0xC1, 0xFF, 0x10, 0x08, 0x41, 0xFF, 0x05, 0x04, 0x0B, 0xFF,
  0x04, 0x03, 0x05, 0xFF, 0x04, 0x03, 0x03, 0xFF, 0x04, 0x03, 0x03, 0xFF, 0x04, 0x03, 0x03, 0xFF, 0x04, 0x03, 0x03, 0xFF, 0x04, 0x03, 0x03, 0xFF,
  0x04, 0x03, 0x03, 0xFF, 0x04, 0x03, 0x03, 0xFF, 0x04, 0x03, 0x03, 0xFF, 0x04, 0x03, 0x03, 0xFF, 0x04, 0x03, 0x03, 0xFF, 0x04, 0x03, 0x04, 0xFF,
  0x04, 0x05, 0x07, 0xFF, 0x04, 0x11, 0x1E, 0xFF, 0x03, 0x3C, 0x84, 0xFF, 0x01, 0x5F, 0xD5, 0xFF, 0x27, 0xF0, 0xF9, 0xFF, 0x28, 0xF2, 0xF9, 0xFF,
  0x01, 0x4B, 0xAD, 0xFF, 0x01, 0x30, 0x9A, 0xFF, 0x01, 0x34, 0x9D, 0xFF, 0x02, 0x2B, 0x78, 0xFF, 0x03, 0x0F, 0x24, 0xFF, 0x04, 0x04, 0x07, 0xFF,
  0x04, 0x03, 0x04, 0xFF, 0x04, 0x03, 0x04, 0xFF, 0x04, 0x03, 0x03, 0xFF, 0x04, 0x03, 0x03, 0xFF, 0x04, 0x03, 0x03, 0xFF, 0x04, 0x03, 0x03, 0xFF,
  0x04, 0x03, 0x03, 0xFF, 0x04, 0x03, 0x03, 0xFF, 0x04, 0x03, 0x03, 0xFF, 0x04, 0x03, 0x04, 0xFF, 0x04, 0x03, 0x04, 0xFF, 0x04, 0x04, 0x04, 0xFF,
  0x04, 0x04, 0x05, 0xFF, 0x04, 0x04, 0x05, 0xFF, 0x04, 0x04, 0x05, 0xFF, 0x04, 0x03, 0x04, 0xFF, 0x04, 0x03, 0x04, 0xFF, 0x04, 0x03, 0x04, 0xFF,
  0x04, 0x03, 0x04, 0xFF, 0x04, 0x03, 0x04, 0xFF, 0x04, 0x03, 0x04, 0xFF, 0x04, 0x03, 0x04, 0xFF, 0x04, 0x03, 0x04, 0xFF, 0x04, 0x03, 0x04, 0xFF,
  0x04, 0x03, 0x04, 0xFF, 0x04, 0x03, 0x03, 0xFF, 0x04, 0x03, 0x03, 0xFF, 0x04, 0x03, 0x03, 0xFF, 0x04, 0x03, 0x03, 0xFF, 0x04, 0x03, 0x04, 0xFF,
  0x04, 0x03, 0x04, 0xFF, 0x04, 0x03, 0x04, 0xFF, 0x04, 0x03, 0x04, 0xFF, 0x04, 0x03, 0x04, 0xFF, 0x04, 0x04, 0x05, 0xFF, 0x04, 0x04, 0x05, 0xFF,
  0x04, 0x04, 0x06, 0xFF, 0x04, 0x05, 0x06, 0xFF, 0x04, 0x05, 0x07, 0xFF, 0x04, 0x05, 0x07, 0xFF, 0x04, 0x05, 0x07, 0xFF, 0x04, 0x05, 0x08, 0xFF,
  0x04, 0x06, 0x09, 0xFF, 0x04, 0x06, 0x0A, 0xFF, 0x04, 0x06, 0x0B, 0xFF, 0x04, 0x08, 0x0E, 0xFF, 0x04, 0x08, 0x0F, 0xFF, 0x04, 0x09, 0x12, 0xFF,
  0x04, 0x0F, 0x23, 0xFF, 0x02, 0x36, 0x82, 0xFF, 0x00, 0x2C, 0xEF, 0xFF, 0x01, 0x0D, 0xA7, 0xFF, 0x02, 0x0D, 0x5F, 0xFF, 0x04, 0x08, 0x13, 0xFF,
  0x04, 0x06, 0x0B, 0xFF, 0x04, 0x04, 0x06, 0xFF, 0x04, 0x04, 0x04, 0xFF, 0x04, 0x03, 0x04, 0xFF, 0x04, 0x03, 0x04, 0xFF, 0x04, 0x03, 0x04, 0xFF,
  0x04, 0x03, 0x04, 0xFF, 0x04, 0x03, 0x04, 0xFF, 0x04, 0x03, 0x04, 0xFF, 0x04, 0x03, 0x04, 0xFF, 0x04, 0x03, 0x04, 0xFF, 0x04, 0x03, 0x04, 0xFF,
  0x04, 0x03, 0x04, 0xFF, 0x04, 0x03, 0x05, 0xFF, 0x04, 0x06, 0x08, 0xFF, 0x04, 0x0D, 0x16, 0xFF, 0x03, 0x2C, 0x57, 0xFF, 0x02, 0x53, 0x91, 0xFF,
  0x03, 0x2E, 0x5D, 0xFF, 0x04, 0x08, 0x0D, 0xFF, 0x04, 0x04, 0x05, 0xFF, 0x04, 0x03, 0x04, 0xFF, 0x04, 0x03, 0x04, 0xFF, 0x04, 0x04, 0x05, 0xFF,
  0x04, 0x03, 0x04, 0xFF, 0x04, 0x03, 0x04, 0xFF, 0x04, 0x03, 0x04, 0xFF, 0x04, 0x03, 0x03, 0xFF, 0x04, 0x03, 0x03, 0xFF, 0x04, 0x03, 0x03, 0xFF,
  0x04, 0x03, 0x03, 0xFF, 0x04, 0x03, 0x03, 0xFF, 0x04, 0x03, 0x03, 0xFF, 0x04, 0x03, 0x03, 0xFF, 0x04, 0x03, 0x04, 0xFF, 0x04, 0x04, 0x05, 0xFF,
  0x05, 0x04, 0x07, 0xFF, 0x07, 0x08, 0x11, 0xFF, 0x06, 0x07, 0x0D, 0xFF, 0x05, 0x05, 0x09, 0xFF, 0x05, 0x05, 0x08, 0xFF, 0x05, 0x05, 0x08, 0xFF,
  0x05, 0x05, 0x08, 0xFF, 0x05, 0x05, 0x0A, 0xFF, 0x05, 0x06, 0x0B, 0xFF, 0x05, 0x06, 0x0C, 0xFF, 0x05, 0x06, 0x0C, 0xFF, 0x05, 0x06, 0x0B, 0xFF,
  0x05, 0x06, 0x0C, 0xFF, 0x05, 0x06, 0x0B, 0xFF, 0x05, 0x05, 0x0A, 0xFF, 0x05, 0x05, 0x0A, 0xFF, 0x05, 0x06, 0x0B, 0xFF, 0x05, 0x06, 0x0B, 0xFF,
  0x04, 0x05, 0x0A, 0xFF, 0x04, 0x05, 0x09, 0xFF, 0x04, 0x05, 0x0A, 0xFF, 0x05, 0x07, 0x0E, 0xFF, 0x04, 0x06, 0x0C, 0xFF, 0x04, 0x05, 0x09, 0xFF,
  0x04, 0x04, 0x07, 0xFF, 0x04, 0x04, 0x06, 0xFF, 0x04, 0x04, 0x05, 0xFF, 0x04, 0x04, 0x05, 0xFF, 0x04, 0x03, 0x05, 0xFF, 0x04, 0x03, 0x04, 0xFF,
  0x04, 0x03, 0x04, 0xFF, 0x04, 0x03, 0x04, 0xFF, 0x04, 0x03, 0x04, 0xFF, 0x04, 0x03, 0x04, 0xFF, 0x04, 0x03, 0x04, 0xFF, 0x04, 0x03, 0x03, 0xFF,
  0x04, 0x03, 0x03, 0xFF, 0x04, 0x03, 0x03, 0xFF, 0x04, 0x03, 0x04, 0xFF, 0x04, 0x03, 0x04, 0xFF, 0x04, 0x03, 0x04, 0xFF, 0x04, 0x03, 0x04, 0xFF,
  0x04, 0x03, 0x04, 0xFF, 0x04, 0x03, 0x05, 0xFF, 0x04, 0x03, 0x04, 0xFF, 0x04, 0x03, 0x04, 0xFF, 0x04, 0x03, 0x04, 0xFF, 0x04, 0x03, 0x03, 0xFF,
  0x04, 0x03, 0x03, 0xFF, 0x04, 0x03, 0x03, 0xFF, 0x04, 0x03, 0x03, 0xFF, 0x04, 0x03, 0x04, 0xFF, 0x04, 0x03, 0x04, 0xFF, 0x04, 0x03, 0x04, 0xFF,
  0x04, 0x03, 0x04, 0xFF, 0x04, 0x03, 0x03, 0xFF, 0x04, 0x03, 0x03, 0xFF, 0x04, 0x03, 0x03, 0xFF, 0x04, 0x03, 0x03, 0xFF, 0x04, 0x03, 0x03, 0xFF,
  0x04, 0x03, 0x03, 0xFF, 0x04, 0x03, 0x03, 0xFF, 0x04, 0x03, 0x03, 0xFF, 0x04, 0x03, 0x03, 0xFF, 0x04, 0x03, 0x03, 0xFF, 0x04, 0x03, 0x04, 0xFF,
  0x06, 0x03, 0x12, 0xFF, 0x13, 0x02, 0x5A, 0xFF, 0x22, 0x02, 0xA0, 0xFF, 0x21, 0x02, 0xAC, 0xFF, 0x22, 0x02, 0xAD, 0xFF, 0x10, 0x03, 0x9E, 0xFF,
  0x74, 0x7E, 0xFA, 0xFF, 0x6F, 0x74, 0xF9, 0xFF, 0x23, 0x13, 0xEA, 0xFF, 0x28, 0x09, 0xC8, 0xFF, 0x11, 0x09, 0x45, 0xFF, 0x05, 0x04, 0x0B, 0xFF,
  0x04, 0x03, 0x05, 0xFF, 0x04, 0x03, 0x03, 0xFF, 0x04, 0x03, 0x03, 0xFF, 0x04, 0x03, 0x03, 0xFF, 0x04, 0x03, 0x03, 0xFF, 0x04, 0x03, 0x03, 0xFF,
  0x04, 0x03, 0x03, 0xFF, 0x04, 0x03, 0x03, 0xFF, 0x04, 0x03, 0x03, 0xFF, 0x04, 0x03, 0x03, 0xFF, 0x04, 0x03, 0x03, 0xFF, 0x04, 0x03, 0x04, 0xFF,
  0x04, 0x06, 0x08, 0xFF, 0x04, 0x11, 0x1F, 0xFF, 0x03, 0x3C, 0x82, 0xFF, 0x02, 0x64, 0xD5, 0xFF, 0x27, 0xF1, 0xF9, 0xFF, 0x28, 0xF3, 0xFA, 0xFF,
  0x01, 0x4B, 0xAB, 0xFF, 0x01, 0x30, 0x9B, 0xFF, 0x01, 0x35, 0xA0, 0xFF, 0x02, 0x2C, 0x7C, 0xFF, 0x03, 0x10, 0x25, 0xFF, 0x04, 0x04, 0x07, 0xFF,
  0x04, 0x03, 0x04, 0xFF, 0x04, 0x03, 0x04, 0xFF, 0x04, 0x03, 0x04, 0xFF, 0x04, 0x03, 0x03, 0xFF, 0x04, 0x03, 0x03, 0xFF, 0x04, 0x03, 0x03, 0xFF,
  0x04, 0x03, 0x03, 0xFF, 0x04, 0x03, 0x03, 0xFF, 0x04, 0x03, 0x03, 0xFF, 0x04, 0x03, 0x04, 0xFF, 0x04, 0x04, 0x05, 0xFF, 0x04, 0x07, 0x0D, 0xFF,
  0x04, 0x0B, 0x15, 0xFF, 0x04, 0x0A, 0x12, 0xFF, 0x04, 0x05, 0x08, 0xFF, 0x04, 0x04, 0x05, 0xFF, 0x04, 0x04, 0x05, 0xFF, 0x04, 0x04, 0x05, 0xFF,
  0x04, 0x03, 0x04, 0xFF, 0x04, 0x03, 0x04, 0xFF, 0x04, 0x03, 0x04, 0xFF, 0x04, 0x03, 0x04, 0xFF, 0x04, 0x03, 0x03, 0xFF, 0x04, 0x03, 0x04, 0xFF,
  0x04, 0x03, 0x03, 0xFF, 0x04, 0x03, 0x03, 0xFF, 0x04, 0x03, 0x03, 0xFF, 0x04, 0x03, 0x03, 0xFF, 0x04, 0x03, 0x03, 0xFF, 0x04, 0x03, 0x03, 0xFF,
  0x04, 0x03, 0x04, 0xFF, 0x04, 0x03, 0x04, 0xFF, 0x04, 0x03, 0x04, 0xFF, 0x04, 0x03, 0x04, 0xFF, 0x04, 0x04, 0x05, 0xFF, 0x04, 0x04, 0x05, 0xFF,
  0x04, 0x04, 0x05, 0xFF, 0x04, 0x04, 0x06, 0xFF, 0x04, 0x05, 0x06, 0xFF, 0x04, 0x05, 0x07, 0xFF, 0x04, 0x05, 0x07, 0xFF, 0x04, 0x05, 0x06, 0xFF,
  0x04, 0x05, 0x07, 0xFF, 0x04, 0x05, 0x07, 0xFF, 0x04, 0x05, 0x07, 0xFF, 0x04, 0x06, 0x0A, 0xFF, 0x04, 0x06, 0x0B, 0xFF, 0x04, 0x07, 0x0C, 0xFF,
  0x04, 0x08, 0x0F, 0xFF, 0x04, 0x0C, 0x1C, 0xFF, 0x02, 0x22, 0x8B, 0xFF, 0x04, 0x0B, 0x20, 0xFF, 0x04, 0x05, 0x0A, 0xFF, 0x04, 0x04, 0x07, 0xFF,
  0x04, 0x04, 0x05, 0xFF, 0x04, 0x03, 0x04, 0xFF, 0x04, 0x03, 0x04, 0xFF, 0x04, 0x03, 0x04, 0xFF, 0x04, 0x03, 0x04, 0xFF, 0x04, 0x03, 0x04, 0xFF,
  0x04, 0x03, 0x04, 0xFF, 0x04, 0x03, 0x04, 0xFF, 0x04, 0x04, 0x05, 0xFF, 0x04, 0x03, 0x04, 0xFF, 0x04, 0x03, 0x04, 0xFF, 0x04, 0x03, 0x04, 0xFF,
  0x04, 0x04, 0x05, 0xFF, 0x04, 0x05, 0x06, 0xFF, 0x04, 0x0D, 0x17, 0xFF, 0x02, 0x36, 0x6C, 0xFF, 0x02, 0xA2, 0xD7, 0xFF, 0x01, 0xAB, 0xE2, 0xFF,
  0x02, 0x40, 0x7E, 0xFF, 0x04, 0x08, 0x0D, 0xFF, 0x04, 0x04, 0x05, 0xFF, 0x04, 0x03, 0x04, 0xFF, 0x04, 0x03, 0x04, 0xFF, 0x04, 0x03, 0x04, 0xFF,
  0x04, 0x03, 0x04, 0xFF, 0x04, 0x03, 0x04, 0xFF, 0x04, 0x03, 0x04, 0xFF, 0x04, 0x03, 0x03, 0xFF, 0x04, 0x03, 0x03, 0xFF, 0x04, 0x03, 0x03, 0xFF,
  0x04, 0x03, 0x03, 0xFF, 0x04, 0x03, 0x03, 0xFF, 0x04, 0x03, 0x03, 0xFF, 0x04, 0x03, 0x03, 0xFF, 0x04, 0x03, 0x04, 0xFF, 0x04, 0x03, 0x04, 0xFF,
  0x04, 0x03, 0x04, 0xFF, 0x04, 0x04, 0x05, 0xFF, 0x04, 0x04, 0x05, 0xFF, 0x04, 0x04, 0x05, 0xFF, 0x04, 0x04, 0x05, 0xFF, 0x05, 0x04, 0x06, 0xFF,
  0x05, 0x05, 0x09, 0xFF, 0x05, 0x05, 0x0A, 0xFF, 0x05, 0x06, 0x0C, 0xFF, 0x05, 0x06, 0x0D, 0xFF, 0x05, 0x06, 0x0C, 0xFF, 0x05, 0x05, 0x0A, 0xFF,
  0x05, 0x05, 0x0A, 0xFF, 0x05, 0x05, 0x09, 0xFF, 0x04, 0x05, 0x08, 0xFF, 0x05, 0x05, 0x09, 0xFF, 0x05, 0x06, 0x0C, 0xFF, 0x04, 0x05, 0x09, 0xFF,
  0x04, 0x05, 0x08, 0xFF, 0x04, 0x04, 0x07, 0xFF, 0x04, 0x05, 0x08, 0xFF, 0x04, 0x06, 0x0C, 0xFF, 0x04, 0x06, 0x0B, 0xFF, 0x04, 0x05, 0x08, 0xFF,
  0x04, 0x04, 0x07, 0xFF, 0x04, 0x04, 0x05, 0xFF, 0x04, 0x03, 0x05, 0xFF, 0x04, 0x03, 0x04, 0xFF, 0x04, 0x03, 0x04, 0xFF, 0x04, 0x03, 0x04, 0xFF,
  0x04, 0x03, 0x04, 0xFF, 0x04, 0x03, 0x04, 0xFF, 0x04, 0x03, 0x04, 0xFF, 0x04, 0x03, 0x03, 0xFF, 0x04, 0x03, 0x03, 0xFF, 0x04, 0x03, 0x03, 0xFF,
  0x04, 0x03, 0x03, 0xFF, 0x04, 0x03, 0x03, 0xFF, 0x04, 0x03, 0x03, 0xFF, 0x04, 0x03, 0x03, 0xFF, 0x04, 0x03, 0x04, 0xFF, 0x04, 0x03, 0x04, 0xFF,
  0x04, 0x03, 0x04, 0xFF, 0x04, 0x03, 0x04, 0xFF, 0x04, 0x03, 0x04, 0xFF, 0x04, 0x03, 0x04, 0xFF, 0x04, 0x03, 0x03, 0xFF, 0x04, 0x03, 0x03, 0xFF,
  0x04, 0x03, 0x03, 0xFF, 0x04, 0x03, 0x03, 0xFF, 0x04, 0x03, 0x04, 0xFF, 0x04, 0x03, 0x04, 0xFF, 0x04, 0x03, 0x04, 0xFF, 0x04, 0x03, 0x04, 0xFF,
  0x04, 0x03, 0x04, 0xFF, 0x04, 0x03, 0x03, 0xFF, 0x04, 0x03, 0x03, 0xFF, 0x04, 0x03, 0x03, 0xFF, 0x04, 0x03, 0x03, 0xFF, 0x04, 0x03, 0x03, 0xFF,
  0x04, 0x03, 0x03, 0xFF, 0x04, 0x03, 0x03, 0xFF, 0x04, 0x03, 0x03, 0xFF, 0x04, 0x03, 0x03, 0xFF, 0x04, 0x03, 0x03, 0xFF, 0x04, 0x03, 0x04, 0xFF,
  0x06, 0x03, 0x11, 0xFF, 0x13, 0x02, 0x56, 0xFF, 0x22, 0x02, 0x9F, 0xFF, 0x21, 0x02, 0xAB, 0xFF, 0x21, 0x02, 0xAB, 0xFF, 0x0F, 0x02, 0x9C, 0xFF,
  0x74, 0x7A, 0xFB, 0xFF, 0x70, 0x74, 0xFA, 0xFF, 0x24, 0x13, 0xEC, 0xFF, 0x29, 0x08, 0xCD, 0xFF, 0x11, 0x09, 0x47, 0xFF, 0x06, 0x04, 0x0B, 0xFF,
  0x04, 0x03, 0x05, 0xFF, 0x04, 0x03, 0x03, 0xFF, 0x04, 0x03, 0x03, 0xFF, 0x04, 0x03, 0x03, 0xFF, 0x04, 0x03, 0x03, 0xFF, 0x04, 0x03, 0x03, 0xFF,
  0x04, 0x03, 0x03, 0xFF, 0x04, 0x03, 0x03, 0xFF, 0x04, 0x03, 0x03, 0xFF, 0x04, 0x03, 0x03, 0xFF, 0x04, 0x03, 0x03, 0xFF, 0x04, 0x03, 0x04, 0xFF,
  0x04, 0x06, 0x09, 0xFF, 0x04, 0x12, 0x20, 0xFF, 0x03, 0x3C, 0x82, 0xFF, 0x01, 0x60, 0xD2, 0xFF, 0x25, 0xF1, 0xF9, 0xFF, 0x26, 0xF3, 0xF9, 0xFF,
  0x01, 0x4B, 0xAC, 0xFF, 0x01, 0x30, 0x9C, 0xFF, 0x01, 0x34, 0x9F, 0xFF, 0x02, 0x2B, 0x79, 0xFF, 0x03, 0x0F, 0x23, 0xFF, 0x04, 0x04, 0x07, 0xFF,
  0x04, 0x03, 0x04, 0xFF, 0x04, 0x03, 0x04, 0xFF, 0x04, 0x03, 0x04, 0xFF, 0x04, 0x03, 0x03, 0xFF, 0x04, 0x03, 0x03, 0xFF, 0x04, 0x03, 0x03, 0xFF,
  0x04, 0x03, 0x03, 0xFF, 0x04, 0x03, 0x03, 0xFF, 0x04, 0x03, 0x03, 0xFF, 0x04, 0x03, 0x04, 0xFF, 0x04, 0x04, 0x06, 0xFF, 0x04, 0x18, 0x2A, 0xFF,
  0x03, 0x6A, 0xA0, 0xFF, 0x08, 0x6F, 0xA7, 0xFF, 0x03, 0x21, 0x45, 0xFF, 0x04, 0x05, 0x07, 0xFF, 0x04, 0x04, 0x05, 0xFF, 0x04, 0x04, 0x06, 0xFF,
  0x04, 0x03, 0x04, 0xFF, 0x04, 0x03, 0x04, 0xFF, 0x04, 0x03, 0x04, 0xFF, 0x04, 0x03, 0x04, 0xFF, 0x04, 0x03, 0x03, 0xFF, 0x04, 0x03, 0x03, 0xFF,
  0x04, 0x03, 0x03, 0xFF, 0x04, 0x03, 0x03, 0xFF, 0x04, 0x03, 0x03, 0xFF, 0x04, 0x03, 0x03, 0xFF, 0x04, 0x03, 0x03, 0xFF, 0x04, 0x03, 0x04, 0xFF,
  0x04, 0x03, 0x04, 0xFF, 0x04, 0x03, 0x04, 0xFF, 0x04, 0x03, 0x04, 0xFF, 0x04, 0x03, 0x04, 0xFF, 0x04, 0x04, 0x05, 0xFF, 0x04, 0x04, 0x05, 0xFF,
  0x04, 0x04, 0x05, 0xFF, 0x04, 0x04, 0x05, 0xFF, 0x04, 0x04, 0x06, 0xFF, 0x04, 0x05, 0x06, 0xFF, 0x04, 0x04, 0x06, 0xFF, 0x04, 0x04, 0x06, 0xFF,
  0x04, 0x04, 0x06, 0xFF, 0x04, 0x05, 0x06, 0xFF, 0x04, 0x05, 0x06, 0xFF, 0x04, 0x05, 0x07, 0xFF, 0x04, 0x05, 0x08, 0xFF, 0x04, 0x06, 0x09, 0xFF,
  0x04, 0x06, 0x0A, 0xFF, 0x04, 0x07, 0x0C, 0xFF, 0x04, 0x07, 0x0E, 0xFF, 0x04, 0x06, 0x0B, 0xFF, 0x04, 0x05, 0x07, 0xFF, 0x04, 0x04, 0x05, 0xFF,
  0x04, 0x04, 0x05, 0xFF, 0x04, 0x03, 0x04, 0xFF, 0x04, 0x03, 0x04, 0xFF, 0x04, 0x03, 0x04, 0xFF, 0x04, 0x03, 0x04, 0xFF, 0x04, 0x03, 0x04, 0xFF,
  0x04, 0x03, 0x04, 0xFF, 0x04, 0x04, 0x05, 0xFF, 0x04, 0x08, 0x0D, 0xFF, 0x04, 0x06, 0x09, 0xFF, 0x04, 0x04, 0x05, 0xFF, 0x04, 0x04, 0x05, 0xFF,
  0x04, 0x04, 0x05, 0xFF, 0x04, 0x07, 0x0B, 0xFF, 0x03, 0x25, 0x4A, 0xFF, 0x03, 0x8A, 0xC7, 0xFF, 0x0A, 0xE2, 0xEC, 0xFF, 0x01, 0x89, 0xD2, 0xFF,
  0x03, 0x2E, 0x5B, 0xFF, 0x04, 0x07, 0x0B, 0xFF, 0x04, 0x04, 0x06, 0xFF, 0x04, 0x04, 0x05, 0xFF, 0x04, 0x03, 0x04, 0xFF, 0x04, 0x03, 0x04, 0xFF,
  0x04, 0x03, 0x04, 0xFF, 0x04, 0x03, 0x04, 0xFF, 0x04, 0x03, 0x04, 0xFF, 0x04, 0x03, 0x04, 0xFF, 0x04, 0x03, 0x04, 0xFF, 0x04, 0x03, 0x03, 0xFF,
  0x04, 0x03, 0x03, 0xFF, 0x04, 0x03, 0x03, 0xFF, 0x04, 0x03, 0x03, 0xFF, 0x04, 0x03, 0x03, 0xFF, 0x04, 0x03, 0x03, 0xFF, 0x04, 0x03, 0x03, 0xFF,
  0x04, 0x03, 0x04, 0xFF, 0x04, 0x03, 0x04, 0xFF, 0x04, 0x03, 0x04, 0xFF, 0x04, 0x04, 0x05, 0xFF, 0x04, 0x04, 0x05, 0xFF, 0x05, 0x04, 0x06, 0xFF,
  0x05, 0x05, 0x0A, 0xFF, 0x06, 0x09, 0x17, 0xFF, 0x06, 0x10, 0x2B, 0xFF, 0x06, 0x09, 0x17, 0xFF, 0x05, 0x06, 0x0C, 0xFF, 0x05, 0x05, 0x09, 0xFF,
  0x04, 0x05, 0x08, 0xFF, 0x04, 0x05, 0x08, 0xFF, 0x04, 0x04, 0x07, 0xFF, 0x04, 0x05, 0x08, 0xFF, 0x04, 0x05, 0x09, 0xFF, 0x04, 0x05, 0x08, 0xFF,
  0x04, 0x04, 0x07, 0xFF, 0x04, 0x04, 0x06, 0xFF, 0x04, 0x04, 0x07, 0xFF, 0x04, 0x05, 0x0A, 0xFF, 0x04, 0x05, 0x09, 0xFF, 0x04, 0x04, 0x07, 0xFF,
  0x04, 0x04, 0x05, 0xFF, 0x04, 0x04, 0x05, 0xFF, 0x04, 0x03, 0x04, 0xFF, 0x04, 0x03, 0x04, 0xFF, 0x04, 0x03, 0x04, 0xFF, 0x04, 0x03, 0x04, 0xFF,
  0x04, 0x03, 0x04, 0xFF, 0x04, 0x03, 0x04, 0xFF, 0x04, 0x03, 0x04, 0xFF, 0x04, 0x03, 0x03, 0xFF, 0x04, 0x03, 0x03, 0xFF, 0x04, 0x03, 0x03, 0xFF,
  0x04, 0x03, 0x03, 0xFF, 0x04, 0x03, 0x03, 0xFF, 0x04, 0x03, 0x03, 0xFF, 0x04, 0x03, 0x03, 0xFF, 0x04, 0x03, 0x03, 0xFF, 0x04, 0x03, 0x03, 0xFF,
  0x04, 0x03, 0x03, 0xFF, 0x04, 0x03, 0x04, 0xFF, 0x04, 0x03, 0x04, 0xFF, 0x04, 0x03, 0x04, 0xFF, 0x04, 0x03, 0x03, 0xFF, 0x04, 0x03, 0x03, 0xFF,
  0x04, 0x03, 0x03, 0xFF, 0x04, 0x03, 0x03, 0xFF, 0x04, 0x03, 0x04, 0xFF, 0x04, 0x03, 0x03, 0xFF, 0x04, 0x03, 0x03, 0xFF, 0x04, 0x03, 0x03, 0xFF,
  0x04, 0x03, 0x03, 0xFF, 0x04, 0x03, 0x03, 0xFF, 0x04, 0x03, 0x03, 0xFF, 0x04, 0x03, 0x03, 0xFF, 0x04, 0x03, 0x03, 0xFF, 0x04, 0x03, 0x03, 0xFF,
  0x04, 0x03, 0x03, 0xFF, 0x04, 0x03, 0x03, 0xFF, 0x04, 0x03, 0x03, 0xFF, 0x04, 0x03, 0x03, 0xFF, 0x04, 0x03, 0x03, 0xFF, 0x04, 0x03, 0x04, 0xFF,
  0x06, 0x03, 0x11, 0xFF, 0x13, 0x02, 0x57, 0xFF, 0x21, 0x02, 0x9F, 0xFF, 0x20, 0x01, 0xA8, 0xFF, 0x20, 0x01, 0xA8, 0xFF, 0x0E, 0x02, 0x9B, 0xFF,
  0x76, 0x7C, 0xFB, 0xFF, 0x70, 0x73, 0xFA, 0xFF, 0x24, 0x14, 0xEE, 0xFF, 0x2A, 0x08, 0xD0, 0xFF, 0x11, 0x09, 0x49, 0xFF, 0x06, 0x04, 0x0B, 0xFF,
  0x04, 0x03, 0x05, 0xFF, 0x04, 0x03, 0x03, 0xFF, 0x04, 0x03, 0x03, 0xFF, 0x04, 0x03, 0x03, 0xFF, 0x04, 0x03, 0x03, 0xFF, 0x04, 0x03, 0x03, 0xFF,
  0x04, 0x03, 0x03, 0xFF, 0x04, 0x03, 0x03, 0xFF, 0x04, 0x03, 0x03, 0xFF, 0x04, 0x03, 0x03, 0xFF, 0x04, 0x03, 0x03, 0xFF, 0x04, 0x04, 0x05, 0xFF,
  0x04, 0x06, 0x09, 0xFF, 0x04, 0x11, 0x1E, 0xFF, 0x03, 0x36, 0x77, 0xFF, 0x01, 0x60, 0xD2, 0xFF, 0x24, 0xF2, 0xF9, 0xFF, 0x26, 0xF3, 0xF9, 0xFF,
  0x01, 0x4B, 0xAC, 0xFF, 0x01, 0x30, 0x9B, 0xFF, 0x01, 0x35, 0x9F, 0xFF, 0x01, 0x2A, 0x77, 0xFF, 0x03, 0x0F, 0x22, 0xFF, 0x04, 0x04, 0x06, 0xFF,
  0x04, 0x03, 0x04, 0xFF, 0x04, 0x03, 0x04, 0xFF, 0x04, 0x03, 0x03, 0xFF, 0x04, 0x03, 0x03, 0xFF, 0x04, 0x03, 0x03, 0xFF, 0x04, 0x03, 0x03, 0xFF,
  0x04, 0x03, 0x03, 0xFF, 0x04, 0x03, 0x03, 0xFF, 0x04, 0x03, 0x03, 0xFF, 0x04, 0x03, 0x04, 0xFF, 0x04, 0x04, 0x05, 0xFF, 0x04, 0x06, 0x09, 0xFF,
  0x03, 0x1E, 0x3B, 0xFF, 0x03, 0x6B, 0x9C, 0xFF, 0x02, 0x33, 0x6B, 0xFF, 0x04, 0x06, 0x0A, 0xFF, 0x04, 0x04, 0x05, 0xFF, 0x04, 0x03, 0x04, 0xFF,
  0x04, 0x03, 0x04, 0xFF, 0x04, 0x03, 0x04, 0xFF, 0x04, 0x03, 0x04, 0xFF, 0x04, 0x03, 0x04, 0xFF, 0x04, 0x03, 0x04, 0xFF, 0x04, 0x03, 0x04, 0xFF,
  0x04, 0x03, 0x03, 0xFF, 0x04, 0x03, 0x03, 0xFF, 0x04, 0x03, 0x03, 0xFF, 0x04, 0x03, 0x03, 0xFF, 0x04, 0x03, 0x03, 0xFF, 0x04, 0x03, 0x04, 0xFF,
  0x04, 0x03, 0x04, 0xFF, 0x04, 0x03, 0x04, 0xFF, 0x04, 0x03, 0x04, 0xFF, 0x04, 0x03, 0x04, 0xFF, 0x04, 0x03, 0x04, 0xFF, 0x04, 0x04, 0x05, 0xFF,
  0x04, 0x04, 0x05, 0xFF, 0x04, 0x04, 0x05, 0xFF, 0x04, 0x03, 0x04, 0xFF, 0x04, 0x04, 0x05, 0xFF, 0x04, 0x04, 0x05, 0xFF, 0x04, 0x04, 0x05, 0xFF,
  0x04, 0x04, 0x06, 0xFF, 0x04, 0x04, 0x06, 0xFF, 0x04, 0x04, 0x06, 0xFF, 0x04, 0x05, 0x06, 0xFF, 0x04, 0x04, 0x06, 0xFF, 0x04, 0x04, 0x06, 0xFF,
  0x04, 0x04, 0x06, 0xFF, 0x04, 0x05, 0x07, 0xFF, 0x04, 0x04, 0x06, 0xFF, 0x04, 0x04, 0x05, 0xFF, 0x04, 0x04, 0x05, 0xFF, 0x04, 0x03, 0x04, 0xFF,
  0x04, 0x03, 0x04, 0xFF, 0x04, 0x03, 0x04, 0xFF, 0x04, 0x03, 0x03, 0xFF, 0x04, 0x03, 0x04, 0xFF, 0x04, 0x03, 0x04, 0xFF, 0x04, 0x03, 0x04, 0xFF,
  0x04, 0x03, 0x04, 0xFF, 0x04, 0x04, 0x05, 0xFF, 0x06, 0x0E, 0x13, 0xFF, 0x04, 0x08, 0x0C, 0xFF, 0x04, 0x04, 0x05, 0xFF, 0x04, 0x04, 0x05, 0xFF,
  0x04, 0x05, 0x06, 0xFF, 0x04, 0x0F, 0x1B, 0xFF, 0x02, 0x5B, 0xA4, 0xFF, 0x04, 0xC8, 0xE8, 0xFF, 0x02, 0x98, 0xD2, 0xFF, 0x03, 0x31, 0x61, 0xFF,
  0x04, 0x0D, 0x17, 0xFF, 0x04, 0x05, 0x07, 0xFF, 0x04, 0x04, 0x06, 0xFF, 0x04, 0x04, 0x06, 0xFF, 0x04, 0x05, 0x07, 0xFF, 0x04, 0x05, 0x06, 0xFF,
  0x04, 0x04, 0x06, 0xFF, 0x04, 0x04, 0x06, 0xFF, 0x04, 0x04, 0x06, 0xFF, 0x04, 0x04, 0x05, 0xFF, 0x04, 0x04, 0x05, 0xFF, 0x04, 0x03, 0x04, 0xFF,
  0x04, 0x03, 0x04, 0xFF, 0x04, 0x03, 0x03, 0xFF, 0x04, 0x03, 0x03, 0xFF, 0x04, 0x03, 0x03, 0xFF, 0x04, 0x03, 0x03, 0xFF, 0x04, 0x03, 0x03, 0xFF,
  0x04, 0x03, 0x04, 0xFF, 0x04, 0x03, 0x04, 0xFF, 0x04, 0x03, 0x04, 0xFF, 0x04, 0x03, 0x04, 0xFF, 0x04, 0x04, 0x05, 0xFF, 0x04, 0x04, 0x06, 0xFF,
  0x05, 0x06, 0x0C, 0xFF, 0x06, 0x10, 0x2D, 0xFF, 0x0E, 0x42, 0x70, 0xFF, 0x07, 0x0D, 0x2E, 0xFF, 0x05, 0x06, 0x0C, 0xFF, 0x04, 0x04, 0x07, 0xFF,
  0x04, 0x04, 0x06, 0xFF, 0x04, 0x04, 0x06, 0xFF, 0x04, 0x04, 0x06, 0xFF, 0x04, 0x04, 0x06, 0xFF, 0x04, 0x04, 0x08, 0xFF, 0x04, 0x04, 0x08, 0xFF,
  0x04, 0x04, 0x07, 0xFF, 0x04, 0x04, 0x05, 0xFF, 0x04, 0x04, 0x06, 0xFF, 0x04, 0x04, 0x08, 0xFF, 0x04, 0x04, 0x06, 0xFF, 0x04, 0x04, 0x05, 0xFF,
  0x04, 0x03, 0x04, 0xFF, 0x04, 0x03, 0x04, 0xFF, 0x04, 0x03, 0x04, 0xFF, 0x04, 0x03, 0x04, 0xFF, 0x04, 0x03, 0x04, 0xFF, 0x04, 0x03, 0x04, 0xFF,
  0x04, 0x03, 0x04, 0xFF, 0x04, 0x03, 0x04, 0xFF, 0x04, 0x03, 0x04, 0xFF, 0x04, 0x03, 0x04, 0xFF, 0x04, 0x03, 0x03, 0xFF, 0x04, 0x03, 0x03, 0xFF,
  0x04, 0x03, 0x03, 0xFF, 0x04, 0x03, 0x03, 0xFF, 0x04, 0x03, 0x03, 0xFF, 0x04, 0x03, 0x04, 0xFF, 0x04, 0x03, 0x04, 0xFF, 0x04, 0x03, 0x04, 0xFF,
  0x04, 0x03, 0x04, 0xFF, 0x04, 0x03, 0x04, 0xFF, 0x04, 0x03, 0x04, 0xFF, 0x04, 0x03, 0x04, 0xFF, 0x04, 0x03, 0x04, 0xFF, 0x04, 0x03, 0x03, 0xFF,
  0x04, 0x03, 0x03, 0xFF, 0x04, 0x03, 0x03, 0xFF, 0x04, 0x03, 0x03, 0xFF, 0x04, 0x03, 0x03, 0xFF, 0x04, 0x03, 0x03, 0xFF, 0x04, 0x03, 0x03, 0xFF,
  0x04, 0x03, 0x03, 0xFF, 0x04, 0x03, 0x03, 0xFF, 0x04, 0x03, 0x03, 0xFF, 0x04, 0x03, 0x03, 0xFF, 0x04, 0x03, 0x03, 0xFF, 0x04, 0x03, 0x03, 0xFF,
  0x04, 0x03, 0x03, 0xFF, 0x04, 0x03, 0x03, 0xFF, 0x04, 0x03, 0x03, 0xFF, 0x04, 0x03, 0x03, 0xFF, 0x04, 0x03, 0x03, 0xFF, 0x04, 0x03, 0x04, 0xFF,
  0x06, 0x03, 0x11, 0xFF, 0x13, 0x02, 0x59, 0xFF, 0x21, 0x02, 0x9F, 0xFF, 0x1F, 0x01, 0xA8, 0xFF, 0x1F, 0x01, 0xA7, 0xFF, 0x0D, 0x03, 0x9A, 0xFF,
  0x76, 0x7B, 0xFB, 0xFF, 0x70, 0x72, 0xFA, 0xFF, 0x25, 0x14, 0xEE, 0xFF, 0x2B, 0x09, 0xD5, 0xFF, 0x12, 0x09, 0x49, 0xFF, 0x05, 0x04, 0x0A, 0xFF,
  0x04, 0x03, 0x05, 0xFF, 0x04, 0x03, 0x03, 0xFF, 0x04, 0x03, 0x03, 0xFF, 0x04, 0x03, 0x03, 0xFF, 0x04, 0x03, 0x03, 0xFF, 0x04, 0x03, 0x03, 0xFF,
  0x04, 0x03, 0x03, 0xFF, 0x04, 0x03, 0x03, 0xFF, 0x04, 0x03, 0x03, 0xFF, 0x04, 0x03, 0x03, 0xFF, 0x04, 0x03, 0x03, 0xFF, 0x04, 0x03, 0x05, 0xFF,
  0x04, 0x06, 0x09, 0xFF, 0x04, 0x11, 0x1F, 0xFF, 0x03, 0x34, 0x73, 0xFF, 0x01, 0x63, 0xD3, 0xFF, 0x24, 0xF3, 0xF9, 0xFF, 0x27, 0xF4, 0xF9, 0xFF,
  0x02, 0x4C, 0xAC, 0xFF, 0x01, 0x30, 0x9B, 0xFF, 0x01, 0x34, 0x9E, 0xFF, 0x01, 0x29, 0x76, 0xFF, 0x03, 0x0F, 0x24, 0xFF, 0x04, 0x04, 0x07, 0xFF,
  0x04, 0x03, 0x03, 0xFF, 0x04, 0x03, 0x03, 0xFF, 0x04, 0x03, 0x03, 0xFF, 0x04, 0x03, 0x03, 0xFF, 0x04, 0x03, 0x03, 0xFF, 0x04, 0x03, 0x03, 0xFF,
  0x04, 0x03, 0x03, 0xFF, 0x04, 0x03, 0x03, 0xFF, 0x04, 0x03, 0x03, 0xFF, 0x04, 0x03, 0x04, 0xFF, 0x04, 0x03, 0x04, 0xFF, 0x04, 0x03, 0x04, 0xFF,
  0x04, 0x05, 0x08, 0xFF, 0x04, 0x0D, 0x19, 0xFF, 0x03, 0x11, 0x22, 0xFF, 0x04, 0x05, 0x07, 0xFF, 0x04, 0x03, 0x04, 0xFF, 0x04, 0x03, 0x04, 0xFF,
  0x04, 0x03, 0x04, 0xFF, 0x04, 0x03, 0x04, 0xFF, 0x04, 0x03, 0x03, 0xFF, 0x04, 0x03, 0x04, 0xFF, 0x04, 0x03, 0x04, 0xFF, 0x04, 0x03, 0x04, 0xFF,
  0x04, 0x03, 0x04, 0xFF, 0x04, 0x03, 0x03, 0xFF, 0x04, 0x03, 0x03, 0xFF, 0x04, 0x03, 0x03, 0xFF, 0x04, 0x03, 0x04, 0xFF, 0x04, 0x03, 0x04, 0xFF,
  0x04, 0x03, 0x04, 0xFF, 0x04, 0x03, 0x04, 0xFF, 0x04, 0x03, 0x04, 0xFF, 0x04, 0x03, 0x04, 0xFF, 0x04, 0x03, 0x04, 0xFF, 0x04, 0x04, 0x05, 0xFF,
  0x04, 0x04, 0x05, 0xFF, 0x04, 0x04, 0x05, 0xFF, 0x04, 0x04, 0x05, 0xFF, 0x04, 0x04, 0x05, 0xFF, 0x04, 0x04, 0x05, 0xFF, 0x04, 0x04, 0x05, 0xFF,
  0x04, 0x04, 0x06, 0xFF, 0x04, 0x04, 0x06, 0xFF, 0x04, 0x04, 0x06, 0xFF, 0x04, 0x04, 0x06, 0xFF, 0x04, 0x04, 0x06, 0xFF, 0x04, 0x04, 0x06, 0xFF,
  0x04, 0x04, 0x06, 0xFF, 0x04, 0x04, 0x06, 0xFF, 0x04, 0x04, 0x05, 0xFF, 0x04, 0x04, 0x05, 0xFF, 0x04, 0x04, 0x05, 0xFF, 0x04, 0x03, 0x04, 0xFF,
  0x04, 0x03, 0x04, 0xFF, 0x04, 0x03, 0x04, 0xFF, 0x04, 0x03, 0x03, 0xFF, 0x04, 0x03, 0x04, 0xFF, 0x04, 0x03, 0x03, 0xFF, 0x04, 0x03, 0x03, 0xFF,
  0x04, 0x03, 0x04, 0xFF, 0x04, 0x04, 0x05, 0xFF, 0x04, 0x04, 0x05, 0xFF, 0x04, 0x04, 0x05, 0xFF, 0x04, 0x04, 0x05, 0xFF, 0x04, 0x04, 0x05, 0xFF,
  0x04, 0x06, 0x09, 0xFF, 0x03, 0x18, 0x2F, 0xFF, 0x02, 0x5E, 0xAB, 0xFF, 0x01, 0x70, 0xC1, 0xFF, 0x02, 0x3B, 0x76, 0xFF, 0x04, 0x11, 0x20, 0xFF,
  0x04, 0x07, 0x0B, 0xFF, 0x04, 0x04, 0x06, 0xFF, 0x04, 0x04, 0x06, 0xFF, 0x04, 0x08, 0x0E, 0xFF, 0x04, 0x10, 0x1E, 0xFF, 0x04, 0x0B, 0x14, 0xFF,
  0x04, 0x06, 0x09, 0xFF, 0x04, 0x06, 0x08, 0xFF, 0x04, 0x05, 0x08, 0xFF, 0x04, 0x05, 0x07, 0xFF, 0x04, 0x04, 0x06, 0xFF, 0x04, 0x03, 0x04, 0xFF,
  0x04, 0x03, 0x04, 0xFF, 0x04, 0x03, 0x04, 0xFF, 0x04, 0x03, 0x04, 0xFF, 0x04, 0x03, 0x03, 0xFF, 0x04, 0x03, 0x03, 0xFF, 0x04, 0x03, 0x03, 0xFF,
  0x04, 0x03, 0x04, 0xFF, 0x04, 0x03, 0x04, 0xFF, 0x04, 0x03, 0x04, 0xFF, 0x04, 0x03, 0x04, 0xFF, 0x04, 0x04, 0x05, 0xFF, 0x04, 0x04, 0x06, 0xFF,
  0x05, 0x05, 0x0B, 0xFF, 0x05, 0x07, 0x10, 0xFF, 0x05, 0x09, 0x19, 0xFF, 0x05, 0x08, 0x14, 0xFF, 0x05, 0x05, 0x0A, 0xFF, 0x04, 0x04, 0x06, 0xFF,
  0x04, 0x04, 0x05, 0xFF, 0x04, 0x04, 0x05, 0xFF, 0x04, 0x04, 0x05, 0xFF, 0x04, 0x04, 0x06, 0xFF, 0x04, 0x04, 0x06, 0xFF, 0x04, 0x04, 0x07, 0xFF,
  0x04, 0x04, 0x05, 0xFF, 0x04, 0x04, 0x05, 0xFF, 0x04, 0x04, 0x05, 0xFF, 0x04, 0x04, 0x05, 0xFF, 0x04, 0x03, 0x04, 0xFF, 0x04, 0x03, 0x04, 0xFF,
  0x04, 0x03, 0x04, 0xFF, 0x04, 0x03, 0x04, 0xFF, 0x04, 0x03, 0x04, 0xFF, 0x04, 0x03, 0x04, 0xFF, 0x04, 0x03, 0x04, 0xFF, 0x04, 0x03, 0x04, 0xFF,
  0x04, 0x03, 0x04, 0xFF, 0x04, 0x03, 0x04, 0xFF, 0x04, 0x03, 0x04, 0xFF, 0x04, 0x03, 0x04, 0xFF, 0x04, 0x03, 0x04, 0xFF, 0x04, 0x03, 0x03, 0xFF,
  0x04, 0x03, 0x03, 0xFF, 0x04, 0x03, 0x03, 0xFF, 0x04, 0x03, 0x03, 0xFF, 0x04, 0x03, 0x04, 0xFF, 0x04, 0x03, 0x04, 0xFF, 0x04, 0x03, 0x04, 0xFF,
  0x04, 0x03, 0x04, 0xFF, 0x04, 0x03, 0x04, 0xFF, 0x04, 0x03, 0x04, 0xFF, 0x04, 0x03, 0x04, 0xFF, 0x04, 0x03, 0x04, 0xFF, 0x04, 0x03, 0x04, 0xFF,
  0x04, 0x03, 0x03, 0xFF, 0x04, 0x03, 0x03, 0xFF, 0x04, 0x03, 0x03, 0xFF, 0x04, 0x03, 0x03, 0xFF, 0x04, 0x03, 0x03, 0xFF, 0x04, 0x03, 0x03, 0xFF,
  0x04, 0x03, 0x03, 0xFF, 0x04, 0x03, 0x03, 0xFF, 0x04, 0x03, 0x03, 0xFF, 0x04, 0x03, 0x03, 0xFF, 0x04, 0x03, 0x03, 0xFF, 0x04, 0x03, 0x03, 0xFF,
  0x04, 0x03, 0x03, 0xFF, 0x04, 0x03, 0x03, 0xFF, 0x04, 0x03, 0x03, 0xFF, 0x04, 0x03, 0x03, 0xFF, 0x04, 0x03, 0x03, 0xFF, 0x04, 0x03, 0x04, 0xFF,
  0x06, 0x03, 0x11, 0xFF, 0x14, 0x02, 0x5A, 0xFF, 0x22, 0x02, 0xA0, 0xFF, 0x20, 0x01, 0xA9, 0xFF, 0x20, 0x02, 0xAA, 0xFF, 0x0D, 0x02, 0x9A, 0xFF,
  0x75, 0x79, 0xFB, 0xFF, 0x70, 0x71, 0xF9, 0xFF, 0x24, 0x13, 0xEE, 0xFF, 0x2A, 0x08, 0xD6, 0xFF, 0x12, 0x09, 0x4B, 0xFF, 0x06, 0x04, 0x0B, 0xFF,
  0x05, 0x03, 0x06, 0xFF, 0x04, 0x03, 0x03, 0xFF, 0x04, 0x03, 0x03, 0xFF, 0x04, 0x03, 0x03, 0xFF, 0x04, 0x03, 0x03, 0xFF, 0x04, 0x03, 0x03, 0xFF,
  0x04, 0x03, 0x03, 0xFF, 0x04, 0x03, 0x03, 0xFF, 0x04, 0x03, 0x03, 0xFF, 0x04, 0x03, 0x03, 0xFF, 0x04, 0x03, 0x03, 0xFF, 0x04, 0x03, 0x04, 0xFF,
  0x04, 0x06, 0x09, 0xFF, 0x04, 0x11, 0x1E, 0xFF, 0x03, 0x34, 0x73, 0xFF, 0x01, 0x66, 0xD4, 0xFF, 0x24, 0xF3, 0xF9, 0xFF, 0x25, 0xF4, 0xF9, 0xFF,
  0x02, 0x4B, 0xAC, 0xFF, 0x01, 0x30, 0x9B, 0xFF, 0x00, 0x34, 0x9E, 0xFF, 0x01, 0x2A, 0x77, 0xFF, 0x03, 0x11, 0x28, 0xFF, 0x04, 0x05, 0x09, 0xFF,
  0x04, 0x03, 0x04, 0xFF, 0x04, 0x03, 0x04, 0xFF, 0x04, 0x03, 0x03, 0xFF, 0x04, 0x03, 0x04, 0xFF, 0x04, 0x03, 0x04, 0xFF, 0x04, 0x03, 0x03, 0xFF,
  0x04, 0x03, 0x03, 0xFF, 0x04, 0x03, 0x03, 0xFF, 0x04, 0x03, 0x03, 0xFF, 0x04, 0x03, 0x03, 0xFF, 0x04, 0x03, 0x04, 0xFF, 0x04, 0x03, 0x04, 0xFF,
  0x04, 0x04, 0x05, 0xFF, 0x04, 0x04, 0x05, 0xFF, 0x04, 0x04, 0x05, 0xFF, 0x04, 0x04, 0x05, 0xFF, 0x04, 0x03, 0x04, 0xFF, 0x04, 0x03, 0x04, 0xFF,
  0x04, 0x03, 0x04, 0xFF, 0x04, 0x03, 0x03, 0xFF, 0x04, 0x03, 0x03, 0xFF, 0x04, 0x03, 0x04, 0xFF, 0x04, 0x03, 0x04, 0xFF, 0x04, 0x03, 0x04, 0xFF,
  0x04, 0x03, 0x04, 0xFF, 0x04, 0x03, 0x04, 0xFF, 0x04, 0x03, 0x04, 0xFF, 0x04, 0x03, 0x04, 0xFF, 0x04, 0x03, 0x04, 0xFF, 0x04, 0x03, 0x04, 0xFF,
  0x04, 0x03, 0x04, 0xFF, 0x04, 0x03, 0x04, 0xFF, 0x04, 0x03, 0x04, 0xFF, 0x04, 0x03, 0x04, 0xFF, 0x04, 0x03, 0x04, 0xFF, 0x04, 0x04, 0x05, 0xFF,
  0x04, 0x04, 0x06, 0xFF, 0x04, 0x04, 0x05, 0xFF, 0x04, 0x04, 0x05, 0xFF, 0x04, 0x04, 0x05, 0xFF, 0x04, 0x04, 0x05, 0xFF, 0x04, 0x04, 0x05, 0xFF,
  0x04, 0x04, 0x05, 0xFF, 0x04, 0x04, 0x05, 0xFF, 0x04, 0x04, 0x05, 0xFF, 0x04, 0x04, 0x05, 0xFF, 0x04, 0x04, 0x05, 0xFF, 0x04, 0x04, 0x05, 0xFF,
  0x04, 0x04, 0x05, 0xFF, 0x04, 0x04, 0x05, 0xFF, 0x04, 0x04, 0x05, 0xFF, 0x04, 0x04, 0x05, 0xFF, 0x04, 0x03, 0x04, 0xFF, 0x04, 0x03, 0x04, 0xFF,
  0x04, 0x03, 0x04, 0xFF, 0x04, 0x03, 0x04, 0xFF, 0x04, 0x03, 0x04, 0xFF, 0x04, 0x03, 0x04, 0xFF, 0x04, 0x03, 0x03, 0xFF, 0x04, 0x03, 0x03, 0xFF,
  0x04, 0x03, 0x03, 0xFF, 0x04, 0x03, 0x04, 0xFF, 0x04, 0x03, 0x04, 0xFF, 0x04, 0x03, 0x04, 0xFF, 0x04, 0x04, 0x05, 0xFF, 0x04, 0x04, 0x05, 0xFF,
  0x04, 0x06, 0x0A, 0xFF, 0x04, 0x14, 0x27, 0xFF, 0x03, 0x28, 0x50, 0xFF, 0x03, 0x21, 0x42, 0xFF, 0x04, 0x10, 0x1E, 0xFF, 0x04, 0x07, 0x0A, 0xFF,
  0x04, 0x05, 0x07, 0xFF, 0x04, 0x04, 0x06, 0xFF, 0x04, 0x05, 0x08, 0xFF, 0x04, 0x12, 0x23, 0xFF, 0x05, 0x33, 0x56, 0xFF, 0x04, 0x16, 0x2D, 0xFF,
  0x04, 0x0D, 0x19, 0xFF, 0x05, 0x0D, 0x18, 0xFF, 0x05, 0x0B, 0x15, 0xFF, 0x04, 0x08, 0x0F, 0xFF, 0x04, 0x06, 0x09, 0xFF, 0x04, 0x04, 0x05, 0xFF,
  0x04, 0x03, 0x04, 0xFF, 0x04, 0x03, 0x04, 0xFF, 0x04, 0x03, 0x04, 0xFF, 0x04, 0x03, 0x04, 0xFF, 0x04, 0x03, 0x04, 0xFF, 0x04, 0x03, 0x04, 0xFF,
  0x04, 0x03, 0x04, 0xFF, 0x04, 0x03, 0x04, 0xFF, 0x04, 0x03, 0x04, 0xFF, 0x04, 0x03, 0x04, 0xFF, 0x04, 0x04, 0x04, 0xFF, 0x04, 0x04, 0x05, 0xFF,
  0x04, 0x04, 0x07, 0xFF, 0x04, 0x04, 0x08, 0xFF, 0x04, 0x05, 0x08, 0xFF, 0x04, 0x04, 0x07, 0xFF, 0x04, 0x04, 0x06, 0xFF, 0x04, 0x04, 0x05, 0xFF,
  0x04, 0x04, 0x05, 0xFF, 0x04, 0x03, 0x04, 0xFF, 0x04, 0x03, 0x04, 0xFF, 0x04, 0x04, 0x05, 0xFF, 0x04, 0x04, 0x05, 0xFF, 0x04, 0x04, 0x05, 0xFF,
  0x04, 0x04, 0x05, 0xFF, 0x04, 0x03, 0x04, 0xFF, 0x04, 0x03, 0x04, 0xFF, 0x04, 0x03, 0x04, 0xFF, 0x04, 0x03, 0x04, 0xFF, 0x04, 0x03, 0x04, 0xFF,
  0x04, 0x03, 0x04, 0xFF, 0x04, 0x03, 0x04, 0xFF, 0x04, 0x03, 0x04, 0xFF, 0x04, 0x03, 0x04, 0xFF, 0x04, 0x03, 0x04, 0xFF, 0x04, 0x03, 0x04, 0xFF,
  0x04, 0x03, 0x04, 0xFF, 0x04, 0x03, 0x04, 0xFF, 0x04, 0x03, 0x04, 0xFF, 0x04, 0x03, 0x04, 0xFF, 0x04, 0x03, 0x04, 0xFF, 0x04, 0x03, 0x03, 0xFF,
  0x04, 0x03, 0x03, 0xFF, 0x04, 0x03, 0x03, 0xFF, 0x04, 0x03, 0x03, 0xFF, 0x04, 0x03, 0x03, 0xFF, 0x04, 0x03, 0x04, 0xFF, 0x04, 0x03, 0x05, 0xFF,
  0x04, 0x03, 0x05, 0xFF, 0x04, 0x03, 0x05, 0xFF, 0x04, 0x03, 0x04, 0xFF, 0x04, 0x03, 0x04, 0xFF, 0x04, 0x03, 0x03, 0xFF, 0x04, 0x03, 0x03, 0xFF,
  0x04, 0x03, 0x03, 0xFF, 0x04, 0x03, 0x03, 0xFF, 0x04, 0x03, 0x03, 0xFF, 0x04, 0x03, 0x03, 0xFF, 0x04, 0x03, 0x03, 0xFF, 0x04, 0x03, 0x03, 0xFF,
  0x04, 0x03, 0x03, 0xFF, 0x04, 0x03, 0x03, 0xFF, 0x04, 0x03, 0x03, 0xFF, 0x04, 0x03, 0x03, 0xFF, 0x04, 0x03, 0x03, 0xFF, 0x04, 0x03, 0x03, 0xFF,
  0x04, 0x03, 0x03, 0xFF, 0x04, 0x03, 0x03, 0xFF, 0x04, 0x03, 0x03, 0xFF, 0x04, 0x03, 0x03, 0xFF, 0x04, 0x03, 0x03, 0xFF, 0x04, 0x03, 0x04, 0xFF,
  0x06, 0x03, 0x11, 0xFF, 0x14, 0x02, 0x5C, 0xFF, 0x23, 0x02, 0xA1, 0xFF, 0x21, 0x01, 0xA9, 0xFF, 0x20, 0x01, 0xAA, 0xFF, 0x0E, 0x03, 0x9D, 0xFF,
  0x75, 0x78, 0xFB, 0xFF, 0x70, 0x70, 0xF9, 0xFF, 0x22, 0x13, 0xEC, 0xFF, 0x29, 0x07, 0xD2, 0xFF, 0x12, 0x09, 0x4C, 0xFF, 0x06, 0x04, 0x0C, 0xFF,
  0x05, 0x03, 0x06, 0xFF, 0x04, 0x03, 0x03, 0xFF, 0x04, 0x03, 0x03, 0xFF, 0x04, 0x03, 0x03, 0xFF, 0x04, 0x03, 0x03, 0xFF, 0x04, 0x03, 0x03, 0xFF,
  0x04, 0x03, 0x03, 0xFF, 0x04, 0x03, 0x03, 0xFF, 0x04, 0x03, 0x03, 0xFF, 0x04, 0x03, 0x03, 0xFF, 0x04, 0x03, 0x03, 0xFF, 0x04, 0x03, 0x04, 0xFF,
  0x04, 0x06, 0x08, 0xFF, 0x04, 0x11, 0x1E, 0xFF, 0x03, 0x36, 0x78, 0xFF, 0x01, 0x65, 0xD4, 0xFF, 0x25, 0xF2, 0xF9, 0xFF, 0x25, 0xF4, 0xF9, 0xFF,
  0x01, 0x4B, 0xAC, 0xFF, 0x01, 0x31, 0x9E, 0xFF, 0x00, 0x35, 0xA1, 0xFF, 0x01, 0x2C, 0x7F, 0xFF, 0x03, 0x13, 0x2F, 0xFF, 0x04, 0x06, 0x0B, 0xFF,
  0x04, 0x03, 0x04, 0xFF, 0x04, 0x03, 0x04, 0xFF, 0x04, 0x03, 0x04, 0xFF, 0x04, 0x03, 0x04, 0xFF, 0x04, 0x03, 0x04, 0xFF, 0x04, 0x03, 0x03, 0xFF,
  0x04, 0x03, 0x04, 0xFF, 0x04, 0x03, 0x04, 0xFF, 0x04, 0x03, 0x03, 0xFF, 0x04, 0x03, 0x03, 0xFF, 0x04, 0x03, 0x04, 0xFF, 0x04, 0x03, 0x04, 0xFF,
  0x04, 0x03, 0x04, 0xFF, 0x04, 0x03, 0x04, 0xFF, 0x04, 0x03, 0x04, 0xFF, 0x04, 0x03, 0x04, 0xFF, 0x04, 0x03, 0x04, 0xFF, 0x04, 0x03, 0x04, 0xFF,
  0x04, 0x03, 0x03, 0xFF, 0x04, 0x03, 0x03, 0xFF, 0x04, 0x03, 0x03, 0xFF, 0x04, 0x03, 0x04, 0xFF, 0x04, 0x03, 0x04, 0xFF, 0x04, 0x03, 0x04, 0xFF,
  0x04, 0x03, 0x04, 0xFF, 0x04, 0x03, 0x04, 0xFF, 0x04, 0x03, 0x04, 0xFF, 0x04, 0x03, 0x04, 0xFF, 0x04, 0x03, 0x04, 0xFF, 0x04, 0x03, 0x04, 0xFF,
  0x04, 0x03, 0x04, 0xFF, 0x04, 0x04, 0x05, 0xFF, 0x04, 0x04, 0x05, 0xFF, 0x04, 0x03, 0x04, 0xFF, 0x04, 0x04, 0x05, 0xFF, 0x04, 0x04, 0x06, 0xFF,
  0x04, 0x05, 0x06, 0xFF, 0x04, 0x05, 0x06, 0xFF, 0x04, 0x04, 0x06, 0xFF, 0x04, 0x04, 0x06, 0xFF, 0x04, 0x04, 0x05, 0xFF, 0x04, 0x04, 0x05, 0xFF,
  0x04, 0x04, 0x05, 0xFF, 0x04, 0x04, 0x05, 0xFF, 0x04, 0x04, 0x05, 0xFF, 0x04, 0x04, 0x05, 0xFF, 0x04, 0x03, 0x04, 0xFF, 0x04, 0x03, 0x04, 0xFF,
  0x04, 0x04, 0x05, 0xFF, 0x04, 0x04, 0x05, 0xFF, 0x04, 0x03, 0x04, 0xFF, 0x04, 0x03, 0x04, 0xFF, 0x04, 0x03, 0x04, 0xFF, 0x04, 0x03, 0x04, 0xFF,
  0x04, 0x03, 0x04, 0xFF, 0x04, 0x03, 0x04, 0xFF, 0x04, 0x03, 0x04, 0xFF, 0x04, 0x03, 0x04, 0xFF, 0x04, 0x03, 0x03, 0xFF, 0x04, 0x03, 0x03, 0xFF,
  0x04, 0x03, 0x03, 0xFF, 0x04, 0x03, 0x03, 0xFF, 0x04, 0x03, 0x03, 0xFF, 0x04, 0x03, 0x03, 0xFF, 0x04, 0x03, 0x04, 0xFF, 0x04, 0x03, 0x05, 0xFF,
  0x04, 0x05, 0x07, 0xFF, 0x04, 0x09, 0x0F, 0xFF, 0x04, 0x09, 0x10, 0xFF, 0x04, 0x08, 0x0C, 0xFF, 0x04, 0x05, 0x07, 0xFF, 0x04, 0x04, 0x06, 0xFF,
  0x04, 0x04, 0x05, 0xFF, 0x04, 0x04, 0x05, 0xFF, 0x04, 0x05, 0x07, 0xFF, 0x04, 0x0A, 0x13, 0xFF, 0x04, 0x17, 0x2E, 0xFF, 0x04, 0x1F, 0x41, 0xFF,
  0x04, 0x2A, 0x5D, 0xFF, 0x04, 0x33, 0x78, 0xFF, 0x04, 0x28, 0x5C, 0xFF, 0x04, 0x14, 0x2B, 0xFF, 0x04, 0x08, 0x10, 0xFF, 0x04, 0x04, 0x06, 0xFF,
  0x04, 0x04, 0x05, 0xFF, 0x04, 0x03, 0x04, 0xFF, 0x04, 0x03, 0x04, 0xFF, 0x04, 0x03, 0x04, 0xFF, 0x04, 0x03, 0x04, 0xFF, 0x04, 0x03, 0x04, 0xFF,
  0x04, 0x03, 0x04, 0xFF, 0x04, 0x03, 0x04, 0xFF, 0x04, 0x03, 0x04, 0xFF, 0x04, 0x04, 0x04, 0xFF, 0x04, 0x04, 0x04, 0xFF, 0x04, 0x04, 0x05, 0xFF,
  0x04, 0x04, 0x05, 0xFF, 0x04, 0x04, 0x05, 0xFF, 0x04, 0x04, 0x05, 0xFF, 0x04, 0x03, 0x04, 0xFF, 0x04, 0x03, 0x04, 0xFF, 0x04, 0x03, 0x04, 0xFF,
  0x04, 0x04, 0x05, 0xFF, 0x04, 0x03, 0x04, 0xFF, 0x04, 0x03, 0x04, 0xFF, 0x04, 0x03, 0x04, 0xFF, 0x04, 0x03, 0x04, 0xFF, 0x04, 0x03, 0x04, 0xFF,
  0x04, 0x03, 0x04, 0xFF, 0x04, 0x03, 0x04, 0xFF, 0x04, 0x03, 0x04, 0xFF, 0x04, 0x03, 0x04, 0xFF, 0x04, 0x03, 0x04, 0xFF, 0x04, 0x03, 0x04, 0xFF,
  0x04, 0x03, 0x04, 0xFF, 0x04, 0x03, 0x03, 0xFF, 0x04, 0x03, 0x04, 0xFF, 0x04, 0x03, 0x04, 0xFF, 0x04, 0x03, 0x04, 0xFF, 0x04, 0x03, 0x04, 0xFF,
  0x04, 0x03, 0x04, 0xFF, 0x04, 0x03, 0x03, 0xFF, 0x04, 0x03, 0x03, 0xFF, 0x04, 0x03, 0x03, 0xFF, 0x04, 0x03, 0x03, 0xFF, 0x04, 0x03, 0x03, 0xFF,
  0x04, 0x03, 0x03, 0xFF, 0x04, 0x03, 0x03, 0xFF, 0x04, 0x03, 0x03, 0xFF, 0x04, 0x03, 0x03, 0xFF, 0x04, 0x03, 0x04, 0xFF, 0x04, 0x03, 0x07, 0xFF,
  0x06, 0x09, 0x24, 0xFF, 0x06, 0x04, 0x12, 0xFF, 0x04, 0x03, 0x04, 0xFF, 0x04, 0x03, 0x04, 0xFF, 0x04, 0x03, 0x03, 0xFF, 0x04, 0x03, 0x03, 0xFF,
  0x04, 0x03, 0x03, 0xFF, 0x04, 0x03, 0x03, 0xFF, 0x04, 0x03, 0x04, 0xFF, 0x04, 0x03, 0x04, 0xFF, 0x04, 0x03, 0x03, 0xFF, 0x04, 0x03, 0x03, 0xFF,
  0x04, 0x03, 0x03, 0xFF, 0x04, 0x03, 0x03, 0xFF, 0x04, 0x03, 0x03, 0xFF, 0x04, 0x03, 0x03, 0xFF, 0x04, 0x03, 0x03, 0xFF, 0x04, 0x03, 0x03, 0xFF,
  0x04, 0x03, 0x03, 0xFF, 0x04, 0x03, 0x03, 0xFF, 0x04, 0x03, 0x03, 0xFF, 0x04, 0x03, 0x03, 0xFF, 0x04, 0x03, 0x03, 0xFF, 0x04, 0x03, 0x04, 0xFF,
  0x06, 0x03, 0x11, 0xFF, 0x15, 0x02, 0x5D, 0xFF, 0x23, 0x02, 0xA4, 0xFF, 0x21, 0x01, 0xAB, 0xFF, 0x1F, 0x01, 0xAC, 0xFF, 0x0E, 0x02, 0x9C, 0xFF,
  0x71, 0x73, 0xFB, 0xFF, 0x6F, 0x70, 0xF9, 0xFF, 0x23, 0x13, 0xEB, 0xFF, 0x29, 0x08, 0xCF, 0xFF, 0x12, 0x09, 0x4E, 0xFF, 0x06, 0x04, 0x0D, 0xFF,
  0x05, 0x03, 0x06, 0xFF, 0x04, 0x03, 0x03, 0xFF, 0x04, 0x03, 0x03, 0xFF, 0x04, 0x03, 0x03, 0xFF, 0x04, 0x03, 0x03, 0xFF, 0x04, 0x03, 0x03, 0xFF,
  0x04, 0x03, 0x03, 0xFF, 0x04, 0x03, 0x03, 0xFF, 0x04, 0x03, 0x03, 0xFF, 0x04, 0x03, 0x03, 0xFF, 0x04, 0x03, 0x03, 0xFF, 0x04, 0x03, 0x04, 0xFF,
  0x04, 0x06, 0x09, 0xFF, 0x04, 0x12, 0x20, 0xFF, 0x03, 0x3A, 0x7F, 0xFF, 0x01, 0x64, 0xD4, 0xFF, 0x25, 0xF2, 0xF9, 0xFF, 0x24, 0xF4, 0xF9, 0xFF,
  0x01, 0x4C, 0xB0, 0xFF, 0x00, 0x32, 0xA0, 0xFF, 0x00, 0x35, 0xA3, 0xFF, 0x01, 0x2F, 0x86, 0xFF, 0x03, 0x16, 0x36, 0xFF, 0x04, 0x06, 0x0D, 0xFF,
  0x04, 0x03, 0x04, 0xFF, 0x04, 0x03, 0x04, 0xFF, 0x04, 0x03, 0x04, 0xFF, 0x04, 0x03, 0x04, 0xFF, 0x04, 0x03, 0x04, 0xFF, 0x04, 0x03, 0x04, 0xFF,
  0x04, 0x03, 0x04, 0xFF, 0x04, 0x03, 0x04, 0xFF, 0x04, 0x03, 0x04, 0xFF, 0x04, 0x03, 0x04, 0xFF, 0x04, 0x03, 0x03, 0xFF, 0x04, 0x03, 0x03, 0xFF,
  0x04, 0x03, 0x04, 0xFF, 0x04, 0x03, 0x03, 0xFF, 0x04, 0x03, 0x03, 0xFF, 0x04, 0x03, 0x03, 0xFF, 0x04, 0x03, 0x03, 0xFF, 0x04, 0x03, 0x04, 0xFF,
  0x04, 0x03, 0x03, 0xFF, 0x04, 0x03, 0x04, 0xFF, 0x04, 0x03, 0x04, 0xFF, 0x04, 0x03, 0x04, 0xFF, 0x04, 0x03, 0x04, 0xFF, 0x04, 0x04, 0x05, 0xFF,
  0x04, 0x03, 0x05, 0xFF, 0x04, 0x03, 0x04, 0xFF, 0x04, 0x03, 0x04, 0xFF, 0x04, 0x03, 0x04, 0xFF, 0x04, 0x03, 0x04, 0xFF, 0x04, 0x03, 0x04, 0xFF,
  0x04, 0x04, 0x05, 0xFF, 0x04, 0x04, 0x05, 0xFF, 0x04, 0x04, 0x05, 0xFF, 0x04, 0x04, 0x05, 0xFF, 0x04, 0x04, 0x06, 0xFF, 0x04, 0x05, 0x07, 0xFF,
  0x04, 0x06, 0x0A, 0xFF, 0x04, 0x06, 0x0A, 0xFF, 0x04, 0x05, 0x08, 0xFF, 0x04, 0x05, 0x07, 0xFF, 0x04, 0x05, 0x06, 0xFF, 0x04, 0x04, 0x06, 0xFF,
  0x04, 0x04, 0x05, 0xFF, 0x04, 0x04, 0x05, 0xFF, 0x04, 0x04, 0x05, 0xFF, 0x04, 0x03, 0x04, 0xFF, 0x04, 0x03, 0x04, 0xFF, 0x04, 0x03, 0x04, 0xFF,
  0x04, 0x03, 0x04, 0xFF, 0x04, 0x03, 0x04, 0xFF, 0x04, 0x03, 0x04, 0xFF, 0x04, 0x03, 0x04, 0xFF, 0x04, 0x03, 0x04, 0xFF, 0x04, 0x03, 0x04, 0xFF,
  0x04, 0x03, 0x04, 0xFF, 0x04, 0x03, 0x04, 0xFF, 0x04, 0x03, 0x04, 0xFF, 0x04, 0x03, 0x04, 0xFF, 0x04, 0x03, 0x03, 0xFF, 0x04, 0x03, 0x03, 0xFF,
  0x04, 0x03, 0x03, 0xFF, 0x04, 0x03, 0x03, 0xFF, 0x04, 0x03, 0x03, 0xFF, 0x04, 0x03, 0x03, 0xFF, 0x04, 0x03, 0x03, 0xFF, 0x04, 0x03, 0x04, 0xFF,
  0x04, 0x04, 0x05, 0xFF, 0x04, 0x04, 0x06, 0xFF, 0x04, 0x05, 0x06, 0xFF, 0x04, 0x04, 0x06, 0xFF, 0x04, 0x04, 0x05, 0xFF, 0x04, 0x03, 0x04, 0xFF,
  0x04, 0x04, 0x05, 0xFF, 0x04, 0x04, 0x05, 0xFF, 0x04, 0x05, 0x07, 0xFF, 0x04, 0x09, 0x11, 0xFF, 0x04, 0x14, 0x2A, 0xFF, 0x03, 0x2D, 0x65, 0xFF,
  0x02, 0x6C, 0xCD, 0xFF, 0x05, 0x9A, 0xE5, 0xFF, 0x02, 0x62, 0xC7, 0xFF, 0x04, 0x23, 0x53, 0xFF, 0x05, 0x0D, 0x1A, 0xFF, 0x04, 0x05, 0x08, 0xFF,
  0x04, 0x04, 0x05, 0xFF, 0x04, 0x03, 0x04, 0xFF, 0x04, 0x03, 0x04, 0xFF, 0x04, 0x03, 0x04, 0xFF, 0x04, 0x03, 0x04, 0xFF, 0x04, 0x03, 0x04, 0xFF,
  0x04, 0x03, 0x04, 0xFF, 0x04, 0x03, 0x04, 0xFF, 0x04, 0x03, 0x04, 0xFF, 0x04, 0x04, 0x04, 0xFF, 0x04, 0x03, 0x04, 0xFF, 0x04, 0x04, 0x05, 0xFF,
  0x04, 0x03, 0x04, 0xFF, 0x04, 0x03, 0x04, 0xFF, 0x04, 0x03, 0x04, 0xFF, 0x04, 0x03, 0x04, 0xFF, 0x04, 0x03, 0x04, 0xFF, 0x04, 0x03, 0x04, 0xFF,
  0x04, 0x04, 0x05, 0xFF, 0x04, 0x04, 0x05, 0xFF, 0x04, 0x03, 0x04, 0xFF, 0x04, 0x03, 0x04, 0xFF, 0x04, 0x03, 0x04, 0xFF, 0x04, 0x03, 0x04, 0xFF,
  0x04, 0x03, 0x04, 0xFF, 0x04, 0x03, 0x04, 0xFF, 0x04, 0x03, 0x04, 0xFF, 0x04, 0x03, 0x04, 0xFF, 0x04, 0x03, 0x04, 0xFF, 0x04, 0x03, 0x04, 0xFF,
  0x04, 0x03, 0x04, 0xFF, 0x04, 0x03, 0x03, 0xFF, 0x04, 0x03, 0x03, 0xFF, 0x04, 0x03, 0x04, 0xFF, 0x04, 0x03, 0x03, 0xFF, 0x04, 0x03, 0x03, 0xFF,
  0x04, 0x03, 0x03, 0xFF, 0x04, 0x03, 0x03, 0xFF, 0x04, 0x03, 0x03, 0xFF, 0x04, 0x03, 0x03, 0xFF, 0x04, 0x03, 0x03, 0xFF, 0x04, 0x03, 0x03, 0xFF,
  0x04, 0x03, 0x03, 0xFF, 0x04, 0x03, 0x03, 0xFF, 0x04, 0x03, 0x03, 0xFF, 0x04, 0x03, 0x04, 0xFF, 0x04, 0x03, 0x04, 0xFF, 0x05, 0x04, 0x0C, 0xFF,
  0x06, 0x08, 0x21, 0xFF, 0x06, 0x04, 0x10, 0xFF, 0x04, 0x03, 0x04, 0xFF, 0x04, 0x03, 0x04, 0xFF, 0x04, 0x03, 0x04, 0xFF, 0x04, 0x03, 0x03, 0xFF,
  0x04, 0x03, 0x03, 0xFF, 0x04, 0x03, 0x03, 0xFF, 0x04, 0x03, 0x04, 0xFF, 0x04, 0x03, 0x03, 0xFF, 0x04, 0x03, 0x03, 0xFF, 0x04, 0x03, 0x03, 0xFF,
  0x04, 0x03, 0x03, 0xFF, 0x04, 0x03, 0x03, 0xFF, 0x04, 0x03, 0x04, 0xFF, 0x04, 0x03, 0x03, 0xFF, 0x04, 0x03, 0x03, 0xFF, 0x04, 0x03, 0x03, 0xFF,
  0x04, 0x03, 0x03, 0xFF, 0x04, 0x03, 0x03, 0xFF, 0x04, 0x03, 0x03, 0xFF, 0x04, 0x03, 0x03, 0xFF, 0x04, 0x03, 0x03, 0xFF, 0x04, 0x03, 0x04, 0xFF,
  0x06, 0x03, 0x12, 0xFF, 0x15, 0x02, 0x61, 0xFF, 0x23, 0x02, 0xA6, 0xFF, 0x21, 0x01, 0xAF, 0xFF, 0x1F, 0x01, 0xAF, 0xFF, 0x0D, 0x02, 0x9C, 0xFF,
  0x6E, 0x70, 0xFB, 0xFF, 0x6D, 0x6E, 0xF9, 0xFF, 0x25, 0x14, 0xEC, 0xFF, 0x29, 0x08, 0xD3, 0xFF, 0x13, 0x09, 0x53, 0xFF, 0x06, 0x04, 0x0F, 0xFF,
  0x05, 0x03, 0x07, 0xFF, 0x04, 0x03, 0x04, 0xFF, 0x04, 0x03, 0x03, 0xFF, 0x04, 0x03, 0x03, 0xFF, 0x04, 0x03, 0x03, 0xFF, 0x04, 0x03, 0x03, 0xFF,
  0x04, 0x03, 0x03, 0xFF, 0x04, 0x03, 0x03, 0xFF, 0x04, 0x03, 0x03, 0xFF, 0x04, 0x03, 0x03, 0xFF, 0x04, 0x03, 0x03, 0xFF, 0x04, 0x04, 0x04, 0xFF,
  0x04, 0x06, 0x09, 0xFF, 0x04, 0x14, 0x24, 0xFF, 0x03, 0x3E, 0x88, 0xFF, 0x00, 0x67, 0xD5, 0xFF, 0x25, 0xF3, 0xF9, 0xFF, 0x27, 0xF6, 0xF9, 0xFF,
  0x01, 0x51, 0xB7, 0xFF, 0x01, 0x35, 0xA4, 0xFF, 0x00, 0x37, 0xA4, 0xFF, 0x01, 0x32, 0x8D, 0xFF, 0x03, 0x1A, 0x40, 0xFF, 0x04, 0x08, 0x10, 0xFF,
  0x04, 0x04, 0x06, 0xFF, 0x04, 0x04, 0x04, 0xFF, 0x04, 0x03, 0x04, 0xFF, 0x04, 0x03, 0x04, 0xFF, 0x04, 0x03, 0x04, 0xFF, 0x04, 0x03, 0x04, 0xFF,
  0x04, 0x03, 0x04, 0xFF, 0x04, 0x03, 0x04, 0xFF, 0x04, 0x03, 0x04, 0xFF, 0x04, 0x03, 0x04, 0xFF, 0x04, 0x03, 0x04, 0xFF, 0x04, 0x03, 0x04, 0xFF,
  0x04, 0x03, 0x04, 0xFF, 0x04, 0x03, 0x03, 0xFF, 0x04, 0x03, 0x03, 0xFF, 0x04, 0x03, 0x03, 0xFF, 0x04, 0x03, 0x03, 0xFF, 0x04, 0x03, 0x04, 0xFF,
  0x04, 0x03, 0x04, 0xFF, 0x04, 0x03, 0x04, 0xFF, 0x04, 0x03, 0x04, 0xFF, 0x04, 0x03, 0x04, 0xFF, 0x04, 0x04, 0x05, 0xFF, 0x04, 0x08, 0x0E, 0xFF,
  0x04, 0x07, 0x0B, 0xFF, 0x04, 0x04, 0x05, 0xFF, 0x04, 0x03, 0x04, 0xFF, 0x04, 0x03, 0x04, 0xFF, 0x04, 0x03, 0x04, 0xFF, 0x04, 0x03, 0x04, 0xFF,
  0x04, 0x04, 0x05, 0xFF, 0x04, 0x04, 0x05, 0xFF, 0x04, 0x04, 0x05, 0xFF, 0x04, 0x05, 0x06, 0xFF, 0x04, 0x05, 0x08, 0xFF, 0x04, 0x08, 0x0D, 0xFF,
  0x04, 0x09, 0x10, 0xFF, 0x04, 0x0A, 0x11, 0xFF, 0x04, 0x09, 0x0F, 0xFF, 0x04, 0x08, 0x0D, 0xFF, 0x04, 0x06, 0x0B, 0xFF, 0x04, 0x05, 0x08, 0xFF,
  0x04, 0x04, 0x06, 0xFF, 0x04, 0x04, 0x05, 0xFF, 0x04, 0x03, 0x04, 0xFF, 0x04, 0x03, 0x04, 0xFF, 0x04, 0x03, 0x04, 0xFF, 0x04, 0x03, 0x04, 0xFF,
  0x04, 0x03, 0x04, 0xFF, 0x04, 0x03, 0x04, 0xFF, 0x04, 0x03, 0x04, 0xFF, 0x04, 0x03, 0x04, 0xFF, 0x04, 0x03, 0x04, 0xFF, 0x04, 0x03, 0x04, 0xFF,
  0x04, 0x03, 0x04, 0xFF, 0x04, 0x03, 0x04, 0xFF, 0x04, 0x03, 0x04, 0xFF, 0x04, 0x03, 0x04, 0xFF, 0x04, 0x03, 0x03, 0xFF, 0x04, 0x03, 0x03, 0xFF,
  0x04, 0x03, 0x04, 0xFF, 0x04, 0x03, 0x04, 0xFF, 0x04, 0x03, 0x04, 0xFF, 0x04, 0x03, 0x03, 0xFF, 0x04, 0x03, 0x03, 0xFF, 0x04, 0x03, 0x04, 0xFF,
  0x04, 0x03, 0x04, 0xFF, 0x04, 0x03, 0x04, 0xFF, 0x04, 0x03, 0x04, 0xFF, 0x04, 0x03, 0x04, 0xFF, 0x04, 0x03, 0x04, 0xFF, 0x04, 0x03, 0x04, 0xFF,
  0x04, 0x03, 0x04, 0xFF, 0x04, 0x04, 0x05, 0xFF, 0x04, 0x05, 0x07, 0xFF, 0x04, 0x09, 0x10, 0xFF, 0x04, 0x15, 0x2D, 0xFF, 0x03, 0x3D, 0x8C, 0xFF,
  0x11, 0xB5, 0xEE, 0xFF, 0xA9, 0xF6, 0xF6, 0xFF, 0x06, 0x97, 0xE7, 0xFF, 0x03, 0x32, 0x7C, 0xFF, 0x04, 0x11, 0x24, 0xFF, 0x04, 0x05, 0x09, 0xFF,
  0x04, 0x04, 0x05, 0xFF, 0x04, 0x03, 0x04, 0xFF, 0x04, 0x03, 0x04, 0xFF, 0x04, 0x03, 0x04, 0xFF, 0x04, 0x03, 0x04, 0xFF, 0x04, 0x03, 0x04, 0xFF,
  0x04, 0x03, 0x04, 0xFF, 0x04, 0x03, 0x04, 0xFF, 0x04, 0x03, 0x04, 0xFF, 0x04, 0x03, 0x04, 0xFF, 0x04, 0x03, 0x04, 0xFF, 0x04, 0x04, 0x05, 0xFF,
  0x04, 0x03, 0x05, 0xFF, 0x04, 0x03, 0x04, 0xFF, 0x04, 0x03, 0x04, 0xFF, 0x04, 0x03, 0x04, 0xFF, 0x04, 0x03, 0x04, 0xFF, 0x04, 0x03, 0x04, 0xFF,
  0x04, 0x03, 0x04, 0xFF, 0x04, 0x03, 0x04, 0xFF, 0x04, 0x03, 0x04, 0xFF, 0x04, 0x03, 0x04, 0xFF, 0x04, 0x03, 0x04, 0xFF, 0x04, 0x03, 0x04, 0xFF,
  0x04, 0x03, 0x04, 0xFF, 0x04, 0x03, 0x04, 0xFF, 0x04, 0x03, 0x04, 0xFF, 0x04, 0x03, 0x04, 0xFF, 0x04, 0x03, 0x04, 0xFF, 0x04, 0x03, 0x04, 0xFF,
  0x04, 0x03, 0x04, 0xFF, 0x04, 0x03, 0x03, 0xFF, 0x04, 0x03, 0x03, 0xFF, 0x04, 0x03, 0x03, 0xFF, 0x04, 0x03, 0x04, 0xFF, 0x04, 0x03, 0x04, 0xFF,
  0x04, 0x03, 0x04, 0xFF, 0x04, 0x03, 0x03, 0xFF, 0x04, 0x03, 0x03, 0xFF, 0x04, 0x03, 0x03, 0xFF, 0x04, 0x03, 0x03, 0xFF, 0x04, 0x03, 0x03, 0xFF,
  0x04, 0x03, 0x03, 0xFF, 0x04, 0x03, 0x03, 0xFF, 0x04, 0x03, 0x04, 0xFF, 0x04, 0x03, 0x04, 0xFF, 0x04, 0x03, 0x04, 0xFF, 0x04, 0x03, 0x05, 0xFF,
  0x04, 0x03, 0x06, 0xFF, 0x04, 0x03, 0x05, 0xFF, 0x04, 0x03, 0x04, 0xFF, 0x04, 0x03, 0x04, 0xFF, 0x04, 0x03, 0x04, 0xFF, 0x04, 0x03, 0x04, 0xFF,
  0x04, 0x03, 0x04, 0xFF, 0x04, 0x03, 0x04, 0xFF, 0x04, 0x03, 0x04, 0xFF, 0x04, 0x03, 0x04, 0xFF, 0x04, 0x03, 0x04, 0xFF, 0x04, 0x03, 0x04, 0xFF,
  0x04, 0x03, 0x03, 0xFF, 0x04, 0x03, 0x04, 0xFF, 0x04, 0x03, 0x03, 0xFF, 0x04, 0x03, 0x03, 0xFF, 0x04, 0x03, 0x03, 0xFF, 0x04, 0x03, 0x03, 0xFF,
  0x04, 0x03, 0x03, 0xFF, 0x04, 0x03, 0x03, 0xFF, 0x04, 0x03, 0x03, 0xFF, 0x04, 0x03, 0x03, 0xFF, 0x04, 0x03, 0x03, 0xFF, 0x04, 0x03, 0x04, 0xFF,
  0x07, 0x03, 0x13, 0xFF, 0x15, 0x02, 0x63, 0xFF, 0x23, 0x01, 0xA9, 0xFF, 0x21, 0x02, 0xB2, 0xFF, 0x1F, 0x01, 0xB2, 0xFF, 0x0E, 0x02, 0xA1, 0xFF,
  0x6D, 0x6F, 0xFA, 0xFF, 0x6C, 0x70, 0xF9, 0xFF, 0x25, 0x16, 0xEE, 0xFF, 0x2A, 0x08, 0xD7, 0xFF, 0x15, 0x0A, 0x59, 0xFF, 0x07, 0x04, 0x10, 0xFF,
  0x05, 0x03, 0x07, 0xFF, 0x04, 0x03, 0x03, 0xFF, 0x04, 0x03, 0x03, 0xFF, 0x04, 0x03, 0x03, 0xFF, 0x04, 0x03, 0x03, 0xFF, 0x04, 0x03, 0x03, 0xFF,
  0x04, 0x03, 0x03, 0xFF, 0x04, 0x03, 0x03, 0xFF, 0x04, 0x03, 0x03, 0xFF, 0x04, 0x03, 0x03, 0xFF, 0x04, 0x03, 0x03, 0xFF, 0x04, 0x03, 0x05, 0xFF,
  0x04, 0x06, 0x09, 0xFF, 0x04, 0x14, 0x24, 0xFF, 0x03, 0x3E, 0x87, 0xFF, 0x01, 0x6C, 0xD5, 0xFF, 0x29, 0xF4, 0xFA, 0xFF, 0x2E, 0xF7, 0xFA, 0xFF,
  0x02, 0x5B, 0xBC, 0xFF, 0x00, 0x34, 0xA4, 0xFF, 0x00, 0x38, 0xA5, 0xFF, 0x01, 0x34, 0x94, 0xFF, 0x02, 0x1F, 0x4E, 0xFF, 0x04, 0x0A, 0x16, 0xFF,
  0x04, 0x05, 0x08, 0xFF, 0x04, 0x04, 0x05, 0xFF, 0x04, 0x03, 0x04, 0xFF, 0x04, 0x03, 0x04, 0xFF, 0x04, 0x03, 0x04, 0xFF, 0x04, 0x03, 0x04, 0xFF,
  0x04, 0x03, 0x04, 0xFF, 0x04, 0x03, 0x04, 0xFF, 0x04, 0x03, 0x04, 0xFF, 0x04, 0x03, 0x04, 0xFF, 0x04, 0x03, 0x04, 0xFF, 0x04, 0x03, 0x03, 0xFF,
  0x04, 0x03, 0x03, 0xFF, 0x04, 0x03, 0x03, 0xFF, 0x04, 0x03, 0x03, 0xFF, 0x04, 0x03, 0x03, 0xFF, 0x04, 0x03, 0x04, 0xFF, 0x04, 0x03, 0x04, 0xFF,
  0x04, 0x03, 0x04, 0xFF, 0x04, 0x03, 0x04, 0xFF, 0x04, 0x03, 0x04, 0xFF, 0x04, 0x03, 0x04, 0xFF, 0x04, 0x04, 0x05, 0xFF, 0x04, 0x06, 0x0A, 0xFF,
  0x04, 0x05, 0x08, 0xFF, 0x04, 0x04, 0x05, 0xFF, 0x04, 0x04, 0x05, 0xFF, 0x04, 0x03, 0x04, 0xFF, 0x04, 0x03, 0x04, 0xFF, 0x04, 0x03, 0x04, 0xFF,
  0x04, 0x04, 0x05, 0xFF, 0x04, 0x05, 0x06, 0xFF, 0x04, 0x05, 0x06, 0xFF, 0x04, 0x05, 0x07, 0xFF, 0x04, 0x07, 0x0C, 0xFF, 0x04, 0x0B, 0x15, 0xFF,
  0x04, 0x0E, 0x1C, 0xFF, 0x04, 0x12, 0x24, 0xFF, 0x04, 0x12, 0x23, 0xFF, 0x04, 0x0F, 0x1D, 0xFF, 0x04, 0x0B, 0x14, 0xFF, 0x04, 0x08, 0x0E, 0xFF,
  0x04, 0x06, 0x09, 0xFF, 0x04, 0x04, 0x06, 0xFF, 0x04, 0x04, 0x05, 0xFF, 0x04, 0x03, 0x04, 0xFF, 0x04, 0x03, 0x04, 0xFF, 0x04, 0x03, 0x04, 0xFF,
  0x04, 0x03, 0x04, 0xFF, 0x04, 0x03, 0x04, 0xFF, 0x04, 0x03, 0x04, 0xFF, 0x04, 0x04, 0x05, 0xFF, 0x04, 0x04, 0x05, 0xFF, 0x04, 0x03, 0x04, 0xFF,
  0x04, 0x03, 0x04, 0xFF, 0x04, 0x03, 0x04, 0xFF, 0x04, 0x03, 0x04, 0xFF, 0x04, 0x03, 0x04, 0xFF, 0x04, 0x03, 0x04, 0xFF, 0x04, 0x03, 0x04, 0xFF,
  0x04, 0x03, 0x04, 0xFF, 0x04, 0x03, 0x04, 0xFF, 0x04, 0x03, 0x04, 0xFF, 0x04, 0x03, 0x03, 0xFF, 0x04, 0x03, 0x03, 0xFF, 0x04, 0x03, 0x04, 0xFF,
  0x04, 0x03, 0x04, 0xFF, 0x04, 0x03, 0x04, 0xFF, 0x04, 0x03, 0x03, 0xFF, 0x04, 0x03, 0x03, 0xFF, 0x04, 0x03, 0x03, 0xFF, 0x04, 0x03, 0x03, 0xFF,
  0x04, 0x03, 0x04, 0xFF, 0x04, 0x04, 0x05, 0xFF, 0x04, 0x05, 0x06, 0xFF, 0x04, 0x07, 0x0C, 0xFF, 0x04, 0x10, 0x20, 0xFF, 0x03, 0x2D, 0x66, 0xFF,
  0x02, 0x74, 0xD9, 0xFF, 0x0A, 0x97, 0xED, 0xFF, 0x01, 0x60, 0xD0, 0xFF, 0x03, 0x29, 0x63, 0xFF, 0x04, 0x0F, 0x1E, 0xFF, 0x04, 0x05, 0x08, 0xFF,
  0x04, 0x04, 0x05, 0xFF, 0x04, 0x03, 0x04, 0xFF, 0x04, 0x03, 0x04, 0xFF, 0x04, 0x03, 0x04, 0xFF, 0x04, 0x03, 0x04, 0xFF, 0x04, 0x03, 0x04, 0xFF,
  0x04, 0x03, 0x04, 0xFF, 0x04, 0x04, 0x04, 0xFF, 0x04, 0x03, 0x04, 0xFF, 0x04, 0x03, 0x04, 0xFF, 0x04, 0x03, 0x04, 0xFF, 0x04, 0x04, 0x05, 0xFF,
  0x04, 0x04, 0x05, 0xFF, 0x04, 0x03, 0x04, 0xFF, 0x04, 0x03, 0x04, 0xFF, 0x04, 0x03, 0x04, 0xFF, 0x04, 0x03, 0x04, 0xFF, 0x04, 0x03, 0x04, 0xFF,
  0x04, 0x03, 0x04, 0xFF, 0x04, 0x03, 0x04, 0xFF, 0x04, 0x03, 0x04, 0xFF, 0x04, 0x03, 0x04, 0xFF, 0x04, 0x03, 0x04, 0xFF, 0x04, 0x03, 0x04, 0xFF,
  0x04, 0x03, 0x04, 0xFF, 0x04, 0x03, 0x04, 0xFF, 0x04, 0x03, 0x04, 0xFF, 0x04, 0x03, 0x04, 0xFF, 0x04, 0x03, 0x04, 0xFF, 0x04, 0x03, 0x04, 0xFF,
  0x04, 0x03, 0x03, 0xFF, 0x04, 0x03, 0x03, 0xFF, 0x04, 0x03, 0x03, 0xFF, 0x04, 0x03, 0x03, 0xFF, 0x04, 0x03, 0x03, 0xFF, 0x04, 0x03, 0x04, 0xFF,
  0x04, 0x03, 0x04, 0xFF, 0x04, 0x03, 0x03, 0xFF, 0x04, 0x03, 0x03, 0xFF, 0x04, 0x03, 0x03, 0xFF, 0x04, 0x03, 0x03, 0xFF, 0x04, 0x03, 0x04, 0xFF,
  0x04, 0x03, 0x04, 0xFF, 0x04, 0x03, 0x04, 0xFF, 0x04, 0x03, 0x04, 0xFF, 0x04, 0x03, 0x04, 0xFF, 0x04, 0x03, 0x04, 0xFF, 0x04, 0x03, 0x04, 0xFF,
  0x04, 0x03, 0x04, 0xFF, 0x04, 0x03, 0x04, 0xFF, 0x04, 0x03, 0x04, 0xFF, 0x04, 0x03, 0x04, 0xFF, 0x04, 0x03, 0x04, 0xFF, 0x04, 0x03, 0x04, 0xFF,
  0x04, 0x03, 0x04, 0xFF, 0x04, 0x03, 0x04, 0xFF, 0x04, 0x03, 0x04, 0xFF, 0x04, 0x03, 0x04, 0xFF, 0x04, 0x03, 0x04, 0xFF, 0x04, 0x03, 0x04, 0xFF,
  0x04, 0x03, 0x03, 0xFF, 0x04, 0x03, 0x03, 0xFF, 0x04, 0x03, 0x03, 0xFF, 0x04, 0x03, 0x03, 0xFF, 0x04, 0x03, 0x03, 0xFF, 0x04, 0x03, 0x03, 0xFF,
  0x04, 0x03, 0x03, 0xFF, 0x04, 0x03, 0x03, 0xFF, 0x04, 0x03, 0x03, 0xFF, 0x04, 0x03, 0x03, 0xFF, 0x04, 0x03, 0x03, 0xFF, 0x04, 0x03, 0x04, 0xFF,
  0x07, 0x03, 0x14, 0xFF, 0x17, 0x02, 0x69, 0xFF, 0x24, 0x01, 0xAC, 0xFF, 0x21, 0x02, 0xB3, 0xFF, 0x1F, 0x01, 0xB1, 0xFF, 0x0E, 0x02, 0xA2, 0xFF,
  0x6E, 0x71, 0xFA, 0xFF, 0x6C, 0x72, 0xFA, 0xFF, 0x26, 0x17, 0xEC, 0xFF, 0x29, 0x07, 0xD6, 0xFF, 0x14, 0x0A, 0x57, 0xFF, 0x07, 0x04, 0x10, 0xFF,
  0x05, 0x04, 0x07, 0xFF, 0x04, 0x03, 0x03, 0xFF, 0x04, 0x03, 0x03, 0xFF, 0x04, 0x03, 0x03, 0xFF, 0x04, 0x03, 0x03, 0xFF, 0x04, 0x03, 0x03, 0xFF,
  0x04, 0x03, 0x03, 0xFF, 0x04, 0x03, 0x03, 0xFF, 0x04, 0x03, 0x03, 0xFF, 0x04, 0x03, 0x03, 0xFF, 0x04, 0x03, 0x03, 0xFF, 0x04, 0x03, 0x04, 0xFF,
  0x04, 0x06, 0x09, 0xFF, 0x04, 0x13, 0x21, 0xFF, 0x03, 0x37, 0x76, 0xFF, 0x01, 0x64, 0xD0, 0xFF, 0x2A, 0xF4, 0xFA, 0xFF, 0x33, 0xF8, 0xFA, 0xFF,
  0x03, 0x67, 0xBE, 0xFF, 0x00, 0x32, 0xA0, 0xFF, 0x01, 0x39, 0xA6, 0xFF, 0x01, 0x35, 0x98, 0xFF, 0x02, 0x23, 0x5B, 0xFF, 0x03, 0x0D, 0x1E, 0xFF,
  0x04, 0x06, 0x0B, 0xFF, 0x04, 0x04, 0x06, 0xFF, 0x04, 0x04, 0x05, 0xFF, 0x04, 0x03, 0x04, 0xFF, 0x04, 0x03, 0x04, 0xFF, 0x04, 0x03, 0x04, 0xFF,
  0x04, 0x03, 0x04, 0xFF, 0x04, 0x03, 0x04, 0xFF, 0x04, 0x03, 0x04, 0xFF, 0x04, 0x03, 0x04, 0xFF, 0x04, 0x03, 0x03, 0xFF, 0x04, 0x03, 0x03, 0xFF,
  0x04, 0x03, 0x04, 0xFF, 0x04, 0x03, 0x04, 0xFF, 0x04, 0x03, 0x04, 0xFF, 0x04, 0x03, 0x04, 0xFF, 0x04, 0x03, 0x04, 0xFF, 0x04, 0x03, 0x04, 0xFF,
  0x04, 0x03, 0x04, 0xFF, 0x04, 0x03, 0x04, 0xFF, 0x04, 0x04, 0x05, 0xFF, 0x04, 0x04, 0x05, 0xFF, 0x04, 0x04, 0x05, 0xFF, 0x04, 0x04, 0x05, 0xFF,
  0x04, 0x04, 0x05, 0xFF, 0x04, 0x03, 0x04, 0xFF, 0x04, 0x03, 0x04, 0xFF, 0x04, 0x03, 0x04, 0xFF, 0x04, 0x03, 0x04, 0xFF, 0x04, 0x03, 0x04, 0xFF,
  0x04, 0x04, 0x05, 0xFF, 0x04, 0x05, 0x07, 0xFF, 0x04, 0x06, 0x09, 0xFF, 0x04, 0x07, 0x0B, 0xFF, 0x04, 0x0A, 0x13, 0xFF, 0x04, 0x12, 0x24, 0xFF,
  0x03, 0x27, 0x52, 0xFF, 0x03, 0x39, 0x7F, 0xFF, 0x02, 0x3E, 0x8E, 0xFF, 0x03, 0x32, 0x71, 0xFF, 0x04, 0x19, 0x33, 0xFF, 0x04, 0x0C, 0x16, 0xFF,
  0x04, 0x07, 0x0C, 0xFF, 0x04, 0x05, 0x07, 0xFF, 0x04, 0x04, 0x05, 0xFF, 0x04, 0x03, 0x04, 0xFF, 0x04, 0x03, 0x04, 0xFF, 0x04, 0x03, 0x04, 0xFF,
  0x04, 0x03, 0x04, 0xFF, 0x04, 0x03, 0x04, 0xFF, 0x04, 0x03, 0x04, 0xFF, 0x04, 0x04, 0x05, 0xFF, 0x04, 0x05, 0x06, 0xFF, 0x04, 0x04, 0x06, 0xFF,
  0x04, 0x05, 0x07, 0xFF, 0x04, 0x05, 0x07, 0xFF, 0x04, 0x05, 0x07, 0xFF, 0x04, 0x04, 0x06, 0xFF, 0x04, 0x03, 0x04, 0xFF, 0x04, 0x03, 0x04, 0xFF,
  0x04, 0x03, 0x04, 0xFF, 0x04, 0x03, 0x04, 0xFF, 0x04, 0x03, 0x04, 0xFF, 0x04, 0x03, 0x03, 0xFF, 0x04, 0x03, 0x03, 0xFF, 0x04, 0x03, 0x04, 0xFF,
  0x04, 0x03, 0x04, 0xFF, 0x04, 0x03, 0x04, 0xFF, 0x04, 0x03, 0x03, 0xFF, 0x04, 0x03, 0x04, 0xFF, 0x04, 0x03, 0x04, 0xFF, 0x04, 0x03, 0x04, 0xFF,
  0x04, 0x03, 0x04, 0xFF, 0x04, 0x03, 0x04, 0xFF, 0x04, 0x04, 0x05, 0xFF, 0x04, 0x05, 0x08, 0xFF, 0x04, 0x09, 0x11, 0xFF, 0x04, 0x14, 0x2A, 0xFF,
  0x04, 0x24, 0x54, 0xFF, 0x03, 0x2D, 0x6B, 0xFF, 0x04, 0x23, 0x53, 0xFF, 0x04, 0x12, 0x27, 0xFF, 0x04, 0x08, 0x0F, 0xFF, 0x04, 0x04, 0x06, 0xFF,
  0x04, 0x04, 0x05, 0xFF, 0x04, 0x03, 0x04, 0xFF, 0x04, 0x03, 0x04, 0xFF, 0x04, 0x03, 0x04, 0xFF, 0x04, 0x03, 0x04, 0xFF, 0x04, 0x03, 0x04, 0xFF,
  0x04, 0x03, 0x04, 0xFF, 0x04, 0x04, 0x05, 0xFF, 0x04, 0x04, 0x06, 0xFF, 0x04, 0x03, 0x04, 0xFF, 0x04, 0x03, 0x04, 0xFF, 0x04, 0x03, 0x04, 0xFF,
  0x04, 0x04, 0x05, 0xFF, 0x04, 0x03, 0x05, 0xFF, 0x04, 0x03, 0x04, 0xFF, 0x04, 0x03, 0x04, 0xFF, 0x04, 0x03, 0x04, 0xFF, 0x04, 0x03, 0x04, 0xFF,
  0x04, 0x03, 0x04, 0xFF, 0x04, 0x03, 0x04, 0xFF, 0x04, 0x03, 0x04, 0xFF, 0x04, 0x03, 0x04, 0xFF, 0x04, 0x03, 0x04, 0xFF, 0x04, 0x03, 0x04, 0xFF,
  0x04, 0x03, 0x04, 0xFF, 0x04, 0x03, 0x04, 0xFF, 0x04, 0x03, 0x04, 0xFF, 0x04, 0x03, 0x04, 0xFF, 0x04, 0x03, 0x04, 0xFF, 0x04, 0x03, 0x04, 0xFF,
  0x04, 0x03, 0x04, 0xFF, 0x04, 0x03, 0x03, 0xFF, 0x04, 0x03, 0x03, 0xFF, 0x04, 0x03, 0x03, 0xFF, 0x04, 0x03, 0x03, 0xFF, 0x04, 0x03, 0x03, 0xFF,
  0x04, 0x03, 0x04, 0xFF, 0x04, 0x03, 0x04, 0xFF, 0x04, 0x03, 0x04, 0xFF, 0x04, 0x03, 0x03, 0xFF, 0x04, 0x03, 0x03, 0xFF, 0x04, 0x03, 0x03, 0xFF,
  0x04, 0x03, 0x04, 0xFF, 0x04, 0x03, 0x04, 0xFF, 0x04, 0x03, 0x04, 0xFF, 0x04, 0x03, 0x04, 0xFF, 0x04, 0x03, 0x05, 0xFF, 0x04, 0x03, 0x04, 0xFF,
  0x04, 0x03, 0x04, 0xFF, 0x04, 0x03, 0x04, 0xFF, 0x04, 0x03, 0x04, 0xFF, 0x04, 0x03, 0x04, 0xFF, 0x04, 0x03, 0x04, 0xFF, 0x04, 0x03, 0x04, 0xFF,
  0x04, 0x03, 0x04, 0xFF, 0x04, 0x03, 0x04, 0xFF, 0x04, 0x03, 0x04, 0xFF, 0x04, 0x03, 0x04, 0xFF, 0x04, 0x03, 0x04, 0xFF, 0x04, 0x03, 0x04, 0xFF,
  0x04, 0x03, 0x04, 0xFF, 0x04, 0x03, 0x04, 0xFF, 0x04, 0x03, 0x03, 0xFF, 0x04, 0x03, 0x03, 0xFF, 0x04, 0x03, 0x03, 0xFF, 0x04, 0x03, 0x03, 0xFF,
  0x04, 0x03, 0x03, 0xFF, 0x04, 0x03, 0x03, 0xFF, 0x04, 0x03, 0x03, 0xFF, 0x04, 0x03, 0x03, 0xFF, 0x04, 0x03, 0x03, 0xFF, 0x04, 0x03, 0x04, 0xFF,
  0x07, 0x03, 0x17, 0xFF, 0x19, 0x02, 0x73, 0xFF, 0x24, 0x02, 0xAE, 0xFF, 0x21, 0x02, 0xB3, 0xFF, 0x1F, 0x01, 0xAF, 0xFF, 0x0D, 0x04, 0xA2, 0xFF,
  0x77, 0x7B, 0xFA, 0xFF, 0x6F, 0x76, 0xFA, 0xFF, 0x25, 0x15, 0xEA, 0xFF, 0x28, 0x07, 0xCC, 0xFF, 0x13, 0x09, 0x50, 0xFF, 0x07, 0x04, 0x0F, 0xFF,
  0x05, 0x03, 0x06, 0xFF, 0x04, 0x03, 0x03, 0xFF, 0x04, 0x03, 0x03, 0xFF, 0x04, 0x03, 0x03, 0xFF, 0x04, 0x03, 0x03, 0xFF, 0x04, 0x03, 0x03, 0xFF,
  0x04, 0x03, 0x03, 0xFF, 0x04, 0x03, 0x03, 0xFF, 0x04, 0x03, 0x03, 0xFF, 0x04, 0x03, 0x03, 0xFF, 0x04, 0x03, 0x03, 0xFF, 0x04, 0x03, 0x04, 0xFF,
  0x04, 0x06, 0x09, 0xFF, 0x04, 0x11, 0x1D, 0xFF, 0x03, 0x2F, 0x61, 0xFF, 0x01, 0x58, 0xC8, 0xFF, 0x28, 0xF2, 0xF9, 0xFF, 0x32, 0xF7, 0xFA, 0xFF,
  0x06, 0x78, 0xC6, 0xFF, 0x00, 0x2E, 0x98, 0xFF, 0x00, 0x39, 0xA8, 0xFF, 0x01, 0x36, 0x9D, 0xFF, 0x02, 0x29, 0x6B, 0xFF, 0x03, 0x11, 0x28, 0xFF,
  0x04, 0x07, 0x0F, 0xFF, 0x04, 0x05, 0x09, 0xFF, 0x04, 0x05, 0x07, 0xFF, 0x04, 0x04, 0x05, 0xFF, 0x04, 0x04, 0x04, 0xFF, 0x04, 0x03, 0x04, 0xFF,
  0x04, 0x03, 0x04, 0xFF, 0x04, 0x03, 0x04, 0xFF, 0x04, 0x03, 0x04, 0xFF, 0x04, 0x03, 0x03, 0xFF, 0x04, 0x03, 0x03, 0xFF, 0x04, 0x03, 0x03, 0xFF,
  0x04, 0x03, 0x04, 0xFF, 0x04, 0x05, 0x06, 0xFF, 0x04, 0x03, 0x04, 0xFF, 0x04, 0x03, 0x04, 0xFF, 0x04, 0x03, 0x04, 0xFF, 0x04, 0x03, 0x04, 0xFF,
  0x04, 0x03, 0x04, 0xFF, 0x04, 0x03, 0x04, 0xFF, 0x04, 0x04, 0x06, 0xFF, 0x04, 0x05, 0x06, 0xFF, 0x04, 0x04, 0x05, 0xFF, 0x04, 0x03, 0x04, 0xFF,
  0x04, 0x03, 0x04, 0xFF, 0x04, 0x03, 0x04, 0xFF, 0x04, 0x03, 0x04, 0xFF, 0x04, 0x03, 0x04, 0xFF, 0x04, 0x03, 0x04, 0xFF, 0x04, 0x03, 0x04, 0xFF,
  0x04, 0x04, 0x05, 0xFF, 0x04, 0x05, 0x07, 0xFF, 0x04, 0x08, 0x0E, 0xFF, 0x04, 0x09, 0x10, 0xFF, 0x04, 0x0E, 0x1B, 0xFF, 0x04, 0x1C, 0x3C, 0xFF,
  0x03, 0x4B, 0xA2, 0xFF, 0x03, 0x8D, 0xE0, 0xFF, 0x0A, 0xA5, 0xE8, 0xFF, 0x01, 0x68, 0xD3, 0xFF, 0x03, 0x2C, 0x62, 0xFF, 0x04, 0x10, 0x20, 0xFF,
  0x04, 0x08, 0x0E, 0xFF, 0x04, 0x05, 0x07, 0xFF, 0x04, 0x04, 0x05, 0xFF, 0x04, 0x03, 0x04, 0xFF, 0x04, 0x03, 0x04, 0xFF, 0x04, 0x03, 0x04, 0xFF,
  0x04, 0x03, 0x04, 0xFF, 0x04, 0x03, 0x04, 0xFF, 0x04, 0x03, 0x04, 0xFF, 0x04, 0x04, 0x05, 0xFF, 0x04, 0x05, 0x07, 0xFF, 0x04, 0x07, 0x0B, 0xFF,
  0x04, 0x0E, 0x1B, 0xFF, 0x04, 0x2A, 0x4C, 0xFF, 0x04, 0x1F, 0x3C, 0xFF, 0x04, 0x08, 0x0D, 0xFF, 0x04, 0x03, 0x04, 0xFF, 0x04, 0x03, 0x04, 0xFF,
  0x04, 0x03, 0x03, 0xFF, 0x04, 0x03, 0x03, 0xFF, 0x04, 0x03, 0x03, 0xFF, 0x04, 0x03, 0x03, 0xFF, 0x04, 0x03, 0x03, 0xFF, 0x04, 0x03, 0x03, 0xFF,
  0x04, 0x03, 0x04, 0xFF, 0x04, 0x03, 0x04, 0xFF, 0x04, 0x03, 0x03, 0xFF, 0x04, 0x03, 0x04, 0xFF, 0x04, 0x03, 0x04, 0xFF, 0x04, 0x03, 0x04, 0xFF,
  0x04, 0x03, 0x04, 0xFF, 0x04, 0x03, 0x04, 0xFF, 0x04, 0x03, 0x04, 0xFF, 0x04, 0x04, 0x06, 0xFF, 0x04, 0x06, 0x0A, 0xFF, 0x04, 0x08, 0x0F, 0xFF,
  0x04, 0x0B, 0x15, 0xFF, 0x04, 0x0D, 0x19, 0xFF, 0x04, 0x0A, 0x13, 0xFF, 0x04, 0x07, 0x0C, 0xFF, 0x04, 0x05, 0x07, 0xFF, 0x04, 0x04, 0x05, 0xFF,
  0x04, 0x03, 0x04, 0xFF, 0x04, 0x03, 0x04, 0xFF, 0x04, 0x03, 0x03, 0xFF, 0x04, 0x03, 0x04, 0xFF, 0x04, 0x03, 0x04, 0xFF, 0x04, 0x03, 0x04, 0xFF,
  0x04, 0x03, 0x04, 0xFF, 0x04, 0x04, 0x07, 0xFF, 0x04, 0x05, 0x08, 0xFF, 0x04, 0x03, 0x04, 0xFF, 0x04, 0x03, 0x04, 0xFF, 0x04, 0x03, 0x04, 0xFF,
  0x04, 0x03, 0x04, 0xFF, 0x04, 0x03, 0x04, 0xFF, 0x04, 0x03, 0x04, 0xFF, 0x04, 0x03, 0x04, 0xFF, 0x04, 0x03, 0x04, 0xFF, 0x04, 0x03, 0x04, 0xFF,
  0x04, 0x03, 0x04, 0xFF, 0x04, 0x03, 0x04, 0xFF, 0x04, 0x03, 0x04, 0xFF, 0x04, 0x03, 0x04, 0xFF, 0x04, 0x03, 0x04, 0xFF, 0x04, 0x03, 0x04, 0xFF,
  0x04, 0x03, 0x04, 0xFF, 0x04, 0x03, 0x04, 0xFF, 0x04, 0x03, 0x04, 0xFF, 0x04, 0x03, 0x04, 0xFF, 0x04, 0x03, 0x04, 0xFF, 0x04, 0x03, 0x04, 0xFF,
  0x04, 0x03, 0x04, 0xFF, 0x04, 0x03, 0x04, 0xFF, 0x04, 0x03, 0x03, 0xFF, 0x04, 0x03, 0x03, 0xFF, 0x04, 0x03, 0x03, 0xFF, 0x04, 0x03, 0x03, 0xFF,
  0x04, 0x03, 0x04, 0xFF, 0x04, 0x03, 0x04, 0xFF, 0x04, 0x03, 0x04, 0xFF, 0x04, 0x03, 0x04, 0xFF, 0x04, 0x03, 0x03, 0xFF, 0x04, 0x03, 0x04, 0xFF,
  0x04, 0x03, 0x04, 0xFF, 0x04, 0x03, 0x04, 0xFF, 0x04, 0x03, 0x04, 0xFF, 0x05, 0x04, 0x09, 0xFF, 0x06, 0x05, 0x15, 0xFF, 0x04, 0x03, 0x07, 0xFF,
  0x04, 0x03, 0x04, 0xFF, 0x04, 0x03, 0x04, 0xFF, 0x04, 0x03, 0x04, 0xFF, 0x04, 0x03, 0x04, 0xFF, 0x04, 0x03, 0x04, 0xFF, 0x04, 0x03, 0x04, 0xFF,
  0x04, 0x03, 0x04, 0xFF, 0x04, 0x03, 0x04, 0xFF, 0x04, 0x03, 0x04, 0xFF, 0x04, 0x03, 0x04, 0xFF, 0x04, 0x03, 0x04, 0xFF, 0x04, 0x03, 0x04, 0xFF,
  0x04, 0x03, 0x04, 0xFF, 0x04, 0x03, 0x03, 0xFF, 0x04, 0x03, 0x03, 0xFF, 0x04, 0x03, 0x03, 0xFF, 0x04, 0x03, 0x03, 0xFF, 0x04, 0x03, 0x03, 0xFF,
  0x04, 0x03, 0x03, 0xFF, 0x04, 0x03, 0x03, 0xFF, 0x04, 0x03, 0x03, 0xFF, 0x04, 0x03, 0x03, 0xFF, 0x04, 0x03, 0x03, 0xFF, 0x04, 0x03, 0x05, 0xFF,
  0x08, 0x03, 0x1C, 0xFF, 0x1A, 0x02, 0x7B, 0xFF, 0x24, 0x02, 0xAF, 0xFF, 0x23, 0x02, 0xB5, 0xFF, 0x1E, 0x01, 0xAE, 0xFF, 0x10, 0x0A, 0xB0, 0xFF,
  0x78, 0x7E, 0xFA, 0xFF, 0x71, 0x76, 0xFA, 0xFF, 0x22, 0x0F, 0xE8, 0xFF, 0x26, 0x08, 0xC0, 0xFF, 0x11, 0x09, 0x45, 0xFF, 0x06, 0x04, 0x0D, 0xFF,
  0x05, 0x03, 0x06, 0xFF, 0x04, 0x03, 0x03, 0xFF, 0x04, 0x03, 0x03, 0xFF, 0x04, 0x03, 0x03, 0xFF, 0x04, 0x03, 0x03, 0xFF, 0x04, 0x03, 0x03, 0xFF,
  0x04, 0x03, 0x03, 0xFF, 0x04, 0x03, 0x03, 0xFF, 0x04, 0x03, 0x03, 0xFF, 0x04, 0x03, 0x03, 0xFF, 0x04, 0x03, 0x03, 0xFF, 0x04, 0x03, 0x04, 0xFF,
  0x04, 0x06, 0x08, 0xFF, 0x04, 0x0E, 0x19, 0xFF, 0x04, 0x29, 0x51, 0xFF, 0x01, 0x4C, 0xC0, 0xFF, 0x1F, 0xE9, 0xF8, 0xFF, 0x29, 0xF6, 0xFA, 0xFF,
  0x0E, 0x98, 0xD6, 0xFF, 0x00, 0x2B, 0x95, 0xFF, 0x00, 0x3A, 0xAA, 0xFF, 0x01, 0x38, 0xA2, 0xFF, 0x01, 0x30, 0x80, 0xFF, 0x03, 0x18, 0x3B, 0xFF,
  0x04, 0x0A, 0x17, 0xFF, 0x04, 0x07, 0x0F, 0xFF, 0x04, 0x06, 0x0A, 0xFF, 0x04, 0x05, 0x07, 0xFF, 0x04, 0x04, 0x06, 0xFF, 0x04, 0x03, 0x04, 0xFF,
  0x04, 0x03, 0x04, 0xFF, 0x04, 0x03, 0x04, 0xFF, 0x04, 0x03, 0x04, 0xFF, 0x04, 0x03, 0x04, 0xFF, 0x04, 0x03, 0x03, 0xFF, 0x04, 0x03, 0x03, 0xFF,
  0x04, 0x03, 0x04, 0xFF, 0x04, 0x03, 0x04, 0xFF, 0x04, 0x03, 0x04, 0xFF, 0x04, 0x03, 0x04, 0xFF, 0x04, 0x03, 0x04, 0xFF, 0x04, 0x03, 0x04, 0xFF,
  0x04, 0x03, 0x04, 0xFF, 0x04, 0x04, 0x05, 0xFF, 0x04, 0x0C, 0x14, 0xFF, 0x04, 0x07, 0x0C, 0xFF, 0x04, 0x04, 0x06, 0xFF, 0x04, 0x03, 0x04, 0xFF,
  0x04, 0x03, 0x04, 0xFF, 0x04, 0x03, 0x04, 0xFF, 0x04, 0x03, 0x04, 0xFF, 0x04, 0x03, 0x04, 0xFF, 0x04, 0x03, 0x04, 0xFF, 0x04, 0x03, 0x04, 0xFF,
  0x04, 0x04, 0x05, 0xFF, 0x04, 0x05, 0x06, 0xFF, 0x04, 0x07, 0x0C, 0xFF, 0x04, 0x0A, 0x11, 0xFF, 0x04, 0x0E, 0x1C, 0xFF, 0x03, 0x1E, 0x3F, 0xFF,
  0x02, 0x51, 0xAB, 0xFF, 0x25, 0xD2, 0xEB, 0xFF, 0xA4, 0xF1, 0xF1, 0xFF, 0x02, 0x98, 0xE6, 0xFF, 0x02, 0x3D, 0x89, 0xFF, 0x04, 0x15, 0x2A, 0xFF,
  0x04, 0x09, 0x10, 0xFF, 0x04, 0x05, 0x07, 0xFF, 0x04, 0x04, 0x06, 0xFF, 0x04, 0x03, 0x04, 0xFF, 0x04, 0x03, 0x04, 0xFF, 0x04, 0x03, 0x04, 0xFF,
  0x04, 0x03, 0x04, 0xFF, 0x04, 0x03, 0x04, 0xFF, 0x04, 0x03, 0x04, 0xFF, 0x04, 0x04, 0x05, 0xFF, 0x04, 0x05, 0x06, 0xFF, 0x04, 0x08, 0x0E, 0xFF,
  0x04, 0x0C, 0x17, 0xFF, 0x10, 0x60, 0x89, 0xFF, 0x0D, 0x64, 0x95, 0xFF, 0x04, 0x10, 0x20, 0xFF, 0x04, 0x04, 0x05, 0xFF, 0x04, 0x03, 0x04, 0xFF,
  0x04, 0x03, 0x03, 0xFF, 0x04, 0x03, 0x03, 0xFF, 0x04, 0x03, 0x03, 0xFF, 0x04, 0x03, 0x03, 0xFF, 0x04, 0x03, 0x03, 0xFF, 0x04, 0x03, 0x03, 0xFF,
  0x04, 0x03, 0x03, 0xFF, 0x04, 0x03, 0x03, 0xFF, 0x04, 0x03, 0x03, 0xFF, 0x04, 0x03, 0x03, 0xFF, 0x04, 0x03, 0x04, 0xFF, 0x04, 0x03, 0x04, 0xFF,
  0x04, 0x03, 0x04, 0xFF, 0x04, 0x03, 0x04, 0xFF, 0x04, 0x03, 0x04, 0xFF, 0x04, 0x04, 0x05, 0xFF, 0x04, 0x04, 0x06, 0xFF, 0x04, 0x05, 0x07, 0xFF,
  0x04, 0x05, 0x08, 0xFF, 0x04, 0x05, 0x08, 0xFF, 0x04, 0x05, 0x07, 0xFF, 0x04, 0x04, 0x05, 0xFF, 0x04, 0x04, 0x05, 0xFF, 0x04, 0x03, 0x04, 0xFF,
  0x04, 0x03, 0x04, 0xFF, 0x04, 0x03, 0x04, 0xFF, 0x04, 0x03, 0x04, 0xFF, 0x04, 0x03, 0x04, 0xFF, 0x04, 0x03, 0x04, 0xFF, 0x04, 0x03, 0x04, 0xFF,
  0x04, 0x03, 0x05, 0xFF, 0x04, 0x05, 0x08, 0xFF, 0x04, 0x04, 0x06, 0xFF, 0x04, 0x03, 0x04, 0xFF, 0x04, 0x03, 0x04, 0xFF, 0x04, 0x03, 0x04, 0xFF,
  0x04, 0x03, 0x04, 0xFF, 0x04, 0x03, 0x04, 0xFF, 0x04, 0x03, 0x04, 0xFF, 0x04, 0x03, 0x04, 0xFF, 0x04, 0x03, 0x04, 0xFF, 0x04, 0x03, 0x04, 0xFF,
  0x04, 0x03, 0x04, 0xFF, 0x04, 0x03, 0x04, 0xFF, 0x04, 0x03, 0x04, 0xFF, 0x04, 0x03, 0x04, 0xFF, 0x04, 0x03, 0x04, 0xFF, 0x04, 0x03, 0x04, 0xFF,
  0x04, 0x03, 0x04, 0xFF, 0x04, 0x03, 0x04, 0xFF, 0x04, 0x03, 0x04, 0xFF, 0x04, 0x03, 0x04, 0xFF, 0x04, 0x03, 0x04, 0xFF, 0x04, 0x03, 0x04, 0xFF,
  0x04, 0x03, 0x04, 0xFF, 0x04, 0x03, 0x04, 0xFF, 0x04, 0x03, 0x04, 0xFF, 0x04, 0x03, 0x04, 0xFF, 0x04, 0x03, 0x04, 0xFF, 0x04, 0x03, 0x04, 0xFF,
  0x04, 0x03, 0x05, 0xFF, 0x04, 0x03, 0x04, 0xFF, 0x04, 0x03, 0x04, 0xFF, 0x04, 0x03, 0x04, 0xFF, 0x04, 0x03, 0x04, 0xFF, 0x04, 0x03, 0x04, 0xFF,
  0x04, 0x03, 0x04, 0xFF, 0x04, 0x03, 0x04, 0xFF, 0x04, 0x03, 0x04, 0xFF, 0x05, 0x04, 0x0B, 0xFF, 0x06, 0x07, 0x1A, 0xFF, 0x05, 0x04, 0x08, 0xFF,
  0x04, 0x03, 0x04, 0xFF, 0x04, 0x03, 0x04, 0xFF, 0x04, 0x03, 0x04, 0xFF, 0x04, 0x03, 0x04, 0xFF, 0x04, 0x03, 0x04, 0xFF, 0x04, 0x03, 0x04, 0xFF,
  0x04, 0x03, 0x04, 0xFF, 0x04, 0x03, 0x04, 0xFF, 0x04, 0x03, 0x04, 0xFF, 0x04, 0x03, 0x04, 0xFF, 0x04, 0x03, 0x04, 0xFF, 0x04, 0x03, 0x04, 0xFF,
  0x04, 0x03, 0x04, 0xFF, 0x04, 0x03, 0x03, 0xFF, 0x04, 0x03, 0x03, 0xFF, 0x04, 0x03, 0x03, 0xFF, 0x04, 0x03, 0x03, 0xFF, 0x04, 0x03, 0x03, 0xFF,
  0x04, 0x03, 0x03, 0xFF, 0x04, 0x03, 0x03, 0xFF, 0x04, 0x03, 0x03, 0xFF, 0x04, 0x03, 0x03, 0xFF, 0x04, 0x03, 0x03, 0xFF, 0x04, 0x03, 0x06, 0xFF,
  0x0B, 0x03, 0x27, 0xFF, 0x1D, 0x02, 0x89, 0xFF, 0x24, 0x02, 0xB1, 0xFF, 0x24, 0x01, 0xB9, 0xFF, 0x1D, 0x01, 0xAC, 0xFF, 0x20, 0x1C, 0xBA, 0xFF,
  0x71, 0x7A, 0xF9, 0xFF, 0x6E, 0x71, 0xF9, 0xFF, 0x1A, 0x06, 0xE5, 0xFF, 0x22, 0x0A, 0xAB, 0xFF, 0x0E, 0x08, 0x36, 0xFF, 0x06, 0x04, 0x0B, 0xFF,
  0x04, 0x03, 0x05, 0xFF, 0x04, 0x03, 0x03, 0xFF, 0x04, 0x03, 0x03, 0xFF, 0x04, 0x03, 0x03, 0xFF, 0x04, 0x03, 0x03, 0xFF, 0x04, 0x03, 0x03, 0xFF,
  0x04, 0x03, 0x03, 0xFF, 0x04, 0x03, 0x03, 0xFF, 0x04, 0x03, 0x03, 0xFF, 0x04, 0x03, 0x03, 0xFF, 0x04, 0x03, 0x03, 0xFF, 0x04, 0x03, 0x04, 0xFF,
  0x04, 0x05, 0x07, 0xFF, 0x04, 0x0C, 0x14, 0xFF, 0x04, 0x21, 0x3F, 0xFF, 0x02, 0x43, 0xAE, 0xFF, 0x12, 0xCF, 0xF5, 0xFF, 0x2A, 0xF6, 0xFA, 0xFF,
  0x1A, 0xC0, 0xEE, 0xFF, 0x01, 0x28, 0x95, 0xFF, 0x00, 0x3A, 0xAD, 0xFF, 0x01, 0x39, 0xA3, 0xFF, 0x01, 0x36, 0x97, 0xFF, 0x02, 0x23, 0x5B, 0xFF,
  0x03, 0x0F, 0x23, 0xFF, 0x04, 0x0A, 0x15, 0xFF, 0x04, 0x07, 0x0E, 0xFF, 0x04, 0x06, 0x0B, 0xFF, 0x04, 0x06, 0x0A, 0xFF, 0x04, 0x04, 0x05, 0xFF,
  0x04, 0x03, 0x04, 0xFF, 0x04, 0x03, 0x04, 0xFF, 0x04, 0x03, 0x04, 0xFF, 0x04, 0x03, 0x04, 0xFF, 0x04, 0x03, 0x03, 0xFF, 0x04, 0x03, 0x03, 0xFF,
  0x04, 0x03, 0x04, 0xFF, 0x04, 0x03, 0x04, 0xFF, 0x04, 0x03, 0x04, 0xFF, 0x04, 0x03, 0x04, 0xFF, 0x04, 0x03, 0x04, 0xFF, 0x04, 0x04, 0x05, 0xFF,
  0x04, 0x04, 0x06, 0xFF, 0x04, 0x05, 0x06, 0xFF, 0x04, 0x06, 0x08, 0xFF, 0x04, 0x05, 0x07, 0xFF, 0x04, 0x04, 0x05, 0xFF, 0x04, 0x03, 0x04, 0xFF,
  0x04, 0x03, 0x04, 0xFF, 0x04, 0x03, 0x04, 0xFF, 0x04, 0x03, 0x04, 0xFF, 0x04, 0x03, 0x04, 0xFF, 0x04, 0x03, 0x04, 0xFF, 0x04, 0x03, 0x04, 0xFF,
  0x04, 0x03, 0x04, 0xFF, 0x04, 0x04, 0x05, 0xFF, 0x04, 0x05, 0x07, 0xFF, 0x04, 0x07, 0x0B, 0xFF, 0x04, 0x0B, 0x13, 0xFF, 0x04, 0x14, 0x27, 0xFF,
  0x03, 0x35, 0x76, 0xFF, 0x02, 0x81, 0xD5, 0xFF, 0x0C, 0xB6, 0xE9, 0xFF, 0x01, 0x6E, 0xD7, 0xFF, 0x03, 0x33, 0x76, 0xFF, 0x04, 0x15, 0x2B, 0xFF,
  0x04, 0x0A, 0x13, 0xFF, 0x04, 0x06, 0x08, 0xFF, 0x04, 0x04, 0x06, 0xFF, 0x04, 0x04, 0x05, 0xFF, 0x04, 0x03, 0x04, 0xFF, 0x04, 0x03, 0x04, 0xFF,
  0x04, 0x03, 0x04, 0xFF, 0x04, 0x03, 0x04, 0xFF, 0x04, 0x03, 0x04, 0xFF, 0x04, 0x03, 0x04, 0xFF, 0x04, 0x04, 0x05, 0xFF, 0x04, 0x04, 0x06, 0xFF,
  0x04, 0x06, 0x0A, 0xFF, 0x04, 0x0C, 0x16, 0xFF, 0x04, 0x0D, 0x18, 0xFF, 0x04, 0x09, 0x10, 0xFF, 0x04, 0x04, 0x05, 0xFF, 0x04, 0x03, 0x04, 0xFF,
  0x04, 0x03, 0x03, 0xFF, 0x04, 0x03, 0x03, 0xFF, 0x04, 0x03, 0x03, 0xFF, 0x04, 0x03, 0x03, 0xFF, 0x04, 0x03, 0x03, 0xFF, 0x04, 0x03, 0x03, 0xFF,
  0x04, 0x03, 0x03, 0xFF, 0x04, 0x03, 0x03, 0xFF, 0x04, 0x03, 0x03, 0xFF, 0x04, 0x03, 0x03, 0xFF, 0x04, 0x03, 0x03, 0xFF, 0x04, 0x03, 0x03, 0xFF,
  0x04, 0x03, 0x03, 0xFF, 0x04, 0x03, 0x04, 0xFF, 0x04, 0x03, 0x04, 0xFF, 0x04, 0x03, 0x04, 0xFF, 0x04, 0x04, 0x05, 0xFF, 0x04, 0x04, 0x05, 0xFF,
  0x04, 0x04, 0x05, 0xFF, 0x04, 0x04, 0x05, 0xFF, 0x04, 0x04, 0x05, 0xFF, 0x04, 0x04, 0x04, 0xFF, 0x04, 0x03, 0x04, 0xFF, 0x04, 0x03, 0x04, 0xFF,
  0x04, 0x03, 0x04, 0xFF, 0x04, 0x03, 0x04, 0xFF, 0x04, 0x03, 0x03, 0xFF, 0x04, 0x03, 0x04, 0xFF, 0x04, 0x03, 0x04, 0xFF, 0x04, 0x03, 0x04, 0xFF,
  0x04, 0x03, 0x04, 0xFF, 0x04, 0x04, 0x05, 0xFF, 0x04, 0x03, 0x04, 0xFF, 0x04, 0x03, 0x04, 0xFF, 0x04, 0x03, 0x04, 0xFF, 0x04, 0x03, 0x04, 0xFF,
  0x04, 0x03, 0x04, 0xFF, 0x04, 0x03, 0x04, 0xFF, 0x04, 0x03, 0x04, 0xFF, 0x04, 0x03, 0x04, 0xFF, 0x04, 0x03, 0x04, 0xFF, 0x04, 0x03, 0x04, 0xFF,
  0x04, 0x03, 0x04, 0xFF, 0x04, 0x03, 0x04, 0xFF, 0x04, 0x03, 0x04, 0xFF, 0x04, 0x03, 0x04, 0xFF, 0x04, 0x03, 0x04, 0xFF, 0x04, 0x03, 0x04, 0xFF,
  0x04, 0x03, 0x04, 0xFF, 0x04, 0x03, 0x04, 0xFF, 0x04, 0x03, 0x04, 0xFF, 0x04, 0x03, 0x04, 0xFF, 0x04, 0x03, 0x04, 0xFF, 0x04, 0x03, 0x04, 0xFF,
  0x04, 0x03, 0x04, 0xFF, 0x04, 0x03, 0x04, 0xFF, 0x04, 0x03, 0x04, 0xFF, 0x04, 0x03, 0x04, 0xFF, 0x04, 0x03, 0x05, 0xFF, 0x05, 0x04, 0x0D, 0xFF,
  0x05, 0x05, 0x11, 0xFF, 0x05, 0x04, 0x0B, 0xFF, 0x04, 0x03, 0x06, 0xFF, 0x04, 0x03, 0x05, 0xFF, 0x04, 0x03, 0x04, 0xFF, 0x04, 0x03, 0x04, 0xFF,
  0x04, 0x03, 0x04, 0xFF, 0x04, 0x03, 0x03, 0xFF, 0x04, 0x03, 0x04, 0xFF, 0x04, 0x03, 0x05, 0xFF, 0x04, 0x03, 0x06, 0xFF, 0x04, 0x03, 0x05, 0xFF,
  0x04, 0x03, 0x04, 0xFF, 0x04, 0x03, 0x04, 0xFF, 0x04, 0x03, 0x04, 0xFF, 0x04, 0x03, 0x04, 0xFF, 0x04, 0x03, 0x04, 0xFF, 0x04, 0x03, 0x05, 0xFF,
  0x04, 0x03, 0x04, 0xFF, 0x04, 0x03, 0x04, 0xFF, 0x04, 0x03, 0x04, 0xFF, 0x04, 0x03, 0x04, 0xFF, 0x04, 0x03, 0x04, 0xFF, 0x04, 0x03, 0x04, 0xFF,
  0x04, 0x03, 0x03, 0xFF, 0x04, 0x03, 0x03, 0xFF, 0x04, 0x03, 0x03, 0xFF, 0x04, 0x03, 0x03, 0xFF, 0x04, 0x03, 0x03, 0xFF, 0x04, 0x03, 0x03, 0xFF,
  0x04, 0x03, 0x03, 0xFF, 0x04, 0x03, 0x03, 0xFF, 0x04, 0x03, 0x03, 0xFF, 0x04, 0x03, 0x03, 0xFF, 0x04, 0x03, 0x04, 0xFF, 0x05, 0x03, 0x09, 0xFF,
  0x0E, 0x03, 0x39, 0xFF, 0x1F, 0x02, 0x97, 0xFF, 0x24, 0x02, 0xB4, 0xFF, 0x26, 0x02, 0xBD, 0xFF, 0x19, 0x01, 0xA4, 0xFF, 0x30, 0x30, 0xC9, 0xFF,
  0x71, 0x7C, 0xFA, 0xFF, 0x64, 0x64, 0xF8, 0xFF, 0x18, 0x02, 0xDE, 0xFF, 0x1C, 0x09, 0x89, 0xFF, 0x0B, 0x07, 0x28, 0xFF, 0x05, 0x04, 0x0A, 0xFF,
  0x04, 0x03, 0x05, 0xFF, 0x04, 0x03, 0x03, 0xFF, 0x04, 0x03, 0x03, 0xFF, 0x04, 0x03, 0x03, 0xFF, 0x04, 0x03, 0x03, 0xFF, 0x04, 0x03, 0x03, 0xFF,
  0x04, 0x03, 0x03, 0xFF, 0x04, 0x03, 0x03, 0xFF, 0x04, 0x03, 0x03, 0xFF, 0x04, 0x03, 0x03, 0xFF, 0x04, 0x03, 0x03, 0xFF, 0x04, 0x03, 0x04, 0xFF,
  0x04, 0x04, 0x06, 0xFF, 0x04, 0x0A, 0x10, 0xFF, 0x04, 0x1B, 0x31, 0xFF, 0x03, 0x3F, 0x9A, 0xFF, 0x0B, 0xA8, 0xEB, 0xFF, 0x31, 0xF7, 0xFA, 0xFF,
  0x27, 0xE7, 0xF8, 0xFF, 0x00, 0x2F, 0xA0, 0xFF, 0x00, 0x39, 0xAB, 0xFF, 0x01, 0x3B, 0xA6, 0xFF, 0x01, 0x39, 0xA2, 0xFF, 0x02, 0x2F, 0x7C, 0xFF,
  0x03, 0x14, 0x32, 0xFF, 0x03, 0x0D, 0x1D, 0xFF, 0x04, 0x09, 0x13, 0xFF, 0x04, 0x08, 0x0E, 0xFF, 0x04, 0x07, 0x0C, 0xFF, 0x04, 0x04, 0x05, 0xFF,
  0x04, 0x03, 0x04, 0xFF, 0x04, 0x03, 0x04, 0xFF, 0x04, 0x03, 0x04, 0xFF, 0x04, 0x03, 0x04, 0xFF, 0x04, 0x03, 0x03, 0xFF, 0x04, 0x03, 0x03, 0xFF,
  0x04, 0x03, 0x03, 0xFF, 0x04, 0x03, 0x03, 0xFF, 0x04, 0x03, 0x04, 0xFF, 0x04, 0x03, 0x04, 0xFF, 0x04, 0x04, 0x06, 0xFF, 0x04, 0x11, 0x22, 0xFF,
  0x03, 0x21, 0x40, 0xFF, 0x04, 0x0A, 0x12, 0xFF, 0x04, 0x05, 0x06, 0xFF, 0x04, 0x04, 0x05, 0xFF, 0x04, 0x04, 0x05, 0xFF, 0x04, 0x03, 0x04, 0xFF,
  0x04, 0x03, 0x04, 0xFF, 0x04, 0x03, 0x04, 0xFF, 0x04, 0x03, 0x04, 0xFF, 0x04, 0x03, 0x04, 0xFF, 0x04, 0x03, 0x04, 0xFF, 0x04, 0x03, 0x04, 0xFF,
  0x04, 0x03, 0x04, 0xFF, 0x04, 0x04, 0x05, 0xFF, 0x04, 0x04, 0x06, 0xFF, 0x04, 0x05, 0x08, 0xFF, 0x04, 0x08, 0x0C, 0xFF, 0x04, 0x0D, 0x17, 0xFF,
  0x04, 0x19, 0x31, 0xFF, 0x03, 0x32, 0x69, 0xFF, 0x02, 0x42, 0x91, 0xFF, 0x03, 0x37, 0x7D, 0xFF, 0x04, 0x1F, 0x42, 0xFF, 0x04, 0x0E, 0x1B, 0xFF,
  0x04, 0x08, 0x0E, 0xFF, 0x04, 0x05, 0x08, 0xFF, 0x04, 0x05, 0x06, 0xFF, 0x04, 0x04, 0x05, 0xFF, 0x04, 0x03, 0x04, 0xFF, 0x04, 0x03, 0x04, 0xFF,
  0x04, 0x03, 0x04, 0xFF, 0x04, 0x03, 0x04, 0xFF, 0x04, 0x03, 0x04, 0xFF, 0x04, 0x03, 0x04, 0xFF, 0x04, 0x03, 0x04, 0xFF, 0x04, 0x04, 0x05, 0xFF,
  0x04, 0x04, 0x05, 0xFF, 0x04, 0x05, 0x06, 0xFF, 0x04, 0x05, 0x07, 0xFF, 0x04, 0x05, 0x06, 0xFF, 0x04, 0x03, 0x04, 0xFF, 0x04, 0x03, 0x04, 0xFF,
  0x04, 0x03, 0x03, 0xFF, 0x04, 0x03, 0x03, 0xFF, 0x04, 0x03, 0x03, 0xFF, 0x04, 0x03, 0x03, 0xFF, 0x04, 0x03, 0x03, 0xFF, 0x04, 0x03, 0x03, 0xFF,
  0x04, 0x03, 0x03, 0xFF, 0x04, 0x03, 0x03, 0xFF, 0x04, 0x03, 0x03, 0xFF, 0x04, 0x03, 0x03, 0xFF, 0x04, 0x03, 0x03, 0xFF, 0x04, 0x03, 0x03, 0xFF,
  0x04, 0x03, 0x03, 0xFF, 0x04, 0x03, 0x04, 0xFF, 0x04, 0x03, 0x04, 0xFF, 0x04, 0x03, 0x04, 0xFF, 0x04, 0x03, 0x04, 0xFF, 0x04, 0x03, 0x04, 0xFF,
  0x04, 0x03, 0x04, 0xFF, 0x04, 0x03, 0x04, 0xFF, 0x04, 0x03, 0x04, 0xFF, 0x04, 0x03, 0x04, 0xFF, 0x04, 0x03, 0x04, 0xFF, 0x04, 0x03, 0x04, 0xFF,
  0x04, 0x03, 0x04, 0xFF, 0x04, 0x03, 0x04, 0xFF, 0x04, 0x03, 0x04, 0xFF, 0x04, 0x03, 0x04, 0xFF, 0x04, 0x03, 0x04, 0xFF, 0x04, 0x03, 0x04, 0xFF,
  0x04, 0x03, 0x04, 0xFF, 0x04, 0x03, 0x04, 0xFF, 0x04, 0x03, 0x04, 0xFF, 0x04, 0x03, 0x04, 0xFF, 0x04, 0x03, 0x04, 0xFF, 0x04, 0x03, 0x03, 0xFF,
  0x04, 0x03, 0x03, 0xFF, 0x04, 0x03, 0x03, 0xFF, 0x04, 0x03, 0x04, 0xFF, 0x04, 0x03, 0x04, 0xFF, 0x04, 0x03, 0x04, 0xFF, 0x04, 0x03, 0x03, 0xFF,
  0x04, 0x03, 0x03, 0xFF, 0x04, 0x03, 0x04, 0xFF, 0x04, 0x03, 0x04, 0xFF, 0x04, 0x03, 0x04, 0xFF, 0x04, 0x03, 0x04, 0xFF, 0x04, 0x03, 0x04, 0xFF,
  0x04, 0x03, 0x04, 0xFF, 0x04, 0x03, 0x04, 0xFF, 0x04, 0x03, 0x04, 0xFF, 0x04, 0x03, 0x04, 0xFF, 0x04, 0x03, 0x04, 0xFF, 0x04, 0x03, 0x04, 0xFF,
  0x04, 0x03, 0x04, 0xFF, 0x04, 0x03, 0x04, 0xFF, 0x04, 0x03, 0x04, 0xFF, 0x04, 0x03, 0x04, 0xFF, 0x06, 0x06, 0x1F, 0xFF, 0x07, 0x21, 0x99, 0xFF,
  0x06, 0x3C, 0xBE, 0xFF, 0x09, 0x20, 0x94, 0xFF, 0x07, 0x07, 0x30, 0xFF, 0x04, 0x04, 0x07, 0xFF, 0x04, 0x03, 0x05, 0xFF, 0x04, 0x03, 0x04, 0xFF,
  0x04, 0x03, 0x04, 0xFF, 0x04, 0x03, 0x03, 0xFF, 0x04, 0x03, 0x04, 0xFF, 0x04, 0x03, 0x04, 0xFF, 0x04, 0x03, 0x04, 0xFF, 0x04, 0x03, 0x04, 0xFF,
  0x04, 0x03, 0x04, 0xFF, 0x04, 0x03, 0x04, 0xFF, 0x04, 0x03, 0x04, 0xFF, 0x04, 0x03, 0x04, 0xFF, 0x04, 0x03, 0x05, 0xFF, 0x04, 0x03, 0x05, 0xFF,
  0x04, 0x03, 0x05, 0xFF, 0x04, 0x03, 0x05, 0xFF, 0x04, 0x03, 0x04, 0xFF, 0x04, 0x03, 0x04, 0xFF, 0x04, 0x03, 0x04, 0xFF, 0x04, 0x03, 0x04, 0xFF,
  0x04, 0x03, 0x03, 0xFF, 0x04, 0x03, 0x03, 0xFF, 0x04, 0x03, 0x03, 0xFF, 0x04, 0x03, 0x03, 0xFF, 0x04, 0x03, 0x03, 0xFF, 0x04, 0x03, 0x03, 0xFF,
  0x04, 0x03, 0x03, 0xFF, 0x04, 0x03, 0x03, 0xFF, 0x04, 0x03, 0x03, 0xFF, 0x04, 0x03, 0x03, 0xFF, 0x04, 0x03, 0x04, 0xFF, 0x06, 0x03, 0x0E, 0xFF,
  0x10, 0x03, 0x47, 0xFF, 0x21, 0x02, 0xA1, 0xFF, 0x24, 0x02, 0xB6, 0xFF, 0x26, 0x01, 0xBC, 0xFF, 0x12, 0x01, 0x93, 0xFF, 0x43, 0x47, 0xE4, 0xFF,
  0x73, 0x81, 0xFA, 0xFF, 0x4E, 0x4A, 0xF9, 0xFF, 0x1C, 0x03, 0xD2, 0xFF, 0x18, 0x09, 0x6F, 0xFF, 0x0A, 0x06, 0x1F, 0xFF, 0x05, 0x04, 0x08, 0xFF,
  0x04, 0x03, 0x05, 0xFF, 0x04, 0x03, 0x03, 0xFF, 0x04, 0x03, 0x03, 0xFF, 0x04, 0x03, 0x03, 0xFF, 0x04, 0x03, 0x03, 0xFF, 0x04, 0x03, 0x03, 0xFF,
  0x04, 0x03, 0x03, 0xFF, 0x04, 0x03, 0x03, 0xFF, 0x04, 0x03, 0x03, 0xFF, 0x04, 0x03, 0x03, 0xFF, 0x04, 0x03, 0x03, 0xFF, 0x04, 0x03, 0x03, 0xFF,
  0x04, 0x04, 0x05, 0xFF, 0x04, 0x08, 0x0D, 0xFF, 0x04, 0x14, 0x23, 0xFF, 0x03, 0x37, 0x78, 0xFF, 0x03, 0x76, 0xDB, 0xFF, 0x3A, 0xF8, 0xFA, 0xFF,
  0x3F, 0xF7, 0xF9, 0xFF, 0x03, 0x59, 0xBA, 0xFF, 0x00, 0x33, 0xA5, 0xFF, 0x00, 0x3C, 0xAD, 0xFF, 0x01, 0x3A, 0xA8, 0xFF, 0x01, 0x38, 0x97, 0xFF,
  0x03, 0x1E, 0x4C, 0xFF, 0x03, 0x12, 0x2C, 0xFF, 0x04, 0x0C, 0x1B, 0xFF, 0x04, 0x09, 0x12, 0xFF, 0x04, 0x07, 0x0C, 0xFF, 0x04, 0x04, 0x06, 0xFF,
  0x04, 0x04, 0x05, 0xFF, 0x04, 0x03, 0x04, 0xFF, 0x04, 0x03, 0x04, 0xFF, 0x04, 0x03, 0x04, 0xFF, 0x04, 0x03, 0x04, 0xFF, 0x04, 0x03, 0x04, 0xFF,
  0x04, 0x03, 0x03, 0xFF, 0x04, 0x03, 0x03, 0xFF, 0x04, 0x03, 0x04, 0xFF, 0x04, 0x03, 0x04, 0xFF, 0x04, 0x05, 0x07, 0xFF, 0x04, 0x35, 0x5E, 0xFF,
  0x16, 0x80, 0xB5, 0xFF, 0x03, 0x24, 0x47, 0xFF, 0x04, 0x06, 0x09, 0xFF, 0x04, 0x04, 0x05, 0xFF, 0x04, 0x03, 0x04, 0xFF, 0x04, 0x03, 0x04, 0xFF,
  0x04, 0x03, 0x04, 0xFF, 0x04, 0x03, 0x04, 0xFF, 0x04, 0x03, 0x04, 0xFF, 0x04, 0x03, 0x04, 0xFF, 0x04, 0x03, 0x04, 0xFF, 0x04, 0x03, 0x04, 0xFF,
  0x04, 0x03, 0x04, 0xFF, 0x04, 0x04, 0x05, 0xFF, 0x04, 0x04, 0x05, 0xFF, 0x04, 0x04, 0x06, 0xFF, 0x04, 0x06, 0x08, 0xFF, 0x04, 0x08, 0x0D, 0xFF,
  0x04, 0x0B, 0x13, 0xFF, 0x04, 0x0E, 0x1A, 0xFF, 0x04, 0x10, 0x1F, 0xFF, 0x04, 0x0D, 0x19, 0xFF, 0x04, 0x09, 0x11, 0xFF, 0x04, 0x07, 0x0B, 0xFF,
  0x04, 0x06, 0x0A, 0xFF, 0x04, 0x06, 0x0A, 0xFF, 0x04, 0x05, 0x07, 0xFF, 0x04, 0x04, 0x05, 0xFF, 0x04, 0x03, 0x04, 0xFF, 0x04, 0x03, 0x04, 0xFF,
  0x04, 0x03, 0x04, 0xFF, 0x04, 0x03, 0x04, 0xFF, 0x04, 0x03, 0x04, 0xFF, 0x04, 0x03, 0x04, 0xFF, 0x04, 0x03, 0x04, 0xFF, 0x04, 0x03, 0x04, 0xFF,
  0x04, 0x03, 0x04, 0xFF, 0x04, 0x03, 0x04, 0xFF, 0x04, 0x03, 0x04, 0xFF, 0x04, 0x03, 0x04, 0xFF, 0x04, 0x03, 0x04, 0xFF, 0x04, 0x03, 0x04, 0xFF,
  0x04, 0x03, 0x03, 0xFF, 0x04, 0x03, 0x03, 0xFF, 0x04, 0x03, 0x03, 0xFF, 0x04, 0x03, 0x03, 0xFF, 0x04, 0x03, 0x03, 0xFF, 0x04, 0x03, 0x03, 0xFF,
  0x04, 0x03, 0x03, 0xFF, 0x04, 0x03, 0x03, 0xFF, 0x04, 0x03, 0x03, 0xFF, 0x04, 0x03, 0x03, 0xFF, 0x04, 0x03, 0x03, 0xFF, 0x04, 0x03, 0x03, 0xFF,
  0x04, 0x03, 0x03, 0xFF, 0x04, 0x03, 0x04, 0xFF, 0x04, 0x03, 0x04, 0xFF, 0x04, 0x03, 0x04, 0xFF, 0x04, 0x03, 0x04, 0xFF, 0x04, 0x03, 0x04, 0xFF,
  0x04, 0x03, 0x04, 0xFF, 0x04, 0x03, 0x04, 0xFF, 0x04, 0x03, 0x04, 0xFF, 0x04, 0x03, 0x04, 0xFF, 0x04, 0x03, 0x04, 0xFF, 0x04, 0x03, 0x04, 0xFF,
  0x04, 0x03, 0x04, 0xFF, 0x04, 0x03, 0x04, 0xFF, 0x04, 0x03, 0x04, 0xFF, 0x04, 0x03, 0x04, 0xFF, 0x04, 0x03, 0x04, 0xFF, 0x04, 0x03, 0x04, 0xFF,
  0x04, 0x03, 0x04, 0xFF, 0x04, 0x03, 0x04, 0xFF, 0x04, 0x03, 0x04, 0xFF, 0x04, 0x03, 0x04, 0xFF, 0x04, 0x03, 0x03, 0xFF, 0x04, 0x03, 0x03, 0xFF,
  0x04, 0x03, 0x03, 0xFF, 0x04, 0x03, 0x03, 0xFF, 0x04, 0x03, 0x03, 0xFF, 0x04, 0x03, 0x03, 0xFF, 0x04, 0x03, 0x03, 0xFF, 0x04, 0x03, 0x03, 0xFF,
  0x04, 0x03, 0x03, 0xFF, 0x04, 0x03, 0x04, 0xFF, 0x04, 0x03, 0x04, 0xFF, 0x04, 0x03, 0x04, 0xFF, 0x04, 0x03, 0x04, 0xFF, 0x04, 0x03, 0x04, 0xFF,
  0x04, 0x03, 0x04, 0xFF, 0x04, 0x03, 0x04, 0xFF, 0x04, 0x03, 0x04, 0xFF, 0x04, 0x03, 0x04, 0xFF, 0x04, 0x03, 0x04, 0xFF, 0x04, 0x03, 0x04, 0xFF,
  0x04, 0x03, 0x04, 0xFF, 0x04, 0x03, 0x04, 0xFF, 0x04, 0x03, 0x04, 0xFF, 0x04, 0x04, 0x07, 0xFF, 0x08, 0x09, 0x44, 0xFF, 0x04, 0x50, 0xD7, 0xFF,
  0x02, 0x6B, 0xEB, 0xFF, 0x04, 0x44, 0xD4, 0xFF, 0x09, 0x09, 0x4D, 0xFF, 0x04, 0x03, 0x08, 0xFF, 0x04, 0x03, 0x05, 0xFF, 0x04, 0x03, 0x04, 0xFF,
  0x04, 0x03, 0x04, 0xFF, 0x04, 0x03, 0x03, 0xFF, 0x04, 0x03, 0x03, 0xFF, 0x04, 0x03, 0x03, 0xFF, 0x04, 0x03, 0x04, 0xFF, 0x04, 0x03, 0x04, 0xFF,
  0x04, 0x03, 0x04, 0xFF, 0x04, 0x03, 0x04, 0xFF, 0x04, 0x03, 0x05, 0xFF, 0x05, 0x03, 0x07, 0xFF, 0x06, 0x04, 0x0E, 0xFF, 0x07, 0x04, 0x14, 0xFF,
  0x06, 0x04, 0x0C, 0xFF, 0x05, 0x03, 0x06, 0xFF, 0x04, 0x03, 0x05, 0xFF, 0x04, 0x03, 0x04, 0xFF, 0x04, 0x03, 0x04, 0xFF, 0x04, 0x03, 0x04, 0xFF,
  0x04, 0x03, 0x03, 0xFF, 0x04, 0x03, 0x03, 0xFF, 0x04, 0x03, 0x04, 0xFF, 0x04, 0x03, 0x03, 0xFF, 0x04, 0x03, 0x03, 0xFF, 0x04, 0x03, 0x03, 0xFF,
  0x04, 0x03, 0x03, 0xFF, 0x04, 0x03, 0x03, 0xFF, 0x04, 0x03, 0x03, 0xFF, 0x04, 0x03, 0x03, 0xFF, 0x04, 0x03, 0x05, 0xFF, 0x07, 0x03, 0x16, 0xFF,
  0x15, 0x02, 0x60, 0xFF, 0x22, 0x02, 0xAF, 0xFF, 0x24, 0x02, 0xBA, 0xFF, 0x24, 0x01, 0xB9, 0xFF, 0x0B, 0x01, 0x92, 0xFF, 0x5B, 0x64, 0xF8, 0xFF,
  0x75, 0x84, 0xFA, 0xFF, 0x33, 0x2B, 0xF5, 0xFF, 0x20, 0x06, 0xB8, 0xFF, 0x13, 0x09, 0x52, 0xFF, 0x08, 0x05, 0x17, 0xFF, 0x05, 0x03, 0x06, 0xFF,
  0x04, 0x03, 0x04, 0xFF, 0x04, 0x03, 0x03, 0xFF, 0x04, 0x03, 0x03, 0xFF, 0x04, 0x03, 0x03, 0xFF, 0x04, 0x03, 0x03, 0xFF, 0x04, 0x03, 0x03, 0xFF,
  0x04, 0x03, 0x03, 0xFF, 0x04, 0x03, 0x03, 0xFF, 0x04, 0x03, 0x03, 0xFF, 0x04, 0x03, 0x03, 0xFF, 0x04, 0x03, 0x03, 0xFF, 0x04, 0x03, 0x03, 0xFF,
  0x04, 0x04, 0x05, 0xFF, 0x04, 0x07, 0x0A, 0xFF, 0x04, 0x10, 0x1C, 0xFF, 0x04, 0x2C, 0x5A, 0xFF, 0x02, 0x51, 0xCF, 0xFF, 0x29, 0xEF, 0xF9, 0xFF,
  0x44, 0xF8, 0xF9, 0xFF, 0x13, 0xAA, 0xE3, 0xFF, 0x00, 0x2B, 0x9C, 0xFF, 0x00, 0x3E, 0xB2, 0xFF, 0x00, 0x3B, 0xAA, 0xFF, 0x01, 0x39, 0x9E, 0xFF,
  0x02, 0x26, 0x61, 0xFF, 0x03, 0x18, 0x3A, 0xFF, 0x03, 0x0F, 0x21, 0xFF, 0x04, 0x0A, 0x15, 0xFF, 0x04, 0x07, 0x0D, 0xFF, 0x04, 0x05, 0x08, 0xFF,
  0x04, 0x04, 0x05, 0xFF, 0x04, 0x03, 0x04, 0xFF, 0x04, 0x03, 0x04, 0xFF, 0x04, 0x03, 0x04, 0xFF, 0x04, 0x03, 0x04, 0xFF, 0x04, 0x03, 0x03, 0xFF,
  0x04, 0x03, 0x03, 0xFF, 0x04, 0x03, 0x04, 0xFF, 0x04, 0x03, 0x04, 0xFF, 0x04, 0x03, 0x04, 0xFF, 0x04, 0x04, 0x05, 0xFF, 0x04, 0x0A, 0x11, 0xFF,
  0x04, 0x15, 0x2A, 0xFF, 0x04, 0x0B, 0x14, 0xFF, 0x04, 0x05, 0x07, 0xFF, 0x04, 0x03, 0x04, 0xFF, 0x04, 0x03, 0x04, 0xFF, 0x04, 0x03, 0x04, 0xFF,
  0x04, 0x03, 0x04, 0xFF, 0x04, 0x03, 0x04, 0xFF, 0x04, 0x03, 0x04, 0xFF, 0x04, 0x03, 0x04, 0xFF, 0x04, 0x03, 0x04, 0xFF, 0x04, 0x03, 0x04, 0xFF,
  0x04, 0x04, 0x05, 0xFF, 0x04, 0x04, 0x05, 0xFF, 0x04, 0x04, 0x05, 0xFF, 0x04, 0x04, 0x05, 0xFF, 0x04, 0x05, 0x06, 0xFF, 0x04, 0x06, 0x09, 0xFF,
  0x04, 0x06, 0x09, 0xFF, 0x04, 0x06, 0x0A, 0xFF, 0x04, 0x06, 0x0A, 0xFF, 0x04, 0x06, 0x0A, 0xFF, 0x04, 0x05, 0x07, 0xFF, 0x04, 0x05, 0x06, 0xFF,
  0x04, 0x06, 0x08, 0xFF, 0x04, 0x0C, 0x13, 0xFF, 0x04, 0x06, 0x0A, 0xFF, 0x04, 0x04, 0x05, 0xFF, 0x04, 0x03, 0x04, 0xFF, 0x04, 0x03, 0x04, 0xFF,
  0x04, 0x03, 0x04, 0xFF, 0x04, 0x03, 0x04, 0xFF, 0x04, 0x03, 0x04, 0xFF, 0x04, 0x03, 0x04, 0xFF, 0x04, 0x03, 0x04, 0xFF, 0x04, 0x03, 0x03, 0xFF,
  0x04, 0x03, 0x04, 0xFF, 0x04, 0x03, 0x04, 0xFF, 0x04, 0x03, 0x04, 0xFF, 0x04, 0x03, 0x04, 0xFF, 0x04, 0x03, 0x04, 0xFF, 0x04, 0x03, 0x04, 0xFF,
  0x04, 0x03, 0x03, 0xFF, 0x04, 0x03, 0x03, 0xFF, 0x04, 0x03, 0x03, 0xFF, 0x04, 0x03, 0x03, 0xFF, 0x04, 0x03, 0x03, 0xFF, 0x04, 0x03, 0x03, 0xFF,
  0x04, 0x03, 0x03, 0xFF, 0x04, 0x03, 0x03, 0xFF, 0x04, 0x03, 0x03, 0xFF, 0x04, 0x03, 0x03, 0xFF, 0x04, 0x03, 0x03, 0xFF, 0x04, 0x03, 0x03, 0xFF,
  0x04, 0x03, 0x03, 0xFF, 0x04, 0x03, 0x03, 0xFF, 0x04, 0x03, 0x04, 0xFF, 0x04, 0x03, 0x04, 0xFF, 0x04, 0x03, 0x04, 0xFF, 0x04, 0x03, 0x04, 0xFF,
  0x04, 0x03, 0x03, 0xFF, 0x04, 0x03, 0x04, 0xFF, 0x04, 0x03, 0x04, 0xFF, 0x04, 0x03, 0x04, 0xFF, 0x04, 0x03, 0x04, 0xFF, 0x04, 0x03, 0x03, 0xFF,
  0x04, 0x03, 0x03, 0xFF, 0x04, 0x03, 0x04, 0xFF, 0x04, 0x03, 0x04, 0xFF, 0x04, 0x03, 0x04, 0xFF, 0x04, 0x03, 0x04, 0xFF, 0x04, 0x03, 0x04, 0xFF,
  0x04, 0x03, 0x04, 0xFF, 0x04, 0x03, 0x04, 0xFF, 0x04, 0x03, 0x04, 0xFF, 0x04, 0x03, 0x04, 0xFF, 0x04, 0x03, 0x04, 0xFF, 0x04, 0x03, 0x04, 0xFF,
  0x04, 0x03, 0x03, 0xFF, 0x04, 0x03, 0x03, 0xFF, 0x04, 0x03, 0x03, 0xFF, 0x04, 0x03, 0x03, 0xFF, 0x04, 0x03, 0x03, 0xFF, 0x04, 0x03, 0x03, 0xFF,
  0x04, 0x03, 0x03, 0xFF, 0x04, 0x03, 0x04, 0xFF, 0x04, 0x03, 0x04, 0xFF, 0x04, 0x03, 0x04, 0xFF, 0x04, 0x03, 0x04, 0xFF, 0x04, 0x03, 0x03, 0xFF,
  0x04, 0x03, 0x03, 0xFF, 0x04, 0x03, 0x04, 0xFF, 0x04, 0x03, 0x04, 0xFF, 0x04, 0x03, 0x03, 0xFF, 0x04, 0x03, 0x04, 0xFF, 0x04, 0x03, 0x03, 0xFF,
  0x04, 0x03, 0x04, 0xFF, 0x04, 0x03, 0x04, 0xFF, 0x04, 0x03, 0x04, 0xFF, 0x04, 0x03, 0x05, 0xFF, 0x05, 0x05, 0x10, 0xFF, 0x08, 0x08, 0x48, 0xFF,
  0x08, 0x0A, 0x68, 0xFF, 0x08, 0x06, 0x35, 0xFF, 0x05, 0x04, 0x0F, 0xFF, 0x04, 0x03, 0x06, 0xFF, 0x04, 0x03, 0x04, 0xFF, 0x04, 0x03, 0x04, 0xFF,
  0x04, 0x03, 0x04, 0xFF, 0x04, 0x03, 0x03, 0xFF, 0x04, 0x03, 0x03, 0xFF, 0x04, 0x03, 0x03, 0xFF, 0x04, 0x03, 0x03, 0xFF, 0x04, 0x03, 0x04, 0xFF,
  0x04, 0x03, 0x04, 0xFF, 0x04, 0x03, 0x04, 0xFF, 0x05, 0x03, 0x07, 0xFF, 0x08, 0x05, 0x16, 0xFF, 0x13, 0x07, 0x52, 0xFF, 0x1B, 0x07, 0x75, 0xFF,
  0x0E, 0x05, 0x3B, 0xFF, 0x06, 0x04, 0x0E, 0xFF, 0x04, 0x03, 0x05, 0xFF, 0x04, 0x03, 0x04, 0xFF, 0x04, 0x03, 0x04, 0xFF, 0x04, 0x03, 0x03, 0xFF,
  0x04, 0x03, 0x03, 0xFF, 0x04, 0x03, 0x04, 0xFF, 0x04, 0x03, 0x03, 0xFF, 0x04, 0x03, 0x03, 0xFF, 0x04, 0x03, 0x03, 0xFF, 0x04, 0x03, 0x03, 0xFF,
  0x04, 0x03, 0x03, 0xFF, 0x04, 0x03, 0x03, 0xFF, 0x04, 0x03, 0x03, 0xFF, 0x04, 0x03, 0x04, 0xFF, 0x05, 0x03, 0x07, 0xFF, 0x0A, 0x03, 0x22, 0xFF,
  0x1A, 0x02, 0x7A, 0xFF, 0x24, 0x01, 0xB7, 0xFF, 0x26, 0x01, 0xC1, 0xFF, 0x20, 0x00, 0xB3, 0xFF, 0x0B, 0x08, 0xAA, 0xFF, 0x72, 0x7E, 0xF9, 0xFF,
  0x77, 0x86, 0xF9, 0xFF, 0x17, 0x0A, 0xE8, 0xFF, 0x1F, 0x07, 0x9A, 0xFF, 0x0F, 0x08, 0x3C, 0xFF, 0x07, 0x04, 0x11, 0xFF, 0x04, 0x03, 0x05, 0xFF,
  0x04, 0x03, 0x03, 0xFF, 0x04, 0x03, 0x03, 0xFF, 0x04, 0x03, 0x03, 0xFF, 0x04, 0x03, 0x03, 0xFF, 0x04, 0x03, 0x03, 0xFF, 0x04, 0x03, 0x03, 0xFF,
  0x04, 0x03, 0x03, 0xFF, 0x04, 0x03, 0x03, 0xFF, 0x04, 0x03, 0x03, 0xFF, 0x04, 0x03, 0x03, 0xFF, 0x04, 0x03, 0x03, 0xFF, 0x04, 0x03, 0x03, 0xFF,
  0x04, 0x03, 0x04, 0xFF, 0x04, 0x06, 0x08, 0xFF, 0x04, 0x0E, 0x17, 0xFF, 0x04, 0x23, 0x44, 0xFF, 0x03, 0x4B, 0xBF, 0xFF, 0x11, 0xBA, 0xEE, 0xFF,
  0x45, 0xF7, 0xF9, 0xFF, 0x2B, 0xEC, 0xF8, 0xFF, 0x00, 0x3D, 0xAD, 0xFF, 0x01, 0x3C, 0xB0, 0xFF, 0x01, 0x3C, 0xAE, 0xFF, 0x01, 0x3A, 0xA3, 0xFF,
  0x02, 0x30, 0x7C, 0xFF, 0x03, 0x1F, 0x4C, 0xFF, 0x03, 0x13, 0x2B, 0xFF, 0x04, 0x0C, 0x19, 0xFF, 0x04, 0x08, 0x0F, 0xFF, 0x04, 0x05, 0x08, 0xFF,
  0x04, 0x04, 0x06, 0xFF, 0x04, 0x04, 0x05, 0xFF, 0x04, 0x03, 0x04, 0xFF, 0x04, 0x03, 0x04, 0xFF, 0x04, 0x03, 0x04, 0xFF, 0x04, 0x03, 0x04, 0xFF,
  0x04, 0x03, 0x04, 0xFF, 0x04, 0x03, 0x04, 0xFF, 0x04, 0x03, 0x04, 0xFF, 0x04, 0x03, 0x04, 0xFF, 0x04, 0x03, 0x04, 0xFF, 0x04, 0x04, 0x06, 0xFF,
  0x04, 0x05, 0x07, 0xFF, 0x04, 0x05, 0x06, 0xFF, 0x04, 0x04, 0x05, 0xFF, 0x04, 0x03, 0x04, 0xFF, 0x04, 0x03, 0x04, 0xFF, 0x04, 0x03, 0x04, 0xFF,
  0x04, 0x03, 0x03, 0xFF, 0x04, 0x03, 0x03, 0xFF, 0x04, 0x03, 0x03, 0xFF, 0x04, 0x03, 0x04, 0xFF, 0x04, 0x03, 0x04, 0xFF, 0x04, 0x03, 0x04, 0xFF,
  0x04, 0x03, 0x04, 0xFF, 0x04, 0x03, 0x04, 0xFF, 0x04, 0x04, 0x05, 0xFF, 0x04, 0x04, 0x05, 0xFF, 0x04, 0x04, 0x05, 0xFF, 0x04, 0x04, 0x06, 0xFF,
  0x04, 0x04, 0x06, 0xFF, 0x04, 0x04, 0x06, 0xFF, 0x04, 0x04, 0x06, 0xFF, 0x04, 0x04, 0x06, 0xFF, 0x04, 0x04, 0x05, 0xFF, 0x04, 0x04, 0x05, 0xFF,
  0x04, 0x04, 0x05, 0xFF, 0x04, 0x05, 0x07, 0xFF, 0x04, 0x05, 0x08, 0xFF, 0x04, 0x04, 0x05, 0xFF, 0x04, 0x03, 0x04, 0xFF, 0x04, 0x03, 0x04, 0xFF,
  0x04, 0x03, 0x04, 0xFF, 0x04, 0x03, 0x04, 0xFF, 0x04, 0x03, 0x04, 0xFF, 0x04, 0x03, 0x04, 0xFF, 0x04, 0x03, 0x04, 0xFF, 0x04, 0x03, 0x04, 0xFF,
  0x04, 0x03, 0x03, 0xFF, 0x04, 0x03, 0x03, 0xFF, 0x04, 0x03, 0x04, 0xFF, 0x04, 0x03, 0x04, 0xFF, 0x04, 0x03, 0x04, 0xFF, 0x04, 0x03, 0x04, 0xFF,
  0x04, 0x03, 0x04, 0xFF, 0x04, 0x04, 0x05, 0xFF, 0x04, 0x04, 0x05, 0xFF, 0x04, 0x03, 0x04, 0xFF, 0x04, 0x03, 0x03, 0xFF, 0x04, 0x03, 0x03, 0xFF,
  0x04, 0x03, 0x03, 0xFF, 0x04, 0x03, 0x03, 0xFF, 0x04, 0x03, 0x03, 0xFF, 0x04, 0x03, 0x03, 0xFF, 0x04, 0x03, 0x03, 0xFF, 0x04, 0x03, 0x04, 0xFF,
  0x04, 0x03, 0x04, 0xFF, 0x04, 0x03, 0x03, 0xFF, 0x04, 0x03, 0x04, 0xFF, 0x04, 0x03, 0x04, 0xFF, 0x04, 0x03, 0x03, 0xFF, 0x04, 0x03, 0x03, 0xFF,
  0x04, 0x03, 0x04, 0xFF, 0x04, 0x03, 0x04, 0xFF, 0x04, 0x03, 0x04, 0xFF, 0x04, 0x03, 0x04, 0xFF, 0x04, 0x03, 0x04, 0xFF, 0x04, 0x03, 0x03, 0xFF,
  0x04, 0x03, 0x03, 0xFF, 0x04, 0x03, 0x04, 0xFF, 0x04, 0x03, 0x04, 0xFF, 0x04, 0x03, 0x03, 0xFF, 0x04, 0x03, 0x04, 0xFF, 0x04, 0x03, 0x04, 0xFF,
  0x04, 0x03, 0x04, 0xFF, 0x04, 0x03, 0x04, 0xFF, 0x04, 0x03, 0x04, 0xFF, 0x04, 0x03, 0x04, 0xFF, 0x04, 0x03, 0x04, 0xFF, 0x04, 0x03, 0x04, 0xFF,
  0x04, 0x03, 0x03, 0xFF, 0x04, 0x03, 0x03, 0xFF, 0x04, 0x03, 0x03, 0xFF, 0x04, 0x03, 0x03, 0xFF, 0x04, 0x03, 0x03, 0xFF, 0x04, 0x03, 0x03, 0xFF,
  0x04, 0x03, 0x03, 0xFF, 0x04, 0x03, 0x04, 0xFF, 0x04, 0x03, 0x04, 0xFF, 0x04, 0x03, 0x04, 0xFF, 0x04, 0x03, 0x03, 0xFF, 0x04, 0x03, 0x03, 0xFF,
  0x04, 0x03, 0x03, 0xFF, 0x04, 0x03, 0x03, 0xFF, 0x04, 0x03, 0x03, 0xFF, 0x04, 0x03, 0x03, 0xFF, 0x04, 0x03, 0x03, 0xFF, 0x04, 0x03, 0x03, 0xFF,
  0x04, 0x03, 0x03, 0xFF, 0x04, 0x03, 0x03, 0xFF, 0x04, 0x03, 0x04, 0xFF, 0x04, 0x03, 0x04, 0xFF, 0x04, 0x03, 0x05, 0xFF, 0x04, 0x04, 0x08, 0xFF,
  0x04, 0x04, 0x09, 0xFF, 0x04, 0x03, 0x07, 0xFF, 0x04, 0x03, 0x06, 0xFF, 0x04, 0x03, 0x05, 0xFF, 0x04, 0x03, 0x04, 0xFF, 0x04, 0x03, 0x04, 0xFF,
  0x04, 0x03, 0x03, 0xFF, 0x04, 0x03, 0x03, 0xFF, 0x04, 0x03, 0x03, 0xFF, 0x04, 0x03, 0x03, 0xFF, 0x04, 0x03, 0x03, 0xFF, 0x04, 0x03, 0x04, 0xFF,
  0x04, 0x03, 0x04, 0xFF, 0x04, 0x03, 0x05, 0xFF, 0x05, 0x04, 0x0A, 0xFF, 0x0D, 0x05, 0x31, 0xFF, 0x28, 0x20, 0xBC, 0xFF, 0x5D, 0x73, 0xE3, 0xFF,
  0x20, 0x07, 0x9C, 0xFF, 0x09, 0x05, 0x1E, 0xFF, 0x05, 0x03, 0x08, 0xFF, 0x04, 0x03, 0x04, 0xFF, 0x04, 0x03, 0x04, 0xFF, 0x04, 0x03, 0x03, 0xFF,
  0x04, 0x03, 0x03, 0xFF, 0x04, 0x03, 0x03, 0xFF, 0x04, 0x03, 0x03, 0xFF, 0x04, 0x03, 0x03, 0xFF, 0x04, 0x03, 0x03, 0xFF, 0x04, 0x03, 0x03, 0xFF,
  0x04, 0x03, 0x03, 0xFF, 0x04, 0x03, 0x03, 0xFF, 0x04, 0x03, 0x03, 0xFF, 0x04, 0x03, 0x04, 0xFF, 0x06, 0x03, 0x0D, 0xFF, 0x0D, 0x03, 0x34, 0xFF,
  0x1E, 0x02, 0x92, 0xFF, 0x25, 0x02, 0xBD, 0xFF, 0x28, 0x01, 0xC7, 0xFF, 0x18, 0x01, 0x9E, 0xFF, 0x31, 0x35, 0xD9, 0xFF, 0x72, 0x80, 0xFA, 0xFF,
  0x5A, 0x64, 0xF8, 0xFF, 0x18, 0x01, 0xE2, 0xFF, 0x1A, 0x08, 0x78, 0xFF, 0x0B, 0x06, 0x29, 0xFF, 0x06, 0x04, 0x0C, 0xFF, 0x04, 0x03, 0x05, 0xFF,
  0x04, 0x03, 0x03, 0xFF, 0x04, 0x03, 0x03, 0xFF, 0x04, 0x03, 0x03, 0xFF, 0x04, 0x03, 0x03, 0xFF, 0x04, 0x03, 0x03, 0xFF, 0x04, 0x03, 0x03, 0xFF,
  0x04, 0x03, 0x03, 0xFF, 0x04, 0x03, 0x03, 0xFF, 0x04, 0x03, 0x03, 0xFF, 0x04, 0x03, 0x03, 0xFF, 0x04, 0x03, 0x03, 0xFF, 0x04, 0x03, 0x03, 0xFF,
  0x04, 0x03, 0x04, 0xFF, 0x04, 0x05, 0x06, 0xFF, 0x04, 0x0A, 0x11, 0xFF, 0x05, 0x1A, 0x2F, 0xFF, 0x04, 0x48, 0xA3, 0xFF, 0x01, 0x6F, 0xD9, 0xFF,
  0x38, 0xF5, 0xF9, 0xFF, 0x41, 0xF8, 0xF9, 0xFF, 0x0B, 0x8A, 0xD3, 0xFF, 0x01, 0x31, 0xA3, 0xFF, 0x01, 0x3E, 0xB1, 0xFF, 0x01, 0x3C, 0xAB, 0xFF,
  0x01, 0x3B, 0x9A, 0xFF, 0x02, 0x2D, 0x6F, 0xFF, 0x03, 0x18, 0x39, 0xFF, 0x03, 0x0E, 0x1F, 0xFF, 0x04, 0x09, 0x12, 0xFF, 0x04, 0x06, 0x0A, 0xFF,
  0x04, 0x05, 0x07, 0xFF, 0x04, 0x04, 0x05, 0xFF, 0x04, 0x03, 0x04, 0xFF, 0x04, 0x03, 0x04, 0xFF, 0x04, 0x03, 0x03, 0xFF, 0x04, 0x03, 0x04, 0xFF,
  0x04, 0x03, 0x04, 0xFF, 0x04, 0x03, 0x04, 0xFF, 0x04, 0x04, 0x05, 0xFF, 0x04, 0x04, 0x05, 0xFF, 0x04, 0x03, 0x04, 0xFF, 0x04, 0x03, 0x04, 0xFF,
  0x04, 0x03, 0x04, 0xFF, 0x04, 0x03, 0x04, 0xFF, 0x04, 0x03, 0x04, 0xFF, 0x04, 0x03, 0x04, 0xFF, 0x04, 0x03, 0x03, 0xFF, 0x04, 0x03, 0x03, 0xFF,
  0x04, 0x03, 0x03, 0xFF, 0x04, 0x03, 0x03, 0xFF, 0x04, 0x03, 0x03, 0xFF, 0x04, 0x03, 0x03, 0xFF, 0x04, 0x03, 0x03, 0xFF, 0x04, 0x03, 0x04, 0xFF,
  0x04, 0x03, 0x04, 0xFF, 0x04, 0x03, 0x04, 0xFF, 0x04, 0x03, 0x04, 0xFF, 0x04, 0x03, 0x04, 0xFF, 0x04, 0x03, 0x04, 0xFF, 0x04, 0x03, 0x04, 0xFF,
  0x04, 0x03, 0x04, 0xFF, 0x04, 0x03, 0x04, 0xFF, 0x04, 0x03, 0x04, 0xFF, 0x04, 0x03, 0x04, 0xFF, 0x04, 0x03, 0x04, 0xFF, 0x04, 0x03, 0x04, 0xFF,
  0x04, 0x03, 0x04, 0xFF, 0x04, 0x03, 0x04, 0xFF, 0x04, 0x03, 0x04, 0xFF, 0x04, 0x03, 0x04, 0xFF, 0x04, 0x03, 0x04, 0xFF, 0x04, 0x03, 0x04, 0xFF,
  0x04, 0x03, 0x04, 0xFF, 0x04, 0x03, 0x04, 0xFF, 0x04, 0x03, 0x04, 0xFF, 0x04, 0x03, 0x04, 0xFF, 0x04, 0x03, 0x04, 0xFF, 0x04, 0x03, 0x04, 0xFF,
  0x04, 0x03, 0x04, 0xFF, 0x04, 0x03, 0x04, 0xFF, 0x04, 0x03, 0x04, 0xFF, 0x04, 0x03, 0x04, 0xFF, 0x04, 0x03, 0x04, 0xFF, 0x04, 0x03, 0x04, 0xFF,
  0x04, 0x04, 0x05, 0xFF, 0x04, 0x05, 0x08, 0xFF, 0x04, 0x05, 0x07, 0xFF, 0x04, 0x03, 0x04, 0xFF, 0x04, 0x03, 0x03, 0xFF, 0x04, 0x03, 0x03, 0xFF,
  0x04, 0x03, 0x03, 0xFF, 0x04, 0x03, 0x03, 0xFF, 0x04, 0x03, 0x03, 0xFF, 0x04, 0x03, 0x03, 0xFF, 0x04, 0x03, 0x03, 0xFF, 0x04, 0x03, 0x04, 0xFF,
  0x04, 0x03, 0x04, 0xFF, 0x04, 0x03, 0x03, 0xFF, 0x04, 0x03, 0x03, 0xFF, 0x04, 0x03, 0x03, 0xFF, 0x04, 0x03, 0x03, 0xFF, 0x04, 0x03, 0x03, 0xFF,
  0x04, 0x03, 0x04, 0xFF, 0x04, 0x03, 0x04, 0xFF, 0x04, 0x03, 0x04, 0xFF, 0x04, 0x03, 0x04, 0xFF, 0x04, 0x03, 0x04, 0xFF, 0x04, 0x03, 0x04, 0xFF,
  0x04, 0x03, 0x03, 0xFF, 0x04, 0x03, 0x04, 0xFF, 0x04, 0x03, 0x04, 0xFF, 0x04, 0x03, 0x04, 0xFF, 0x04, 0x03, 0x04, 0xFF, 0x04, 0x03, 0x04, 0xFF,
  0x04, 0x03, 0x04, 0xFF, 0x04, 0x03, 0x04, 0xFF, 0x04, 0x03, 0x04, 0xFF, 0x04, 0x03, 0x04, 0xFF, 0x04, 0x03, 0x04, 0xFF, 0x04, 0x03, 0x04, 0xFF,
  0x04, 0x03, 0x03, 0xFF, 0x04, 0x03, 0x03, 0xFF, 0x04, 0x03, 0x03, 0xFF, 0x04, 0x03, 0x03, 0xFF, 0x04, 0x03, 0x03, 0xFF, 0x04, 0x03, 0x03, 0xFF,
  0x04, 0x03, 0x03, 0xFF, 0x04, 0x03, 0x04, 0xFF, 0x04, 0x03, 0x04, 0xFF, 0x04, 0x03, 0x03, 0xFF, 0x04, 0x03, 0x03, 0xFF, 0x04, 0x03, 0x03, 0xFF,
  0x04, 0x03, 0x03, 0xFF, 0x04, 0x03, 0x03, 0xFF, 0x04, 0x03, 0x03, 0xFF, 0x04, 0x03, 0x03, 0xFF, 0x04, 0x03, 0x03, 0xFF, 0x04, 0x03, 0x03, 0xFF,
  0x04, 0x03, 0x03, 0xFF, 0x04, 0x03, 0x03, 0xFF, 0x04, 0x03, 0x04, 0xFF, 0x04, 0x03, 0x04, 0xFF, 0x04, 0x03, 0x04, 0xFF, 0x04, 0x03, 0x04, 0xFF,
  0x04, 0x03, 0x04, 0xFF, 0x04, 0x03, 0x04, 0xFF, 0x04, 0x03, 0x04, 0xFF, 0x04, 0x03, 0x04, 0xFF, 0x04, 0x03, 0x04, 0xFF, 0x04, 0x03, 0x03, 0xFF,
  0x04, 0x03, 0x03, 0xFF, 0x04, 0x03, 0x03, 0xFF, 0x04, 0x03, 0x03, 0xFF, 0x04, 0x03, 0x03, 0xFF, 0x04, 0x03, 0x03, 0xFF, 0x04, 0x03, 0x03, 0xFF,
  0x04, 0x03, 0x04, 0xFF, 0x04, 0x03, 0x05, 0xFF, 0x05, 0x04, 0x0B, 0xFF, 0x0D, 0x05, 0x30, 0xFF, 0x26, 0x1A, 0xB2, 0xFF, 0x4D, 0x5F, 0xDF, 0xFF,
  0x23, 0x06, 0xA0, 0xFF, 0x0A, 0x05, 0x1F, 0xFF, 0x05, 0x03, 0x08, 0xFF, 0x04, 0x03, 0x04, 0xFF, 0x04, 0x03, 0x04, 0xFF, 0x04, 0x03, 0x03, 0xFF,
  0x04, 0x03, 0x03, 0xFF, 0x04, 0x03, 0x03, 0xFF, 0x04, 0x03, 0x03, 0xFF, 0x04, 0x03, 0x03, 0xFF, 0x04, 0x03, 0x03, 0xFF, 0x04, 0x03, 0x03, 0xFF,
  0x04, 0x03, 0x03, 0xFF, 0x04, 0x03, 0x03, 0xFF, 0x04, 0x03, 0x03, 0xFF, 0x05, 0x03, 0x06, 0xFF, 0x08, 0x03, 0x19, 0xFF, 0x12, 0x03, 0x4F, 0xFF,
  0x22, 0x02, 0xAA, 0xFF, 0x25, 0x02, 0xC1, 0xFF, 0x25, 0x01, 0xC4, 0xFF, 0x0D, 0x03, 0xA1, 0xFF, 0x63, 0x6F, 0xF8, 0xFF, 0x73, 0x84, 0xFA, 0xFF,
  0x28, 0x2E, 0xEF, 0xFF, 0x26, 0x03, 0xDF, 0xFF, 0x13, 0x09, 0x53, 0xFF, 0x08, 0x05, 0x19, 0xFF, 0x05, 0x03, 0x08, 0xFF, 0x04, 0x03, 0x04, 0xFF,
  0x04, 0x03, 0x03, 0xFF, 0x04, 0x03, 0x03, 0xFF, 0x04, 0x03, 0x03, 0xFF, 0x04, 0x03, 0x03, 0xFF, 0x04, 0x03, 0x03, 0xFF, 0x04, 0x03, 0x03, 0xFF,
  0x04, 0x03, 0x03, 0xFF, 0x04, 0x03, 0x03, 0xFF, 0x04, 0x03, 0x03, 0xFF, 0x04, 0x03, 0x03, 0xFF, 0x04, 0x03, 0x03, 0xFF, 0x04, 0x03, 0x03, 0xFF,
  0x04, 0x03, 0x03, 0xFF, 0x04, 0x04, 0x05, 0xFF, 0x04, 0x07, 0x0B, 0xFF, 0x05, 0x13, 0x21, 0xFF, 0x05, 0x3C, 0x7B, 0xFF, 0x02, 0x4C, 0xC8, 0xFF,
  0x1A, 0xD9, 0xF4, 0xFF, 0x48, 0xF8, 0xFA, 0xFF, 0x26, 0xE1, 0xF6, 0xFF, 0x00, 0x2D, 0xA0, 0xFF, 0x01, 0x3D, 0xAF, 0xFF, 0x01, 0x3E, 0xAE, 0xFF,
  0x01, 0x3A, 0xA0, 0xFF, 0x02, 0x35, 0x86, 0xFF, 0x03, 0x1C, 0x43, 0xFF, 0x03, 0x12, 0x2A, 0xFF, 0x04, 0x0C, 0x1A, 0xFF, 0x04, 0x07, 0x0E, 0xFF,
  0x04, 0x05, 0x09, 0xFF, 0x04, 0x04, 0x06, 0xFF, 0x04, 0x04, 0x05, 0xFF, 0x04, 0x04, 0x05, 0xFF, 0x04, 0x03, 0x04, 0xFF, 0x04, 0x03, 0x04, 0xFF,
  0x04, 0x03, 0x04, 0xFF, 0x04, 0x05, 0x07, 0xFF, 0x04, 0x06, 0x09, 0xFF, 0x04, 0x05, 0x08, 0xFF, 0x04, 0x05, 0x07, 0xFF, 0x04, 0x04, 0x05, 0xFF,
  0x04, 0x04, 0x05, 0xFF, 0x04, 0x04, 0x05, 0xFF, 0x04, 0x03, 0x04, 0xFF, 0x04, 0x03, 0x04, 0xFF, 0x04, 0x03, 0x04, 0xFF, 0x04, 0x03, 0x03, 0xFF,
  0x04, 0x03, 0x03, 0xFF, 0x04, 0x03, 0x03, 0xFF, 0x04, 0x03, 0x03, 0xFF, 0x04, 0x03, 0x03, 0xFF, 0x04, 0x03, 0x03, 0xFF, 0x04, 0x03, 0x04, 0xFF,
  0x04, 0x03, 0x04, 0xFF, 0x04, 0x03, 0x04, 0xFF, 0x04, 0x03, 0x04, 0xFF, 0x04, 0x03, 0x04, 0xFF, 0x04, 0x03, 0x04, 0xFF, 0x04, 0x03, 0x04, 0xFF,
  0x04, 0x03, 0x04, 0xFF, 0x04, 0x03, 0x04, 0xFF, 0x04, 0x03, 0x04, 0xFF, 0x04, 0x03, 0x04, 0xFF, 0x04, 0x03, 0x04, 0xFF, 0x04, 0x03, 0x04, 0xFF,
  0x04, 0x03, 0x04, 0xFF, 0x04, 0x03, 0x04, 0xFF, 0x04, 0x03, 0x03, 0xFF, 0x04, 0x03, 0x03, 0xFF, 0x04, 0x03, 0x03, 0xFF, 0x04, 0x03, 0x04, 0xFF,
  0x04, 0x03, 0x04, 0xFF, 0x04, 0x03, 0x03, 0xFF, 0x04, 0x03, 0x03, 0xFF, 0x04, 0x03, 0x04, 0xFF, 0x04, 0x03, 0x04, 0xFF, 0x04, 0x03, 0x04, 0xFF,
  0x04, 0x03, 0x04, 0xFF, 0x04, 0x03, 0x05, 0xFF, 0x04, 0x04, 0x05, 0xFF, 0x04, 0x04, 0x05, 0xFF, 0x04, 0x04, 0x05, 0xFF, 0x04, 0x04, 0x05, 0xFF,
  0x04, 0x04, 0x05, 0xFF, 0x04, 0x04, 0x05, 0xFF, 0x04, 0x04, 0x05, 0xFF, 0x04, 0x03, 0x04, 0xFF, 0x04, 0x03, 0x03, 0xFF, 0x04, 0x03, 0x03, 0xFF,
  0x04, 0x03, 0x03, 0xFF, 0x04, 0x03, 0x03, 0xFF, 0x04, 0x03, 0x03, 0xFF, 0x04, 0x03, 0x03, 0xFF, 0x04, 0x03, 0x03, 0xFF, 0x04, 0x03, 0x03, 0xFF,
  0x04, 0x03, 0x03, 0xFF, 0x04, 0x03, 0x03, 0xFF, 0x04, 0x03, 0x03, 0xFF, 0x04, 0x03, 0x03, 0xFF, 0x04, 0x03, 0x03, 0xFF, 0x04, 0x03, 0x03, 0xFF,
  0x04, 0x03, 0x03, 0xFF, 0x04, 0x03, 0x03, 0xFF, 0x04, 0x03, 0x04, 0xFF, 0x04, 0x03, 0x04, 0xFF, 0x04, 0x03, 0x03, 0xFF, 0x04, 0x03, 0x03, 0xFF,
  0x04, 0x03, 0x03, 0xFF, 0x04, 0x03, 0x03, 0xFF, 0x04, 0x03, 0x04, 0xFF, 0x04, 0x03, 0x04, 0xFF, 0x04, 0x03, 0x04, 0xFF, 0x04, 0x03, 0x04, 0xFF,
  0x04, 0x03, 0x04, 0xFF, 0x04, 0x03, 0x04, 0xFF, 0x04, 0x03, 0x04, 0xFF, 0x04, 0x03, 0x04, 0xFF, 0x04, 0x03, 0x04, 0xFF, 0x04, 0x03, 0x04, 0xFF,
  0x04, 0x03, 0x03, 0xFF, 0x04, 0x03, 0x03, 0xFF, 0x04, 0x03, 0x03, 0xFF, 0x04, 0x03, 0x03, 0xFF, 0x04, 0x03, 0x03, 0xFF, 0x04, 0x03, 0x03, 0xFF,
  0x04, 0x03, 0x03, 0xFF, 0x04, 0x03, 0x03, 0xFF, 0x04, 0x03, 0x04, 0xFF, 0x04, 0x03, 0x03, 0xFF, 0x04, 0x03, 0x03, 0xFF, 0x04, 0x03, 0x03, 0xFF,
  0x04, 0x03, 0x03, 0xFF, 0x04, 0x03, 0x03, 0xFF, 0x04, 0x03, 0x03, 0xFF, 0x04, 0x03, 0x03, 0xFF, 0x04, 0x03, 0x03, 0xFF, 0x04, 0x03, 0x03, 0xFF,
  0x04, 0x03, 0x03, 0xFF, 0x04, 0x03, 0x04, 0xFF, 0x04, 0x03, 0x04, 0xFF, 0x04, 0x03, 0x04, 0xFF, 0x04, 0x03, 0x04, 0xFF, 0x04, 0x03, 0x04, 0xFF,
  0x04, 0x03, 0x04, 0xFF, 0x04, 0x03, 0x04, 0xFF, 0x04, 0x03, 0x04, 0xFF, 0x04, 0x03, 0x03, 0xFF, 0x04, 0x03, 0x03, 0xFF, 0x04, 0x03, 0x03, 0xFF,
  0x04, 0x03, 0x03, 0xFF, 0x04, 0x03, 0x03, 0xFF, 0x04, 0x03, 0x03, 0xFF, 0x04, 0x03, 0x03, 0xFF, 0x04, 0x03, 0x03, 0xFF, 0x04, 0x03, 0x03, 0xFF,
  0x04, 0x03, 0x04, 0xFF, 0x04, 0x03, 0x04, 0xFF, 0x05, 0x03, 0x07, 0xFF, 0x08, 0x04, 0x17, 0xFF, 0x10, 0x05, 0x41, 0xFF, 0x16, 0x05, 0x5C, 0xFF,
  0x10, 0x05, 0x3E, 0xFF, 0x06, 0x04, 0x10, 0xFF, 0x05, 0x03, 0x06, 0xFF, 0x04, 0x03, 0x04, 0xFF, 0x04, 0x03, 0x03, 0xFF, 0x04, 0x03, 0x03, 0xFF,
  0x04, 0x03, 0x03, 0xFF, 0x04, 0x03, 0x03, 0xFF, 0x04, 0x03, 0x03, 0xFF, 0x04, 0x03, 0x03, 0xFF, 0x04, 0x03, 0x03, 0xFF, 0x04, 0x03, 0x03, 0xFF,
  0x04, 0x03, 0x03, 0xFF, 0x04, 0x03, 0x03, 0xFF, 0x04, 0x03, 0x05, 0xFF, 0x06, 0x03, 0x0B, 0xFF, 0x0B, 0x03, 0x2B, 0xFF, 0x19, 0x02, 0x76, 0xFF,
  0x25, 0x02, 0xB7, 0xFF, 0x26, 0x03, 0xC1, 0xFF, 0x1A, 0x01, 0xAB, 0xFF, 0x23, 0x26, 0xC5, 0xFF, 0x75, 0x87, 0xF9, 0xFF, 0x6A, 0x7E, 0xF9, 0xFF,
  0x13, 0x03, 0xE6, 0xFF, 0x29, 0x08, 0xD0, 0xFF, 0x0E, 0x08, 0x36, 0xFF, 0x07, 0x04, 0x11, 0xFF, 0x05, 0x03, 0x06, 0xFF, 0x04, 0x03, 0x03, 0xFF,
  0x04, 0x03, 0x03, 0xFF, 0x04, 0x03, 0x03, 0xFF, 0x04, 0x03, 0x03, 0xFF, 0x04, 0x03, 0x03, 0xFF, 0x04, 0x03, 0x03, 0xFF, 0x04, 0x03, 0x03, 0xFF,
  0x04, 0x03, 0x03, 0xFF, 0x04, 0x03, 0x03, 0xFF, 0x04, 0x03, 0x03, 0xFF, 0x04, 0x03, 0x03, 0xFF, 0x04, 0x03, 0x03, 0xFF, 0x04, 0x03, 0x03, 0xFF,
  0x04, 0x03, 0x04, 0xFF, 0x04, 0x03, 0x04, 0xFF, 0x04, 0x05, 0x07, 0xFF, 0x04, 0x0C, 0x14, 0xFF, 0x05, 0x1D, 0x36, 0xFF, 0x03, 0x3A, 0x86, 0xFF,
  0x04, 0x84, 0xD4, 0xFF, 0x3E, 0xF6, 0xF9, 0xFF, 0x43, 0xF7, 0xF9, 0xFF, 0x0C, 0x90, 0xD7, 0xFF, 0x00, 0x32, 0xA3, 0xFF, 0x01, 0x40, 0xB2, 0xFF,
  0x01, 0x40, 0xAE, 0xFF, 0x01, 0x3C, 0x9E, 0xFF, 0x02, 0x24, 0x5A, 0xFF, 0x03, 0x19, 0x3C, 0xFF, 0x03, 0x11, 0x26, 0xFF, 0x04, 0x0A, 0x14, 0xFF,
  0x04, 0x07, 0x0D, 0xFF, 0x04, 0x06, 0x0A, 0xFF, 0x04, 0x05, 0x08, 0xFF, 0x04, 0x04, 0x06, 0xFF, 0x04, 0x04, 0x05, 0xFF, 0x04, 0x03, 0x04, 0xFF,
  0x04, 0x04, 0x06, 0xFF, 0x04, 0x0B, 0x13, 0xFF, 0x04, 0x18, 0x32, 0xFF, 0x03, 0x17, 0x30, 0xFF, 0x04, 0x0F, 0x1E, 0xFF, 0x04, 0x07, 0x0B, 0xFF,
  0x04, 0x04, 0x06, 0xFF, 0x04, 0x04, 0x05, 0xFF, 0x04, 0x03, 0x04, 0xFF, 0x04, 0x03, 0x04, 0xFF, 0x04, 0x03, 0x04, 0xFF, 0x04, 0x03, 0x04, 0xFF,
  0x04, 0x03, 0x03, 0xFF, 0x04, 0x03, 0x03, 0xFF, 0x04, 0x03, 0x03, 0xFF, 0x04, 0x03, 0x03, 0xFF, 0x04, 0x03, 0x03, 0xFF, 0x04, 0x03, 0x04, 0xFF,
  0x04, 0x03, 0x04, 0xFF, 0x04, 0x03, 0x04, 0xFF, 0x04, 0x03, 0x04, 0xFF, 0x04, 0x03, 0x04, 0xFF, 0x04, 0x03, 0x04, 0xFF, 0x04, 0x03, 0x04, 0xFF,
  0x04, 0x03, 0x04, 0xFF, 0x04, 0x03, 0x04, 0xFF, 0x04, 0x03, 0x04, 0xFF, 0x04, 0x03, 0x04, 0xFF, 0x04, 0x03, 0x04, 0xFF, 0x04, 0x03, 0x04, 0xFF,
  0x04, 0x03, 0x04, 0xFF, 0x04, 0x03, 0x04, 0xFF, 0x04, 0x03, 0x03, 0xFF, 0x04, 0x03, 0x03, 0xFF, 0x04, 0x03, 0x03, 0xFF, 0x04, 0x03, 0x03, 0xFF,
  0x04, 0x03, 0x04, 0xFF, 0x04, 0x03, 0x04, 0xFF, 0x04, 0x03, 0x04, 0xFF, 0x04, 0x03, 0x04, 0xFF, 0x04, 0x03, 0x04, 0xFF, 0x04, 0x04, 0x05, 0xFF,
  0x04, 0x04, 0x06, 0xFF, 0x04, 0x07, 0x0B, 0xFF, 0x04, 0x0B, 0x14, 0xFF, 0x04, 0x0D, 0x19, 0xFF, 0x04, 0x0B, 0x14, 0xFF, 0x04, 0x06, 0x0A, 0xFF,
  0x04, 0x05, 0x06, 0xFF, 0x04, 0x04, 0x05, 0xFF, 0x04, 0x04, 0x05, 0xFF, 0x04, 0x03, 0x04, 0xFF, 0x04, 0x03, 0x04, 0xFF, 0x04, 0x03, 0x03, 0xFF,
  0x04, 0x03, 0x03, 0xFF, 0x04, 0x03, 0x03, 0xFF, 0x04, 0x03, 0x03, 0xFF, 0x04, 0x03, 0x03, 0xFF, 0x04, 0x03, 0x04, 0xFF, 0x04, 0x03, 0x04, 0xFF,
  0x04, 0x03, 0x04, 0xFF, 0x04, 0x03, 0x04, 0xFF, 0x04, 0x03, 0x04, 0xFF, 0x04, 0x03, 0x04, 0xFF, 0x04, 0x03, 0x04, 0xFF, 0x04, 0x03, 0x03, 0xFF,
  0x04, 0x03, 0x03, 0xFF, 0x04, 0x03, 0x03, 0xFF, 0x04, 0x03, 0x03, 0xFF, 0x04, 0x03, 0x04, 0xFF, 0x04, 0x03, 0x04, 0xFF, 0x04, 0x03, 0x03, 0xFF,
  0x04, 0x03, 0x03, 0xFF, 0x04, 0x03, 0x04, 0xFF, 0x04, 0x03, 0x04, 0xFF, 0x04, 0x03, 0x04, 0xFF, 0x04, 0x03, 0x03, 0xFF, 0x04, 0x03, 0x03, 0xFF,
  0x04, 0x03, 0x04, 0xFF, 0x04, 0x03, 0x03, 0xFF, 0x04, 0x03, 0x03, 0xFF, 0x04, 0x03, 0x04, 0xFF, 0x04, 0x03, 0x03, 0xFF, 0x04, 0x03, 0x03, 0xFF,
  0x04, 0x03, 0x03, 0xFF, 0x04, 0x03, 0x03, 0xFF, 0x04, 0x03, 0x03, 0xFF, 0x04, 0x03, 0x03, 0xFF, 0x04, 0x03, 0x03, 0xFF, 0x04, 0x03, 0x03, 0xFF,
  0x04, 0x03, 0x03, 0xFF, 0x04, 0x03, 0x03, 0xFF, 0x04, 0x03, 0x03, 0xFF, 0x04, 0x03, 0x03, 0xFF, 0x04, 0x03, 0x03, 0xFF, 0x04, 0x03, 0x03, 0xFF,
  0x04, 0x03, 0x03, 0xFF, 0x04, 0x03, 0x03, 0xFF, 0x04, 0x03, 0x03, 0xFF, 0x04, 0x03, 0x03, 0xFF, 0x04, 0x03, 0x03, 0xFF, 0x04, 0x03, 0x03, 0xFF,
  0x04, 0x03, 0x03, 0xFF, 0x04, 0x03, 0x03, 0xFF, 0x04, 0x03, 0x04, 0xFF, 0x04, 0x03, 0x03, 0xFF, 0x04, 0x03, 0x03, 0xFF, 0x04, 0x03, 0x03, 0xFF,
  0x04, 0x03, 0x03, 0xFF, 0x04, 0x03, 0x04, 0xFF, 0x04, 0x03, 0x04, 0xFF, 0x04, 0x03, 0x04, 0xFF, 0x04, 0x03, 0x03, 0xFF, 0x04, 0x03, 0x03, 0xFF,
  0x04, 0x03, 0x03, 0xFF, 0x04, 0x03, 0x03, 0xFF, 0x04, 0x03, 0x03, 0xFF, 0x04, 0x03, 0x03, 0xFF, 0x04, 0x03, 0x03, 0xFF, 0x04, 0x03, 0x03, 0xFF,
  0x04, 0x03, 0x04, 0xFF, 0x04, 0x03, 0x04, 0xFF, 0x04, 0x03, 0x05, 0xFF, 0x05, 0x03, 0x08, 0xFF, 0x06, 0x04, 0x0D, 0xFF, 0x07, 0x04, 0x14, 0xFF,
  0x06, 0x04, 0x0F, 0xFF, 0x05, 0x03, 0x08, 0xFF, 0x04, 0x03, 0x05, 0xFF, 0x04, 0x03, 0x04, 0xFF, 0x04, 0x03, 0x03, 0xFF, 0x04, 0x03, 0x03, 0xFF,
  0x04, 0x03, 0x03, 0xFF, 0x04, 0x03, 0x03, 0xFF, 0x04, 0x03, 0x03, 0xFF, 0x04, 0x03, 0x04, 0xFF, 0x04, 0x03, 0x04, 0xFF, 0x04, 0x03, 0x04, 0xFF,
  0x04, 0x03, 0x03, 0xFF, 0x04, 0x03, 0x04, 0xFF, 0x05, 0x03, 0x09, 0xFF, 0x08, 0x03, 0x19, 0xFF, 0x12, 0x03, 0x56, 0xFF, 0x21, 0x02, 0xA3, 0xFF,
  0x27, 0x03, 0xC0, 0xFF, 0x24, 0x03, 0xBC, 0xFF, 0x0C, 0x01, 0x96, 0xFF, 0x56, 0x64, 0xF4, 0xFF, 0x72, 0x8A, 0xFA, 0xFF, 0x43, 0x4F, 0xF4, 0xFF,
  0x27, 0x02, 0xDF, 0xFF, 0x1F, 0x0B, 0x8D, 0xFF, 0x0A, 0x06, 0x20, 0xFF, 0x05, 0x04, 0x0A, 0xFF, 0x04, 0x03, 0x04, 0xFF, 0x04, 0x03, 0x03, 0xFF,
  0x04, 0x03, 0x03, 0xFF, 0x04, 0x03, 0x03, 0xFF, 0x04, 0x03, 0x03, 0xFF, 0x04, 0x03, 0x03, 0xFF, 0x04, 0x03, 0x03, 0xFF, 0x04, 0x03, 0x03, 0xFF,
  0x04, 0x03, 0x03, 0xFF, 0x04, 0x03, 0x03, 0xFF, 0x04, 0x03, 0x03, 0xFF, 0x04, 0x03, 0x03, 0xFF, 0x04, 0x03, 0x03, 0xFF, 0x04, 0x03, 0x03, 0xFF,
  0x04, 0x03, 0x03, 0xFF, 0x04, 0x03, 0x04, 0xFF, 0x04, 0x04, 0x05, 0xFF, 0x04, 0x08, 0x0D, 0xFF, 0x05, 0x11, 0x1D, 0xFF, 0x04, 0x27, 0x4C, 0xFF,
  0x02, 0x42, 0xAF, 0xFF, 0x16, 0xD4, 0xF4, 0xFF, 0x4D, 0xF9, 0xFA, 0xFF, 0x34, 0xF2, 0xF9, 0xFF, 0x02, 0x50, 0xB5, 0xFF, 0x01, 0x3C, 0xAD, 0xFF,
  0x01, 0x43, 0xB4, 0xFF, 0x01, 0x40, 0xAD, 0xFF, 0x02, 0x31, 0x80, 0xFF, 0x02, 0x24, 0x5A, 0xFF, 0x03, 0x18, 0x3A, 0xFF, 0x03, 0x0E, 0x1E, 0xFF,
  0x04, 0x09, 0x13, 0xFF, 0x04, 0x08, 0x0F, 0xFF, 0x04, 0x07, 0x0D, 0xFF, 0x04, 0x06, 0x0A, 0xFF, 0x04, 0x05, 0x06, 0xFF, 0x04, 0x04, 0x05, 0xFF,
  0x04, 0x04, 0x06, 0xFF, 0x04, 0x07, 0x0C, 0xFF, 0x03, 0x19, 0x37, 0xFF, 0x02, 0x4B, 0x87, 0xFF, 0x02, 0x43, 0x82, 0xFF, 0x04, 0x15, 0x2B, 0xFF,
  0x04, 0x08, 0x0D, 0xFF, 0x04, 0x07, 0x0A, 0xFF, 0x04, 0x05, 0x08, 0xFF, 0x04, 0x04, 0x06, 0xFF, 0x04, 0x04, 0x05, 0xFF, 0x04, 0x03, 0x04, 0xFF,
  0x04, 0x03, 0x03, 0xFF, 0x04, 0x03, 0x03, 0xFF, 0x04, 0x03, 0x03, 0xFF, 0x04, 0x03, 0x03, 0xFF, 0x04, 0x03, 0x03, 0xFF, 0x04, 0x03, 0x03, 0xFF,
  0x04, 0x03, 0x03, 0xFF, 0x04, 0x03, 0x03, 0xFF, 0x04, 0x03, 0x04, 0xFF, 0x04, 0x03, 0x04, 0xFF, 0x04, 0x03, 0x04, 0xFF, 0x04, 0x03, 0x04, 0xFF,
  0x04, 0x03, 0x04, 0xFF, 0x04, 0x03, 0x04, 0xFF, 0x04, 0x03, 0x04, 0xFF, 0x04, 0x03, 0x04, 0xFF, 0x04, 0x03, 0x04, 0xFF, 0x04, 0x03, 0x04, 0xFF,
  0x04, 0x03, 0x04, 0xFF, 0x04, 0x03, 0x04, 0xFF, 0x04, 0x03, 0x03, 0xFF, 0x04, 0x03, 0x03, 0xFF, 0x04, 0x03, 0x03, 0xFF, 0x04, 0x03, 0x03, 0xFF,
  0x04, 0x03, 0x03, 0xFF, 0x04, 0x03, 0x03, 0xFF, 0x04, 0x03, 0x03, 0xFF, 0x04, 0x03, 0x04, 0xFF, 0x04, 0x03, 0x04, 0xFF, 0x04, 0x04, 0x05, 0xFF,
  0x04, 0x05, 0x07, 0xFF, 0x04, 0x0D, 0x18, 0xFF, 0x03, 0x28, 0x52, 0xFF, 0x02, 0x46, 0x86, 0xFF, 0x02, 0x44, 0x83, 0xFF, 0x03, 0x22, 0x46, 0xFF,
  0x04, 0x0A, 0x13, 0xFF, 0x04, 0x05, 0x06, 0xFF, 0x04, 0x04, 0x05, 0xFF, 0x04, 0x03, 0x04, 0xFF, 0x04, 0x03, 0x03, 0xFF, 0x04, 0x03, 0x03, 0xFF,
  0x04, 0x03, 0x03, 0xFF, 0x04, 0x03, 0x04, 0xFF, 0x04, 0x03, 0x04, 0xFF, 0x04, 0x03, 0x04, 0xFF, 0x04, 0x03, 0x04, 0xFF, 0x04, 0x03, 0x04, 0xFF,
  0x04, 0x03, 0x04, 0xFF, 0x04, 0x03, 0x04, 0xFF, 0x04, 0x03, 0x04, 0xFF, 0x04, 0x03, 0x04, 0xFF, 0x04, 0x03, 0x03, 0xFF, 0x04, 0x03, 0x03, 0xFF,
  0x04, 0x03, 0x03, 0xFF, 0x04, 0x03, 0x03, 0xFF, 0x04, 0x03, 0x03, 0xFF, 0x04, 0x03, 0x03, 0xFF, 0x04, 0x03, 0x04, 0xFF, 0x04, 0x03, 0x03, 0xFF,
  0x04, 0x03, 0x03, 0xFF, 0x04, 0x03, 0x04, 0xFF, 0x04, 0x03, 0x04, 0xFF, 0x04, 0x03, 0x04, 0xFF, 0x04, 0x03, 0x03, 0xFF, 0x04, 0x03, 0x03, 0xFF,
  0x04, 0x03, 0x03, 0xFF, 0x04, 0x03, 0x03, 0xFF, 0x04, 0x03, 0x03, 0xFF, 0x04, 0x03, 0x04, 0xFF, 0x04, 0x03, 0x04, 0xFF, 0x04, 0x03, 0x03, 0xFF,
  0x04, 0x03, 0x03, 0xFF, 0x04, 0x03, 0x03, 0xFF, 0x04, 0x03, 0x03, 0xFF, 0x04, 0x03, 0x03, 0xFF, 0x04, 0x03, 0x03, 0xFF, 0x04, 0x03, 0x03, 0xFF,
  0x04, 0x03, 0x03, 0xFF, 0x04, 0x03, 0x03, 0xFF, 0x04, 0x03, 0x03, 0xFF, 0x04, 0x03, 0x03, 0xFF, 0x04, 0x03, 0x03, 0xFF, 0x04, 0x03, 0x03, 0xFF,
  0x04, 0x03, 0x03, 0xFF, 0x04, 0x03, 0x03, 0xFF, 0x04, 0x03, 0x03, 0xFF, 0x04, 0x03, 0x03, 0xFF, 0x04, 0x03, 0x03, 0xFF, 0x04, 0x03, 0x03, 0xFF,
  0x04, 0x03, 0x03, 0xFF, 0x04, 0x03, 0x03, 0xFF, 0x04, 0x03, 0x03, 0xFF, 0x04, 0x03, 0x03, 0xFF, 0x04, 0x03, 0x03, 0xFF, 0x04, 0x03, 0x03, 0xFF,
  0x04, 0x03, 0x03, 0xFF, 0x04, 0x03, 0x04, 0xFF, 0x04, 0x03, 0x03, 0xFF, 0x04, 0x03, 0x03, 0xFF, 0x04, 0x03, 0x03, 0xFF, 0x04, 0x03, 0x03, 0xFF,
  0x04, 0x03, 0x04, 0xFF, 0x04, 0x03, 0x03, 0xFF, 0x04, 0x03, 0x03, 0xFF, 0x04, 0x03, 0x03, 0xFF, 0x04, 0x03, 0x03, 0xFF, 0x04, 0x03, 0x03, 0xFF,
  0x04, 0x03, 0x04, 0xFF, 0x04, 0x03, 0x04, 0xFF, 0x04, 0x03, 0x04, 0xFF, 0x04, 0x03, 0x05, 0xFF, 0x05, 0x03, 0x05, 0xFF, 0x05, 0x03, 0x06, 0xFF,
  0x04, 0x03, 0x05, 0xFF, 0x04, 0x03, 0x04, 0xFF, 0x04, 0x03, 0x04, 0xFF, 0x04, 0x03, 0x03, 0xFF, 0x04, 0x03, 0x03, 0xFF, 0x04, 0x03, 0x03, 0xFF,
  0x04, 0x03, 0x03, 0xFF, 0x04, 0x03, 0x03, 0xFF, 0x04, 0x03, 0x04, 0xFF, 0x04, 0x03, 0x04, 0xFF, 0x04, 0x03, 0x04, 0xFF, 0x04, 0x03, 0x04, 0xFF,
  0x04, 0x03, 0x04, 0xFF, 0x05, 0x03, 0x06, 0xFF, 0x07, 0x03, 0x15, 0xFF, 0x0E, 0x03, 0x39, 0xFF, 0x1C, 0x02, 0x88, 0xFF, 0x25, 0x02, 0xBC, 0xFF,
  0x27, 0x03, 0xC4, 0xFF, 0x16, 0x02, 0xA3, 0xFF, 0x28, 0x30, 0xD4, 0xFF, 0x70, 0x8E, 0xF8, 0xFF, 0x6C, 0x8A, 0xF9, 0xFF, 0x1B, 0x0E, 0xE7, 0xFF,
  0x24, 0x06, 0xBB, 0xFF, 0x15, 0x09, 0x56, 0xFF, 0x07, 0x05, 0x12, 0xFF, 0x05, 0x03, 0x06, 0xFF, 0x04, 0x03, 0x04, 0xFF, 0x04, 0x03, 0x03, 0xFF,
  0x04, 0x03, 0x03, 0xFF, 0x04, 0x03, 0x03, 0xFF, 0x04, 0x03, 0x03, 0xFF, 0x04, 0x03, 0x03, 0xFF, 0x04, 0x03, 0x03, 0xFF, 0x04, 0x03, 0x03, 0xFF,
  0x04, 0x03, 0x03, 0xFF, 0x04, 0x03, 0x03, 0xFF, 0x04, 0x03, 0x03, 0xFF, 0x04, 0x03, 0x03, 0xFF, 0x04, 0x03, 0x03, 0xFF, 0x04, 0x03, 0x03, 0xFF,
  0x04, 0x03, 0x03, 0xFF, 0x04, 0x03, 0x04, 0xFF, 0x04, 0x04, 0x05, 0xFF, 0x04, 0x06, 0x09, 0xFF, 0x04, 0x0B, 0x13, 0xFF, 0x05, 0x18, 0x2C, 0xFF,
  0x03, 0x3A, 0x84, 0xFF, 0x01, 0x68, 0xD5, 0xFF, 0x3C, 0xF5, 0xF9, 0xFF, 0x4C, 0xF8, 0xF9, 0xFF, 0x20, 0xD6, 0xF2, 0xFF, 0x00, 0x32, 0xA8, 0xFF,
  0x00, 0x42, 0xB5, 0xFF, 0x01, 0x42, 0xB2, 0xFF, 0x01, 0x3C, 0xA2, 0xFF, 0x01, 0x36, 0x8B, 0xFF, 0x02, 0x26, 0x5C, 0xFF, 0x03, 0x14, 0x2E, 0xFF,
  0x04, 0x0D, 0x1B, 0xFF, 0x04, 0x0B, 0x16, 0xFF, 0x04, 0x0F, 0x1F, 0xFF, 0x03, 0x17, 0x32, 0xFF, 0x04, 0x09, 0x12, 0xFF, 0x04, 0x05, 0x07, 0xFF,
  0x04, 0x04, 0x06, 0xFF, 0x04, 0x05, 0x07, 0xFF, 0x04, 0x0D, 0x1A, 0xFF, 0x03, 0x42, 0x73, 0xFF, 0x04, 0x85, 0xBB, 0xFF, 0x03, 0x36, 0x70, 0xFF,
  0x03, 0x19, 0x33, 0xFF, 0x04, 0x18, 0x32, 0xFF, 0x04, 0x14, 0x29, 0xFF, 0x04, 0x0D, 0x19, 0xFF, 0x04, 0x06, 0x0A, 0xFF, 0x04, 0x04, 0x05, 0xFF,
  0x04, 0x03, 0x04, 0xFF, 0x04, 0x03, 0x03, 0xFF, 0x04, 0x03, 0x03, 0xFF, 0x04, 0x03, 0x03, 0xFF, 0x04, 0x03, 0x03, 0xFF, 0x04, 0x03, 0x03, 0xFF,
  0x04, 0x03, 0x03, 0xFF, 0x04, 0x03, 0x03, 0xFF, 0x04, 0x03, 0x03, 0xFF, 0x04, 0x03, 0x04, 0xFF, 0x04, 0x03, 0x04, 0xFF, 0x04, 0x03, 0x04, 0xFF,
  0x04, 0x03, 0x04, 0xFF, 0x04, 0x03, 0x04, 0xFF, 0x04, 0x03, 0x04, 0xFF, 0x04, 0x03, 0x04, 0xFF, 0x04, 0x03, 0x04, 0xFF, 0x04, 0x03, 0x04, 0xFF,
  0x04, 0x03, 0x04, 0xFF, 0x04, 0x03, 0x04, 0xFF, 0x04, 0x03, 0x03, 0xFF, 0x04, 0x03, 0x03, 0xFF, 0x04, 0x03, 0x03, 0xFF, 0x04, 0x03, 0x03, 0xFF,
  0x04, 0x03, 0x03, 0xFF, 0x04, 0x03, 0x04, 0xFF, 0x04, 0x03, 0x03, 0xFF, 0x04, 0x03, 0x03, 0xFF, 0x04, 0x03, 0x04, 0xFF, 0x04, 0x03, 0x04, 0xFF,
  0x04, 0x04, 0x05, 0xFF, 0x04, 0x0A, 0x12, 0xFF, 0x03, 0x2D, 0x5C, 0xFF, 0x02, 0x73, 0xBC, 0xFF, 0x01, 0x91, 0xD6, 0xFF, 0x02, 0x61, 0xB5, 0xFF,
  0x03, 0x21, 0x43, 0xFF, 0x04, 0x07, 0x0C, 0xFF, 0x04, 0x04, 0x05, 0xFF, 0x04, 0x03, 0x04, 0xFF, 0x04, 0x03, 0x03, 0xFF, 0x04, 0x03, 0x03, 0xFF,
  0x04, 0x03, 0x03, 0xFF, 0x04, 0x03, 0x04, 0xFF, 0x04, 0x03, 0x04, 0xFF, 0x04, 0x03, 0x04, 0xFF, 0x04, 0x03, 0x04, 0xFF, 0x04, 0x03, 0x04, 0xFF,
  0x04, 0x03, 0x04, 0xFF, 0x04, 0x03, 0x04, 0xFF, 0x04, 0x03, 0x04, 0xFF, 0x04, 0x03, 0x04, 0xFF, 0x04, 0x03, 0x03, 0xFF, 0x04, 0x03, 0x03, 0xFF,
  0x04, 0x03, 0x03, 0xFF, 0x04, 0x03, 0x03, 0xFF, 0x04, 0x03, 0x03, 0xFF, 0x04, 0x03, 0x03, 0xFF, 0x04, 0x03, 0x04, 0xFF, 0x04, 0x03, 0x04, 0xFF,
  0x04, 0x03, 0x04, 0xFF, 0x04, 0x03, 0x04, 0xFF, 0x04, 0x03, 0x04, 0xFF, 0x04, 0x03, 0x04, 0xFF, 0x04, 0x03, 0x04, 0xFF, 0x04, 0x03, 0x04, 0xFF,
  0x04, 0x03, 0x03, 0xFF, 0x04, 0x03, 0x03, 0xFF, 0x04, 0x03, 0x03, 0xFF, 0x04, 0x03, 0x03, 0xFF, 0x04, 0x03, 0x03, 0xFF, 0x04, 0x03, 0x03, 0xFF,
  0x04, 0x03, 0x03, 0xFF, 0x04, 0x03, 0x03, 0xFF, 0x04, 0x03, 0x03, 0xFF, 0x04, 0x03, 0x03, 0xFF, 0x04, 0x03, 0x03, 0xFF, 0x04, 0x03, 0x03, 0xFF,
  0x04, 0x03, 0x03, 0xFF, 0x04, 0x03, 0x03, 0xFF, 0x04, 0x03, 0x03, 0xFF, 0x04, 0x03, 0x03, 0xFF, 0x04, 0x03, 0x03, 0xFF, 0x04, 0x03, 0x03, 0xFF,
  0x04, 0x03, 0x03, 0xFF, 0x04, 0x03, 0x03, 0xFF, 0x04, 0x03, 0x03, 0xFF, 0x04, 0x03, 0x03, 0xFF, 0x04, 0x03, 0x03, 0xFF, 0x04, 0x03, 0x03, 0xFF,
  0x04, 0x03, 0x03, 0xFF, 0x04, 0x03, 0x03, 0xFF, 0x04, 0x03, 0x03, 0xFF, 0x04, 0x03, 0x03, 0xFF, 0x04, 0x03, 0x03, 0xFF, 0x04, 0x03, 0x03, 0xFF,
  0x04, 0x03, 0x03, 0xFF, 0x04, 0x03, 0x03, 0xFF, 0x04, 0x03, 0x03, 0xFF, 0x04, 0x03, 0x03, 0xFF, 0x04, 0x03, 0x03, 0xFF, 0x04, 0x03, 0x03, 0xFF,
  0x04, 0x03, 0x03, 0xFF, 0x04, 0x03, 0x03, 0xFF, 0x04, 0x03, 0x03, 0xFF, 0x04, 0x03, 0x03, 0xFF, 0x04, 0x03, 0x03, 0xFF, 0x04, 0x03, 0x03, 0xFF,
  0x04, 0x03, 0x03, 0xFF, 0x04, 0x03, 0x04, 0xFF, 0x04, 0x03, 0x04, 0xFF, 0x04, 0x03, 0x04, 0xFF, 0x04, 0x03, 0x05, 0xFF, 0x04, 0x03, 0x05, 0xFF,
  0x04, 0x03, 0x04, 0xFF, 0x04, 0x03, 0x03, 0xFF, 0x04, 0x03, 0x03, 0xFF, 0x04, 0x03, 0x03, 0xFF, 0x04, 0x03, 0x03, 0xFF, 0x04, 0x03, 0x03, 0xFF,
  0x04, 0x03, 0x03, 0xFF, 0x04, 0x03, 0x04, 0xFF, 0x04, 0x03, 0x04, 0xFF, 0x04, 0x03, 0x04, 0xFF, 0x04, 0x03, 0x04, 0xFF, 0x04, 0x03, 0x04, 0xFF,
  0x04, 0x03, 0x05, 0xFF, 0x06, 0x03, 0x10, 0xFF, 0x0C, 0x03, 0x2F, 0xFF, 0x18, 0x03, 0x6F, 0xFF, 0x24, 0x03, 0xB2, 0xFF, 0x26, 0x02, 0xC3, 0xFF,
  0x1E, 0x02, 0xB4, 0xFF, 0x0C, 0x0D, 0xAE, 0xFF, 0x6D, 0x8C, 0xF8, 0xFF, 0x76, 0x9A, 0xFA, 0xFF, 0x2E, 0x3C, 0xF0, 0xFF, 0x23, 0x03, 0xD3, 0xFF,
  0x19, 0x0A, 0x76, 0xFF, 0x0D, 0x07, 0x30, 0xFF, 0x06, 0x04, 0x0B, 0xFF, 0x04, 0x03, 0x05, 0xFF, 0x04, 0x03, 0x03, 0xFF, 0x04, 0x03, 0x03, 0xFF,
  0x04, 0x03, 0x03, 0xFF, 0x04, 0x03, 0x03, 0xFF, 0x04, 0x03, 0x03, 0xFF, 0x04, 0x03, 0x03, 0xFF, 0x04, 0x03, 0x03, 0xFF, 0x04, 0x03, 0x03, 0xFF,
  0x04, 0x03, 0x03, 0xFF, 0x04, 0x03, 0x03, 0xFF, 0x04, 0x03, 0x03, 0xFF, 0x04, 0x03, 0x03, 0xFF, 0x04, 0x03, 0x03, 0xFF, 0x04, 0x03, 0x03, 0xFF,
  0x04, 0x03, 0x03, 0xFF, 0x04, 0x03, 0x04, 0xFF, 0x04, 0x04, 0x05, 0xFF, 0x04, 0x05, 0x06, 0xFF, 0x04, 0x08, 0x0C, 0xFF, 0x05, 0x0F, 0x1A, 0xFF,
  0x05, 0x26, 0x4D, 0xFF, 0x02, 0x47, 0xB5, 0xFF, 0x0F, 0xAE, 0xE7, 0xFF, 0x54, 0xF7, 0xF9, 0xFF, 0x50, 0xF9, 0xFA, 0xFF, 0x10, 0x9C, 0xDC, 0xFF,
  0x00, 0x33, 0xA5, 0xFF, 0x01, 0x44, 0xB6, 0xFF, 0x01, 0x44, 0xB2, 0xFF, 0x01, 0x41, 0xAB, 0xFF, 0x01, 0x38, 0x8E, 0xFF, 0x03, 0x1E, 0x46, 0xFF,
  0x03, 0x12, 0x28, 0xFF, 0x04, 0x0D, 0x1D, 0xFF, 0x03, 0x1B, 0x3B, 0xFF, 0x09, 0x53, 0x80, 0xFF, 0x03, 0x10, 0x23, 0xFF, 0x04, 0x06, 0x0A, 0xFF,
  0x04, 0x04, 0x06, 0xFF, 0x04, 0x04, 0x05, 0xFF, 0x04, 0x06, 0x09, 0xFF, 0x04, 0x11, 0x23, 0xFF, 0x03, 0x37, 0x69, 0xFF, 0x03, 0x34, 0x6D, 0xFF,
  0x03, 0x36, 0x77, 0xFF, 0x07, 0x82, 0xBD, 0xFF, 0x04, 0x5A, 0xB0, 0xFF, 0x03, 0x26, 0x5A, 0xFF, 0x04, 0x0C, 0x17, 0xFF, 0x04, 0x05, 0x07, 0xFF,
  0x04, 0x03, 0x04, 0xFF, 0x04, 0x03, 0x03, 0xFF, 0x04, 0x03, 0x03, 0xFF, 0x04, 0x03, 0x03, 0xFF, 0x04, 0x03, 0x03, 0xFF, 0x04, 0x03, 0x03, 0xFF,
  0x04, 0x03, 0x03, 0xFF, 0x04, 0x03, 0x03, 0xFF, 0x04, 0x03, 0x03, 0xFF, 0x04, 0x03, 0x03, 0xFF, 0x04, 0x03, 0x04, 0xFF, 0x04, 0x03, 0x04, 0xFF,
  0x04, 0x03, 0x04, 0xFF, 0x04, 0x03, 0x04, 0xFF, 0x04, 0x03, 0x04, 0xFF, 0x04, 0x03, 0x04, 0xFF, 0x04, 0x03, 0x04, 0xFF, 0x04, 0x03, 0x04, 0xFF,
  0x04, 0x03, 0x04, 0xFF, 0x04, 0x03, 0x03, 0xFF, 0x04, 0x03, 0x03, 0xFF, 0x04, 0x03, 0x03, 0xFF, 0x04, 0x03, 0x03, 0xFF, 0x04, 0x03, 0x03, 0xFF,
  0x04, 0x03, 0x04, 0xFF, 0x04, 0x03, 0x04, 0xFF, 0x04, 0x03, 0x03, 0xFF, 0x04, 0x03, 0x03, 0xFF, 0x04, 0x03, 0x03, 0xFF, 0x04, 0x03, 0x04, 0xFF,
  0x04, 0x03, 0x05, 0xFF, 0x04, 0x07, 0x0B, 0xFF, 0x03, 0x19, 0x33, 0xFF, 0x02, 0x46, 0x89, 0xFF, 0x01, 0x75, 0xC8, 0xFF, 0x01, 0x67, 0xC2, 0xFF,
  0x03, 0x31, 0x64, 0xFF, 0x04, 0x0A, 0x13, 0xFF, 0x04, 0x04, 0x06, 0xFF, 0x04, 0x03, 0x04, 0xFF, 0x04, 0x03, 0x03, 0xFF, 0x04, 0x03, 0x03, 0xFF,
  0x04, 0x03, 0x03, 0xFF, 0x04, 0x03, 0x03, 0xFF, 0x04, 0x03, 0x04, 0xFF, 0x04, 0x03, 0x04, 0xFF, 0x04, 0x03, 0x04, 0xFF, 0x04, 0x03, 0x04, 0xFF,
  0x04, 0x03, 0x04, 0xFF, 0x04, 0x03, 0x04, 0xFF, 0x04, 0x03, 0x04, 0xFF, 0x04, 0x03, 0x04, 0xFF, 0x04, 0x03, 0x03, 0xFF, 0x04, 0x03, 0x03, 0xFF,
  0x04, 0x03, 0x03, 0xFF, 0x04, 0x03, 0x03, 0xFF, 0x04, 0x03, 0x03, 0xFF, 0x04, 0x03, 0x04, 0xFF, 0x04, 0x03, 0x04, 0xFF, 0x04, 0x03, 0x03, 0xFF,
  0x04, 0x03, 0x04, 0xFF, 0x04, 0x03, 0x04, 0xFF, 0x04, 0x03, 0x03, 0xFF, 0x04, 0x03, 0x03, 0xFF, 0x04, 0x03, 0x04, 0xFF, 0x04, 0x03, 0x04, 0xFF,
  0x04, 0x03, 0x03, 0xFF, 0x04, 0x03, 0x03, 0xFF, 0x04, 0x03, 0x03, 0xFF, 0x04, 0x03, 0x03, 0xFF, 0x04, 0x03, 0x03, 0xFF, 0x04, 0x03, 0x03, 0xFF,
  0x04, 0x03, 0x03, 0xFF, 0x04, 0x03, 0x03, 0xFF, 0x04, 0x03, 0x03, 0xFF, 0x04, 0x03, 0x03, 0xFF, 0x04, 0x03, 0x03, 0xFF, 0x04, 0x03, 0x03, 0xFF,
  0x04, 0x03, 0x03, 0xFF, 0x04, 0x03, 0x03, 0xFF, 0x04, 0x03, 0x03, 0xFF, 0x04, 0x03, 0x03, 0xFF, 0x04, 0x03, 0x03, 0xFF, 0x04, 0x03, 0x03, 0xFF,
  0x04, 0x03, 0x03, 0xFF, 0x04, 0x03, 0x03, 0xFF, 0x04, 0x03, 0x03, 0xFF, 0x04, 0x03, 0x03, 0xFF, 0x04, 0x03, 0x03, 0xFF, 0x04, 0x03, 0x03, 0xFF,
  0x04, 0x03, 0x03, 0xFF, 0x04, 0x03, 0x04, 0xFF, 0x04, 0x03, 0x04, 0xFF, 0x04, 0x03, 0x03, 0xFF, 0x04, 0x03, 0x03, 0xFF, 0x04, 0x03, 0x03, 0xFF,
  0x04, 0x03, 0x03, 0xFF, 0x04, 0x03, 0x03, 0xFF, 0x04, 0x03, 0x03, 0xFF, 0x04, 0x03, 0x03, 0xFF, 0x04, 0x03, 0x03, 0xFF, 0x04, 0x03, 0x03, 0xFF,
  0x04, 0x03, 0x03, 0xFF, 0x04, 0x03, 0x03, 0xFF, 0x04, 0x03, 0x03, 0xFF, 0x04, 0x03, 0x03, 0xFF, 0x04, 0x03, 0x03, 0xFF, 0x04, 0x03, 0x03, 0xFF,
  0x04, 0x03, 0x03, 0xFF, 0x04, 0x03, 0x04, 0xFF, 0x04, 0x03, 0x04, 0xFF, 0x04, 0x03, 0x04, 0xFF, 0x04, 0x03, 0x05, 0xFF, 0x04, 0x03, 0x06, 0xFF,
  0x04, 0x03, 0x04, 0xFF, 0x04, 0x03, 0x03, 0xFF, 0x04, 0x03, 0x03, 0xFF, 0x04, 0x03, 0x03, 0xFF, 0x04, 0x03, 0x03, 0xFF, 0x04, 0x03, 0x03, 0xFF,
  0x04, 0x03, 0x04, 0xFF, 0x04, 0x03, 0x04, 0xFF, 0x04, 0x03, 0x04, 0xFF, 0x04, 0x03, 0x04, 0xFF, 0x04, 0x03, 0x04, 0xFF, 0x04, 0x03, 0x05, 0xFF,
  0x06, 0x03, 0x0C, 0xFF, 0x0A, 0x04, 0x24, 0xFF, 0x14, 0x04, 0x5D, 0xFF, 0x21, 0x03, 0xA4, 0xFF, 0x26, 0x02, 0xC0, 0xFF, 0x21, 0x02, 0xBD, 0xFF,
  0x0C, 0x04, 0x9F, 0xFF, 0x58, 0x70, 0xF3, 0xFF, 0x73, 0x99, 0xFA, 0xFF, 0x60, 0x81, 0xF9, 0xFF, 0x15, 0x03, 0xDE, 0xFF, 0x22, 0x08, 0xA9, 0xFF,
  0x0F, 0x08, 0x3C, 0xFF, 0x08, 0x05, 0x17, 0xFF, 0x05, 0x03, 0x07, 0xFF, 0x04, 0x03, 0x04, 0xFF, 0x04, 0x03, 0x03, 0xFF, 0x04, 0x03, 0x03, 0xFF,
  0x04, 0x03, 0x03, 0xFF, 0x04, 0x03, 0x03, 0xFF, 0x04, 0x03, 0x03, 0xFF, 0x04, 0x03, 0x03, 0xFF, 0x04, 0x03, 0x03, 0xFF, 0x04, 0x03, 0x03, 0xFF,
  0x04, 0x03, 0x03, 0xFF, 0x04, 0x03, 0x03, 0xFF, 0x04, 0x03, 0x03, 0xFF, 0x04, 0x03, 0x03, 0xFF, 0x04, 0x03, 0x03, 0xFF, 0x04, 0x03, 0x03, 0xFF,
  0x04, 0x03, 0x03, 0xFF, 0x04, 0x03, 0x03, 0xFF, 0x04, 0x03, 0x04, 0xFF, 0x04, 0x04, 0x05, 0xFF, 0x04, 0x06, 0x08, 0xFF, 0x04, 0x0A, 0x11, 0xFF,
  0x05, 0x18, 0x2D, 0xFF, 0x04, 0x39, 0x7A, 0xFF, 0x01, 0x4F, 0xC3, 0xFF, 0x21, 0xDE, 0xF6, 0xFF, 0x56, 0xF9, 0xFB, 0xFF, 0x45, 0xF6, 0xFA, 0xFF,
  0x05, 0x6E, 0xC7, 0xFF, 0x00, 0x3A, 0xAF, 0xFF, 0x01, 0x47, 0xB9, 0xFF, 0x01, 0x45, 0xB3, 0xFF, 0x01, 0x43, 0xA9, 0xFF, 0x02, 0x2F, 0x72, 0xFF,
  0x03, 0x1B, 0x41, 0xFF, 0x03, 0x13, 0x2A, 0xFF, 0x03, 0x11, 0x26, 0xFF, 0x03, 0x12, 0x28, 0xFF, 0x04, 0x0B, 0x16, 0xFF, 0x04, 0x07, 0x0C, 0xFF,
  0x04, 0x05, 0x06, 0xFF, 0x04, 0x04, 0x05, 0xFF, 0x04, 0x04, 0x06, 0xFF, 0x04, 0x05, 0x08, 0xFF, 0x04, 0x09, 0x10, 0xFF, 0x04, 0x10, 0x20, 0xFF,
  0x03, 0x24, 0x53, 0xFF, 0x0C, 0x95, 0xD3, 0xFF, 0x42, 0xD2, 0xE8, 0xFF, 0x02, 0x52, 0xA9, 0xFF, 0x03, 0x13, 0x28, 0xFF, 0x04, 0x06, 0x08, 0xFF,
  0x04, 0x04, 0x05, 0xFF, 0x04, 0x03, 0x03, 0xFF, 0x04, 0x03, 0x03, 0xFF, 0x04, 0x03, 0x03, 0xFF, 0x04, 0x03, 0x03, 0xFF, 0x04, 0x03, 0x03, 0xFF,
  0x04, 0x03, 0x03, 0xFF, 0x04, 0x03, 0x03, 0xFF, 0x04, 0x03, 0x03, 0xFF, 0x04, 0x03, 0x03, 0xFF, 0x04, 0x03, 0x03, 0xFF, 0x04, 0x03, 0x04, 0xFF,
  0x04, 0x03, 0x04, 0xFF, 0x04, 0x03, 0x04, 0xFF, 0x04, 0x03, 0x04, 0xFF, 0x04, 0x03, 0x04, 0xFF, 0x04, 0x03, 0x03, 0xFF, 0x04, 0x03, 0x04, 0xFF,
  0x04, 0x03, 0x04, 0xFF, 0x04, 0x03, 0x03, 0xFF, 0x04, 0x03, 0x03, 0xFF, 0x04, 0x03, 0x03, 0xFF, 0x04, 0x03, 0x04, 0xFF, 0x04, 0x03, 0x04, 0xFF,
  0x04, 0x03, 0x04, 0xFF, 0x04, 0x03, 0x04, 0xFF, 0x04, 0x03, 0x03, 0xFF, 0x04, 0x03, 0x03, 0xFF, 0x04, 0x03, 0x04, 0xFF, 0x04, 0x03, 0x04, 0xFF,
  0x04, 0x03, 0x04, 0xFF, 0x04, 0x05, 0x06, 0xFF, 0x04, 0x09, 0x0F, 0xFF, 0x03, 0x15, 0x2C, 0xFF, 0x03, 0x2D, 0x5C, 0xFF, 0x02, 0x32, 0x6B, 0xFF,
  0x03, 0x1D, 0x3C, 0xFF, 0x04, 0x0B, 0x15, 0xFF, 0x04, 0x05, 0x06, 0xFF, 0x04, 0x03, 0x04, 0xFF, 0x04, 0x03, 0x03, 0xFF, 0x04, 0x03, 0x03, 0xFF,
  0x04, 0x03, 0x03, 0xFF, 0x04, 0x03, 0x03, 0xFF, 0x04, 0x03, 0x03, 0xFF, 0x04, 0x03, 0x03, 0xFF, 0x04, 0x03, 0x03, 0xFF, 0x04, 0x03, 0x04, 0xFF,
  0x04, 0x03, 0x04, 0xFF, 0x04, 0x03, 0x04, 0xFF, 0x04, 0x03, 0x04, 0xFF, 0x04, 0x03, 0x04, 0xFF, 0x04, 0x03, 0x03, 0xFF, 0x04, 0x03, 0x03, 0xFF,
  0x04, 0x03, 0x03, 0xFF, 0x04, 0x03, 0x03, 0xFF, 0x04, 0x03, 0x04, 0xFF, 0x04, 0x03, 0x04, 0xFF, 0x04, 0x03, 0x04, 0xFF, 0x04, 0x03, 0x04, 0xFF,
  0x04, 0x03, 0x04, 0xFF, 0x04, 0x03, 0x03, 0xFF, 0x04, 0x03, 0x03, 0xFF, 0x04, 0x03, 0x03, 0xFF, 0x04, 0x03, 0x03, 0xFF, 0x04, 0x03, 0x03, 0xFF,
  0x04, 0x03, 0x03, 0xFF, 0x04, 0x03, 0x03, 0xFF, 0x04, 0x03, 0x03, 0xFF, 0x04, 0x03, 0x03, 0xFF, 0x04, 0x03, 0x03, 0xFF, 0x04, 0x03, 0x03, 0xFF,
  0x04, 0x03, 0x03, 0xFF, 0x04, 0x03, 0x03, 0xFF, 0x04, 0x03, 0x03, 0xFF, 0x04, 0x03, 0x03, 0xFF, 0x04, 0x03, 0x03, 0xFF, 0x04, 0x03, 0x03, 0xFF,
  0x04, 0x03, 0x03, 0xFF, 0x04, 0x03, 0x03, 0xFF, 0x04, 0x03, 0x03, 0xFF, 0x04, 0x03, 0x03, 0xFF, 0x04, 0x03, 0x03, 0xFF, 0x04, 0x03, 0x03, 0xFF,
  0x04, 0x03, 0x03, 0xFF, 0x04, 0x03, 0x03, 0xFF, 0x04, 0x03, 0x03, 0xFF, 0x04, 0x03, 0x03, 0xFF, 0x04, 0x03, 0x03, 0xFF, 0x04, 0x03, 0x03, 0xFF,
  0x04, 0x03, 0x03, 0xFF, 0x04, 0x03, 0x03, 0xFF, 0x04, 0x03, 0x03, 0xFF, 0x04, 0x03, 0x03, 0xFF, 0x04, 0x03, 0x03, 0xFF, 0x04, 0x03, 0x03, 0xFF,
  0x04, 0x03, 0x03, 0xFF, 0x04, 0x03, 0x03, 0xFF, 0x04, 0x03, 0x03, 0xFF, 0x04, 0x03, 0x03, 0xFF, 0x04, 0x03, 0x03, 0xFF, 0x04, 0x03, 0x04, 0xFF,
  0x04, 0x03, 0x04, 0xFF, 0x04, 0x03, 0x03, 0xFF, 0x04, 0x03, 0x03, 0xFF, 0x04, 0x03, 0x03, 0xFF, 0x04, 0x03, 0x03, 0xFF, 0x04, 0x03, 0x03, 0xFF,
  0x04, 0x03, 0x03, 0xFF, 0x04, 0x03, 0x04, 0xFF, 0x04, 0x03, 0x04, 0xFF, 0x04, 0x03, 0x04, 0xFF, 0x04, 0x03, 0x04, 0xFF, 0x04, 0x03, 0x04, 0xFF,
  0x04, 0x03, 0x04, 0xFF, 0x04, 0x03, 0x03, 0xFF, 0x04, 0x03, 0x03, 0xFF, 0x04, 0x03, 0x03, 0xFF, 0x04, 0x03, 0x03, 0xFF, 0x04, 0x03, 0x03, 0xFF,
  0x04, 0x03, 0x04, 0xFF, 0x04, 0x03, 0x04, 0xFF, 0x04, 0x03, 0x04, 0xFF, 0x04, 0x03, 0x04, 0xFF, 0x04, 0x03, 0x05, 0xFF, 0x05, 0x03, 0x0A, 0xFF,
  0x09, 0x04, 0x1E, 0xFF, 0x13, 0x04, 0x51, 0xFF, 0x21, 0x03, 0x9C, 0xFF, 0x25, 0x03, 0xBD, 0xFF, 0x23, 0x02, 0xBF, 0xFF, 0x0E, 0x02, 0x9E, 0xFF,
  0x3E, 0x49, 0xDE, 0xFF, 0x74, 0x97, 0xF9, 0xFF, 0x76, 0x9F, 0xFA, 0xFF, 0x1B, 0x1E, 0xE9, 0xFF, 0x28, 0x05, 0xDB, 0xFF, 0x18, 0x0A, 0x69, 0xFF,
  0x09, 0x06, 0x1E, 0xFF, 0x06, 0x04, 0x0C, 0xFF, 0x04, 0x03, 0x04, 0xFF, 0x04, 0x03, 0x03, 0xFF, 0x04, 0x03, 0x03, 0xFF, 0x04, 0x03, 0x03, 0xFF,
  0x04, 0x03, 0x03, 0xFF, 0x04, 0x03, 0x03, 0xFF, 0x04, 0x03, 0x03, 0xFF, 0x04, 0x03, 0x03, 0xFF, 0x04, 0x03, 0x03, 0xFF, 0x04, 0x03, 0x03, 0xFF,
  0x04, 0x03, 0x03, 0xFF, 0x04, 0x03, 0x03, 0xFF, 0x04, 0x03, 0x03, 0xFF, 0x04, 0x03, 0x03, 0xFF, 0x04, 0x03, 0x03, 0xFF, 0x04, 0x03, 0x03, 0xFF,
  0x04, 0x03, 0x03, 0xFF, 0x04, 0x03, 0x03, 0xFF, 0x04, 0x03, 0x03, 0xFF, 0x04, 0x03, 0x04, 0xFF, 0x04, 0x04, 0x05, 0xFF, 0x04, 0x07, 0x0A, 0xFF,
  0x05, 0x0E, 0x18, 0xFF, 0x05, 0x1E, 0x39, 0xFF, 0x03, 0x35, 0x79, 0xFF, 0x02, 0x69, 0xD9, 0xFF, 0x32, 0xEF, 0xF9, 0xFF, 0x53, 0xF9, 0xFB, 0xFF,
  0x40, 0xF2, 0xF9, 0xFF, 0x04, 0x65, 0xC2, 0xFF, 0x01, 0x3D, 0xB2, 0xFF, 0x01, 0x47, 0xBA, 0xFF, 0x01, 0x47, 0xB7, 0xFF, 0x01, 0x44, 0xAA, 0xFF,
  0x02, 0x33, 0x80, 0xFF, 0x03, 0x1E, 0x47, 0xFF, 0x03, 0x16, 0x31, 0xFF, 0x03, 0x0F, 0x21, 0xFF, 0x04, 0x0A, 0x14, 0xFF, 0x04, 0x07, 0x0D, 0xFF,
  0x04, 0x05, 0x08, 0xFF, 0x04, 0x04, 0x06, 0xFF, 0x04, 0x04, 0x05, 0xFF, 0x04, 0x04, 0x05, 0xFF, 0x04, 0x04, 0x06, 0xFF, 0x04, 0x06, 0x0A, 0xFF,
  0x04, 0x0E, 0x1D, 0xFF, 0x03, 0x2B, 0x5F, 0xFF, 0x02, 0x56, 0xA7, 0xFF, 0x02, 0x49, 0x9C, 0xFF, 0x03, 0x16, 0x2E, 0xFF, 0x04, 0x06, 0x09, 0xFF,
  0x04, 0x04, 0x05, 0xFF, 0x04, 0x03, 0x03, 0xFF, 0x04, 0x03, 0x03, 0xFF, 0x04, 0x03, 0x03, 0xFF, 0x04, 0x03, 0x03, 0xFF, 0x04, 0x03, 0x03, 0xFF,
  0x04, 0x03, 0x03, 0xFF, 0x04, 0x03, 0x04, 0xFF, 0x04, 0x03, 0x03, 0xFF, 0x04, 0x03, 0x03, 0xFF, 0x04, 0x03, 0x03, 0xFF, 0x04, 0x03, 0x04, 0xFF,
  0x04, 0x03, 0x04, 0xFF, 0x04, 0x03, 0x04, 0xFF, 0x04, 0x03, 0x03, 0xFF, 0x04, 0x03, 0x03, 0xFF, 0x04, 0x03, 0x03, 0xFF, 0x04, 0x03, 0x03, 0xFF,
  0x04, 0x03, 0x03, 0xFF, 0x04, 0x03, 0x03, 0xFF, 0x04, 0x03, 0x03, 0xFF, 0x04, 0x03, 0x03, 0xFF, 0x04, 0x03, 0x03, 0xFF, 0x04, 0x03, 0x03, 0xFF,
  0x04, 0x03, 0x03, 0xFF, 0x04, 0x03, 0x03, 0xFF, 0x04, 0x03, 0x03, 0xFF, 0x04, 0x03, 0x03, 0xFF, 0x04, 0x03, 0x03, 0xFF, 0x04, 0x03, 0x04, 0xFF,
  0x04, 0x03, 0x04, 0xFF, 0x04, 0x03, 0x04, 0xFF, 0x04, 0x04, 0x05, 0xFF, 0x04, 0x06, 0x09, 0xFF, 0x04, 0x08, 0x0E, 0xFF, 0x04, 0x09, 0x11, 0xFF,
  0x04, 0x09, 0x0F, 0xFF, 0x04, 0x06, 0x0A, 0xFF, 0x04, 0x04, 0x05, 0xFF, 0x04, 0x03, 0x04, 0xFF, 0x04, 0x03, 0x03, 0xFF, 0x04, 0x03, 0x03, 0xFF,
  0x04, 0x03, 0x03, 0xFF, 0x04, 0x03, 0x03, 0xFF, 0x04, 0x03, 0x03, 0xFF, 0x04, 0x03, 0x03, 0xFF, 0x04, 0x03, 0x03, 0xFF, 0x04, 0x03, 0x03, 0xFF,
  0x04, 0x03, 0x04, 0xFF, 0x04, 0x03, 0x04, 0xFF, 0x04, 0x03, 0x04, 0xFF, 0x04, 0x03, 0x03, 0xFF, 0x04, 0x03, 0x03, 0xFF, 0x04, 0x03, 0x03, 0xFF,
  0x04, 0x03, 0x03, 0xFF, 0x04, 0x03, 0x04, 0xFF, 0x04, 0x03, 0x04, 0xFF, 0x04, 0x03, 0x04, 0xFF, 0x04, 0x03, 0x04, 0xFF, 0x04, 0x03, 0x04, 0xFF,
  0x04, 0x03, 0x03, 0xFF, 0x04, 0x03, 0x04, 0xFF, 0x04, 0x03, 0x04, 0xFF, 0x04, 0x03, 0x04, 0xFF, 0x04, 0x03, 0x03, 0xFF, 0x04, 0x03, 0x03, 0xFF,
  0x04, 0x03, 0x03, 0xFF, 0x04, 0x03, 0x03, 0xFF, 0x04, 0x03, 0x03, 0xFF, 0x04, 0x03, 0x03, 0xFF, 0x04, 0x03, 0x03, 0xFF, 0x04, 0x03, 0x03, 0xFF,
  0x04, 0x03, 0x03, 0xFF, 0x04, 0x03, 0x03, 0xFF, 0x04, 0x03, 0x03, 0xFF, 0x04, 0x03, 0x03, 0xFF, 0x04, 0x03, 0x03, 0xFF, 0x04, 0x03, 0x03, 0xFF,
  0x04, 0x03, 0x03, 0xFF, 0x04, 0x03, 0x03, 0xFF, 0x04, 0x03, 0x03, 0xFF, 0x04, 0x03, 0x03, 0xFF, 0x04, 0x03, 0x03, 0xFF, 0x04, 0x03, 0x03, 0xFF,
  0x04, 0x03, 0x03, 0xFF, 0x04, 0x03, 0x03, 0xFF, 0x04, 0x03, 0x03, 0xFF, 0x04, 0x03, 0x03, 0xFF, 0x04, 0x03, 0x03, 0xFF, 0x04, 0x03, 0x03, 0xFF,
  0x04, 0x03, 0x03, 0xFF, 0x04, 0x03, 0x03, 0xFF, 0x04, 0x03, 0x03, 0xFF, 0x04, 0x03, 0x03, 0xFF, 0x04, 0x03, 0x03, 0xFF, 0x04, 0x03, 0x03, 0xFF,
  0x04, 0x03, 0x03, 0xFF, 0x04, 0x03, 0x03, 0xFF, 0x04, 0x03, 0x04, 0xFF, 0x04, 0x03, 0x04, 0xFF, 0x04, 0x03, 0x04, 0xFF, 0x04, 0x03, 0x04, 0xFF,
  0x04, 0x03, 0x04, 0xFF, 0x04, 0x03, 0x03, 0xFF, 0x04, 0x03, 0x03, 0xFF, 0x04, 0x03, 0x03, 0xFF, 0x04, 0x03, 0x03, 0xFF, 0x04, 0x03, 0x03, 0xFF,
  0x04, 0x03, 0x03, 0xFF, 0x04, 0x03, 0x03, 0xFF, 0x04, 0x03, 0x04, 0xFF, 0x04, 0x03, 0x04, 0xFF, 0x04, 0x03, 0x04, 0xFF, 0x04, 0x03, 0x04, 0xFF,
  0x04, 0x03, 0x04, 0xFF, 0x04, 0x03, 0x03, 0xFF, 0x04, 0x03, 0x03, 0xFF, 0x04, 0x03, 0x03, 0xFF, 0x04, 0x03, 0x03, 0xFF, 0x04, 0x03, 0x03, 0xFF,
  0x04, 0x03, 0x04, 0xFF, 0x04, 0x03, 0x04, 0xFF, 0x04, 0x03, 0x04, 0xFF, 0x04, 0x03, 0x06, 0xFF, 0x06, 0x03, 0x0C, 0xFF, 0x09, 0x04, 0x1D, 0xFF,
  0x11, 0x04, 0x4A, 0xFF, 0x20, 0x04, 0x9A, 0xFF, 0x26, 0x03, 0xC0, 0xFF, 0x23, 0x02, 0xC2, 0xFF, 0x11, 0x01, 0xA3, 0xFF, 0x27, 0x2F, 0xD4, 0xFF,
  0x72, 0x96, 0xF8, 0xFF, 0x78, 0xA1, 0xF9, 0xFF, 0x33, 0x43, 0xF3, 0xFF, 0x21, 0x04, 0xD6, 0xFF, 0x1C, 0x0A, 0x7E, 0xFF, 0x0C, 0x07, 0x2D, 0xFF,
  0x06, 0x04, 0x0E, 0xFF, 0x05, 0x03, 0x06, 0xFF, 0x04, 0x03, 0x04, 0xFF, 0x04, 0x03, 0x03, 0xFF, 0x04, 0x03, 0x03, 0xFF, 0x04, 0x03, 0x03, 0xFF,
  0x04, 0x03, 0x03, 0xFF, 0x04, 0x03, 0x03, 0xFF, 0x04, 0x03, 0x03, 0xFF, 0x04, 0x03, 0x03, 0xFF, 0x04, 0x03, 0x03, 0xFF, 0x04, 0x03, 0x03, 0xFF,
  0x04, 0x03, 0x03, 0xFF, 0x04, 0x03, 0x03, 0xFF, 0x04, 0x03, 0x03, 0xFF, 0x04, 0x03, 0x03, 0xFF, 0x04, 0x03, 0x03, 0xFF, 0x04, 0x03, 0x03, 0xFF,
  0x04, 0x03, 0x03, 0xFF, 0x04, 0x03, 0x03, 0xFF, 0x04, 0x03, 0x03, 0xFF, 0x04, 0x03, 0x04, 0xFF, 0x04, 0x04, 0x04, 0xFF, 0x04, 0x05, 0x06, 0xFF,
  0x04, 0x08, 0x0D, 0xFF, 0x05, 0x11, 0x1E, 0xFF, 0x05, 0x23, 0x44, 0xFF, 0x04, 0x4A, 0xAC, 0xFF, 0x03, 0x74, 0xDE, 0xFF, 0x40, 0xF1, 0xFA, 0xFF,
  0x5A, 0xFA, 0xFB, 0xFF, 0x3E, 0xEE, 0xF8, 0xFF, 0x04, 0x66, 0xC3, 0xFF, 0x01, 0x3B, 0xB0, 0xFF, 0x00, 0x48, 0xBB, 0xFF, 0x01, 0x48, 0xB6, 0xFF,
  0x01, 0x44, 0xAC, 0xFF, 0x02, 0x36, 0x82, 0xFF, 0x02, 0x24, 0x55, 0xFF, 0x03, 0x17, 0x35, 0xFF, 0x03, 0x0E, 0x1E, 0xFF, 0x04, 0x09, 0x11, 0xFF,
  0x04, 0x07, 0x0C, 0xFF, 0x04, 0x05, 0x08, 0xFF, 0x04, 0x04, 0x06, 0xFF, 0x04, 0x04, 0x05, 0xFF, 0x04, 0x04, 0x05, 0xFF, 0x04, 0x04, 0x06, 0xFF,
  0x04, 0x06, 0x0B, 0xFF, 0x04, 0x0C, 0x17, 0xFF, 0x03, 0x14, 0x2B, 0xFF, 0x04, 0x17, 0x31, 0xFF, 0x04, 0x0D, 0x19, 0xFF, 0x04, 0x05, 0x08, 0xFF,
  0x04, 0x04, 0x05, 0xFF, 0x04, 0x03, 0x03, 0xFF, 0x04, 0x03, 0x03, 0xFF, 0x04, 0x03, 0x03, 0xFF, 0x04, 0x03, 0x03, 0xFF, 0x04, 0x03, 0x03, 0xFF,
  0x04, 0x03, 0x04, 0xFF, 0x04, 0x03, 0x04, 0xFF, 0x04, 0x03, 0x03, 0xFF, 0x04, 0x03, 0x03, 0xFF, 0x04, 0x03, 0x03, 0xFF, 0x04, 0x03, 0x04, 0xFF,
  0x04, 0x03, 0x04, 0xFF, 0x04, 0x03, 0x04, 0xFF, 0x04, 0x03, 0x03, 0xFF, 0x04, 0x03, 0x04, 0xFF, 0x04, 0x03, 0x03, 0xFF, 0x04, 0x03, 0x03, 0xFF,
  0x04, 0x03, 0x04, 0xFF, 0x04, 0x03, 0x04, 0xFF, 0x04, 0x03, 0x04, 0xFF, 0x04, 0x03, 0x04, 0xFF, 0x04, 0x03, 0x03, 0xFF, 0x04, 0x03, 0x03, 0xFF,
  0x04, 0x03, 0x03, 0xFF, 0x04, 0x03, 0x03, 0xFF, 0x04, 0x03, 0x03, 0xFF, 0x04, 0x03, 0x03, 0xFF, 0x04, 0x03, 0x03, 0xFF, 0x04, 0x03, 0x04, 0xFF,
  0x04, 0x03, 0x04, 0xFF, 0x04, 0x03, 0x04, 0xFF, 0x04, 0x03, 0x04, 0xFF, 0x04, 0x04, 0x05, 0xFF, 0x04, 0x04, 0x05, 0xFF, 0x04, 0x04, 0x06, 0xFF,
  0x04, 0x04, 0x05, 0xFF, 0x04, 0x04, 0x05, 0xFF, 0x04, 0x03, 0x04, 0xFF, 0x04, 0x03, 0x04, 0xFF, 0x04, 0x03, 0x03, 0xFF, 0x04, 0x03, 0x03, 0xFF,
  0x04, 0x03, 0x03, 0xFF, 0x04, 0x03, 0x03, 0xFF, 0x04, 0x03, 0x03, 0xFF, 0x04, 0x03, 0x03, 0xFF, 0x04, 0x03, 0x03, 0xFF, 0x04, 0x03, 0x03, 0xFF,
  0x04, 0x03, 0x04, 0xFF, 0x04, 0x03, 0x04, 0xFF, 0x04, 0x03, 0x04, 0xFF, 0x04, 0x03, 0x03, 0xFF, 0x04, 0x03, 0x03, 0xFF, 0x04, 0x03, 0x03, 0xFF,
  0x04, 0x03, 0x03, 0xFF, 0x04, 0x03, 0x03, 0xFF, 0x04, 0x03, 0x03, 0xFF, 0x04, 0x03, 0x04, 0xFF, 0x04, 0x03, 0x04, 0xFF, 0x04, 0x03, 0x04, 0xFF,
  0x04, 0x03, 0x03, 0xFF, 0x04, 0x03, 0x03, 0xFF, 0x04, 0x03, 0x03, 0xFF, 0x04, 0x03, 0x03, 0xFF, 0x04, 0x03, 0x03, 0xFF, 0x04, 0x03, 0x03, 0xFF,
  0x04, 0x03, 0x03, 0xFF, 0x04, 0x03, 0x03, 0xFF, 0x04, 0x03, 0x03, 0xFF, 0x04, 0x03, 0x03, 0xFF, 0x04, 0x03, 0x03, 0xFF, 0x04, 0x03, 0x03, 0xFF,
  0x04, 0x03, 0x03, 0xFF, 0x04, 0x03, 0x03, 0xFF, 0x04, 0x03, 0x03, 0xFF, 0x04, 0x03, 0x03, 0xFF, 0x04, 0x03, 0x03, 0xFF, 0x04, 0x03, 0x03, 0xFF,
  0x04, 0x03, 0x03, 0xFF, 0x04, 0x03, 0x03, 0xFF, 0x04, 0x03, 0x03, 0xFF, 0x04, 0x03, 0x03, 0xFF, 0x04, 0x03, 0x03, 0xFF, 0x04, 0x03, 0x03, 0xFF,
  0x04, 0x03, 0x03, 0xFF, 0x04, 0x03, 0x03, 0xFF, 0x04, 0x03, 0x03, 0xFF, 0x04, 0x03, 0x03, 0xFF, 0x04, 0x03, 0x03, 0xFF, 0x04, 0x03, 0x04, 0xFF,
  0x04, 0x03, 0x04, 0xFF, 0x04, 0x03, 0x03, 0xFF, 0x04, 0x03, 0x03, 0xFF, 0x04, 0x03, 0x03, 0xFF, 0x04, 0x03, 0x03, 0xFF, 0x04, 0x03, 0x03, 0xFF,
  0x04, 0x03, 0x03, 0xFF, 0x04, 0x03, 0x03, 0xFF, 0x04, 0x03, 0x04, 0xFF, 0x04, 0x03, 0x04, 0xFF, 0x04, 0x03, 0x04, 0xFF, 0x04, 0x03, 0x04, 0xFF,
  0x04, 0x03, 0x04, 0xFF, 0x04, 0x03, 0x04, 0xFF, 0x04, 0x03, 0x04, 0xFF, 0x04, 0x03, 0x04, 0xFF, 0x04, 0x03, 0x04, 0xFF, 0x04, 0x03, 0x03, 0xFF,
  0x04, 0x03, 0x03, 0xFF, 0x04, 0x03, 0x03, 0xFF, 0x04, 0x03, 0x05, 0xFF, 0x04, 0x03, 0x05, 0xFF, 0x04, 0x03, 0x04, 0xFF, 0x04, 0x03, 0x04, 0xFF,
  0x04, 0x03, 0x04, 0xFF, 0x04, 0x03, 0x04, 0xFF, 0x04, 0x03, 0x03, 0xFF, 0x04, 0x03, 0x04, 0xFF, 0x04, 0x03, 0x03, 0xFF, 0x04, 0x03, 0x03, 0xFF,
  0x04, 0x03, 0x04, 0xFF, 0x04, 0x03, 0x04, 0xFF, 0x05, 0x03, 0x08, 0xFF, 0x07, 0x04, 0x12, 0xFF, 0x0A, 0x04, 0x24, 0xFF, 0x13, 0x05, 0x50, 0xFF,
  0x1E, 0x04, 0x90, 0xFF, 0x27, 0x03, 0xBD, 0xFF, 0x21, 0x02, 0xBE, 0xFF, 0x11, 0x01, 0xA1, 0xFF, 0x28, 0x30, 0xD2, 0xFF, 0x6F, 0x94, 0xF7, 0xFF,
  0x75, 0xA0, 0xF9, 0xFF, 0x38, 0x4B, 0xF3, 0xFF, 0x1B, 0x02, 0xDE, 0xFF, 0x1E, 0x08, 0x8E, 0xFF, 0x0F, 0x09, 0x3D, 0xFF, 0x08, 0x05, 0x15, 0xFF,
  0x05, 0x03, 0x07, 0xFF, 0x04, 0x03, 0x04, 0xFF, 0x04, 0x03, 0x03, 0xFF, 0x04, 0x03, 0x03, 0xFF, 0x04, 0x03, 0x03, 0xFF, 0x04, 0x03, 0x03, 0xFF,
  0x04, 0x03, 0x03, 0xFF, 0x04, 0x03, 0x03, 0xFF, 0x04, 0x03, 0x03, 0xFF, 0x04, 0x03, 0x03, 0xFF, 0x04, 0x03, 0x03, 0xFF, 0x04, 0x03, 0x03, 0xFF,
  0x04, 0x03, 0x03, 0xFF, 0x04, 0x03, 0x03, 0xFF, 0x04, 0x03, 0x03, 0xFF, 0x04, 0x03, 0x03, 0xFF, 0x04, 0x03, 0x03, 0xFF, 0x04, 0x03, 0x03, 0xFF,
  0x04, 0x03, 0x03, 0xFF, 0x04, 0x03, 0x03, 0xFF, 0x04, 0x03, 0x03, 0xFF, 0x04, 0x03, 0x03, 0xFF, 0x04, 0x03, 0x04, 0xFF, 0x04, 0x04, 0x05, 0xFF,
  0x04, 0x06, 0x08, 0xFF, 0x04, 0x0A, 0x11, 0xFF, 0x05, 0x14, 0x24, 0xFF, 0x05, 0x2B, 0x56, 0xFF, 0x03, 0x45, 0xA9, 0xFF, 0x06, 0x81, 0xDC, 0xFF,
  0x44, 0xF6, 0xFA, 0xFF, 0x55, 0xF8, 0xFB, 0xFF, 0x43, 0xF4, 0xFA, 0xFF, 0x07, 0x7C, 0xCF, 0xFF, 0x00, 0x39, 0xAE, 0xFF, 0x01, 0x48, 0xB7, 0xFF,
  0x00, 0x47, 0xB5, 0xFF, 0x01, 0x45, 0xAB, 0xFF, 0x01, 0x3E, 0x96, 0xFF, 0x02, 0x2C, 0x68, 0xFF, 0x03, 0x19, 0x3A, 0xFF, 0x03, 0x11, 0x24, 0xFF,
  0x04, 0x0C, 0x18, 0xFF, 0x04, 0x09, 0x11, 0xFF, 0x04, 0x07, 0x0B, 0xFF, 0x04, 0x05, 0x07, 0xFF, 0x04, 0x04, 0x05, 0xFF, 0x04, 0x04, 0x06, 0xFF,
  0x04, 0x05, 0x07, 0xFF, 0x04, 0x05, 0x08, 0xFF, 0x04, 0x06, 0x09, 0xFF, 0x04, 0x06, 0x0A, 0xFF, 0x04, 0x06, 0x09, 0xFF, 0x04, 0x05, 0x06, 0xFF,
  0x04, 0x04, 0x05, 0xFF, 0x04, 0x03, 0x04, 0xFF, 0x04, 0x03, 0x03, 0xFF, 0x04, 0x03, 0x04, 0xFF, 0x04, 0x03, 0x04, 0xFF, 0x04, 0x03, 0x04, 0xFF,
  0x04, 0x03, 0x04, 0xFF, 0x04, 0x03, 0x04, 0xFF, 0x04, 0x03, 0x04, 0xFF, 0x04, 0x03, 0x03, 0xFF, 0x04, 0x03, 0x03, 0xFF, 0x04, 0x03, 0x04, 0xFF,
  0x04, 0x03, 0x04, 0xFF, 0x04, 0x03, 0x04, 0xFF, 0x04, 0x03, 0x04, 0xFF, 0x04, 0x03, 0x04, 0xFF, 0x04, 0x03, 0x04, 0xFF, 0x04, 0x03, 0x04, 0xFF,
  0x04, 0x03, 0x04, 0xFF, 0x04, 0x03, 0x04, 0xFF, 0x04, 0x03, 0x04, 0xFF, 0x04, 0x03, 0x04, 0xFF, 0x04, 0x03, 0x03, 0xFF, 0x04, 0x03, 0x03, 0xFF,
  0x04, 0x03, 0x03, 0xFF, 0x04, 0x03, 0x03, 0xFF, 0x04, 0x03, 0x03, 0xFF, 0x04, 0x03, 0x04, 0xFF, 0x04, 0x03, 0x04, 0xFF, 0x04, 0x03, 0x04, 0xFF,
  0x04, 0x03, 0x04, 0xFF, 0x04, 0x04, 0x05, 0xFF, 0x04, 0x04, 0x05, 0xFF, 0x04, 0x04, 0x05, 0xFF, 0x04, 0x04, 0x05, 0xFF, 0x04, 0x04, 0x05, 0xFF,
  0x04, 0x03, 0x04, 0xFF, 0x04, 0x03, 0x04, 0xFF, 0x04, 0x03, 0x04, 0xFF, 0x04, 0x03, 0x04, 0xFF, 0x04, 0x03, 0x04, 0xFF, 0x04, 0x03, 0x04, 0xFF,
  0x04, 0x03, 0x04, 0xFF, 0x04, 0x03, 0x04, 0xFF, 0x04, 0x03, 0x03, 0xFF, 0x04, 0x03, 0x04, 0xFF, 0x04, 0x03, 0x04, 0xFF, 0x04, 0x03, 0x04, 0xFF,
  0x04, 0x03, 0x04, 0xFF, 0x04, 0x03, 0x03, 0xFF, 0x04, 0x03, 0x03, 0xFF, 0x04, 0x03, 0x03, 0xFF, 0x04, 0x03, 0x03, 0xFF, 0x04, 0x03, 0x03, 0xFF,
  0x04, 0x03, 0x03, 0xFF, 0x04, 0x03, 0x03, 0xFF, 0x04, 0x03, 0x03, 0xFF, 0x04, 0x03, 0x03, 0xFF, 0x04, 0x03, 0x03, 0xFF, 0x04, 0x03, 0x04, 0xFF,
  0x04, 0x03, 0x04, 0xFF, 0x04, 0x03, 0x03, 0xFF, 0x04, 0x03, 0x03, 0xFF, 0x04, 0x03, 0x03, 0xFF, 0x04, 0x03, 0x04, 0xFF, 0x04, 0x03, 0x04, 0xFF,
  0x04, 0x03, 0x03, 0xFF, 0x04, 0x03, 0x03, 0xFF, 0x04, 0x03, 0x03, 0xFF, 0x04, 0x03, 0x03, 0xFF, 0x04, 0x03, 0x03, 0xFF, 0x04, 0x03, 0x03, 0xFF,
  0x04, 0x03, 0x03, 0xFF, 0x04, 0x03, 0x03, 0xFF, 0x04, 0x03, 0x03, 0xFF, 0x04, 0x03, 0x03, 0xFF, 0x04, 0x03, 0x03, 0xFF, 0x04, 0x03, 0x03, 0xFF,
  0x04, 0x03, 0x03, 0xFF, 0x04, 0x03, 0x03, 0xFF, 0x04, 0x03, 0x03, 0xFF, 0x04, 0x03, 0x03, 0xFF, 0x04, 0x03, 0x03, 0xFF, 0x04, 0x03, 0x03, 0xFF,
  0x04, 0x03, 0x03, 0xFF, 0x04, 0x03, 0x03, 0xFF, 0x04, 0x03, 0x03, 0xFF, 0x04, 0x03, 0x03, 0xFF, 0x04, 0x03, 0x03, 0xFF, 0x04, 0x03, 0x03, 0xFF,
  0x04, 0x03, 0x04, 0xFF, 0x04, 0x03, 0x04, 0xFF, 0x04, 0x03, 0x03, 0xFF, 0x04, 0x03, 0x03, 0xFF, 0x04, 0x03, 0x03, 0xFF, 0x04, 0x03, 0x03, 0xFF,
  0x04, 0x03, 0x03, 0xFF, 0x04, 0x03, 0x03, 0xFF, 0x04, 0x03, 0x03, 0xFF, 0x04, 0x03, 0x04, 0xFF, 0x04, 0x03, 0x04, 0xFF, 0x04, 0x03, 0x04, 0xFF,
  0x04, 0x03, 0x04, 0xFF, 0x04, 0x03, 0x04, 0xFF, 0x04, 0x03, 0x04, 0xFF, 0x04, 0x03, 0x04, 0xFF, 0x04, 0x03, 0x04, 0xFF, 0x04, 0x03, 0x03, 0xFF,
  0x04, 0x03, 0x03, 0xFF, 0x04, 0x03, 0x03, 0xFF, 0x04, 0x03, 0x04, 0xFF, 0x04, 0x03, 0x04, 0xFF, 0x04, 0x03, 0x04, 0xFF, 0x04, 0x03, 0x04, 0xFF,
  0x04, 0x03, 0x04, 0xFF, 0x04, 0x03, 0x04, 0xFF, 0x04, 0x03, 0x04, 0xFF, 0x04, 0x03, 0x04, 0xFF, 0x04, 0x03, 0x04, 0xFF, 0x04, 0x03, 0x04, 0xFF,
  0x04, 0x03, 0x05, 0xFF, 0x05, 0x03, 0x09, 0xFF, 0x08, 0x04, 0x16, 0xFF, 0x0D, 0x05, 0x30, 0xFF, 0x16, 0x06, 0x5D, 0xFF, 0x23, 0x05, 0xA4, 0xFF,
  0x28, 0x04, 0xC0, 0xFF, 0x21, 0x02, 0xBB, 0xFF, 0x0B, 0x02, 0x98, 0xFF, 0x29, 0x30, 0xD7, 0xFF, 0x71, 0x97, 0xF7, 0xFF, 0x72, 0x9D, 0xF9, 0xFF,
  0x47, 0x5F, 0xF6, 0xFF, 0x1D, 0x03, 0xDE, 0xFF, 0x23, 0x08, 0xB1, 0xFF, 0x10, 0x08, 0x40, 0xFF, 0x09, 0x06, 0x1B, 0xFF, 0x05, 0x04, 0x0A, 0xFF,
  0x04, 0x03, 0x05, 0xFF, 0x04, 0x03, 0x04, 0xFF, 0x04, 0x03, 0x03, 0xFF, 0x04, 0x03, 0x03, 0xFF, 0x04, 0x03, 0x03, 0xFF, 0x04, 0x03, 0x03, 0xFF,
  0x04, 0x03, 0x03, 0xFF, 0x04, 0x03, 0x03, 0xFF, 0x04, 0x03, 0x03, 0xFF, 0x04, 0x03, 0x03, 0xFF, 0x04, 0x03, 0x03, 0xFF, 0x04, 0x03, 0x03, 0xFF,
  0x04, 0x03, 0x03, 0xFF, 0x04, 0x03, 0x03, 0xFF, 0x04, 0x03, 0x03, 0xFF, 0x04, 0x03, 0x03, 0xFF, 0x04, 0x03, 0x03, 0xFF, 0x04, 0x03, 0x03, 0xFF,
  0x04, 0x03, 0x03, 0xFF, 0x04, 0x03, 0x03, 0xFF, 0x04, 0x03, 0x03, 0xFF, 0x04, 0x03, 0x03, 0xFF, 0x04, 0x03, 0x04, 0xFF, 0x04, 0x03, 0x04, 0xFF,
  0x04, 0x04, 0x06, 0xFF, 0x04, 0x07, 0x0A, 0xFF, 0x04, 0x0C, 0x14, 0xFF, 0x05, 0x15, 0x27, 0xFF, 0x05, 0x28, 0x51, 0xFF, 0x03, 0x45, 0xA9, 0xFF,
  0x08, 0x91, 0xEA, 0xFF, 0x41, 0xF4, 0xFA, 0xFF, 0x59, 0xF9, 0xFB, 0xFF, 0x49, 0xF7, 0xFA, 0xFF, 0x0E, 0x95, 0xD7, 0xFF, 0x01, 0x38, 0xAA, 0xFF,
  0x00, 0x46, 0xB6, 0xFF, 0x00, 0x49, 0xB9, 0xFF, 0x00, 0x4A, 0xB7, 0xFF, 0x01, 0x44, 0xA6, 0xFF, 0x02, 0x30, 0x72, 0xFF, 0x03, 0x23, 0x54, 0xFF,
  0x03, 0x16, 0x32, 0xFF, 0x03, 0x10, 0x22, 0xFF, 0x04, 0x0B, 0x16, 0xFF, 0x04, 0x07, 0x0C, 0xFF, 0x04, 0x05, 0x08, 0xFF, 0x04, 0x05, 0x07, 0xFF,
  0x04, 0x05, 0x06, 0xFF, 0x04, 0x05, 0x06, 0xFF, 0x04, 0x04, 0x05, 0xFF, 0x04, 0x04, 0x05, 0xFF, 0x04, 0x04, 0x05, 0xFF, 0x04, 0x04, 0x05, 0xFF,
  0x04, 0x03, 0x04, 0xFF, 0x04, 0x03, 0x04, 0xFF, 0x04, 0x03, 0x04, 0xFF, 0x04, 0x03, 0x04, 0xFF, 0x04, 0x03, 0x04, 0xFF, 0x04, 0x03, 0x04, 0xFF,
  0x04, 0x03, 0x04, 0xFF, 0x04, 0x03, 0x04, 0xFF, 0x04, 0x03, 0x04, 0xFF, 0x04, 0x03, 0x04, 0xFF, 0x04, 0x03, 0x04, 0xFF, 0x04, 0x03, 0x04, 0xFF,
  0x04, 0x03, 0x04, 0xFF, 0x04, 0x03, 0x04, 0xFF, 0x04, 0x03, 0x04, 0xFF, 0x04, 0x03, 0x04, 0xFF, 0x04, 0x03, 0x04, 0xFF, 0x04, 0x03, 0x04, 0xFF,
  0x04, 0x03, 0x04, 0xFF, 0x04, 0x03, 0x04, 0xFF, 0x04, 0x03, 0x04, 0xFF, 0x04, 0x03, 0x04, 0xFF, 0x04, 0x03, 0x04, 0xFF, 0x04, 0x03, 0x04, 0xFF,
  0x04, 0x03, 0x04, 0xFF, 0x04, 0x03, 0x03, 0xFF, 0x04, 0x03, 0x03, 0xFF, 0x04, 0x03, 0x04, 0xFF, 0x04, 0x03, 0x04, 0xFF, 0x04, 0x03, 0x04, 0xFF,
  0x04, 0x03, 0x04, 0xFF, 0x04, 0x04, 0x04, 0xFF, 0x04, 0x04, 0x05, 0xFF, 0x04, 0x04, 0x05, 0xFF, 0x04, 0x04, 0x05, 0xFF, 0x04, 0x03, 0x04, 0xFF,
  0x04, 0x03, 0x04, 0xFF, 0x04, 0x03, 0x03, 0xFF, 0x04, 0x03, 0x03, 0xFF, 0x04, 0x03, 0x04, 0xFF, 0x04, 0x03, 0x04, 0xFF, 0x04, 0x03, 0x04, 0xFF,
  0x04, 0x03, 0x04, 0xFF, 0x04, 0x03, 0x04, 0xFF, 0x04, 0x03, 0x04, 0xFF, 0x04, 0x03, 0x04, 0xFF, 0x04, 0x03, 0x04, 0xFF, 0x04, 0x03, 0x04, 0xFF,
  0x04, 0x03, 0x04, 0xFF, 0x04, 0x03, 0x03, 0xFF, 0x04, 0x03, 0x03, 0xFF, 0x04, 0x03, 0x04, 0xFF, 0x04, 0x03, 0x04, 0xFF, 0x04, 0x03, 0x03, 0xFF,
  0x04, 0x03, 0x03, 0xFF, 0x04, 0x03, 0x03, 0xFF, 0x04, 0x03, 0x03, 0xFF, 0x04, 0x03, 0x03, 0xFF, 0x04, 0x03, 0x03, 0xFF, 0x04, 0x03, 0x04, 0xFF,
  0x04, 0x03, 0x04, 0xFF, 0x04, 0x03, 0x03, 0xFF, 0x04, 0x03, 0x03, 0xFF, 0x04, 0x03, 0x03, 0xFF, 0x04, 0x03, 0x04, 0xFF, 0x04, 0x03, 0x04, 0xFF,
  0x04, 0x03, 0x04, 0xFF, 0x04, 0x03, 0x03, 0xFF, 0x04, 0x03, 0x03, 0xFF, 0x04, 0x03, 0x03, 0xFF, 0x04, 0x03, 0x03, 0xFF, 0x04, 0x03, 0x03, 0xFF,
  0x04, 0x03, 0x03, 0xFF, 0x04, 0x03, 0x03, 0xFF, 0x04, 0x03, 0x03, 0xFF, 0x04, 0x03, 0x03, 0xFF, 0x04, 0x03, 0x03, 0xFF, 0x04, 0x03, 0x03, 0xFF,
  0x04, 0x03, 0x04, 0xFF, 0x04, 0x03, 0x03, 0xFF, 0x04, 0x03, 0x03, 0xFF, 0x04, 0x03, 0x03, 0xFF, 0x04, 0x03, 0x03, 0xFF, 0x04, 0x03, 0x03, 0xFF,
  0x04, 0x03, 0x03, 0xFF, 0x04, 0x03, 0x03, 0xFF, 0x04, 0x03, 0x04, 0xFF, 0x04, 0x03, 0x03, 0xFF, 0x04, 0x03, 0x03, 0xFF, 0x04, 0x03, 0x03, 0xFF,
  0x04, 0x03, 0x03, 0xFF, 0x04, 0x03, 0x04, 0xFF, 0x04, 0x03, 0x03, 0xFF, 0x04, 0x03, 0x03, 0xFF, 0x04, 0x03, 0x03, 0xFF, 0x04, 0x03, 0x03, 0xFF,
  0x04, 0x03, 0x03, 0xFF, 0x04, 0x03, 0x03, 0xFF, 0x04, 0x03, 0x03, 0xFF, 0x04, 0x03, 0x04, 0xFF, 0x04, 0x03, 0x04, 0xFF, 0x04, 0x03, 0x04, 0xFF,
  0x04, 0x03, 0x04, 0xFF, 0x04, 0x03, 0x03, 0xFF, 0x04, 0x03, 0x03, 0xFF, 0x04, 0x03, 0x04, 0xFF, 0x04, 0x03, 0x04, 0xFF, 0x04, 0x03, 0x03, 0xFF,
  0x04, 0x03, 0x03, 0xFF, 0x04, 0x03, 0x03, 0xFF, 0x04, 0x03, 0x04, 0xFF, 0x04, 0x03, 0x04, 0xFF, 0x04, 0x03, 0x04, 0xFF, 0x04, 0x03, 0x04, 0xFF,
  0x04, 0x03, 0x04, 0xFF, 0x04, 0x03, 0x04, 0xFF, 0x04, 0x03, 0x04, 0xFF, 0x04, 0x03, 0x04, 0xFF, 0x04, 0x03, 0x05, 0xFF, 0x05, 0x03, 0x08, 0xFF,
  0x06, 0x03, 0x0E, 0xFF, 0x09, 0x04, 0x1D, 0xFF, 0x10, 0x05, 0x3E, 0xFF, 0x1A, 0x06, 0x74, 0xFF, 0x25, 0x05, 0xAA, 0xFF, 0x28, 0x05, 0xC0, 0xFF,
  0x1E, 0x02, 0xB5, 0xFF, 0x0B, 0x04, 0x9F, 0xFF, 0x3B, 0x4B, 0xE4, 0xFF, 0x76, 0x9B, 0xF8, 0xFF, 0x74, 0x9C, 0xF9, 0xFF, 0x49, 0x63, 0xF6, 0xFF,
  0x1C, 0x04, 0xE1, 0xFF, 0x24, 0x08, 0xB7, 0xFF, 0x15, 0x0A, 0x5F, 0xFF, 0x09, 0x06, 0x1D, 0xFF, 0x06, 0x04, 0x0D, 0xFF, 0x04, 0x03, 0x06, 0xFF,
  0x04, 0x03, 0x04, 0xFF, 0x04, 0x03, 0x03, 0xFF, 0x04, 0x03, 0x03, 0xFF, 0x04, 0x03, 0x03, 0xFF, 0x04, 0x03, 0x03, 0xFF, 0x04, 0x03, 0x03, 0xFF,
  0x04, 0x03, 0x03, 0xFF, 0x04, 0x03, 0x03, 0xFF, 0x04, 0x03, 0x03, 0xFF, 0x04, 0x03, 0x03, 0xFF, 0x04, 0x03, 0x03, 0xFF, 0x04, 0x03, 0x03, 0xFF,
  0x04, 0x03, 0x03, 0xFF, 0x04, 0x03, 0x03, 0xFF, 0x04, 0x03, 0x03, 0xFF, 0x04, 0x03, 0x03, 0xFF, 0x04, 0x03, 0x03, 0xFF, 0x04, 0x03, 0x03, 0xFF,
  0x04, 0x03, 0x03, 0xFF, 0x04, 0x03, 0x03, 0xFF, 0x04, 0x03, 0x03, 0xFF, 0x04, 0x03, 0x03, 0xFF, 0x04, 0x03, 0x04, 0xFF, 0x04, 0x03, 0x04, 0xFF,
  0x04, 0x04, 0x04, 0xFF, 0x04, 0x04, 0x06, 0xFF, 0x04, 0x07, 0x0A, 0xFF, 0x05, 0x0B, 0x13, 0xFF, 0x05, 0x15, 0x25, 0xFF, 0x05, 0x2D, 0x5A, 0xFF,
  0x03, 0x4B, 0xB6, 0xFF, 0x05, 0x77, 0xE0, 0xFF, 0x36, 0xEA, 0xF8, 0xFF, 0x52, 0xF8, 0xFA, 0xFF, 0x51, 0xF8, 0xFA, 0xFF, 0x24, 0xC7, 0xEB, 0xFF,
  0x02, 0x4E, 0xB5, 0xFF, 0x00, 0x40, 0xB3, 0xFF, 0x00, 0x4A, 0xBA, 0xFF, 0x01, 0x4B, 0xB9, 0xFF, 0x01, 0x45, 0xAB, 0xFF, 0x01, 0x3F, 0x98, 0xFF,
  0x02, 0x32, 0x75, 0xFF, 0x03, 0x25, 0x56, 0xFF, 0x03, 0x1D, 0x40, 0xFF, 0x04, 0x12, 0x26, 0xFF, 0x04, 0x0D, 0x19, 0xFF, 0x04, 0x09, 0x11, 0xFF,
  0x04, 0x07, 0x0C, 0xFF, 0x04, 0x06, 0x0A, 0xFF, 0x04, 0x06, 0x08, 0xFF, 0x04, 0x05, 0x07, 0xFF, 0x04, 0x05, 0x06, 0xFF, 0x04, 0x04, 0x06, 0xFF,
  0x04, 0x04, 0x05, 0xFF, 0x04, 0x03, 0x04, 0xFF, 0x04, 0x03, 0x04, 0xFF, 0x04, 0x03, 0x04, 0xFF, 0x04, 0x03, 0x04, 0xFF, 0x04, 0x03, 0x04, 0xFF,
  0x04, 0x03, 0x04, 0xFF, 0x04, 0x03, 0x04, 0xFF, 0x04, 0x03, 0x04, 0xFF, 0x04, 0x03, 0x04, 0xFF, 0x04, 0x03, 0x04, 0xFF, 0x04, 0x03, 0x04, 0xFF,
  0x04, 0x03, 0x04, 0xFF, 0x04, 0x03, 0x04, 0xFF, 0x04, 0x03, 0x04, 0xFF, 0x04, 0x04, 0x04, 0xFF, 0x04, 0x04, 0x04, 0xFF, 0x04, 0x04, 0x04, 0xFF,
  0x04, 0x04, 0x04, 0xFF, 0x04, 0x04, 0x04, 0xFF, 0x04, 0x04, 0x04, 0xFF, 0x04, 0x04, 0x04, 0xFF, 0x04, 0x03, 0x04, 0xFF, 0x04, 0x03, 0x04, 0xFF,
  0x04, 0x03, 0x04, 0xFF, 0x04, 0x03, 0x04, 0xFF, 0x04, 0x03, 0x04, 0xFF, 0x04, 0x03, 0x04, 0xFF, 0x04, 0x03, 0x04, 0xFF, 0x04, 0x03, 0x04, 0xFF,
  0x04, 0x03, 0x04, 0xFF, 0x04, 0x04, 0x04, 0xFF, 0x04, 0x04, 0x04, 0xFF, 0x04, 0x04, 0x05, 0xFF, 0x04, 0x04, 0x05, 0xFF, 0x04, 0x04, 0x04, 0xFF,
  0x04, 0x03, 0x04, 0xFF, 0x04, 0x03, 0x04, 0xFF, 0x04, 0x03, 0x04, 0xFF, 0x04, 0x03, 0x04, 0xFF, 0x04, 0x03, 0x04, 0xFF, 0x04, 0x03, 0x04, 0xFF,
  0x04, 0x03, 0x04, 0xFF, 0x04, 0x03, 0x04, 0xFF, 0x04, 0x03, 0x04, 0xFF, 0x04, 0x03, 0x04, 0xFF, 0x04, 0x03, 0x04, 0xFF, 0x04, 0x03, 0x04, 0xFF,
  0x04, 0x03, 0x04, 0xFF, 0x04, 0x03, 0x04, 0xFF, 0x04, 0x03, 0x04, 0xFF, 0x04, 0x03, 0x04, 0xFF, 0x04, 0x03, 0x04, 0xFF, 0x04, 0x03, 0x04, 0xFF,
  0x04, 0x03, 0x04, 0xFF, 0x04, 0x03, 0x03, 0xFF, 0x04, 0x03, 0x04, 0xFF, 0x04, 0x03, 0x04, 0xFF, 0x04, 0x03, 0x04, 0xFF, 0x04, 0x03, 0x04, 0xFF,
  0x04, 0x03, 0x04, 0xFF, 0x04, 0x03, 0x04, 0xFF, 0x04, 0x03, 0x04, 0xFF, 0x04, 0x03, 0x04, 0xFF, 0x04, 0x03, 0x04, 0xFF, 0x04, 0x03, 0x04, 0xFF,
  0x04, 0x03, 0x04, 0xFF, 0x04, 0x03, 0x04, 0xFF, 0x04, 0x03, 0x04, 0xFF, 0x04, 0x03, 0x04, 0xFF, 0x04, 0x03, 0x04, 0xFF, 0x04, 0x03, 0x04, 0xFF,
  0x04, 0x03, 0x03, 0xFF, 0x04, 0x03, 0x04, 0xFF, 0x04, 0x03, 0x04, 0xFF, 0x04, 0x03, 0x04, 0xFF, 0x04, 0x03, 0x04, 0xFF, 0x04, 0x03, 0x04, 0xFF,
  0x04, 0x03, 0x04, 0xFF, 0x04, 0x03, 0x04, 0xFF, 0x04, 0x03, 0x04, 0xFF, 0x04, 0x03, 0x04, 0xFF, 0x04, 0x03, 0x04, 0xFF, 0x04, 0x03, 0x04, 0xFF,
  0x04, 0x03, 0x04, 0xFF, 0x04, 0x03, 0x04, 0xFF, 0x04, 0x03, 0x04, 0xFF, 0x04, 0x03, 0x04, 0xFF, 0x04, 0x03, 0x04, 0xFF, 0x04, 0x03, 0x04, 0xFF,
  0x04, 0x03, 0x04, 0xFF, 0x04, 0x03, 0x04, 0xFF, 0x04, 0x03, 0x04, 0xFF, 0x04, 0x03, 0x04, 0xFF, 0x04, 0x03, 0x04, 0xFF, 0x04, 0x03, 0x04, 0xFF,
  0x04, 0x03, 0x04, 0xFF, 0x04, 0x03, 0x04, 0xFF, 0x04, 0x03, 0x04, 0xFF, 0x04, 0x03, 0x04, 0xFF, 0x04, 0x03, 0x04, 0xFF, 0x04, 0x03, 0x04, 0xFF,
  0x04, 0x03, 0x04, 0xFF, 0x04, 0x03, 0x04, 0xFF, 0x04, 0x03, 0x04, 0xFF, 0x04, 0x03, 0x04, 0xFF, 0x04, 0x03, 0x04, 0xFF, 0x04, 0x03, 0x04, 0xFF,
  0x04, 0x03, 0x04, 0xFF, 0x04, 0x03, 0x04, 0xFF, 0x04, 0x03, 0x04, 0xFF, 0x04, 0x03, 0x04, 0xFF, 0x04, 0x03, 0x04, 0xFF, 0x04, 0x03, 0x04, 0xFF,
  0x04, 0x03, 0x05, 0xFF, 0x04, 0x03, 0x05, 0xFF, 0x05, 0x03, 0x08, 0xFF, 0x06, 0x04, 0x0F, 0xFF, 0x08, 0x04, 0x18, 0xFF, 0x0B, 0x04, 0x26, 0xFF,
  0x10, 0x05, 0x43, 0xFF, 0x17, 0x05, 0x69, 0xFF, 0x22, 0x05, 0x9C, 0xFF, 0x28, 0x05, 0xBA, 0xFF, 0x26, 0x05, 0xBC, 0xFF, 0x17, 0x03, 0xA6, 0xFF,
  0x10, 0x11, 0xB5, 0xFF, 0x5C, 0x73, 0xF2, 0xFF, 0x76, 0x9D, 0xF9, 0xFF, 0x76, 0x9E, 0xF9, 0xFF, 0x37, 0x48, 0xF1, 0xFF, 0x1C, 0x02, 0xE0, 0xFF,
  0x23, 0x07, 0xB0, 0xFF, 0x14, 0x0A, 0x5A, 0xFF, 0x0B, 0x07, 0x2A, 0xFF, 0x06, 0x04, 0x0D, 0xFF, 0x05, 0x03, 0x06, 0xFF, 0x04, 0x03, 0x04, 0xFF,
  0x04, 0x03, 0x04, 0xFF, 0x04, 0x03, 0x03, 0xFF, 0x04, 0x03, 0x03, 0xFF, 0x04, 0x03, 0x03, 0xFF, 0x04, 0x03, 0x03, 0xFF, 0x04, 0x03, 0x03, 0xFF,
  0x04, 0x03, 0x03, 0xFF, 0x04, 0x03, 0x03, 0xFF, 0x04, 0x03, 0x03, 0xFF, 0x04, 0x03, 0x03, 0xFF, 0x04, 0x03, 0x03, 0xFF, 0x04, 0x03, 0x03, 0xFF,
  0x04, 0x03, 0x03, 0xFF, 0x04, 0x03, 0x03, 0xFF, 0x04, 0x03, 0x03, 0xFF, 0x04, 0x03, 0x03, 0xFF, 0x04, 0x03, 0x03, 0xFF, 0x04, 0x03, 0x03, 0xFF,
  0x04, 0x03, 0x03, 0xFF, 0x04, 0x03, 0x03, 0xFF, 0x04, 0x03, 0x03, 0xFF, 0x04, 0x03, 0x03, 0xFF, 0x04, 0x03, 0x04, 0xFF, 0x04, 0x03, 0x04, 0xFF,
  0x04, 0x03, 0x04, 0xFF, 0x04, 0x03, 0x04, 0xFF, 0x04, 0x05, 0x06, 0xFF, 0x04, 0x07, 0x0B, 0xFF, 0x05, 0x0B, 0x13, 0xFF, 0x05, 0x15, 0x27, 0xFF,
  0x05, 0x28, 0x51, 0xFF, 0x03, 0x42, 0x9D, 0xFF, 0x02, 0x5B, 0xD6, 0xFF, 0x1D, 0xD7, 0xF5, 0xFF, 0x4F, 0xF8, 0xFA, 0xFF, 0x59, 0xF9, 0xFB, 0xFF,
  0x41, 0xEB, 0xF9, 0xFF, 0x08, 0x7F, 0xD1, 0xFF, 0x01, 0x3A, 0xAE, 0xFF, 0x01, 0x45, 0xB5, 0xFF, 0x01, 0x49, 0xB9, 0xFF, 0x01, 0x49, 0xB5, 0xFF,
  0x01, 0x49, 0xB1, 0xFF, 0x01, 0x48, 0xAB, 0xFF, 0x02, 0x42, 0x99, 0xFF, 0x03, 0x32, 0x72, 0xFF, 0x03, 0x25, 0x50, 0xFF, 0x04, 0x17, 0x32, 0xFF,
  0x04, 0x11, 0x23, 0xFF, 0x04, 0x0D, 0x1A, 0xFF, 0x04, 0x0A, 0x13, 0xFF, 0x04, 0x09, 0x10, 0xFF, 0x04, 0x08, 0x0E, 0xFF, 0x04, 0x07, 0x0C, 0xFF,
  0x04, 0x07, 0x0A, 0xFF, 0x04, 0x06, 0x09, 0xFF, 0x04, 0x05, 0x08, 0xFF, 0x04, 0x05, 0x08, 0xFF, 0x04, 0x06, 0x08, 0xFF, 0x04, 0x05, 0x08, 0xFF,
  0x04, 0x06, 0x08, 0xFF, 0x04, 0x06, 0x08, 0xFF, 0x04, 0x05, 0x08, 0xFF, 0x04, 0x05, 0x08, 0xFF, 0x04, 0x05, 0x08, 0xFF, 0x04, 0x05, 0x08, 0xFF,
  0x04, 0x05, 0x08, 0xFF, 0x04, 0x06, 0x08, 0xFF, 0x04, 0x05, 0x08, 0xFF, 0x04, 0x05, 0x08, 0xFF, 0x04, 0x05, 0x08, 0xFF, 0x04, 0x05, 0x08, 0xFF,
  0x04, 0x06, 0x08, 0xFF, 0x04, 0x06, 0x09, 0xFF, 0x04, 0x06, 0x09, 0xFF, 0x04, 0x05, 0x08, 0xFF, 0x04, 0x05, 0x07, 0xFF, 0x04, 0x05, 0x07, 0xFF,
  0x04, 0x05, 0x07, 0xFF, 0x04, 0x05, 0x06, 0xFF, 0x04, 0x05, 0x07, 0xFF, 0x04, 0x05, 0x07, 0xFF, 0x04, 0x05, 0x08, 0xFF, 0x04, 0x05, 0x07, 0xFF,
  0x04, 0x05, 0x07, 0xFF, 0x04, 0x05, 0x07, 0xFF, 0x04, 0x05, 0x07, 0xFF, 0x04, 0x05, 0x07, 0xFF, 0x04, 0x05, 0x08, 0xFF, 0x04, 0x05, 0x07, 0xFF,
  0x04, 0x05, 0x07, 0xFF, 0x04, 0x05, 0x07, 0xFF, 0x04, 0x04, 0x06, 0xFF, 0x04, 0x04, 0x06, 0xFF, 0x04, 0x04, 0x06, 0xFF, 0x04, 0x04, 0x06, 0xFF,
  0x04, 0x04, 0x06, 0xFF, 0x04, 0x04, 0x06, 0xFF, 0x04, 0x05, 0x07, 0xFF, 0x04, 0x05, 0x07, 0xFF, 0x04, 0x04, 0x07, 0xFF, 0x04, 0x04, 0x07, 0xFF,
  0x04, 0x04, 0x06, 0xFF, 0x04, 0x04, 0x06, 0xFF, 0x04, 0x04, 0x06, 0xFF, 0x04, 0x04, 0x06, 0xFF, 0x04, 0x04, 0x06, 0xFF, 0x04, 0x04, 0x06, 0xFF,
  0x04, 0x04, 0x06, 0xFF, 0x04, 0x04, 0x06, 0xFF, 0x04, 0x04, 0x07, 0xFF, 0x04, 0x04, 0x07, 0xFF, 0x04, 0x04, 0x06, 0xFF, 0x04, 0x04, 0x06, 0xFF,
  0x04, 0x04, 0x06, 0xFF, 0x04, 0x04, 0x06, 0xFF, 0x04, 0x04, 0x06, 0xFF, 0x04, 0x04, 0x06, 0xFF, 0x04, 0x04, 0x06, 0xFF, 0x04, 0x04, 0x06, 0xFF,
  0x04, 0x04, 0x06, 0xFF, 0x04, 0x03, 0x06, 0xFF, 0x04, 0x03, 0x06, 0xFF, 0x04, 0x03, 0x06, 0xFF, 0x04, 0x03, 0x06, 0xFF, 0x04, 0x03, 0x06, 0xFF,
  0x04, 0x03, 0x05, 0xFF, 0x04, 0x03, 0x06, 0xFF, 0x04, 0x03, 0x06, 0xFF, 0x04, 0x03, 0x06, 0xFF, 0x04, 0x03, 0x06, 0xFF, 0x04, 0x03, 0x06, 0xFF,
  0x05, 0x03, 0x06, 0xFF, 0x05, 0x03, 0x06, 0xFF, 0x05, 0x03, 0x06, 0xFF, 0x04, 0x03, 0x06, 0xFF, 0x04, 0x03, 0x06, 0xFF, 0x05, 0x03, 0x06, 0xFF,
  0x05, 0x03, 0x06, 0xFF, 0x05, 0x03, 0x06, 0xFF, 0x05, 0x03, 0x06, 0xFF, 0x05, 0x03, 0x06, 0xFF, 0x05, 0x03, 0x07, 0xFF, 0x05, 0x03, 0x07, 0xFF,
  0x05, 0x03, 0x06, 0xFF, 0x05, 0x03, 0x06, 0xFF, 0x05, 0x03, 0x06, 0xFF, 0x05, 0x03, 0x06, 0xFF, 0x05, 0x03, 0x07, 0xFF, 0x05, 0x03, 0x07, 0xFF,
  0x05, 0x03, 0x07, 0xFF, 0x05, 0x03, 0x07, 0xFF, 0x05, 0x03, 0x07, 0xFF, 0x05, 0x03, 0x07, 0xFF, 0x05, 0x03, 0x07, 0xFF, 0x05, 0x03, 0x06, 0xFF,
  0x05, 0x03, 0x07, 0xFF, 0x05, 0x03, 0x07, 0xFF, 0x05, 0x03, 0x08, 0xFF, 0x05, 0x03, 0x07, 0xFF, 0x05, 0x03, 0x07, 0xFF, 0x05, 0x03, 0x06, 0xFF,
  0x05, 0x03, 0x07, 0xFF, 0x05, 0x03, 0x07, 0xFF, 0x05, 0x03, 0x07, 0xFF, 0x05, 0x03, 0x07, 0xFF, 0x05, 0x03, 0x08, 0xFF, 0x06, 0x03, 0x0A, 0xFF,
  0x06, 0x04, 0x0D, 0xFF, 0x07, 0x04, 0x13, 0xFF, 0x0A, 0x05, 0x22, 0xFF, 0x10, 0x06, 0x40, 0xFF, 0x16, 0x07, 0x5F, 0xFF, 0x1C, 0x06, 0x81, 0xFF,
  0x23, 0x05, 0xAA, 0xFF, 0x27, 0x04, 0xBD, 0xFF, 0x27, 0x04, 0xBF, 0xFF, 0x1C, 0x02, 0xAC, 0xFF, 0x0D, 0x03, 0x9D, 0xFF, 0x36, 0x3E, 0xDF, 0xFF,
  0x7A, 0x9F, 0xF9, 0xFF, 0x74, 0x9E, 0xFA, 0xFF, 0x73, 0x99, 0xFA, 0xFF, 0x28, 0x32, 0xEC, 0xFF, 0x1F, 0x03, 0xD9, 0xFF, 0x20, 0x08, 0xA2, 0xFF,
  0x11, 0x09, 0x4B, 0xFF, 0x09, 0x06, 0x1F, 0xFF, 0x06, 0x04, 0x0F, 0xFF, 0x05, 0x03, 0x07, 0xFF, 0x04, 0x03, 0x04, 0xFF, 0x04, 0x03, 0x04, 0xFF,
  0x04, 0x03, 0x04, 0xFF, 0x04, 0x03, 0x04, 0xFF, 0x04, 0x03, 0x03, 0xFF, 0x04, 0x03, 0x03, 0xFF, 0x04, 0x03, 0x03, 0xFF, 0x04, 0x03, 0x03, 0xFF,
  0x04, 0x03, 0x03, 0xFF, 0x04, 0x03, 0x03, 0xFF, 0x04, 0x03, 0x03, 0xFF, 0x04, 0x03, 0x03, 0xFF, 0x04, 0x03, 0x03, 0xFF, 0x04, 0x03, 0x03, 0xFF,
  0x04, 0x03, 0x03, 0xFF, 0x04, 0x03, 0x03, 0xFF, 0x04, 0x03, 0x03, 0xFF, 0x04, 0x03, 0x03, 0xFF, 0x04, 0x03, 0x03, 0xFF, 0x04, 0x03, 0x03, 0xFF,
  0x04, 0x03, 0x03, 0xFF, 0x04, 0x03, 0x03, 0xFF, 0x04, 0x03, 0x03, 0xFF, 0x04, 0x03, 0x03, 0xFF, 0x04, 0x03, 0x04, 0xFF, 0x04, 0x03, 0x04, 0xFF,
  0x04, 0x03, 0x04, 0xFF, 0x04, 0x03, 0x04, 0xFF, 0x04, 0x04, 0x05, 0xFF, 0x04, 0x05, 0x06, 0xFF, 0x04, 0x07, 0x0B, 0xFF, 0x05, 0x0B, 0x14, 0xFF,
  0x05, 0x15, 0x26, 0xFF, 0x06, 0x2B, 0x53, 0xFF, 0x04, 0x4A, 0xA1, 0xFF, 0x03, 0x55, 0xD1, 0xFF, 0x16, 0xB3, 0xEE, 0xFF, 0x54, 0xF7, 0xFA, 0xFF,
  0x65, 0xFB, 0xFB, 0xFF, 0x5C, 0xFA, 0xFA, 0xFF, 0x33, 0xDA, 0xF1, 0xFF, 0x06, 0x74, 0xC6, 0xFF, 0x00, 0x38, 0xA8, 0xFF, 0x01, 0x44, 0xB2, 0xFF,
  0x01, 0x4B, 0xB7, 0xFF, 0x01, 0x4C, 0xB6, 0xFF, 0x01, 0x4C, 0xB4, 0xFF, 0x01, 0x49, 0xA9, 0xFF, 0x02, 0x44, 0x9B, 0xFF, 0x02, 0x37, 0x7E, 0xFF,
  0x03, 0x2C, 0x61, 0xFF, 0x03, 0x24, 0x4D, 0xFF, 0x04, 0x1C, 0x3B, 0xFF, 0x03, 0x1A, 0x36, 0xFF, 0x04, 0x19, 0x34, 0xFF, 0x04, 0x17, 0x30, 0xFF,
  0x04, 0x16, 0x2C, 0xFF, 0x04, 0x15, 0x2A, 0xFF, 0x04, 0x14, 0x28, 0xFF, 0x04, 0x14, 0x28, 0xFF, 0x04, 0x14, 0x28, 0xFF, 0x04, 0x14, 0x28, 0xFF,
  0x04, 0x15, 0x29, 0xFF, 0x04, 0x15, 0x2A, 0xFF, 0x04, 0x15, 0x29, 0xFF, 0x04, 0x14, 0x27, 0xFF, 0x04, 0x13, 0x27, 0xFF, 0x04, 0x12, 0x24, 0xFF,
  0x04, 0x12, 0x23, 0xFF, 0x04, 0x12, 0x22, 0xFF, 0x04, 0x10, 0x20, 0xFF, 0x04, 0x11, 0x21, 0xFF, 0x04, 0x14, 0x27, 0xFF, 0x04, 0x15, 0x29, 0xFF,
  0x04, 0x14, 0x28, 0xFF, 0x04, 0x13, 0x26, 0xFF, 0x04, 0x13, 0x26, 0xFF, 0x04, 0x12, 0x25, 0xFF, 0x04, 0x12, 0x24, 0xFF, 0x04, 0x11, 0x22, 0xFF,
  0x04, 0x10, 0x20, 0xFF, 0x04, 0x10, 0x20, 0xFF, 0x04, 0x11, 0x22, 0xFF, 0x04, 0x11, 0x22, 0xFF, 0x04, 0x11, 0x24, 0xFF, 0x04, 0x13, 0x27, 0xFF,
  0x04, 0x13, 0x27, 0xFF, 0x04, 0x12, 0x27, 0xFF, 0x04, 0x12, 0x26, 0xFF, 0x05, 0x12, 0x27, 0xFF, 0x04, 0x11, 0x25, 0xFF, 0x04, 0x11, 0x26, 0xFF,
  0x04, 0x10, 0x24, 0xFF, 0x04, 0x0F, 0x22, 0xFF, 0x04, 0x0F, 0x22, 0xFF, 0x04, 0x10, 0x24, 0xFF, 0x05, 0x10, 0x25, 0xFF, 0x05, 0x0F, 0x22, 0xFF,
  0x05, 0x0E, 0x20, 0xFF, 0x05, 0x0E, 0x23, 0xFF, 0x05, 0x0F, 0x25, 0xFF, 0x06, 0x0F, 0x25, 0xFF, 0x06, 0x0D, 0x22, 0xFF, 0x05, 0x0C, 0x1F, 0xFF,
  0x06, 0x0C, 0x20, 0xFF, 0x06, 0x0D, 0x23, 0xFF, 0x06, 0x0E, 0x26, 0xFF, 0x06, 0x0E, 0x26, 0xFF, 0x06, 0x0D, 0x25, 0xFF, 0x07, 0x0C, 0x24, 0xFF,
  0x07, 0x0C, 0x25, 0xFF, 0x07, 0x0C, 0x25, 0xFF, 0x07, 0x0C, 0x26, 0xFF, 0x07, 0x0C, 0x25, 0xFF, 0x07, 0x0B, 0x24, 0xFF, 0x07, 0x0B, 0x22, 0xFF,
  0x07, 0x0A, 0x22, 0xFF, 0x07, 0x0A, 0x22, 0xFF, 0x07, 0x09, 0x21, 0xFF, 0x08, 0x0A, 0x22, 0xFF, 0x08, 0x09, 0x22, 0xFF, 0x08, 0x08, 0x20, 0xFF,
  0x08, 0x08, 0x1F, 0xFF, 0x08, 0x08, 0x1F, 0xFF, 0x09, 0x08, 0x22, 0xFF, 0x09, 0x08, 0x23, 0xFF, 0x09, 0x08, 0x23, 0xFF, 0x09, 0x08, 0x22, 0xFF,
  0x09, 0x07, 0x20, 0xFF, 0x09, 0x07, 0x21, 0xFF, 0x09, 0x07, 0x1E, 0xFF, 0x09, 0x06, 0x1C, 0xFF, 0x09, 0x06, 0x1B, 0xFF, 0x09, 0x06, 0x1A, 0xFF,
  0x09, 0x06, 0x1A, 0xFF, 0x09, 0x06, 0x1C, 0xFF, 0x09, 0x05, 0x1C, 0xFF, 0x09, 0x05, 0x1B, 0xFF, 0x09, 0x05, 0x1A, 0xFF, 0x09, 0x05, 0x1B, 0xFF,
  0x09, 0x05, 0x1D, 0xFF, 0x0A, 0x05, 0x1F, 0xFF, 0x0A, 0x05, 0x1F, 0xFF, 0x09, 0x05, 0x1D, 0xFF, 0x0A, 0x05, 0x1E, 0xFF, 0x0A, 0x04, 0x1E, 0xFF,
  0x0A, 0x05, 0x1E, 0xFF, 0x0A, 0x05, 0x1F, 0xFF, 0x0A, 0x04, 0x1F, 0xFF, 0x0B, 0x04, 0x20, 0xFF, 0x0A, 0x04, 0x20, 0xFF, 0x0A, 0x04, 0x20, 0xFF,
  0x0B, 0x05, 0x24, 0xFF, 0x0C, 0x05, 0x27, 0xFF, 0x0C, 0x05, 0x28, 0xFF, 0x0C, 0x05, 0x26, 0xFF, 0x0B, 0x05, 0x24, 0xFF, 0x0B, 0x04, 0x23, 0xFF,
  0x0B, 0x04, 0x22, 0xFF, 0x0A, 0x04, 0x20, 0xFF, 0x0B, 0x04, 0x21, 0xFF, 0x0B, 0x05, 0x23, 0xFF, 0x0B, 0x04, 0x22, 0xFF, 0x0B, 0x04, 0x22, 0xFF,
  0x0B, 0x05, 0x21, 0xFF, 0x0B, 0x05, 0x21, 0xFF, 0x0B, 0x05, 0x23, 0xFF, 0x0C, 0x05, 0x27, 0xFF, 0x0D, 0x05, 0x2D, 0xFF, 0x0F, 0x06, 0x36, 0xFF,
  0x11, 0x06, 0x43, 0xFF, 0x15, 0x06, 0x57, 0xFF, 0x1A, 0x06, 0x72, 0xFF, 0x22, 0x05, 0x9B, 0xFF, 0x27, 0x05, 0xB4, 0xFF, 0x28, 0x04, 0xBF, 0xFF,
  0x25, 0x04, 0xBE, 0xFF, 0x1B, 0x03, 0xAD, 0xFF, 0x0F, 0x02, 0xA0, 0xFF, 0x25, 0x2C, 0xC7, 0xFF, 0x61, 0x7C, 0xF7, 0xFF, 0x78, 0xA2, 0xF9, 0xFF,
  0x7C, 0xA7, 0xF9, 0xFF, 0x5C, 0x7A, 0xF8, 0xFF, 0x19, 0x16, 0xDF, 0xFF, 0x24, 0x05, 0xD7, 0xFF, 0x1E, 0x0A, 0x8D, 0xFF, 0x12, 0x0A, 0x50, 0xFF,
  0x09, 0x06, 0x21, 0xFF, 0x06, 0x04, 0x0D, 0xFF, 0x05, 0x03, 0x07, 0xFF, 0x04, 0x03, 0x04, 0xFF, 0x04, 0x03, 0x04, 0xFF, 0x04, 0x03, 0x04, 0xFF,
  0x04, 0x03, 0x03, 0xFF, 0x04, 0x03, 0x03, 0xFF, 0x04, 0x03, 0x03, 0xFF, 0x04, 0x03, 0x03, 0xFF, 0x04, 0x03, 0x03, 0xFF, 0x04, 0x03, 0x03, 0xFF,
  0x04, 0x03, 0x03, 0xFF, 0x04, 0x03, 0x03, 0xFF, 0x04, 0x03, 0x03, 0xFF, 0x04, 0x03, 0x03, 0xFF, 0x04, 0x03, 0x03, 0xFF, 0x04, 0x03, 0x03, 0xFF,
  0x04, 0x03, 0x03, 0xFF, 0x04, 0x03, 0x03, 0xFF, 0x04, 0x03, 0x03, 0xFF, 0x04, 0x03, 0x03, 0xFF, 0x04, 0x03, 0x03, 0xFF, 0x04, 0x03, 0x03, 0xFF,
  0x04, 0x03, 0x03, 0xFF, 0x04, 0x03, 0x03, 0xFF, 0x04, 0x03, 0x03, 0xFF, 0x04, 0x03, 0x03, 0xFF, 0x04, 0x03, 0x03, 0xFF, 0x04, 0x03, 0x03, 0xFF,
  0x04, 0x03, 0x03, 0xFF, 0x04, 0x03, 0x04, 0xFF, 0x04, 0x03, 0x04, 0xFF, 0x04, 0x04, 0x04, 0xFF, 0x04, 0x04, 0x06, 0xFF, 0x04, 0x06, 0x0A, 0xFF,
  0x04, 0x0A, 0x10, 0xFF, 0x05, 0x13, 0x21, 0xFF, 0x05, 0x21, 0x3F, 0xFF, 0x05, 0x33, 0x6D, 0xFF, 0x03, 0x41, 0xAB, 0xFF, 0x05, 0x73, 0xDA, 0xFF,
  0x32, 0xD4, 0xF2, 0xFF, 0x58, 0xF9, 0xFA, 0xFF, 0x5C, 0xF9, 0xFA, 0xFF, 0x5E, 0xF9, 0xFA, 0xFF, 0x3D, 0xE1, 0xF4, 0xFF, 0x0F, 0x8E, 0xCF, 0xFF,
  0x01, 0x4C, 0xB1, 0xFF, 0x00, 0x3D, 0xAB, 0xFF, 0x01, 0x47, 0xB3, 0xFF, 0x02, 0x4C, 0xB3, 0xFF, 0x02, 0x4D, 0xB3, 0xFF, 0x01, 0x4C, 0xB2, 0xFF,
  0x01, 0x4A, 0xAD, 0xFF, 0x01, 0x49, 0xA8, 0xFF, 0x01, 0x47, 0xA3, 0xFF, 0x01, 0x46, 0x9F, 0xFF, 0x01, 0x44, 0x9B, 0xFF, 0x01, 0x43, 0x98, 0xFF,
  0x02, 0x43, 0x99, 0xFF, 0x01, 0x42, 0x98, 0xFF, 0x01, 0x43, 0x98, 0xFF, 0x01, 0x44, 0x98, 0xFF, 0x02, 0x45, 0x97, 0xFF, 0x02, 0x45, 0x97, 0xFF,
  0x01, 0x43, 0x96, 0xFF, 0x01, 0x43, 0x96, 0xFF, 0x01, 0x44, 0x96, 0xFF, 0x01, 0x43, 0x96, 0xFF, 0x01, 0x42, 0x97, 0xFF, 0x01, 0x42, 0x96, 0xFF,
  0x01, 0x41, 0x94, 0xFF, 0x01, 0x41, 0x94, 0xFF, 0x01, 0x41, 0x92, 0xFF, 0x01, 0x40, 0x91, 0xFF, 0x01, 0x41, 0x94, 0xFF, 0x01, 0x3F, 0x92, 0xFF,
  0x01, 0x3F, 0x91, 0xFF, 0x01, 0x3F, 0x91, 0xFF, 0x01, 0x3F, 0x91, 0xFF, 0x01, 0x3D, 0x8F, 0xFF, 0x02, 0x3D, 0x8E, 0xFF, 0x01, 0x3C, 0x8D, 0xFF,
  0x01, 0x3B, 0x8A, 0xFF, 0x01, 0x3A, 0x8B, 0xFF, 0x01, 0x3B, 0x8E, 0xFF, 0x01, 0x3A, 0x8F, 0xFF, 0x01, 0x3A, 0x90, 0xFF, 0x01, 0x3C, 0x93, 0xFF,
  0x01, 0x3B, 0x92, 0xFF, 0x02, 0x3A, 0x92, 0xFF, 0x02, 0x3B, 0x92, 0xFF, 0x02, 0x3B, 0x93, 0xFF, 0x02, 0x39, 0x92, 0xFF, 0x02, 0x37, 0x91, 0xFF,
  0x02, 0x37, 0x92, 0xFF, 0x03, 0x36, 0x91, 0xFF, 0x03, 0x34, 0x91, 0xFF, 0x03, 0x34, 0x92, 0xFF, 0x03, 0x33, 0x93, 0xFF, 0x04, 0x32, 0x92, 0xFF,
  0x04, 0x30, 0x91, 0xFF, 0x05, 0x30, 0x92, 0xFF, 0x05, 0x2F, 0x96, 0xFF, 0x07, 0x2F, 0x97, 0xFF, 0x07, 0x2D, 0x95, 0xFF, 0x08, 0x2C, 0x93, 0xFF,
  0x09, 0x2B, 0x92, 0xFF, 0x09, 0x2A, 0x92, 0xFF, 0x0B, 0x2A, 0x94, 0xFF, 0x0B, 0x29, 0x95, 0xFF, 0x0C, 0x27, 0x96, 0xFF, 0x0D, 0x26, 0x96, 0xFF,
  0x0E, 0x25, 0x95, 0xFF, 0x0E, 0x23, 0x94, 0xFF, 0x0E, 0x22, 0x96, 0xFF, 0x10, 0x23, 0x98, 0xFF, 0x12, 0x22, 0x99, 0xFF, 0x12, 0x20, 0x97, 0xFF,
  0x11, 0x1E, 0x94, 0xFF, 0x11, 0x1C, 0x93, 0xFF, 0x12, 0x1B, 0x94, 0xFF, 0x13, 0x1C, 0x96, 0xFF, 0x14, 0x1B, 0x96, 0xFF, 0x14, 0x19, 0x95, 0xFF,
  0x15, 0x17, 0x93, 0xFF, 0x16, 0x16, 0x92, 0xFF, 0x18, 0x15, 0x96, 0xFF, 0x19, 0x13, 0x97, 0xFF, 0x19, 0x12, 0x97, 0xFF, 0x1B, 0x10, 0x96, 0xFF,
  0x1B, 0x0F, 0x92, 0xFF, 0x1B, 0x0D, 0x93, 0xFF, 0x1C, 0x0D, 0x93, 0xFF, 0x1D, 0x0D, 0x93, 0xFF, 0x1E, 0x0D, 0x93, 0xFF, 0x1F, 0x0D, 0x93, 0xFF,
  0x1F, 0x0A, 0x92, 0xFF, 0x20, 0x09, 0x95, 0xFF, 0x22, 0x08, 0x96, 0xFF, 0x22, 0x07, 0x95, 0xFF, 0x22, 0x07, 0x95, 0xFF, 0x22, 0x06, 0x95, 0xFF,
  0x22, 0x05, 0x94, 0xFF, 0x22, 0x05, 0x92, 0xFF, 0x23, 0x05, 0x92, 0xFF, 0x23, 0x05, 0x93, 0xFF, 0x23, 0x05, 0x94, 0xFF, 0x23, 0x05, 0x95, 0xFF,
  0x23, 0x05, 0x93, 0xFF, 0x23, 0x05, 0x92, 0xFF, 0x23, 0x04, 0x92, 0xFF, 0x23, 0x04, 0x92, 0xFF, 0x23, 0x04, 0x94, 0xFF, 0x24, 0x03, 0x96, 0xFF,
  0x24, 0x03, 0x97, 0xFF, 0x24, 0x03, 0x96, 0xFF, 0x23, 0x03, 0x94, 0xFF, 0x24, 0x03, 0x96, 0xFF, 0x24, 0x03, 0x99, 0xFF, 0x25, 0x03, 0x9B, 0xFF,
  0x24, 0x03, 0x9A, 0xFF, 0x24, 0x03, 0x98, 0xFF, 0x24, 0x04, 0x96, 0xFF, 0x24, 0x04, 0x97, 0xFF, 0x24, 0x04, 0x99, 0xFF, 0x24, 0x04, 0x9A, 0xFF,
  0x24, 0x04, 0x9A, 0xFF, 0x23, 0x04, 0x9B, 0xFF, 0x24, 0x04, 0x9D, 0xFF, 0x25, 0x04, 0xA2, 0xFF, 0x27, 0x04, 0xAC, 0xFF, 0x28, 0x03, 0xB1, 0xFF,
  0x29, 0x03, 0xB7, 0xFF, 0x29, 0x03, 0xBD, 0xFF, 0x29, 0x03, 0xBF, 0xFF, 0x26, 0x03, 0xBA, 0xFF, 0x1F, 0x02, 0xAD, 0xFF, 0x14, 0x02, 0x9E, 0xFF,
  0x12, 0x0B, 0xB1, 0xFF, 0x38, 0x3E, 0xD4, 0xFF, 0x64, 0x7D, 0xF7, 0xFF, 0x78, 0xA1, 0xF9, 0xFF, 0x75, 0xA0, 0xFA, 0xFF, 0x6D, 0x92, 0xFA, 0xFF,
  0x2D, 0x37, 0xEB, 0xFF, 0x1B, 0x04, 0xD7, 0xFF, 0x22, 0x09, 0xAB, 0xFF, 0x18, 0x0B, 0x6C, 0xFF, 0x0C, 0x08, 0x2E, 0xFF, 0x08, 0x05, 0x17, 0xFF,
  0x06, 0x04, 0x0C, 0xFF, 0x04, 0x03, 0x06, 0xFF, 0x04, 0x03, 0x04, 0xFF, 0x04, 0x03, 0x04, 0xFF, 0x04, 0x03, 0x04, 0xFF, 0x04, 0x03, 0x03, 0xFF,
  0x04, 0x03, 0x03, 0xFF, 0x04, 0x03, 0x03, 0xFF, 0x04, 0x03, 0x03, 0xFF, 0x04, 0x03, 0x03, 0xFF, 0x04, 0x03, 0x03, 0xFF, 0x04, 0x03, 0x03, 0xFF,
  0x04, 0x03, 0x03, 0xFF, 0x04, 0x03, 0x03, 0xFF, 0x04, 0x03, 0x03, 0xFF, 0x04, 0x03, 0x03, 0xFF, 0x04, 0x03, 0x03, 0xFF, 0x04, 0x03, 0x03, 0xFF,
  0x04, 0x03, 0x03, 0xFF, 0x04, 0x03, 0x03, 0xFF, 0x04, 0x03, 0x03, 0xFF, 0x04, 0x03, 0x03, 0xFF, 0x04, 0x03, 0x03, 0xFF, 0x04, 0x03, 0x03, 0xFF,
  0x04, 0x03, 0x03, 0xFF, 0x04, 0x03, 0x03, 0xFF, 0x04, 0x03, 0x03, 0xFF, 0x04, 0x03, 0x03, 0xFF, 0x04, 0x03, 0x03, 0xFF, 0x04, 0x03, 0x03, 0xFF,
  0x04, 0x03, 0x03, 0xFF, 0x04, 0x03, 0x03, 0xFF, 0x04, 0x03, 0x04, 0xFF, 0x04, 0x03, 0x04, 0xFF, 0x04, 0x03, 0x04, 0xFF, 0x04, 0x04, 0x06, 0xFF,
  0x04, 0x06, 0x08, 0xFF, 0x04, 0x09, 0x0E, 0xFF, 0x05, 0x0F, 0x1A, 0xFF, 0x05, 0x18, 0x2C, 0xFF, 0x05, 0x2C, 0x57, 0xFF, 0x04, 0x4A, 0xA7, 0xFF,
  0x02, 0x4C, 0xCB, 0xFF, 0x0B, 0x92, 0xE6, 0xFF, 0x3E, 0xEA, 0xF8, 0xFF, 0x62, 0xF9, 0xFA, 0xFF, 0x62, 0xF9, 0xFA, 0xFF, 0x6A, 0xF9, 0xFA, 0xFF,
  0x4D, 0xF6, 0xFA, 0xFF, 0x28, 0xC3, 0xE9, 0xFF, 0x06, 0x79, 0xC9, 0xFF, 0x01, 0x4B, 0xB1, 0xFF, 0x01, 0x38, 0xA0, 0xFF, 0x00, 0x41, 0xA8, 0xFF,
  0x00, 0x47, 0xAF, 0xFF, 0x01, 0x49, 0xAF, 0xFF, 0x01, 0x4B, 0xB1, 0xFF, 0x01, 0x4D, 0xB1, 0xFF, 0x01, 0x4D, 0xB0, 0xFF, 0x01, 0x4B, 0xB0, 0xFF,
  0x01, 0x4B, 0xAF, 0xFF, 0x00, 0x4A, 0xAE, 0xFF, 0x00, 0x49, 0xAC, 0xFF, 0x01, 0x4B, 0xAC, 0xFF, 0x01, 0x4B, 0xAC, 0xFF, 0x01, 0x4C, 0xAB, 0xFF,
  0x01, 0x4B, 0xAB, 0xFF, 0x01, 0x4B, 0xAB, 0xFF, 0x01, 0x4A, 0xAB, 0xFF, 0x01, 0x4A, 0xAC, 0xFF, 0x01, 0x4A, 0xAC, 0xFF, 0x01, 0x49, 0xAB, 0xFF,
  0x01, 0x48, 0xAA, 0xFF, 0x01, 0x49, 0xA9, 0xFF, 0x01, 0x49, 0xA8, 0xFF, 0x01, 0x48, 0xA5, 0xFF, 0x02, 0x48, 0xA5, 0xFF, 0x01, 0x46, 0xA3, 0xFF,
  0x01, 0x45, 0xA2, 0xFF, 0x01, 0x46, 0xA4, 0xFF, 0x01, 0x46, 0xA5, 0xFF, 0x01, 0x45, 0xA3, 0xFF, 0x01, 0x44, 0xA1, 0xFF, 0x01, 0x43, 0xA0, 0xFF,
  0x01, 0x43, 0xA1, 0xFF, 0x01, 0x43, 0xA4, 0xFF, 0x01, 0x44, 0xA6, 0xFF, 0x01, 0x42, 0xA6, 0xFF, 0x01, 0x42, 0xA6, 0xFF, 0x01, 0x42, 0xA6, 0xFF,
  0x01, 0x40, 0xA6, 0xFF, 0x01, 0x3F, 0xA5, 0xFF, 0x01, 0x40, 0xA6, 0xFF, 0x01, 0x40, 0xA8, 0xFF, 0x01, 0x3E, 0xA7, 0xFF, 0x01, 0x3D, 0xA7, 0xFF,
  0x02, 0x3E, 0xA9, 0xFF, 0x02, 0x3D, 0xAA, 0xFF, 0x02, 0x3B, 0xA8, 0xFF, 0x02, 0x39, 0xA8, 0xFF, 0x02, 0x38, 0xA9, 0xFF, 0x02, 0x37, 0xA9, 0xFF,
  0x02, 0x36, 0xAA, 0xFF, 0x03, 0x34, 0xAA, 0xFF, 0x05, 0x32, 0xA9, 0xFF, 0x04, 0x30, 0xA7, 0xFF, 0x06, 0x2F, 0xA6, 0xFF, 0x07, 0x2F, 0xA7, 0xFF,
  0x08, 0x2F, 0xA9, 0xFF, 0x09, 0x2E, 0xAB, 0xFF, 0x0A, 0x2E, 0xAB, 0xFF, 0x0B, 0x2C, 0xAA, 0xFF, 0x0D, 0x2B, 0xAA, 0xFF, 0x0E, 0x2A, 0xAA, 0xFF,
  0x0E, 0x28, 0xAB, 0xFF, 0x0F, 0x27, 0xAC, 0xFF, 0x10, 0x25, 0xAD, 0xFF, 0x11, 0x25, 0xAE, 0xFF, 0x13, 0x25, 0xAE, 0xFF, 0x14, 0x24, 0xAE, 0xFF,
  0x14, 0x22, 0xAF, 0xFF, 0x14, 0x20, 0xAF, 0xFF, 0x15, 0x1F, 0xAF, 0xFF, 0x15, 0x1E, 0xAF, 0xFF, 0x16, 0x1D, 0xAE, 0xFF, 0x16, 0x1B, 0xAC, 0xFF,
  0x18, 0x19, 0xAD, 0xFF, 0x19, 0x18, 0xAE, 0xFF, 0x1B, 0x17, 0xB0, 0xFF, 0x1C, 0x15, 0xB0, 0xFF, 0x1B, 0x12, 0xAF, 0xFF, 0x1D, 0x11, 0xAF, 0xFF,
  0x1E, 0x10, 0xB1, 0xFF, 0x1E, 0x0D, 0xB2, 0xFF, 0x1F, 0x0D, 0xB3, 0xFF, 0x20, 0x0D, 0xB3, 0xFF, 0x22, 0x0C, 0xB2, 0xFF, 0x23, 0x0B, 0xB4, 0xFF,
  0x24, 0x09, 0xB5, 0xFF, 0x25, 0x07, 0xB5, 0xFF, 0x26, 0x05, 0xB4, 0xFF, 0x26, 0x04, 0xB3, 0xFF, 0x27, 0x04, 0xB4, 0xFF, 0x27, 0x03, 0xB5, 0xFF,
  0x28, 0x03, 0xB4, 0xFF, 0x29, 0x03, 0xB3, 0xFF, 0x28, 0x02, 0xB0, 0xFF, 0x28, 0x02, 0xAF, 0xFF, 0x27, 0x02, 0xAF, 0xFF, 0x28, 0x02, 0xAE, 0xFF,
  0x28, 0x02, 0xAC, 0xFF, 0x27, 0x02, 0xAC, 0xFF, 0x27, 0x01, 0xAA, 0xFF, 0x27, 0x02, 0xAA, 0xFF, 0x27, 0x02, 0xAC, 0xFF, 0x28, 0x02, 0xB1, 0xFF,
  0x28, 0x02, 0xB1, 0xFF, 0x27, 0x01, 0xAC, 0xFF, 0x25, 0x01, 0xA9, 0xFF, 0x27, 0x02, 0xAE, 0xFF, 0x29, 0x01, 0xB7, 0xFF, 0x2B, 0x01, 0xBA, 0xFF,
  0x2A, 0x02, 0xBA, 0xFF, 0x2A, 0x02, 0xBA, 0xFF, 0x2A, 0x02, 0xB9, 0xFF, 0x2A, 0x02, 0xB8, 0xFF, 0x2A, 0x02, 0xB9, 0xFF, 0x2A, 0x02, 0xB9, 0xFF,
  0x29, 0x02, 0xBA, 0xFF, 0x29, 0x02, 0xBB, 0xFF, 0x29, 0x01, 0xBA, 0xFF, 0x29, 0x02, 0xBB, 0xFF, 0x29, 0x01, 0xBE, 0xFF, 0x27, 0x01, 0xBB, 0xFF,
  0x22, 0x01, 0xB3, 0xFF, 0x1B, 0x01, 0xA2, 0xFF, 0x14, 0x02, 0x9B, 0xFF, 0x10, 0x08, 0xAC, 0xFF, 0x2F, 0x30, 0xCB, 0xFF, 0x5A, 0x68, 0xF1, 0xFF,
  0x7D, 0x99, 0xF9, 0xFF, 0x79, 0x9C, 0xFA, 0xFF, 0x76, 0x9E, 0xFA, 0xFF, 0x74, 0x9E, 0xFA, 0xFF, 0x3D, 0x56, 0xF2, 0xFF, 0x15, 0x07, 0xDF, 0xFF,
  0x28, 0x06, 0xD4, 0xFF, 0x1D, 0x0A, 0x89, 0xFF, 0x11, 0x0A, 0x4A, 0xFF, 0x0C, 0x07, 0x29, 0xFF, 0x07, 0x05, 0x10, 0xFF, 0x05, 0x04, 0x08, 0xFF,
  0x04, 0x03, 0x05, 0xFF, 0x04, 0x03, 0x04, 0xFF, 0x04, 0x03, 0x04, 0xFF, 0x04, 0x03, 0x03, 0xFF, 0x04, 0x03, 0x03, 0xFF, 0x04, 0x03, 0x03, 0xFF,
  0x04, 0x03, 0x03, 0xFF, 0x04, 0x03, 0x03, 0xFF, 0x04, 0x03, 0x03, 0xFF, 0x04, 0x03, 0x03, 0xFF, 0x04, 0x03, 0x03, 0xFF, 0x04, 0x03, 0x03, 0xFF,
  0x04, 0x03, 0x03, 0xFF, 0x04, 0x03, 0x03, 0xFF, 0x04, 0x03, 0x03, 0xFF, 0x04, 0x03, 0x03, 0xFF, 0x04, 0x03, 0x03, 0xFF, 0x04, 0x03, 0x03, 0xFF,
  0x04, 0x03, 0x03, 0xFF, 0x04, 0x03, 0x03, 0xFF, 0x04, 0x03, 0x03, 0xFF, 0x04, 0x03, 0x03, 0xFF, 0x04, 0x03, 0x03, 0xFF, 0x04, 0x03, 0x03, 0xFF,
  0x04, 0x03, 0x03, 0xFF, 0x04, 0x03, 0x03, 0xFF, 0x04, 0x03, 0x03, 0xFF, 0x04, 0x03, 0x03, 0xFF, 0x04, 0x03, 0x03, 0xFF, 0x04, 0x03, 0x03, 0xFF,
  0x04, 0x03, 0x03, 0xFF, 0x04, 0x03, 0x03, 0xFF, 0x04, 0x03, 0x04, 0xFF, 0x04, 0x03, 0x04, 0xFF, 0x04, 0x03, 0x04, 0xFF, 0x04, 0x04, 0x04, 0xFF,
  0x04, 0x04, 0x05, 0xFF, 0x04, 0x05, 0x08, 0xFF, 0x04, 0x08, 0x0C, 0xFF, 0x05, 0x0C, 0x15, 0xFF, 0x05, 0x16, 0x27, 0xFF, 0x06, 0x28, 0x4E, 0xFF,
  0x05, 0x3A, 0x7B, 0xFF, 0x04, 0x4A, 0xB4, 0xFF, 0x02, 0x50, 0xD1, 0xFF, 0x10, 0x8E, 0xE2, 0xFF, 0x36, 0xD8, 0xF3, 0xFF, 0x58, 0xF7, 0xFA, 0xFF,
  0x60, 0xF9, 0xFA, 0xFF, 0x60, 0xF9, 0xFA, 0xFF, 0x64, 0xF9, 0xFA, 0xFF, 0x55, 0xF6, 0xF9, 0xFF, 0x3E, 0xDD, 0xF2, 0xFF, 0x2D, 0xB2, 0xDC, 0xFF,
  0x1A, 0x95, 0xCE, 0xFF, 0x09, 0x7C, 0xC3, 0xFF, 0x03, 0x69, 0xB7, 0xFF, 0x01, 0x66, 0xB5, 0xFF, 0x01, 0x5B, 0xAE, 0xFF, 0x01, 0x59, 0xAD, 0xFF,
  0x01, 0x59, 0xAD, 0xFF, 0x01, 0x59, 0xAD, 0xFF, 0x01, 0x59, 0xAC, 0xFF, 0x01, 0x5C, 0xAD, 0xFF, 0x01, 0x60, 0xAF, 0xFF, 0x02, 0x60, 0xAE, 0xFF,
  0x01, 0x5E, 0xAE, 0xFF, 0x01, 0x5F, 0xAF, 0xFF, 0x02, 0x61, 0xB0, 0xFF, 0x02, 0x62, 0xB1, 0xFF, 0x02, 0x63, 0xB1, 0xFF, 0x02, 0x62, 0xB2, 0xFF,
  0x01, 0x5F, 0xAF, 0xFF, 0x01, 0x5D, 0xAE, 0xFF, 0x01, 0x5B, 0xAD, 0xFF, 0x01, 0x5B, 0xAC, 0xFF, 0x01, 0x5C, 0xAD, 0xFF, 0x01, 0x5A, 0xAB, 0xFF,
  0x02, 0x59, 0xAB, 0xFF, 0x01, 0x5A, 0xAD, 0xFF, 0x01, 0x59, 0xAC, 0xFF, 0x01, 0x5A, 0xAC, 0xFF, 0x01, 0x57, 0xAB, 0xFF, 0x01, 0x55, 0xAB, 0xFF,
  0x02, 0x55, 0xAB, 0xFF, 0x02, 0x55, 0xAC, 0xFF, 0x02, 0x53, 0xAC, 0xFF, 0x02, 0x52, 0xAC, 0xFF, 0x02, 0x53, 0xAD, 0xFF, 0x02, 0x52, 0xAC, 0xFF,
  0x02, 0x4F, 0xAA, 0xFF, 0x02, 0x4E, 0xA9, 0xFF, 0x02, 0x4E, 0xAA, 0xFF, 0x02, 0x4E, 0xAB, 0xFF, 0x02, 0x4B, 0xAB, 0xFF, 0x02, 0x4B, 0xAB, 0xFF,
  0x03, 0x4A, 0xAC, 0xFF, 0x03, 0x46, 0xAB, 0xFF, 0x02, 0x44, 0xA8, 0xFF, 0x03, 0x44, 0xA9, 0xFF, 0x03, 0x41, 0xAA, 0xFF, 0x03, 0x3F, 0xAB, 0xFF,
  0x02, 0x3B, 0xAC, 0xFF, 0x02, 0x3A, 0xAB, 0xFF, 0x03, 0x3A, 0xAA, 0xFF, 0x03, 0x38, 0xA8, 0xFF, 0x03, 0x37, 0xA7, 0xFF, 0x04, 0x36, 0xA9, 0xFF,
  0x04, 0x34, 0xAD, 0xFF, 0x03, 0x2F, 0xAD, 0xFF, 0x04, 0x2E, 0xAD, 0xFF, 0x06, 0x2F, 0xAC, 0xFF, 0x06, 0x2E, 0xAC, 0xFF, 0x06, 0x2C, 0xAE, 0xFF,
  0x07, 0x2A, 0xAE, 0xFF, 0x08, 0x28, 0xAF, 0xFF, 0x08, 0x27, 0xAF, 0xFF, 0x08, 0x25, 0xAE, 0xFF, 0x09, 0x23, 0xAF, 0xFF, 0x0B, 0x22, 0xB0, 0xFF,
  0x0A, 0x22, 0xB3, 0xFF, 0x0B, 0x22, 0xB5, 0xFF, 0x0C, 0x20, 0xB4, 0xFF, 0x0E, 0x1F, 0xB1, 0xFF, 0x0E, 0x1D, 0xAF, 0xFF, 0x0F, 0x1B, 0xB0, 0xFF,
  0x0F, 0x18, 0xB0, 0xFF, 0x10, 0x17, 0xB0, 0xFF, 0x10, 0x15, 0xAF, 0xFF, 0x11, 0x14, 0xAE, 0xFF, 0x12, 0x13, 0xAE, 0xFF, 0x13, 0x12, 0xAE, 0xFF,
  0x12, 0x10, 0xAE, 0xFF, 0x11, 0x0E, 0xAE, 0xFF, 0x13, 0x0F, 0xAF, 0xFF, 0x14, 0x0F, 0xAF, 0xFF, 0x16, 0x0F, 0xAF, 0xFF, 0x15, 0x0E, 0xB0, 0xFF,
  0x17, 0x0E, 0xB0, 0xFF, 0x17, 0x0E, 0xAF, 0xFF, 0x18, 0x0E, 0xAE, 0xFF, 0x17, 0x0C, 0xAB, 0xFF, 0x17, 0x0B, 0xAC, 0xFF, 0x19, 0x0D, 0xAF, 0xFF,
  0x19, 0x0B, 0xAD, 0xFF, 0x19, 0x0A, 0xAB, 0xFF, 0x19, 0x0A, 0xAA, 0xFF, 0x18, 0x08, 0xA8, 0xFF, 0x19, 0x08, 0xA6, 0xFF, 0x18, 0x09, 0xA7, 0xFF,
  0x18, 0x08, 0xA6, 0xFF, 0x17, 0x07, 0xA7, 0xFF, 0x15, 0x08, 0xA6, 0xFF, 0x17, 0x09, 0xAA, 0xFF, 0x17, 0x09, 0xAB, 0xFF, 0x19, 0x09, 0xAF, 0xFF,
  0x1A, 0x09, 0xAF, 0xFF, 0x18, 0x07, 0xAB, 0xFF, 0x18, 0x06, 0xAA, 0xFF, 0x18, 0x07, 0xAE, 0xFF, 0x19, 0x07, 0xB0, 0xFF, 0x19, 0x08, 0xAF, 0xFF,
  0x18, 0x07, 0xAE, 0xFF, 0x17, 0x07, 0xAE, 0xFF, 0x15, 0x06, 0xAD, 0xFF, 0x14, 0x06, 0xAF, 0xFF, 0x14, 0x06, 0xAC, 0xFF, 0x14, 0x06, 0xAE, 0xFF,
  0x14, 0x07, 0xAF, 0xFF, 0x13, 0x06, 0xAF, 0xFF, 0x14, 0x06, 0xB0, 0xFF, 0x17, 0x0B, 0xB2, 0xFF, 0x1E, 0x14, 0xBD, 0xFF, 0x28, 0x25, 0xC6, 0xFF,
  0x3A, 0x40, 0xCF, 0xFF, 0x4A, 0x59, 0xE6, 0xFF, 0x62, 0x78, 0xF8, 0xFF, 0x7A, 0x96, 0xFA, 0xFF, 0x7B, 0x9D, 0xFA, 0xFF, 0x73, 0x96, 0xFA, 0xFF,
  0x7C, 0x9D, 0xF9, 0xFF, 0x67, 0x84, 0xFA, 0xFF, 0x39, 0x47, 0xF0, 0xFF, 0x16, 0x08, 0xE1, 0xFF, 0x21, 0x04, 0xCE, 0xFF, 0x21, 0x09, 0xA0, 0xFF,
  0x19, 0x0B, 0x6A, 0xFF, 0x0F, 0x09, 0x39, 0xFF, 0x09, 0x06, 0x1E, 0xFF, 0x07, 0x05, 0x11, 0xFF, 0x05, 0x04, 0x08, 0xFF, 0x04, 0x03, 0x05, 0xFF,
  0x04, 0x03, 0x04, 0xFF, 0x04, 0x03, 0x03, 0xFF, 0x04, 0x03, 0x03, 0xFF, 0x04, 0x03, 0x03, 0xFF, 0x04, 0x03, 0x03, 0xFF, 0x04, 0x03, 0x03, 0xFF,
  0x04, 0x03, 0x03, 0xFF, 0x04, 0x03, 0x03, 0xFF, 0x04, 0x03, 0x03, 0xFF, 0x04, 0x03, 0x03, 0xFF, 0x04, 0x03, 0x03, 0xFF, 0x04, 0x03, 0x03, 0xFF,
  0x04, 0x03, 0x03, 0xFF, 0x04, 0x03, 0x03, 0xFF, 0x04, 0x03, 0x03, 0xFF, 0x04, 0x03, 0x03, 0xFF, 0x04, 0x03, 0x03, 0xFF, 0x04, 0x03, 0x03, 0xFF,
  0x04, 0x03, 0x03, 0xFF, 0x04, 0x03, 0x03, 0xFF, 0x04, 0x03, 0x03, 0xFF, 0x04, 0x03, 0x03, 0xFF, 0x04, 0x03, 0x03, 0xFF, 0x04, 0x03, 0x03, 0xFF,
  0x04, 0x03, 0x03, 0xFF, 0x04, 0x03, 0x03, 0xFF, 0x04, 0x03, 0x03, 0xFF, 0x04, 0x03, 0x03, 0xFF, 0x04, 0x03, 0x03, 0xFF, 0x04, 0x03, 0x03, 0xFF,
  0x04, 0x03, 0x03, 0xFF, 0x04, 0x03, 0x03, 0xFF, 0x04, 0x03, 0x03, 0xFF, 0x04, 0x03, 0x03, 0xFF, 0x04, 0x03, 0x04, 0xFF, 0x04, 0x03, 0x04, 0xFF,
  0x04, 0x03, 0x04, 0xFF, 0x04, 0x04, 0x04, 0xFF, 0x04, 0x05, 0x06, 0xFF, 0x04, 0x06, 0x09, 0xFF, 0x04, 0x09, 0x0F, 0xFF, 0x05, 0x0D, 0x17, 0xFF,
  0x05, 0x13, 0x23, 0xFF, 0x05, 0x21, 0x40, 0xFF, 0x05, 0x31, 0x66, 0xFF, 0x04, 0x41, 0x97, 0xFF, 0x02, 0x48, 0xC4, 0xFF, 0x03, 0x67, 0xD7, 0xFF,
  0x16, 0x9D, 0xE5, 0xFF, 0x31, 0xDA, 0xF4, 0xFF, 0x48, 0xF5, 0xFA, 0xFF, 0x5E, 0xF9, 0xFA, 0xFF, 0x66, 0xFA, 0xFB, 0xFF, 0x65, 0xFA, 0xFB, 0xFF,
  0x67, 0xF8, 0xF9, 0xFF, 0x68, 0xF9, 0xFA, 0xFF, 0x61, 0xF9, 0xF9, 0xFF, 0x5D, 0xF8, 0xFA, 0xFF, 0x58, 0xF8, 0xFA, 0xFF, 0x55, 0xF8, 0xFA, 0xFF,
  0x54, 0xF8, 0xFA, 0xFF, 0x52, 0xF8, 0xFA, 0xFF, 0x52, 0xF8, 0xFA, 0xFF, 0x54, 0xF8, 0xFA, 0xFF, 0x56, 0xF8, 0xFA, 0xFF, 0x57, 0xF8, 0xFA, 0xFF,
  0x55, 0xF8, 0xFA, 0xFF, 0x55, 0xF8, 0xFA, 0xFF, 0x56, 0xF8, 0xFA, 0xFF, 0x57, 0xF8, 0xFA, 0xFF, 0x59, 0xF7, 0xFA, 0xFF, 0x5C, 0xF7, 0xF9, 0xFF,
  0x5C, 0xF7, 0xF9, 0xFF, 0x59, 0xF7, 0xF9, 0xFF, 0x58, 0xF7, 0xF9, 0xFF, 0x56, 0xF7, 0xFA, 0xFF, 0x55, 0xF7, 0xF9, 0xFF, 0x57, 0xF7, 0xF9, 0xFF,
  0x56, 0xF7, 0xF9, 0xFF, 0x55, 0xF7, 0xF9, 0xFF, 0x52, 0xF6, 0xF9, 0xFF, 0x52, 0xF6, 0xF9, 0xFF, 0x52, 0xF6, 0xF9, 0xFF, 0x4E, 0xF6, 0xFA, 0xFF,
  0x4A, 0xF6, 0xF9, 0xFF, 0x47, 0xF5, 0xF9, 0xFF, 0x46, 0xF5, 0xFA, 0xFF, 0x43, 0xF5, 0xF9, 0xFF, 0x41, 0xF4, 0xF9, 0xFF, 0x42, 0xF3, 0xFA, 0xFF,
  0x41, 0xF2, 0xFA, 0xFF, 0x3E, 0xF0, 0xFA, 0xFF, 0x3E, 0xED, 0xFA, 0xFF, 0x3E, 0xEB, 0xFA, 0xFF, 0x3C, 0xE8, 0xF9, 0xFF, 0x40, 0xE8, 0xF9, 0xFF,
  0x40, 0xE8, 0xF9, 0xFF, 0x3F, 0xE6, 0xF9, 0xFF, 0x3F, 0xE6, 0xFA, 0xFF, 0x40, 0xE5, 0xFA, 0xFF, 0x41, 0xE3, 0xFA, 0xFF, 0x3E, 0xDE, 0xFA, 0xFF,
  0x3C, 0xDB, 0xFA, 0xFF, 0x3B, 0xD9, 0xFA, 0xFF, 0x3D, 0xD6, 0xFA, 0xFF, 0x40, 0xD5, 0xFB, 0xFF, 0x42, 0xD2, 0xFA, 0xFF, 0x44, 0xD0, 0xFA, 0xFF,
  0x44, 0xCC, 0xFA, 0xFF, 0x41, 0xC7, 0xF9, 0xFF, 0x43, 0xC4, 0xF9, 0xFF, 0x47, 0xC0, 0xFA, 0xFF, 0x49, 0xBC, 0xF9, 0xFF, 0x49, 0xB9, 0xF9, 0xFF,
  0x4B, 0xB7, 0xF9, 0xFF, 0x4F, 0xB4, 0xF9, 0xFF, 0x51, 0xB2, 0xF9, 0xFF, 0x53, 0xB0, 0xF9, 0xFF, 0x56, 0xAD, 0xF9, 0xFF, 0x5A, 0xAE, 0xFA, 0xFF,
  0x5C, 0xAD, 0xFA, 0xFF, 0x5C, 0xA9, 0xF9, 0xFF, 0x5E, 0xA5, 0xF9, 0xFF, 0x62, 0xA5, 0xF9, 0xFF, 0x63, 0xA1, 0xFA, 0xFF, 0x64, 0x9E, 0xFA, 0xFF,
  0x65, 0x99, 0xFA, 0xFF, 0x66, 0x97, 0xF9, 0xFF, 0x66, 0x93, 0xF9, 0xFF, 0x69, 0x90, 0xF9, 0xFF, 0x6A, 0x8E, 0xFA, 0xFF, 0x6A, 0x8C, 0xFA, 0xFF,
  0x69, 0x88, 0xFA, 0xFF, 0x68, 0x85, 0xFA, 0xFF, 0x6C, 0x87, 0xFA, 0xFF, 0x6F, 0x89, 0xF9, 0xFF, 0x71, 0x88, 0xF9, 0xFF, 0x74, 0x88, 0xF9, 0xFF,
  0x75, 0x87, 0xFA, 0xFF, 0x76, 0x86, 0xFA, 0xFF, 0x78, 0x86, 0xFA, 0xFF, 0x77, 0x81, 0xFA, 0xFF, 0x76, 0x7E, 0xFA, 0xFF, 0x78, 0x7D, 0xF9, 0xFF,
  0x78, 0x7A, 0xF9, 0xFF, 0x79, 0x78, 0xF9, 0xFF, 0x79, 0x76, 0xFA, 0xFF, 0x77, 0x71, 0xFA, 0xFF, 0x7A, 0x73, 0xF9, 0xFF, 0x7A, 0x72, 0xF9, 0xFF,
  0x79, 0x70, 0xF9, 0xFF, 0x76, 0x6C, 0xF9, 0xFF, 0x79, 0x71, 0xFA, 0xFF, 0x7B, 0x74, 0xFA, 0xFF, 0x7A, 0x74, 0xF9, 0xFF, 0x7D, 0x76, 0xF9, 0xFF,
  0x7D, 0x76, 0xF9, 0xFF, 0x7B, 0x73, 0xF9, 0xFF, 0x7B, 0x74, 0xF9, 0xFF, 0x7D, 0x76, 0xF9, 0xFF, 0x7D, 0x76, 0xF9, 0xFF, 0x7C, 0x75, 0xF9, 0xFF,
  0x7D, 0x76, 0xF9, 0xFF, 0x7C, 0x77, 0xF9, 0xFF, 0x7B, 0x78, 0xF9, 0xFF, 0x7C, 0x7A, 0xF9, 0xFF, 0x7B, 0x7B, 0xF9, 0xFF, 0x79, 0x7A, 0xFA, 0xFF,
  0x78, 0x7C, 0xFA, 0xFF, 0x77, 0x7D, 0xFA, 0xFF, 0x76, 0x80, 0xFA, 0xFF, 0x76, 0x8A, 0xF9, 0xFF, 0x76, 0x90, 0xF9, 0xFF, 0x72, 0x8E, 0xF9, 0xFF,
  0x6D, 0x8B, 0xFA, 0xFF, 0x6B, 0x8D, 0xFA, 0xFF, 0x73, 0x96, 0xF9, 0xFF, 0x71, 0x94, 0xFB, 0xFF, 0x5C, 0x77, 0xFA, 0xFF, 0x3E, 0x4F, 0xEB, 0xFF,
  0x1D, 0x1A, 0xDE, 0xFF, 0x1B, 0x03, 0xD5, 0xFF, 0x28, 0x07, 0xC7, 0xFF, 0x20, 0x0A, 0x97, 0xFF, 0x16, 0x0A, 0x64, 0xFF, 0x0D, 0x08, 0x32, 0xFF,
  0x09, 0x06, 0x1B, 0xFF, 0x07, 0x05, 0x11, 0xFF, 0x05, 0x04, 0x0A, 0xFF, 0x05, 0x03, 0x07, 0xFF, 0x04, 0x03, 0x04, 0xFF, 0x04, 0x03, 0x03, 0xFF,
  0x04, 0x03, 0x03, 0xFF, 0x04, 0x03, 0x03, 0xFF, 0x04, 0x03, 0x03, 0xFF, 0x04, 0x03, 0x03, 0xFF, 0x04, 0x03, 0x03, 0xFF, 0x04, 0x03, 0x03, 0xFF,
  0x04, 0x03, 0x03, 0xFF, 0x04, 0x03, 0x03, 0xFF, 0x04, 0x03, 0x03, 0xFF, 0x04, 0x03, 0x03, 0xFF, 0x04, 0x03, 0x03, 0xFF, 0x04, 0x03, 0x03, 0xFF,
  0x04, 0x03, 0x03, 0xFF, 0x04, 0x03, 0x03, 0xFF, 0x04, 0x03, 0x03, 0xFF, 0x04, 0x03, 0x03, 0xFF, 0x04, 0x03, 0x03, 0xFF, 0x04, 0x03, 0x03, 0xFF,
  0x04, 0x03, 0x03, 0xFF, 0x04, 0x03, 0x03, 0xFF, 0x04, 0x03, 0x03, 0xFF, 0x04, 0x03, 0x03, 0xFF, 0x04, 0x03, 0x03, 0xFF, 0x04, 0x03, 0x03, 0xFF,
  0x04, 0x03, 0x03, 0xFF, 0x04, 0x03, 0x03, 0xFF, 0x04, 0x03, 0x03, 0xFF, 0x04, 0x03, 0x03, 0xFF, 0x04, 0x03, 0x03, 0xFF, 0x04, 0x03, 0x03, 0xFF,
  0x04, 0x03, 0x03, 0xFF, 0x04, 0x03, 0x03, 0xFF, 0x04, 0x03, 0x03, 0xFF, 0x04, 0x03, 0x03, 0xFF, 0x04, 0x03, 0x03, 0xFF, 0x04, 0x03, 0x04, 0xFF,
  0x04, 0x03, 0x04, 0xFF, 0x04, 0x03, 0x04, 0xFF, 0x04, 0x04, 0x04, 0xFF, 0x04, 0x04, 0x06, 0xFF, 0x04, 0x05, 0x08, 0xFF, 0x04, 0x07, 0x0B, 0xFF,
  0x04, 0x0A, 0x0F, 0xFF, 0x05, 0x0E, 0x19, 0xFF, 0x05, 0x16, 0x27, 0xFF, 0x06, 0x24, 0x45, 0xFF, 0x06, 0x3A, 0x75, 0xFF, 0x05, 0x49, 0x9F, 0xFF,
  0x03, 0x51, 0xBF, 0xFF, 0x04, 0x4B, 0xCC, 0xFF, 0x02, 0x52, 0xD7, 0xFF, 0x05, 0x75, 0xE1, 0xFF, 0x1F, 0xA8, 0xEC, 0xFF, 0x34, 0xD1, 0xF5, 0xFF,
  0x45, 0xE7, 0xF8, 0xFF, 0x56, 0xF4, 0xF9, 0xFF, 0x5F, 0xF8, 0xF9, 0xFF, 0x5F, 0xF8, 0xF9, 0xFF, 0x5F, 0xF9, 0xF9, 0xFF, 0x5C, 0xF9, 0xF9, 0xFF,
  0x5B, 0xF9, 0xF9, 0xFF, 0x5A, 0xF9, 0xF9, 0xFF, 0x57, 0xF9, 0xF9, 0xFF, 0x57, 0xF9, 0xF9, 0xFF, 0x55, 0xF8, 0xF9, 0xFF, 0x53, 0xF7, 0xF9, 0xFF,
  0x54, 0xF7, 0xF9, 0xFF, 0x56, 0xF8, 0xF9, 0xFF, 0x56, 0xF8, 0xFA, 0xFF, 0x57, 0xF7, 0xF9, 0xFF, 0x55, 0xF7, 0xF9, 0xFF, 0x57, 0xF7, 0xF9, 0xFF,
  0x58, 0xF7, 0xF9, 0xFF, 0x57, 0xF6, 0xF9, 0xFF, 0x57, 0xF6, 0xF9, 0xFF, 0x56, 0xF7, 0xF9, 0xFF, 0x53, 0xF6, 0xF9, 0xFF, 0x4E, 0xF6, 0xF9, 0xFF,
  0x4D, 0xF6, 0xF9, 0xFF, 0x4B, 0xF4, 0xF9, 0xFF, 0x49, 0xF4, 0xF9, 0xFF, 0x4B, 0xF3, 0xF9, 0xFF, 0x4E, 0xF3, 0xF8, 0xFF, 0x4B, 0xF2, 0xF8, 0xFF,
  0x45, 0xF2, 0xF9, 0xFF, 0x44, 0xF0, 0xF9, 0xFF, 0x45, 0xF2, 0xF9, 0xFF, 0x44, 0xF1, 0xF9, 0xFF, 0x41, 0xF0, 0xF9, 0xFF, 0x40, 0xEF, 0xFA, 0xFF,
  0x3F, 0xEF, 0xFA, 0xFF, 0x3E, 0xEE, 0xFA, 0xFF, 0x3F, 0xED, 0xFA, 0xFF, 0x3D, 0xEB, 0xFA, 0xFF, 0x3C, 0xE8, 0xFA, 0xFF, 0x3B, 0xE8, 0xFA, 0xFF,
  0x3A, 0xE8, 0xFA, 0xFF, 0x3B, 0xE6, 0xFA, 0xFF, 0x3B, 0xE5, 0xFA, 0xFF, 0x3C, 0xE4, 0xFA, 0xFF, 0x3A, 0xDE, 0xFA, 0xFF, 0x38, 0xDC, 0xFA, 0xFF,
  0x37, 0xDB, 0xFB, 0xFF, 0x38, 0xD8, 0xFA, 0xFF, 0x37, 0xD5, 0xFA, 0xFF, 0x38, 0xD2, 0xFA, 0xFF, 0x39, 0xCF, 0xF9, 0xFF, 0x39, 0xCC, 0xF9, 0xFF,
  0x39, 0xC8, 0xFA, 0xFF, 0x3E, 0xC7, 0xFA, 0xFF, 0x40, 0xC3, 0xFA, 0xFF, 0x40, 0xBF, 0xFA, 0xFF, 0x43, 0xBD, 0xFA, 0xFF, 0x45, 0xBB, 0xFA, 0xFF,
  0x46, 0xB6, 0xFA, 0xFF, 0x49, 0xB3, 0xFA, 0xFF, 0x4A, 0xB1, 0xFA, 0xFF, 0x4C, 0xAF, 0xFA, 0xFF, 0x50, 0xAD, 0xFA, 0xFF, 0x52, 0xAC, 0xFA, 0xFF,
  0x52, 0xA7, 0xFA, 0xFF, 0x52, 0xA2, 0xFA, 0xFF, 0x53, 0x9E, 0xFA, 0xFF, 0x52, 0x98, 0xF9, 0xFF, 0x53, 0x95, 0xFA, 0xFF, 0x57, 0x94, 0xFA, 0xFF,
  0x59, 0x91, 0xFA, 0xFF, 0x5A, 0x8D, 0xF9, 0xFF, 0x59, 0x85, 0xF9, 0xFF, 0x5A, 0x82, 0xF9, 0xFF, 0x5A, 0x7F, 0xFA, 0xFF, 0x5A, 0x7C, 0xFA, 0xFF,
  0x5A, 0x7A, 0xFA, 0xFF, 0x5B, 0x77, 0xFA, 0xFF, 0x5C, 0x76, 0xFA, 0xFF, 0x5D, 0x76, 0xFA, 0xFF, 0x5D, 0x74, 0xF9, 0xFF, 0x5F, 0x72, 0xF9, 0xFF,
  0x62, 0x72, 0xF9, 0xFF, 0x61, 0x6E, 0xFA, 0xFF, 0x60, 0x6A, 0xFA, 0xFF, 0x65, 0x6C, 0xFA, 0xFF, 0x67, 0x6D, 0xFA, 0xFF, 0x62, 0x64, 0xF9, 0xFF,
  0x64, 0x64, 0xFA, 0xFF, 0x64, 0x62, 0xFA, 0xFF, 0x62, 0x5E, 0xF9, 0xFF, 0x64, 0x5E, 0xF9, 0xFF, 0x62, 0x5A, 0xFA, 0xFF, 0x64, 0x59, 0xFA, 0xFF,
  0x63, 0x56, 0xFA, 0xFF, 0x60, 0x52, 0xFA, 0xFF, 0x60, 0x52, 0xFA, 0xFF, 0x60, 0x54, 0xFA, 0xFF, 0x60, 0x54, 0xFA, 0xFF, 0x62, 0x56, 0xFA, 0xFF,
  0x69, 0x5F, 0xF9, 0xFF, 0x6B, 0x63, 0xFA, 0xFF, 0x6B, 0x64, 0xFA, 0xFF, 0x6A, 0x64, 0xFA, 0xFF, 0x6B, 0x64, 0xF9, 0xFF, 0x6C, 0x64, 0xF9, 0xFF,
  0x6D, 0x68, 0xF9, 0xFF, 0x6E, 0x6B, 0xFA, 0xFF, 0x6F, 0x6E, 0xF9, 0xFF, 0x72, 0x72, 0xF9, 0xFF, 0x70, 0x72, 0xF9, 0xFF, 0x71, 0x73, 0xF9, 0xFF,
  0x72, 0x76, 0xF9, 0xFF, 0x74, 0x79, 0xF9, 0xFF, 0x76, 0x80, 0xF9, 0xFF, 0x71, 0x84, 0xFA, 0xFF, 0x68, 0x81, 0xFA, 0xFF, 0x62, 0x7A, 0xFA, 0xFF,
  0x52, 0x67, 0xF7, 0xFF, 0x39, 0x47, 0xED, 0xFF, 0x1F, 0x1F, 0xE1, 0xFF, 0x17, 0x06, 0xDA, 0xFF, 0x21, 0x03, 0xD6, 0xFF, 0x2A, 0x05, 0xD7, 0xFF,
  0x29, 0x08, 0xBE, 0xFF, 0x22, 0x0B, 0x98, 0xFF, 0x17, 0x0B, 0x63, 0xFF, 0x0F, 0x09, 0x3D, 0xFF, 0x0B, 0x07, 0x27, 0xFF, 0x07, 0x05, 0x13, 0xFF,
  0x05, 0x04, 0x0A, 0xFF, 0x05, 0x03, 0x07, 0xFF, 0x04, 0x03, 0x05, 0xFF, 0x04, 0x03, 0x04, 0xFF, 0x04, 0x03, 0x04, 0xFF, 0x04, 0x03, 0x03, 0xFF,
  0x04, 0x03, 0x03, 0xFF, 0x04, 0x03, 0x03, 0xFF, 0x04, 0x03, 0x03, 0xFF, 0x04, 0x03, 0x03, 0xFF, 0x04, 0x03, 0x03, 0xFF, 0x04, 0x03, 0x03, 0xFF,
  0x04, 0x03, 0x03, 0xFF, 0x04, 0x03, 0x03, 0xFF, 0x04, 0x03, 0x03, 0xFF, 0x04, 0x03, 0x03, 0xFF, 0x04, 0x03, 0x03, 0xFF, 0x04, 0x03, 0x03, 0xFF,
  0x04, 0x03, 0x03, 0xFF, 0x04, 0x03, 0x03, 0xFF, 0x04, 0x03, 0x03, 0xFF, 0x04, 0x03, 0x03, 0xFF, 0x04, 0x03, 0x03, 0xFF, 0x04, 0x03, 0x03, 0xFF,
  0x04, 0x03, 0x03, 0xFF, 0x04, 0x03, 0x03, 0xFF, 0x04, 0x03, 0x03, 0xFF, 0x04, 0x03, 0x03, 0xFF, 0x04, 0x03, 0x03, 0xFF, 0x04, 0x03, 0x03, 0xFF,
  0x04, 0x03, 0x03, 0xFF, 0x04, 0x03, 0x03, 0xFF, 0x04, 0x03, 0x03, 0xFF, 0x04, 0x03, 0x03, 0xFF, 0x04, 0x03, 0x03, 0xFF, 0x04, 0x03, 0x03, 0xFF,
  0x04, 0x03, 0x03, 0xFF, 0x04, 0x03, 0x03, 0xFF, 0x04, 0x03, 0x03, 0xFF, 0x04, 0x03, 0x03, 0xFF, 0x04, 0x03, 0x03, 0xFF, 0x04, 0x03, 0x03, 0xFF,
  0x04, 0x03, 0x03, 0xFF, 0x04, 0x03, 0x03, 0xFF, 0x04, 0x03, 0x04, 0xFF, 0x04, 0x04, 0x04, 0xFF, 0x04, 0x04, 0x05, 0xFF, 0x04, 0x04, 0x06, 0xFF,
  0x04, 0x05, 0x07, 0xFF, 0x04, 0x07, 0x0B, 0xFF, 0x04, 0x09, 0x0F, 0xFF, 0x05, 0x0D, 0x16, 0xFF, 0x05, 0x13, 0x22, 0xFF, 0x05, 0x1B, 0x32, 0xFF,
  0x06, 0x24, 0x46, 0xFF, 0x06, 0x2F, 0x61, 0xFF, 0x05, 0x3A, 0x7D, 0xFF, 0x04, 0x3E, 0x90, 0xFF, 0x04, 0x41, 0xA4, 0xFF, 0x03, 0x42, 0xB4, 0xFF,
  0x02, 0x44, 0xBE, 0xFF, 0x02, 0x4C, 0xC0, 0xFF, 0x02, 0x5B, 0xC7, 0xFF, 0x02, 0x61, 0xC9, 0xFF, 0x02, 0x62, 0xC6, 0xFF, 0x02, 0x62, 0xC5, 0xFF,
  0x02, 0x62, 0xC6, 0xFF, 0x02, 0x60, 0xC5, 0xFF, 0x02, 0x5B, 0xC3, 0xFF, 0x02, 0x59, 0xC1, 0xFF, 0x02, 0x57, 0xC1, 0xFF, 0x01, 0x57, 0xC3, 0xFF,
  0x01, 0x55, 0xC2, 0xFF, 0x02, 0x55, 0xC2, 0xFF, 0x02, 0x55, 0xC0, 0xFF, 0x02, 0x56, 0xC0, 0xFF, 0x02, 0x55, 0xC0, 0xFF, 0x02, 0x56, 0xC0, 0xFF,
  0x02, 0x56, 0xC0, 0xFF, 0x02, 0x52, 0xBE, 0xFF, 0x02, 0x52, 0xC1, 0xFF, 0x02, 0x4F, 0xBE, 0xFF, 0x02, 0x4F, 0xC1, 0xFF, 0x02, 0x4D, 0xC3, 0xFF,
  0x02, 0x4E, 0xC2, 0xFF, 0x02, 0x4E, 0xC1, 0xFF, 0x02, 0x48, 0xBC, 0xFF, 0x02, 0x48, 0xBB, 0xFF, 0x02, 0x48, 0xBD, 0xFF, 0x02, 0x49, 0xBE, 0xFF,
  0x02, 0x46, 0xBD, 0xFF, 0x02, 0x40, 0xBE, 0xFF, 0x02, 0x40, 0xBF, 0xFF, 0x02, 0x3E, 0xBF, 0xFF, 0x02, 0x3D, 0xC1, 0xFF, 0x02, 0x3E, 0xC7, 0xFF,
  0x02, 0x3B, 0xC7, 0xFF, 0x02, 0x3A, 0xC5, 0xFF, 0x01, 0x38, 0xC6, 0xFF, 0x02, 0x38, 0xC5, 0xFF, 0x02, 0x37, 0xC3, 0xFF, 0x02, 0x34, 0xC1, 0xFF,
  0x02, 0x34, 0xC3, 0xFF, 0x02, 0x35, 0xC7, 0xFF, 0x02, 0x35, 0xC7, 0xFF, 0x02, 0x35, 0xC4, 0xFF, 0x03, 0x32, 0xC7, 0xFF, 0x02, 0x2C, 0xC5, 0xFF,
  0x02, 0x28, 0xC4, 0xFF, 0x02, 0x29, 0xC6, 0xFF, 0x03, 0x2A, 0xC8, 0xFF, 0x03, 0x27, 0xC8, 0xFF, 0x03, 0x23, 0xC5, 0xFF, 0x03, 0x21, 0xC4, 0xFF,
  0x04, 0x20, 0xC6, 0xFF, 0x03, 0x1E, 0xC6, 0xFF, 0x04, 0x1B, 0xC6, 0xFF, 0x04, 0x18, 0xC6, 0xFF, 0x04, 0x17, 0xC8, 0xFF, 0x05, 0x16, 0xC7, 0xFF,
  0x05, 0x13, 0xC5, 0xFF, 0x06, 0x13, 0xC8, 0xFF, 0x07, 0x14, 0xC9, 0xFF, 0x07, 0x13, 0xCC, 0xFF, 0x08, 0x0F, 0xCD, 0xFF, 0x09, 0x0F, 0xCF, 0xFF,
  0x0A, 0x0F, 0xCF, 0xFF, 0x0A, 0x0D, 0xCB, 0xFF, 0x0B, 0x0C, 0xCA, 0xFF, 0x0B, 0x09, 0xCB, 0xFF, 0x0A, 0x08, 0xCD, 0xFF, 0x0C, 0x08, 0xCE, 0xFF,
  0x0E, 0x08, 0xCB, 0xFF, 0x11, 0x08, 0xCB, 0xFF, 0x10, 0x06, 0xCC, 0xFF, 0x11, 0x06, 0xCD, 0xFF, 0x12, 0x05, 0xCE, 0xFF, 0x11, 0x04, 0xCD, 0xFF,
  0x13, 0x04, 0xD0, 0xFF, 0x13, 0x04, 0xD0, 0xFF, 0x14, 0x05, 0xD0, 0xFF, 0x13, 0x05, 0xCD, 0xFF, 0x13, 0x03, 0xC5, 0xFF, 0x17, 0x04, 0xC7, 0xFF,
  0x16, 0x03, 0xC8, 0xFF, 0x18, 0x03, 0xCB, 0xFF, 0x1A, 0x03, 0xCE, 0xFF, 0x18, 0x03, 0xCD, 0xFF, 0x19, 0x03, 0xCF, 0xFF, 0x18, 0x02, 0xCB, 0xFF,
  0x18, 0x03, 0xCC, 0xFF, 0x19, 0x02, 0xCB, 0xFF, 0x19, 0x02, 0xCB, 0xFF, 0x19, 0x02, 0xCC, 0xFF, 0x19, 0x02, 0xCA, 0xFF, 0x19, 0x02, 0xC9, 0xFF,
  0x18, 0x02, 0xCA, 0xFF, 0x17, 0x02, 0xC7, 0xFF, 0x17, 0x03, 0xCA, 0xFF, 0x17, 0x03, 0xCC, 0xFF, 0x18, 0x02, 0xCA, 0xFF, 0x19, 0x03, 0xC9, 0xFF,
  0x1A, 0x03, 0xCB, 0xFF, 0x1A, 0x03, 0xCF, 0xFF, 0x19, 0x03, 0xCD, 0xFF, 0x18, 0x03, 0xCC, 0xFF, 0x1A, 0x02, 0xCF, 0xFF, 0x19, 0x02, 0xD1, 0xFF,
  0x18, 0x03, 0xD2, 0xFF, 0x18, 0x02, 0xD4, 0xFF, 0x18, 0x02, 0xD6, 0xFF, 0x18, 0x02, 0xD6, 0xFF, 0x17, 0x02, 0xD4, 0xFF, 0x16, 0x02, 0xD5, 0xFF,
  0x16, 0x02, 0xD7, 0xFF, 0x16, 0x02, 0xD6, 0xFF, 0x15, 0x02, 0xD5, 0xFF, 0x16, 0x02, 0xD4, 0xFF, 0x1A, 0x03, 0xD4, 0xFF, 0x1C, 0x03, 0xCE, 0xFF,
  0x1C, 0x02, 0xC8, 0xFF, 0x22, 0x04, 0xC3, 0xFF, 0x26, 0x07, 0xB5, 0xFF, 0x21, 0x08, 0x91, 0xFF, 0x1B, 0x0A, 0x76, 0xFF, 0x16, 0x0A, 0x5A, 0xFF,
  0x10, 0x09, 0x3C, 0xFF, 0x0C, 0x07, 0x28, 0xFF, 0x09, 0x06, 0x1A, 0xFF, 0x07, 0x05, 0x11, 0xFF, 0x06, 0x04, 0x0C, 0xFF, 0x05, 0x03, 0x08, 0xFF,
  0x04, 0x03, 0x05, 0xFF, 0x04, 0x03, 0x04, 0xFF, 0x04, 0x03, 0x03, 0xFF, 0x04, 0x03, 0x03, 0xFF, 0x04, 0x03, 0x03, 0xFF, 0x04, 0x03, 0x03, 0xFF,
  0x04, 0x03, 0x03, 0xFF, 0x04, 0x03, 0x03, 0xFF, 0x04, 0x03, 0x03, 0xFF, 0x04, 0x03, 0x03, 0xFF, 0x04, 0x03, 0x03, 0xFF, 0x04, 0x03, 0x03, 0xFF,
  0x04, 0x03, 0x03, 0xFF, 0x04, 0x03, 0x03, 0xFF, 0x04, 0x03, 0x03, 0xFF, 0x04, 0x03, 0x03, 0xFF, 0x04, 0x03, 0x03, 0xFF, 0x04, 0x03, 0x03, 0xFF,
  0x04, 0x03, 0x03, 0xFF, 0x04, 0x03, 0x03, 0xFF, 0x04, 0x03, 0x03, 0xFF, 0x04, 0x03, 0x03, 0xFF, 0x04, 0x03, 0x03, 0xFF, 0x04, 0x03, 0x03, 0xFF,
  0x04, 0x03, 0x03, 0xFF, 0x04, 0x03, 0x03, 0xFF, 0x04, 0x03, 0x03, 0xFF, 0x04, 0x03, 0x03, 0xFF, 0x04, 0x03, 0x03, 0xFF, 0x04, 0x03, 0x03, 0xFF,
  0x04, 0x03, 0x03, 0xFF, 0x04, 0x03, 0x03, 0xFF, 0x04, 0x03, 0x03, 0xFF, 0x04, 0x03, 0x03, 0xFF, 0x04, 0x03, 0x03, 0xFF, 0x04, 0x03, 0x03, 0xFF,
  0x04, 0x03, 0x03, 0xFF, 0x04, 0x03, 0x03, 0xFF, 0x04, 0x03, 0x03, 0xFF, 0x04, 0x03, 0x03, 0xFF, 0x04, 0x03, 0x03, 0xFF, 0x04, 0x03, 0x03, 0xFF,
  0x04, 0x03, 0x03, 0xFF, 0x04, 0x03, 0x03, 0xFF, 0x04, 0x03, 0x04, 0xFF, 0x04, 0x03, 0x04, 0xFF, 0x04, 0x03, 0x04, 0xFF, 0x04, 0x03, 0x04, 0xFF,
  0x04, 0x04, 0x04, 0xFF, 0x04, 0x04, 0x05, 0xFF, 0x04, 0x05, 0x07, 0xFF, 0x04, 0x06, 0x0A, 0xFF, 0x04, 0x08, 0x0E, 0xFF, 0x05, 0x0B, 0x12, 0xFF,
  0x05, 0x0E, 0x19, 0xFF, 0x05, 0x13, 0x22, 0xFF, 0x05, 0x18, 0x2C, 0xFF, 0x06, 0x1C, 0x34, 0xFF, 0x06, 0x22, 0x41, 0xFF, 0x06, 0x29, 0x51, 0xFF,
  0x06, 0x2F, 0x5E, 0xFF, 0x06, 0x33, 0x69, 0xFF, 0x06, 0x38, 0x75, 0xFF, 0x05, 0x3C, 0x7E, 0xFF, 0x05, 0x3E, 0x81, 0xFF, 0x06, 0x3D, 0x7E, 0xFF,
  0x05, 0x3B, 0x7A, 0xFF, 0x05, 0x38, 0x75, 0xFF, 0x05, 0x35, 0x6F, 0xFF, 0x05, 0x36, 0x71, 0xFF, 0x05, 0x39, 0x77, 0xFF, 0x05, 0x3B, 0x7B, 0xFF,
  0x05, 0x3B, 0x79, 0xFF, 0x05, 0x3A, 0x78, 0xFF, 0x06, 0x37, 0x73, 0xFF, 0x07, 0x36, 0x70, 0xFF, 0x07, 0x37, 0x72, 0xFF, 0x06, 0x38, 0x75, 0xFF,
  0x06, 0x39, 0x77, 0xFF, 0x06, 0x37, 0x75, 0xFF, 0x06, 0x36, 0x71, 0xFF, 0x05, 0x35, 0x70, 0xFF, 0x06, 0x34, 0x6E, 0xFF, 0x06, 0x33, 0x6C, 0xFF,
  0x05, 0x32, 0x6B, 0xFF, 0x06, 0x31, 0x69, 0xFF, 0x06, 0x2F, 0x66, 0xFF, 0x06, 0x2F, 0x65, 0xFF, 0x06, 0x2F, 0x67, 0xFF, 0x05, 0x30, 0x6A, 0xFF,
  0x05, 0x31, 0x6B, 0xFF, 0x05, 0x31, 0x6D, 0xFF, 0x06, 0x31, 0x6E, 0xFF, 0x06, 0x31, 0x6F, 0xFF, 0x06, 0x31, 0x72, 0xFF, 0x06, 0x33, 0x77, 0xFF,
  0x06, 0x30, 0x72, 0xFF, 0x05, 0x2F, 0x71, 0xFF, 0x05, 0x2F, 0x72, 0xFF, 0x05, 0x2D, 0x70, 0xFF, 0x06, 0x2B, 0x6C, 0xFF, 0x06, 0x2B, 0x6D, 0xFF,
  0x06, 0x2A, 0x69, 0xFF, 0x06, 0x29, 0x68, 0xFF, 0x06, 0x29, 0x69, 0xFF, 0x06, 0x28, 0x68, 0xFF, 0x06, 0x27, 0x66, 0xFF, 0x06, 0x25, 0x66, 0xFF,
  0x06, 0x24, 0x66, 0xFF, 0x07, 0x25, 0x69, 0xFF, 0x08, 0x25, 0x6E, 0xFF, 0x08, 0x25, 0x71, 0xFF, 0x07, 0x23, 0x71, 0xFF, 0x07, 0x21, 0x6E, 0xFF,
  0x07, 0x1F, 0x6C, 0xFF, 0x08, 0x1F, 0x6F, 0xFF, 0x08, 0x1E, 0x6F, 0xFF, 0x08, 0x1D, 0x70, 0xFF, 0x09, 0x1D, 0x73, 0xFF, 0x0A, 0x1C, 0x72, 0xFF,
  0x0B, 0x1A, 0x6F, 0xFF, 0x0B, 0x19, 0x6F, 0xFF, 0x0B, 0x19, 0x71, 0xFF, 0x0C, 0x19, 0x71, 0xFF, 0x0C, 0x17, 0x72, 0xFF, 0x0D, 0x17, 0x76, 0xFF,
  0x0E, 0x17, 0x7B, 0xFF, 0x0F, 0x16, 0x7C, 0xFF, 0x10, 0x14, 0x79, 0xFF, 0x10, 0x13, 0x77, 0xFF, 0x10, 0x13, 0x78, 0xFF, 0x12, 0x12, 0x7F, 0xFF,
  0x12, 0x11, 0x81, 0xFF, 0x12, 0x10, 0x7A, 0xFF, 0x13, 0x0F, 0x7A, 0xFF, 0x14, 0x0F, 0x79, 0xFF, 0x15, 0x0F, 0x7C, 0xFF, 0x17, 0x0F, 0x83, 0xFF,
  0x18, 0x0F, 0x88, 0xFF, 0x19, 0x0F, 0x87, 0xFF, 0x1A, 0x0F, 0x85, 0xFF, 0x1A, 0x0F, 0x83, 0xFF, 0x1B, 0x0E, 0x81, 0xFF, 0x1B, 0x0D, 0x7F, 0xFF,
  0x1B, 0x0B, 0x7D, 0xFF, 0x1E, 0x0C, 0x88, 0xFF, 0x20, 0x0C, 0x8E, 0xFF, 0x1F, 0x0B, 0x8A, 0xFF, 0x1E, 0x0A, 0x84, 0xFF, 0x1D, 0x09, 0x7F, 0xFF,
  0x1E, 0x0A, 0x81, 0xFF, 0x1E, 0x09, 0x81, 0xFF, 0x1D, 0x09, 0x7D, 0xFF, 0x1C, 0x08, 0x78, 0xFF, 0x1D, 0x08, 0x77, 0xFF, 0x1F, 0x08, 0x80, 0xFF,
  0x21, 0x09, 0x88, 0xFF, 0x21, 0x09, 0x87, 0xFF, 0x20, 0x0A, 0x82, 0xFF, 0x20, 0x09, 0x81, 0xFF, 0x20, 0x09, 0x81, 0xFF, 0x1F, 0x08, 0x80, 0xFF,
  0x20, 0x08, 0x82, 0xFF, 0x21, 0x09, 0x87, 0xFF, 0x22, 0x09, 0x8B, 0xFF, 0x21, 0x09, 0x88, 0xFF, 0x1F, 0x08, 0x82, 0xFF, 0x20, 0x08, 0x83, 0xFF,
  0x21, 0x08, 0x86, 0xFF, 0x21, 0x07, 0x89, 0xFF, 0x21, 0x07, 0x8C, 0xFF, 0x21, 0x08, 0x89, 0xFF, 0x21, 0x08, 0x8A, 0xFF, 0x23, 0x09, 0x8E, 0xFF,
  0x23, 0x09, 0x90, 0xFF, 0x23, 0x09, 0x90, 0xFF, 0x22, 0x0A, 0x90, 0xFF, 0x21, 0x0A, 0x8C, 0xFF, 0x1D, 0x09, 0x7B, 0xFF, 0x19, 0x09, 0x6C, 0xFF,
  0x16, 0x09, 0x5E, 0xFF, 0x13, 0x09, 0x4B, 0xFF, 0x10, 0x09, 0x3D, 0xFF, 0x0D, 0x08, 0x2E, 0xFF, 0x0B, 0x07, 0x24, 0xFF, 0x09, 0x06, 0x1B, 0xFF,
  0x07, 0x05, 0x12, 0xFF, 0x06, 0x04, 0x0D, 0xFF, 0x05, 0x04, 0x09, 0xFF, 0x05, 0x03, 0x06, 0xFF, 0x04, 0x03, 0x05, 0xFF, 0x04, 0x03, 0x04, 0xFF,
  0x04, 0x03, 0x04, 0xFF, 0x04, 0x03, 0x04, 0xFF, 0x04, 0x03, 0x03, 0xFF, 0x04, 0x03, 0x03, 0xFF, 0x04, 0x03, 0x03, 0xFF, 0x04, 0x03, 0x03, 0xFF,
  0x04, 0x03, 0x03, 0xFF, 0x04, 0x03, 0x03, 0xFF, 0x04, 0x03, 0x03, 0xFF, 0x04, 0x03, 0x03, 0xFF, 0x04, 0x03, 0x03, 0xFF, 0x04, 0x03, 0x03, 0xFF,
  0x04, 0x03, 0x03, 0xFF, 0x04, 0x03, 0x03, 0xFF, 0x04, 0x03, 0x03, 0xFF, 0x04, 0x03, 0x03, 0xFF, 0x04, 0x03, 0x03, 0xFF, 0x04, 0x03, 0x03, 0xFF,
  0x04, 0x03, 0x03, 0xFF, 0x04, 0x03, 0x03, 0xFF, 0x04, 0x03, 0x03, 0xFF, 0x04, 0x03, 0x03, 0xFF, 0x04, 0x03, 0x03, 0xFF, 0x04, 0x03, 0x03, 0xFF,
  0x04, 0x03, 0x03, 0xFF, 0x04, 0x03, 0x03, 0xFF, 0x04, 0x03, 0x03, 0xFF, 0x04, 0x03, 0x03, 0xFF, 0x04, 0x03, 0x03, 0xFF, 0x04, 0x03, 0x03, 0xFF,
  0x04, 0x03, 0x03, 0xFF, 0x04, 0x03, 0x03, 0xFF, 0x04, 0x03, 0x03, 0xFF, 0x04, 0x03, 0x03, 0xFF, 0x04, 0x03, 0x03, 0xFF, 0x04, 0x03, 0x03, 0xFF,
  0x04, 0x03, 0x03, 0xFF, 0x04, 0x03, 0x03, 0xFF, 0x04, 0x03, 0x03, 0xFF, 0x04, 0x03, 0x03, 0xFF, 0x04, 0x03, 0x03, 0xFF, 0x04, 0x03, 0x03, 0xFF,
  0x04, 0x03, 0x03, 0xFF, 0x04, 0x03, 0x03, 0xFF, 0x04, 0x03, 0x03, 0xFF, 0x04, 0x03, 0x04, 0xFF, 0x04, 0x03, 0x04, 0xFF, 0x04, 0x03, 0x04, 0xFF,
  0x04, 0x03, 0x04, 0xFF, 0x04, 0x03, 0x04, 0xFF, 0x04, 0x04, 0x04, 0xFF, 0x04, 0x04, 0x05, 0xFF, 0x04, 0x05, 0x07, 0xFF, 0x04, 0x06, 0x09, 0xFF,
  0x04, 0x07, 0x0B, 0xFF, 0x04, 0x08, 0x0E, 0xFF, 0x05, 0x0A, 0x10, 0xFF, 0x05, 0x0A, 0x11, 0xFF, 0x05, 0x0C, 0x15, 0xFF, 0x05, 0x0E, 0x19, 0xFF,
  0x05, 0x10, 0x1C, 0xFF, 0x05, 0x11, 0x1E, 0xFF, 0x05, 0x13, 0x21, 0xFF, 0x05, 0x15, 0x25, 0xFF, 0x05, 0x15, 0x26, 0xFF, 0x05, 0x15, 0x24, 0xFF,
  0x05, 0x14, 0x22, 0xFF, 0x05, 0x13, 0x21, 0xFF, 0x05, 0x12, 0x1F, 0xFF, 0x05, 0x12, 0x20, 0xFF, 0x05, 0x14, 0x22, 0xFF, 0x05, 0x15, 0x25, 0xFF,
  0x05, 0x15, 0x24, 0xFF, 0x05, 0x15, 0x24, 0xFF, 0x05, 0x15, 0x23, 0xFF, 0x06, 0x14, 0x22, 0xFF, 0x06, 0x15, 0x25, 0xFF, 0x06, 0x15, 0x25, 0xFF,
  0x06, 0x15, 0x25, 0xFF, 0x05, 0x15, 0x24, 0xFF, 0x05, 0x14, 0x23, 0xFF, 0x05, 0x13, 0x20, 0xFF, 0x05, 0x11, 0x1D, 0xFF, 0x05, 0x10, 0x1B, 0xFF,
  0x05, 0x10, 0x1B, 0xFF, 0x05, 0x10, 0x1C, 0xFF, 0x05, 0x10, 0x1C, 0xFF, 0x05, 0x10, 0x1B, 0xFF, 0x05, 0x10, 0x1C, 0xFF, 0x05, 0x10, 0x1D, 0xFF,
  0x05, 0x11, 0x1E, 0xFF, 0x05, 0x11, 0x1E, 0xFF, 0x05, 0x11, 0x1E, 0xFF, 0x05, 0x11, 0x1F, 0xFF, 0x05, 0x11, 0x20, 0xFF, 0x05, 0x11, 0x21, 0xFF,
  0x05, 0x10, 0x1E, 0xFF, 0x05, 0x10, 0x1E, 0xFF, 0x05, 0x10, 0x1E, 0xFF, 0x05, 0x0F, 0x1D, 0xFF, 0x05, 0x0E, 0x1A, 0xFF, 0x05, 0x0E, 0x1B, 0xFF,
  0x05, 0x0E, 0x1C, 0xFF, 0x05, 0x0E, 0x1C, 0xFF, 0x05, 0x0E, 0x1C, 0xFF, 0x05, 0x0E, 0x1C, 0xFF, 0x05, 0x0D, 0x1B, 0xFF, 0x05, 0x0D, 0x1B, 0xFF,
  0x05, 0x0D, 0x1C, 0xFF, 0x05, 0x0E, 0x1D, 0xFF, 0x05, 0x0E, 0x1E, 0xFF, 0x06, 0x0E, 0x1F, 0xFF, 0x05, 0x0E, 0x20, 0xFF, 0x06, 0x0D, 0x20, 0xFF,
  0x06, 0x0C, 0x1E, 0xFF, 0x06, 0x0D, 0x1E, 0xFF, 0x06, 0x0C, 0x1E, 0xFF, 0x06, 0x0C, 0x1E, 0xFF, 0x06, 0x0B, 0x1E, 0xFF, 0x06, 0x0B, 0x1E, 0xFF,
  0x06, 0x0B, 0x1D, 0xFF, 0x06, 0x0A, 0x1C, 0xFF, 0x06, 0x0A, 0x1C, 0xFF, 0x06, 0x0A, 0x1D, 0xFF, 0x07, 0x0A, 0x1D, 0xFF, 0x07, 0x09, 0x1D, 0xFF,
  0x07, 0x0A, 0x1F, 0xFF, 0x07, 0x0A, 0x1F, 0xFF, 0x07, 0x09, 0x1D, 0xFF, 0x07, 0x08, 0x1C, 0xFF, 0x07, 0x09, 0x1D, 0xFF, 0x08, 0x09, 0x1F, 0xFF,
  0x08, 0x09, 0x22, 0xFF, 0x08, 0x08, 0x21, 0xFF, 0x08, 0x08, 0x22, 0xFF, 0x08, 0x08, 0x20, 0xFF, 0x08, 0x07, 0x20, 0xFF, 0x09, 0x08, 0x21, 0xFF,
  0x09, 0x08, 0x22, 0xFF, 0x0A, 0x08, 0x22, 0xFF, 0x0A, 0x07, 0x20, 0xFF, 0x09, 0x07, 0x1E, 0xFF, 0x09, 0x07, 0x1D, 0xFF, 0x0A, 0x07, 0x1F, 0xFF,
  0x0A, 0x07, 0x1F, 0xFF, 0x0A, 0x07, 0x22, 0xFF, 0x0B, 0x07, 0x23, 0xFF, 0x0A, 0x06, 0x20, 0xFF, 0x0A, 0x06, 0x1E, 0xFF, 0x0A, 0x06, 0x1D, 0xFF,
  0x0A, 0x06, 0x1E, 0xFF, 0x0A, 0x06, 0x1E, 0xFF, 0x0A, 0x05, 0x1D, 0xFF, 0x09, 0x05, 0x1B, 0xFF, 0x09, 0x05, 0x1B, 0xFF, 0x0A, 0x05, 0x1D, 0xFF,
  0x0B, 0x06, 0x1F, 0xFF, 0x0B, 0x06, 0x21, 0xFF, 0x0B, 0x06, 0x21, 0xFF, 0x0B, 0x06, 0x20, 0xFF, 0x0B, 0x05, 0x20, 0xFF, 0x0B, 0x05, 0x20, 0xFF,
  0x0B, 0x05, 0x1F, 0xFF, 0x0B, 0x05, 0x20, 0xFF, 0x0B, 0x06, 0x21, 0xFF, 0x0B, 0x05, 0x20, 0xFF, 0x0A, 0x05, 0x1F, 0xFF, 0x0B, 0x05, 0x21, 0xFF,
  0x0B, 0x05, 0x21, 0xFF, 0x0B, 0x05, 0x21, 0xFF, 0x0B, 0x06, 0x23, 0xFF, 0x0B, 0x06, 0x22, 0xFF, 0x0B, 0x06, 0x21, 0xFF, 0x0B, 0x06, 0x22, 0xFF,
  0x0B, 0x06, 0x23, 0xFF, 0x0C, 0x06, 0x24, 0xFF, 0x0C, 0x06, 0x26, 0xFF, 0x0C, 0x06, 0x25, 0xFF, 0x0A, 0x06, 0x21, 0xFF, 0x0A, 0x06, 0x1E, 0xFF,
  0x09, 0x05, 0x1A, 0xFF, 0x08, 0x05, 0x15, 0xFF, 0x07, 0x05, 0x12, 0xFF, 0x06, 0x04, 0x0E, 0xFF, 0x06, 0x04, 0x0B, 0xFF, 0x05, 0x04, 0x09, 0xFF,
  0x05, 0x03, 0x07, 0xFF, 0x05, 0x03, 0x06, 0xFF, 0x04, 0x03, 0x05, 0xFF, 0x04, 0x03, 0x04, 0xFF, 0x04, 0x03, 0x04, 0xFF, 0x04, 0x03, 0x04, 0xFF,
  0x04, 0x03, 0x04, 0xFF, 0x04, 0x03, 0x03, 0xFF, 0x04, 0x03, 0x03, 0xFF, 0x04, 0x03, 0x03, 0xFF, 0x04, 0x03, 0x03, 0xFF, 0x04, 0x03, 0x03, 0xFF,
  0x04, 0x03, 0x03, 0xFF, 0x04, 0x03, 0x03, 0xFF, 0x04, 0x03, 0x03, 0xFF, 0x04, 0x03, 0x03, 0xFF, 0x04, 0x03, 0x03, 0xFF, 0x04, 0x03, 0x03, 0xFF,
  0x04, 0x03, 0x03, 0xFF, 0x04, 0x03, 0x03, 0xFF, 0x04, 0x03, 0x03, 0xFF, 0x04, 0x03, 0x03, 0xFF, 0x04, 0x03, 0x03, 0xFF, 0x04, 0x03, 0x03, 0xFF,
  0x04, 0x03, 0x03, 0xFF, 0x04, 0x03, 0x03, 0xFF, 0x04, 0x03, 0x03, 0xFF, 0x04, 0x03, 0x03, 0xFF, 0x04, 0x03, 0x03, 0xFF, 0x04, 0x03, 0x03, 0xFF,
  0x04, 0x03, 0x03, 0xFF, 0x04, 0x03, 0x03, 0xFF, 0x04, 0x03, 0x03, 0xFF, 0x04, 0x03, 0x03, 0xFF, 0x04, 0x03, 0x03, 0xFF, 0x04, 0x03, 0x03, 0xFF,
  0x04, 0x03, 0x03, 0xFF, 0x04, 0x03, 0x03, 0xFF, 0x04, 0x03, 0x03, 0xFF, 0x04, 0x03, 0x03, 0xFF, 0x04, 0x03, 0x03, 0xFF, 0x04, 0x03, 0x03, 0xFF,
  0x04, 0x03, 0x03, 0xFF, 0x04, 0x03, 0x03, 0xFF, 0x04, 0x03, 0x03, 0xFF, 0x04, 0x03, 0x03, 0xFF, 0x04, 0x03, 0x03, 0xFF, 0x04, 0x03, 0x03, 0xFF,
  0x04, 0x03, 0x03, 0xFF, 0x04, 0x03, 0x03, 0xFF, 0x04, 0x03, 0x03, 0xFF, 0x04, 0x03, 0x03, 0xFF, 0x04, 0x03, 0x03, 0xFF, 0x04, 0x03, 0x03, 0xFF,
  0x04, 0x03, 0x03, 0xFF, 0x04, 0x03, 0x04, 0xFF, 0x04, 0x03, 0x04, 0xFF, 0x04, 0x03, 0x04, 0xFF, 0x04, 0x04, 0x04, 0xFF, 0x04, 0x04, 0x05, 0xFF,
  0x04, 0x04, 0x06, 0xFF, 0x04, 0x05, 0x06, 0xFF, 0x04, 0x05, 0x07, 0xFF, 0x04, 0x05, 0x07, 0xFF, 0x04, 0x06, 0x08, 0xFF, 0x04, 0x06, 0x09, 0xFF,
  0x04, 0x06, 0x09, 0xFF, 0x04, 0x07, 0x0A, 0xFF, 0x04, 0x07, 0x0A, 0xFF, 0x04, 0x07, 0x0B, 0xFF, 0x04, 0x07, 0x0B, 0xFF, 0x04, 0x07, 0x0A, 0xFF,
  0x04, 0x06, 0x09, 0xFF, 0x04, 0x06, 0x09, 0xFF, 0x04, 0x06, 0x09, 0xFF, 0x04, 0x06, 0x09, 0xFF, 0x04, 0x06, 0x09, 0xFF, 0x04, 0x06, 0x09, 0xFF,
  0x04, 0x07, 0x0A, 0xFF, 0x04, 0x07, 0x0A, 0xFF, 0x04, 0x07, 0x0A, 0xFF, 0x04, 0x07, 0x0A, 0xFF, 0x04, 0x07, 0x0A, 0xFF, 0x04, 0x07, 0x0A, 0xFF,
  0x04, 0x06, 0x09, 0xFF, 0x04, 0x06, 0x09, 0xFF, 0x04, 0x06, 0x09, 0xFF, 0x04, 0x06, 0x09, 0xFF, 0x04, 0x05, 0x07, 0xFF, 0x04, 0x05, 0x07, 0xFF,
  0x04, 0x05, 0x07, 0xFF, 0x04, 0x06, 0x08, 0xFF, 0x04, 0x05, 0x08, 0xFF, 0x04, 0x05, 0x08, 0xFF, 0x04, 0x05, 0x07, 0xFF, 0x04, 0x06, 0x08, 0xFF,
  0x04, 0x06, 0x09, 0xFF, 0x04, 0x06, 0x08, 0xFF, 0x04, 0x06, 0x08, 0xFF, 0x04, 0x06, 0x08, 0xFF, 0x04, 0x06, 0x09, 0xFF, 0x04, 0x06, 0x09, 0xFF,
  0x04, 0x06, 0x09, 0xFF, 0x04, 0x06, 0x08, 0xFF, 0x04, 0x06, 0x08, 0xFF, 0x04, 0x05, 0x08, 0xFF, 0x04, 0x05, 0x07, 0xFF, 0x04, 0x05, 0x07, 0xFF,
  0x04, 0x05, 0x08, 0xFF, 0x04, 0x06, 0x09, 0xFF, 0x04, 0x05, 0x09, 0xFF, 0x04, 0x05, 0x08, 0xFF, 0x04, 0x05, 0x08, 0xFF, 0x04, 0x05, 0x08, 0xFF,
  0x04, 0x05, 0x08, 0xFF, 0x04, 0x05, 0x08, 0xFF, 0x04, 0x05, 0x08, 0xFF, 0x04, 0x05, 0x08, 0xFF, 0x04, 0x05, 0x09, 0xFF, 0x04, 0x05, 0x09, 0xFF,
  0x04, 0x05, 0x09, 0xFF, 0x04, 0x05, 0x08, 0xFF, 0x04, 0x05, 0x08, 0xFF, 0x04, 0x05, 0x08, 0xFF, 0x04, 0x05, 0x08, 0xFF, 0x04, 0x05, 0x08, 0xFF,
  0x04, 0x05, 0x08, 0xFF, 0x04, 0x04, 0x08, 0xFF, 0x04, 0x04, 0x08, 0xFF, 0x04, 0x04, 0x08, 0xFF, 0x04, 0x04, 0x08, 0xFF, 0x04, 0x04, 0x08, 0xFF,
  0x05, 0x04, 0x08, 0xFF, 0x05, 0x04, 0x08, 0xFF, 0x05, 0x04, 0x07, 0xFF, 0x05, 0x04, 0x08, 0xFF, 0x05, 0x04, 0x08, 0xFF, 0x05, 0x04, 0x08, 0xFF,
  0x05, 0x04, 0x09, 0xFF, 0x05, 0x04, 0x09, 0xFF, 0x05, 0x04, 0x09, 0xFF, 0x05, 0x04, 0x09, 0xFF, 0x05, 0x04, 0x08, 0xFF, 0x05, 0x04, 0x09, 0xFF,
  0x05, 0x04, 0x09, 0xFF, 0x05, 0x04, 0x09, 0xFF, 0x05, 0x04, 0x09, 0xFF, 0x05, 0x04, 0x08, 0xFF, 0x05, 0x04, 0x08, 0xFF, 0x05, 0x04, 0x08, 0xFF,
  0x05, 0x04, 0x08, 0xFF, 0x05, 0x04, 0x09, 0xFF, 0x05, 0x04, 0x08, 0xFF, 0x05, 0x04, 0x08, 0xFF, 0x05, 0x04, 0x08, 0xFF, 0x05, 0x04, 0x08, 0xFF,
  0x05, 0x03, 0x08, 0xFF, 0x05, 0x03, 0x08, 0xFF, 0x05, 0x03, 0x08, 0xFF, 0x05, 0x03, 0x08, 0xFF, 0x05, 0x03, 0x08, 0xFF, 0x05, 0x03, 0x08, 0xFF,
  0x05, 0x03, 0x08, 0xFF, 0x05, 0x03, 0x08, 0xFF, 0x05, 0x04, 0x09, 0xFF, 0x05, 0x03, 0x09, 0xFF, 0x05, 0x03, 0x09, 0xFF, 0x05, 0x03, 0x09, 0xFF,
  0x05, 0x03, 0x09, 0xFF, 0x05, 0x03, 0x09, 0xFF, 0x05, 0x03, 0x08, 0xFF, 0x05, 0x04, 0x09, 0xFF, 0x05, 0x03, 0x09, 0xFF, 0x06, 0x04, 0x0A, 0xFF,
  0x06, 0x04, 0x0A, 0xFF, 0x05, 0x04, 0x09, 0xFF, 0x06, 0x04, 0x0A, 0xFF, 0x06, 0x04, 0x0B, 0xFF, 0x05, 0x04, 0x0A, 0xFF, 0x05, 0x04, 0x09, 0xFF,
  0x05, 0x04, 0x09, 0xFF, 0x05, 0x04, 0x09, 0xFF, 0x05, 0x04, 0x09, 0xFF, 0x05, 0x04, 0x09, 0xFF, 0x05, 0x04, 0x09, 0xFF, 0x05, 0x04, 0x08, 0xFF,
  0x05, 0x03, 0x07, 0xFF, 0x05, 0x03, 0x07, 0xFF, 0x05, 0x03, 0x06, 0xFF, 0x05, 0x03, 0x05, 0xFF, 0x04, 0x03, 0x05, 0xFF, 0x04, 0x03, 0x04, 0xFF,
  0x04, 0x03, 0x04, 0xFF, 0x04, 0x03, 0x04, 0xFF, 0x04, 0x03, 0x04, 0xFF, 0x04, 0x03, 0x04, 0xFF, 0x04, 0x03, 0x04, 0xFF, 0x04, 0x03, 0x03, 0xFF,
  0x04, 0x03, 0x03, 0xFF, 0x04, 0x03, 0x03, 0xFF, 0x04, 0x03, 0x03, 0xFF, 0x04, 0x03, 0x03, 0xFF, 0x04, 0x03, 0x03, 0xFF, 0x04, 0x03, 0x03, 0xFF,
  0x04, 0x03, 0x03, 0xFF, 0x04, 0x03, 0x03, 0xFF, 0x04, 0x03, 0x03, 0xFF, 0x04, 0x03, 0x03, 0xFF, 0x04, 0x03, 0x03, 0xFF, 0x04, 0x03, 0x03, 0xFF,
  0x04, 0x03, 0x03, 0xFF, 0x04, 0x03, 0x03, 0xFF, 0x04, 0x03, 0x03, 0xFF, 0x04, 0x03, 0x03, 0xFF, 0x04, 0x03, 0x03, 0xFF, 0x04, 0x03, 0x03, 0xFF,
  0x04, 0x03, 0x03, 0xFF, 0x04, 0x03, 0x03, 0xFF, 0x04, 0x03, 0x03, 0xFF, 0x04, 0x03, 0x03, 0xFF, 0x04, 0x03, 0x03, 0xFF, 0x04, 0x03, 0x03, 0xFF,
  0x04, 0x03, 0x03, 0xFF, 0x04, 0x03, 0x03, 0xFF, 0x04, 0x03, 0x03, 0xFF, 0x04, 0x03, 0x03, 0xFF, 0x04, 0x03, 0x03, 0xFF, 0x04, 0x03, 0x03, 0xFF,
  0x04, 0x03, 0x03, 0xFF, 0x04, 0x03, 0x03, 0xFF, 0x04, 0x03, 0x03, 0xFF, 0x04, 0x03, 0x03, 0xFF, 0x04, 0x03, 0x03, 0xFF, 0x04, 0x03, 0x03, 0xFF,
  0x04, 0x03, 0x03, 0xFF, 0x04, 0x03, 0x03, 0xFF, 0x04, 0x03, 0x03, 0xFF, 0x04, 0x03, 0x03, 0xFF, 0x04, 0x03, 0x03, 0xFF, 0x04, 0x03, 0x03, 0xFF,
  0x04, 0x03, 0x03, 0xFF, 0x04, 0x03, 0x03, 0xFF, 0x04, 0x03, 0x03, 0xFF, 0x04, 0x03, 0x03, 0xFF, 0x04, 0x03, 0x03, 0xFF, 0x04, 0x03, 0x03, 0xFF,
  0x04, 0x03, 0x03, 0xFF, 0x04, 0x03, 0x03, 0xFF, 0x04, 0x03, 0x03, 0xFF, 0x04, 0x03, 0x04, 0xFF, 0x04, 0x03, 0x04, 0xFF, 0x04, 0x03, 0x04, 0xFF,
  0x04, 0x03, 0x04, 0xFF, 0x04, 0x03, 0x04, 0xFF, 0x04, 0x04, 0x04, 0xFF, 0x04, 0x04, 0x05, 0xFF, 0x04, 0x04, 0x05, 0xFF, 0x04, 0x04, 0x05, 0xFF,
  0x04, 0x04, 0x05, 0xFF, 0x04, 0x04, 0x05, 0xFF, 0x04, 0x04, 0x06, 0xFF, 0x04, 0x04, 0x06, 0xFF, 0x04, 0x04, 0x05, 0xFF, 0x04, 0x04, 0x05, 0xFF,
  0x04, 0x04, 0x05, 0xFF, 0x04, 0x04, 0x04, 0xFF, 0x04, 0x04, 0x04, 0xFF, 0x04, 0x04, 0x05, 0xFF, 0x04, 0x04, 0x05, 0xFF, 0x04, 0x04, 0x05, 0xFF,
  0x04, 0x04, 0x05, 0xFF, 0x04, 0x04, 0x05, 0xFF, 0x04, 0x04, 0x05, 0xFF, 0x04, 0x04, 0x05, 0xFF, 0x04, 0x04, 0x05, 0xFF, 0x04, 0x04, 0x05, 0xFF,
  0x04, 0x04, 0x05, 0xFF, 0x04, 0x04, 0x05, 0xFF, 0x04, 0x04, 0x04, 0xFF, 0x04, 0x04, 0x05, 0xFF, 0x04, 0x04, 0x04, 0xFF, 0x04, 0x04, 0x04, 0xFF,
  0x04, 0x04, 0x05, 0xFF, 0x04, 0x04, 0x04, 0xFF, 0x04, 0x04, 0x04, 0xFF, 0x04, 0x04, 0x04, 0xFF, 0x04, 0x04, 0x04, 0xFF, 0x04, 0x04, 0x05, 0xFF,
  0x04, 0x04, 0x05, 0xFF, 0x04, 0x04, 0x05, 0xFF, 0x04, 0x04, 0x05, 0xFF, 0x04, 0x04, 0x05, 0xFF, 0x04, 0x04, 0x05, 0xFF, 0x04, 0x04, 0x05, 0xFF,
  0x04, 0x04, 0x05, 0xFF, 0x04, 0x04, 0x05, 0xFF, 0x04, 0x04, 0x05, 0xFF, 0x04, 0x04, 0x05, 0xFF, 0x04, 0x04, 0x05, 0xFF, 0x04, 0x04, 0x05, 0xFF,
  0x04, 0x04, 0x05, 0xFF, 0x04, 0x04, 0x05, 0xFF, 0x04, 0x04, 0x05, 0xFF, 0x04, 0x04, 0x05, 0xFF, 0x04, 0x04, 0x05, 0xFF, 0x04, 0x04, 0x05, 0xFF,
  0x04, 0x04, 0x05, 0xFF, 0x04, 0x04, 0x05, 0xFF, 0x04, 0x04, 0x05, 0xFF, 0x04, 0x04, 0x05, 0xFF, 0x04, 0x04, 0x05, 0xFF, 0x04, 0x04, 0x05, 0xFF,
  0x04, 0x04, 0x05, 0xFF, 0x04, 0x04, 0x05, 0xFF, 0x04, 0x04, 0x05, 0xFF, 0x04, 0x04, 0x05, 0xFF, 0x04, 0x03, 0x05, 0xFF, 0x04, 0x03, 0x05, 0xFF,
  0x04, 0x03, 0x05, 0xFF, 0x04, 0x03, 0x05, 0xFF, 0x04, 0x03, 0x05, 0xFF, 0x04, 0x03, 0x05, 0xFF, 0x04, 0x03, 0x05, 0xFF, 0x04, 0x03, 0x05, 0xFF,
  0x04, 0x03, 0x04, 0xFF, 0x04, 0x03, 0x05, 0xFF, 0x04, 0x03, 0x05, 0xFF, 0x04, 0x03, 0x05, 0xFF, 0x04, 0x03, 0x05, 0xFF, 0x04, 0x03, 0x05, 0xFF,
  0x04, 0x03, 0x05, 0xFF, 0x04, 0x03, 0x04, 0xFF, 0x04, 0x03, 0x04, 0xFF, 0x04, 0x03, 0x04, 0xFF, 0x04, 0x03, 0x04, 0xFF, 0x04, 0x03, 0x05, 0xFF,
  0x04, 0x03, 0x05, 0xFF, 0x04, 0x03, 0x05, 0xFF, 0x04, 0x03, 0x05, 0xFF, 0x04, 0x03, 0x05, 0xFF, 0x04, 0x03, 0x05, 0xFF, 0x04, 0x03, 0x05, 0xFF,
  0x04, 0x03, 0x05, 0xFF, 0x04, 0x03, 0x05, 0xFF, 0x04, 0x03, 0x05, 0xFF, 0x04, 0x03, 0x05, 0xFF, 0x04, 0x03, 0x05, 0xFF, 0x04, 0x03, 0x05, 0xFF,
  0x04, 0x03, 0x04, 0xFF, 0x04, 0x03, 0x04, 0xFF, 0x04, 0x03, 0x05, 0xFF, 0x04, 0x03, 0x05, 0xFF, 0x04, 0x03, 0x05, 0xFF, 0x04, 0x03, 0x05, 0xFF,
  0x04, 0x03, 0x04, 0xFF, 0x04, 0x03, 0x04, 0xFF, 0x04, 0x03, 0x05, 0xFF, 0x04, 0x03, 0x05, 0xFF, 0x04, 0x03, 0x05, 0xFF, 0x04, 0x03, 0x05, 0xFF,
  0x04, 0x03, 0x05, 0xFF, 0x04, 0x03, 0x05, 0xFF, 0x04, 0x03, 0x05, 0xFF, 0x04, 0x03, 0x05, 0xFF, 0x04, 0x03, 0x05, 0xFF, 0x04, 0x03, 0x05, 0xFF,
  0x04, 0x03, 0x05, 0xFF, 0x04, 0x03, 0x05, 0xFF, 0x04, 0x03, 0x05, 0xFF, 0x04, 0x03, 0x05, 0xFF, 0x04, 0x03, 0x05, 0xFF, 0x04, 0x03, 0x05, 0xFF,
  0x04, 0x03, 0x04, 0xFF, 0x04, 0x03, 0x04, 0xFF, 0x04, 0x03, 0x04, 0xFF, 0x04, 0x03, 0x04, 0xFF, 0x04, 0x03, 0x04, 0xFF, 0x04, 0x03, 0x04, 0xFF,
  0x04, 0x03, 0x04, 0xFF, 0x04, 0x03, 0x04, 0xFF, 0x04, 0x03, 0x04, 0xFF, 0x04, 0x03, 0x04, 0xFF, 0x04, 0x03, 0x03, 0xFF, 0x04, 0x03, 0x03, 0xFF,
  0x04, 0x03, 0x04, 0xFF, 0x04, 0x03, 0x04, 0xFF, 0x04, 0x03, 0x04, 0xFF, 0x04, 0x03, 0x04, 0xFF, 0x04, 0x03, 0x03, 0xFF, 0x04, 0x03, 0x03, 0xFF,
  0x04, 0x03, 0x03, 0xFF, 0x04, 0x03, 0x03, 0xFF, 0x04, 0x03, 0x03, 0xFF, 0x04, 0x03, 0x03, 0xFF, 0x04, 0x03, 0x03, 0xFF, 0x04, 0x03, 0x03, 0xFF,
  0x04, 0x03, 0x03, 0xFF, 0x04, 0x03, 0x03, 0xFF, 0x04, 0x03, 0x03, 0xFF, 0x04, 0x03, 0x03, 0xFF, 0x04, 0x03, 0x03, 0xFF, 0x04, 0x03, 0x03, 0xFF,
  0x04, 0x03, 0x03, 0xFF, 0x04, 0x03, 0x03, 0xFF, 0x04, 0x03, 0x03, 0xFF, 0x04, 0x03, 0x03, 0xFF, 0x04, 0x03, 0x03, 0xFF, 0x04, 0x03, 0x03, 0xFF,
  0x04, 0x03, 0x03, 0xFF, 0x04, 0x03, 0x03, 0xFF, 0x04, 0x03, 0x03, 0xFF, 0x04, 0x03, 0x03, 0xFF, 0x04, 0x03, 0x03, 0xFF, 0x04, 0x03, 0x03, 0xFF,
  0x04, 0x03, 0x03, 0xFF, 0x04, 0x03, 0x03, 0xFF, 0x04, 0x03, 0x03, 0xFF, 0x04, 0x03, 0x03, 0xFF, 0x04, 0x03, 0x03, 0xFF, 0x04, 0x03, 0x03, 0xFF,
  0x04, 0x03, 0x03, 0xFF, 0x04, 0x03, 0x03, 0xFF, 0x04, 0x03, 0x03, 0xFF, 0x04, 0x03, 0x03, 0xFF, 0x04, 0x03, 0x03, 0xFF, 0x04, 0x03, 0x03, 0xFF,
  0x04, 0x03, 0x03, 0xFF, 0x04, 0x03, 0x03, 0xFF, 0x04, 0x03, 0x03, 0xFF, 0x04, 0x03, 0x03, 0xFF, 0x04, 0x03, 0x03, 0xFF, 0x04, 0x03, 0x03, 0xFF,
  0x04, 0x03, 0x03, 0xFF, 0x04, 0x03, 0x03, 0xFF, 0x04, 0x03, 0x03, 0xFF, 0x04, 0x03, 0x03, 0xFF, 0x04, 0x03, 0x03, 0xFF, 0x04, 0x03, 0x03, 0xFF,
  0x04, 0x03, 0x03, 0xFF, 0x04, 0x03, 0x03, 0xFF, 0x04, 0x03, 0x03, 0xFF, 0x04, 0x03, 0x03, 0xFF, 0x04, 0x03, 0x03, 0xFF, 0x04, 0x03, 0x03, 0xFF,
  0x04, 0x03, 0x03, 0xFF, 0x04, 0x03, 0x04, 0xFF, 0x04, 0x03, 0x04, 0xFF, 0x04, 0x03, 0x04, 0xFF, 0x04, 0x03, 0x04, 0xFF, 0x04, 0x03, 0x04, 0xFF,
  0x04, 0x03, 0x04, 0xFF, 0x04, 0x03, 0x04, 0xFF, 0x04, 0x03, 0x04, 0xFF, 0x04, 0x03, 0x04, 0xFF, 0x04, 0x03, 0x04, 0xFF, 0x04, 0x03, 0x04, 0xFF,
  0x04, 0x03, 0x04, 0xFF, 0x04, 0x03, 0x04, 0xFF, 0x04, 0x03, 0x04, 0xFF, 0x04, 0x03, 0x04, 0xFF, 0x04, 0x03, 0x04, 0xFF, 0x04, 0x03, 0x04, 0xFF,
  0x04, 0x03, 0x03, 0xFF, 0x04, 0x03, 0x04, 0xFF, 0x04, 0x03, 0x04, 0xFF, 0x04, 0x03, 0x04, 0xFF, 0x04, 0x03, 0x04, 0xFF, 0x04, 0x03, 0x04, 0xFF,
  0x04, 0x03, 0x03, 0xFF, 0x04, 0x03, 0x03, 0xFF, 0x04, 0x03, 0x04, 0xFF, 0x04, 0x03, 0x04, 0xFF, 0x04, 0x03, 0x04, 0xFF, 0x04, 0x03, 0x03, 0xFF,
  0x04, 0x03, 0x03, 0xFF, 0x04, 0x03, 0x04, 0xFF, 0x04, 0x03, 0x04, 0xFF, 0x04, 0x03, 0x04, 0xFF, 0x04, 0x03, 0x04, 0xFF, 0x04, 0x03, 0x04, 0xFF,
  0x04, 0x03, 0x04, 0xFF, 0x04, 0x03, 0x04, 0xFF, 0x04, 0x03, 0x04, 0xFF, 0x04, 0x03, 0x04, 0xFF, 0x04, 0x03, 0x04, 0xFF, 0x04, 0x03, 0x04, 0xFF,
  0x04, 0x03, 0x04, 0xFF, 0x04, 0x03, 0x04, 0xFF, 0x04, 0x03, 0x04, 0xFF, 0x04, 0x03, 0x04, 0xFF, 0x04, 0x03, 0x04, 0xFF, 0x04, 0x03, 0x04, 0xFF,
  0x04, 0x03, 0x04, 0xFF, 0x04, 0x03, 0x04, 0xFF, 0x04, 0x03, 0x03, 0xFF, 0x04, 0x03, 0x03, 0xFF, 0x04, 0x03, 0x04, 0xFF, 0x04, 0x03, 0x03, 0xFF,
  0x04, 0x03, 0x03, 0xFF, 0x04, 0x03, 0x03, 0xFF, 0x04, 0x03, 0x04, 0xFF, 0x04, 0x03, 0x03, 0xFF, 0x04, 0x03, 0x04, 0xFF, 0x04, 0x03, 0x04, 0xFF,
  0x04, 0x03, 0x04, 0xFF, 0x04, 0x03, 0x04, 0xFF, 0x04, 0x03, 0x03, 0xFF, 0x04, 0x03, 0x03, 0xFF, 0x04, 0x03, 0x04, 0xFF, 0x04, 0x03, 0x03, 0xFF,
  0x04, 0x03, 0x04, 0xFF, 0x04, 0x03, 0x04, 0xFF, 0x04, 0x03, 0x04, 0xFF, 0x04, 0x03, 0x04, 0xFF, 0x04, 0x03, 0x04, 0xFF, 0x04, 0x03, 0x04, 0xFF,
  0x04, 0x03, 0x04, 0xFF, 0x04, 0x03, 0x04, 0xFF, 0x04, 0x03, 0x04, 0xFF, 0x04, 0x03, 0x04, 0xFF, 0x04, 0x03, 0x04, 0xFF, 0x04, 0x03, 0x04, 0xFF,
  0x04, 0x03, 0x04, 0xFF, 0x04, 0x03, 0x04, 0xFF, 0x04, 0x03, 0x04, 0xFF, 0x04, 0x03, 0x04, 0xFF, 0x04, 0x03, 0x04, 0xFF, 0x04, 0x03, 0x04, 0xFF,
  0x04, 0x03, 0x04, 0xFF, 0x04, 0x03, 0x04, 0xFF, 0x04, 0x03, 0x04, 0xFF, 0x04, 0x03, 0x05, 0xFF, 0x04, 0x03, 0x04, 0xFF, 0x04, 0x03, 0x04, 0xFF,
  0x04, 0x03, 0x04, 0xFF, 0x04, 0x03, 0x04, 0xFF, 0x04, 0x03, 0x03, 0xFF, 0x04, 0x03, 0x03, 0xFF, 0x04, 0x03, 0x04, 0xFF, 0x04, 0x03, 0x04, 0xFF,
  0x04, 0x03, 0x04, 0xFF, 0x04, 0x03, 0x04, 0xFF, 0x04, 0x03, 0x04, 0xFF, 0x04, 0x03, 0x04, 0xFF, 0x04, 0x03, 0x04, 0xFF, 0x04, 0x03, 0x04, 0xFF,
  0x04, 0x03, 0x04, 0xFF, 0x04, 0x03, 0x04, 0xFF, 0x04, 0x03, 0x04, 0xFF, 0x04, 0x03, 0x04, 0xFF, 0x04, 0x03, 0x04, 0xFF, 0x04, 0x03, 0x04, 0xFF,
  0x04, 0x03, 0x04, 0xFF, 0x04, 0x03, 0x04, 0xFF, 0x04, 0x03, 0x04, 0xFF, 0x04, 0x03, 0x04, 0xFF, 0x04, 0x03, 0x04, 0xFF, 0x04, 0x03, 0x04, 0xFF,
  0x04, 0x03, 0x04, 0xFF, 0x04, 0x03, 0x04, 0xFF, 0x04, 0x03, 0x04, 0xFF, 0x04, 0x03, 0x04, 0xFF, 0x04, 0x03, 0x04, 0xFF, 0x04, 0x03, 0x04, 0xFF,
  0x04, 0x03, 0x03, 0xFF, 0x04, 0x03, 0x03, 0xFF, 0x04, 0x03, 0x03, 0xFF, 0x04, 0x03, 0x03, 0xFF, 0x04, 0x03, 0x03, 0xFF, 0x04, 0x03, 0x04, 0xFF,
  0x04, 0x03, 0x03, 0xFF, 0x04, 0x03, 0x03, 0xFF, 0x04, 0x03, 0x03, 0xFF, 0x04, 0x03, 0x03, 0xFF, 0x04, 0x03, 0x03, 0xFF, 0x04, 0x03, 0x03, 0xFF,
  0x04, 0x03, 0x03, 0xFF, 0x04, 0x03, 0x03, 0xFF, 0x04, 0x03, 0x03, 0xFF, 0x04, 0x03, 0x03, 0xFF, 0x04, 0x03, 0x03, 0xFF, 0x04, 0x03, 0x03, 0xFF,
  0x04, 0x03, 0x03, 0xFF, 0x04, 0x03, 0x03, 0xFF, 0x04, 0x03, 0x03, 0xFF, 0x04, 0x03, 0x03, 0xFF, 0x04, 0x03, 0x03, 0xFF, 0x04, 0x03, 0x03, 0xFF,
  0x04, 0x03, 0x03, 0xFF, 0x04, 0x03, 0x03, 0xFF, 0x04, 0x03, 0x03, 0xFF, 0x04, 0x03, 0x03, 0xFF, 0x04, 0x03, 0x03, 0xFF, 0x04, 0x03, 0x03, 0xFF,
  0x04, 0x03, 0x03, 0xFF, 0x04, 0x03, 0x03, 0xFF, 0x04, 0x03, 0x03, 0xFF, 0x04, 0x03, 0x03, 0xFF, 0x04, 0x03, 0x03, 0xFF, 0x04, 0x03, 0x03, 0xFF,
  0x04, 0x03, 0x03, 0xFF, 0x04, 0x03, 0x03, 0xFF, 0x04, 0x03, 0x03, 0xFF, 0x04, 0x03, 0x03, 0xFF, 0x04, 0x03, 0x03, 0xFF, 0x04, 0x03, 0x03, 0xFF,
  0x04, 0x03, 0x03, 0xFF, 0x04, 0x03, 0x03, 0xFF, 0x04, 0x03, 0x03, 0xFF, 0x04, 0x03, 0x03, 0xFF, 0x04, 0x03, 0x03, 0xFF, 0x04, 0x03, 0x03, 0xFF,
  0x04, 0x03, 0x03, 0xFF, 0x04, 0x03, 0x03, 0xFF, 0x04, 0x03, 0x03, 0xFF, 0x04, 0x03, 0x03, 0xFF, 0x04, 0x03, 0x03, 0xFF, 0x04, 0x03, 0x03, 0xFF,
  0x04, 0x03, 0x03, 0xFF, 0x04, 0x03, 0x03, 0xFF, 0x04, 0x03, 0x03, 0xFF, 0x04, 0x03, 0x03, 0xFF, 0x04, 0x03, 0x03, 0xFF, 0x04, 0x03, 0x03, 0xFF,
  0x04, 0x03, 0x03, 0xFF, 0x04, 0x03, 0x03, 0xFF, 0x04, 0x03, 0x03, 0xFF, 0x04, 0x03, 0x03, 0xFF, 0x04, 0x03, 0x03, 0xFF, 0x04, 0x03, 0x03, 0xFF,
  0x04, 0x03, 0x03, 0xFF, 0x04, 0x03, 0x03, 0xFF, 0x04, 0x03, 0x03, 0xFF, 0x04, 0x03, 0x03, 0xFF, 0x04, 0x03, 0x03, 0xFF, 0x04, 0x03, 0x03, 0xFF,
  0x04, 0x03, 0x03, 0xFF, 0x04, 0x03, 0x03, 0xFF, 0x04, 0x03, 0x03, 0xFF, 0x04, 0x03, 0x04, 0xFF, 0x04, 0x03, 0x04, 0xFF, 0x04, 0x03, 0x04, 0xFF,
  0x04, 0x03, 0x04, 0xFF, 0x04, 0x03, 0x04, 0xFF, 0x04, 0x03, 0x04, 0xFF, 0x04, 0x03, 0x03, 0xFF, 0x04, 0x03, 0x04, 0xFF, 0x04, 0x03, 0x03, 0xFF,
  0x04, 0x03, 0x03, 0xFF, 0x04, 0x03, 0x03, 0xFF, 0x04, 0x03, 0x03, 0xFF, 0x04, 0x03, 0x03, 0xFF, 0x04, 0x03, 0x03, 0xFF, 0x04, 0x03, 0x03, 0xFF,
  0x04, 0x03, 0x03, 0xFF, 0x04, 0x03, 0x03, 0xFF, 0x04, 0x03, 0x03, 0xFF, 0x04, 0x03, 0x03, 0xFF, 0x04, 0x03, 0x03, 0xFF, 0x04, 0x03, 0x03, 0xFF,
  0x04, 0x03, 0x03, 0xFF, 0x04, 0x03, 0x03, 0xFF, 0x04, 0x03, 0x03, 0xFF, 0x04, 0x03, 0x04, 0xFF, 0x04, 0x03, 0x03, 0xFF, 0x04, 0x03, 0x03, 0xFF,
  0x04, 0x03, 0x03, 0xFF, 0x04, 0x03, 0x03, 0xFF, 0x04, 0x03, 0x03, 0xFF, 0x04, 0x03, 0x03, 0xFF, 0x04, 0x03, 0x03, 0xFF, 0x04, 0x03, 0x03, 0xFF,
  0x04, 0x03, 0x03, 0xFF, 0x04, 0x03, 0x03, 0xFF, 0x04, 0x03, 0x03, 0xFF, 0x04, 0x03, 0x03, 0xFF, 0x04, 0x03, 0x03, 0xFF, 0x04, 0x03, 0x04, 0xFF,
  0x04, 0x03, 0x04, 0xFF, 0x04, 0x03, 0x03, 0xFF, 0x04, 0x03, 0x03, 0xFF, 0x04, 0x03, 0x04, 0xFF, 0x04, 0x03, 0x04, 0xFF, 0x04, 0x03, 0x04, 0xFF,
  0x04, 0x03, 0x04, 0xFF, 0x04, 0x03, 0x03, 0xFF, 0x04, 0x03, 0x03, 0xFF, 0x04, 0x03, 0x03, 0xFF, 0x04, 0x03, 0x03, 0xFF, 0x04, 0x03, 0x03, 0xFF,
  0x04, 0x03, 0x03, 0xFF, 0x04, 0x03, 0x03, 0xFF, 0x04, 0x03, 0x03, 0xFF, 0x04, 0x03, 0x03, 0xFF, 0x04, 0x03, 0x03, 0xFF, 0x04, 0x03, 0x03, 0xFF,
  0x04, 0x03, 0x03, 0xFF, 0x04, 0x03, 0x03, 0xFF, 0x04, 0x03, 0x03, 0xFF, 0x04, 0x03, 0x03, 0xFF, 0x04, 0x03, 0x03, 0xFF, 0x04, 0x03, 0x03, 0xFF,
  0x04, 0x03, 0x03, 0xFF, 0x04, 0x03, 0x03, 0xFF, 0x04, 0x03, 0x03, 0xFF, 0x04, 0x03, 0x03, 0xFF, 0x04, 0x03, 0x04, 0xFF, 0x04, 0x03, 0x04, 0xFF,
  0x04, 0x03, 0x03, 0xFF, 0x04, 0x03, 0x04, 0xFF, 0x04, 0x03, 0x03, 0xFF, 0x04, 0x03, 0x03, 0xFF, 0x04, 0x03, 0x04, 0xFF, 0x04, 0x03, 0x04, 0xFF,
  0x04, 0x03, 0x04, 0xFF, 0x04, 0x03, 0x03, 0xFF, 0x04, 0x03, 0x03, 0xFF, 0x04, 0x03, 0x04, 0xFF, 0x04, 0x03, 0x04, 0xFF, 0x04, 0x03, 0x03, 0xFF,
  0x04, 0x03, 0x03, 0xFF, 0x04, 0x03, 0x04, 0xFF, 0x04, 0x03, 0x04, 0xFF, 0x04, 0x03, 0x04, 0xFF, 0x04, 0x03, 0x04, 0xFF, 0x04, 0x03, 0x04, 0xFF,
  0x04, 0x03, 0x04, 0xFF, 0x04, 0x03, 0x03, 0xFF, 0x04, 0x03, 0x03, 0xFF, 0x04, 0x03, 0x03, 0xFF, 0x04, 0x03, 0x03, 0xFF, 0x04, 0x03, 0x04, 0xFF,
  0x04, 0x03, 0x04, 0xFF, 0x04, 0x03, 0x04, 0xFF, 0x04, 0x03, 0x04, 0xFF, 0x04, 0x03, 0x04, 0xFF, 0x04, 0x03, 0x04, 0xFF, 0x04, 0x03, 0x03, 0xFF,
  0x04, 0x03, 0x03, 0xFF, 0x04, 0x03, 0x03, 0xFF, 0x04, 0x03, 0x04, 0xFF, 0x04, 0x03, 0x04, 0xFF, 0x04, 0x03, 0x04, 0xFF, 0x04, 0x03, 0x04, 0xFF,
  0x04, 0x03, 0x03, 0xFF, 0x04, 0x03, 0x04, 0xFF, 0x04, 0x03, 0x04, 0xFF, 0x04, 0x03, 0x03, 0xFF, 0x04, 0x03, 0x04, 0xFF, 0x04, 0x03, 0x03, 0xFF,
  0x04, 0x03, 0x04, 0xFF, 0x04, 0x03, 0x03, 0xFF, 0x04, 0x03, 0x03, 0xFF, 0x04, 0x03, 0x03, 0xFF, 0x04, 0x03, 0x03, 0xFF, 0x04, 0x03, 0x03, 0xFF,
  0x04, 0x03, 0x03, 0xFF, 0x04, 0x03, 0x03, 0xFF, 0x04, 0x03, 0x03, 0xFF, 0x04, 0x03, 0x03, 0xFF, 0x04, 0x03, 0x03, 0xFF, 0x04, 0x03, 0x04, 0xFF,
  0x04, 0x03, 0x03, 0xFF, 0x04, 0x03, 0x03, 0xFF, 0x04, 0x03, 0x03, 0xFF, 0x04, 0x03, 0x03, 0xFF, 0x04, 0x03, 0x03, 0xFF, 0x04, 0x03, 0x03, 0xFF,
  0x04, 0x03, 0x03, 0xFF, 0x04, 0x03, 0x03, 0xFF, 0x04, 0x03, 0x03, 0xFF, 0x04, 0x03, 0x03, 0xFF, 0x04, 0x03, 0x03, 0xFF, 0x04, 0x03, 0x03, 0xFF,
  0x04, 0x03, 0x03, 0xFF, 0x04, 0x03, 0x03, 0xFF, 0x04, 0x03, 0x03, 0xFF, 0x04, 0x03, 0x03, 0xFF, 0x04, 0x03, 0x03, 0xFF, 0x04, 0x03, 0x03, 0xFF,
  0x04, 0x03, 0x03, 0xFF, 0x04, 0x03, 0x03, 0xFF, 0x04, 0x03, 0x03, 0xFF, 0x04, 0x03, 0x03, 0xFF, 0x04, 0x03, 0x03, 0xFF, 0x04, 0x03, 0x03, 0xFF,
  0x04, 0x03, 0x03, 0xFF, 0x04, 0x03, 0x03, 0xFF, 0x04, 0x03, 0x03, 0xFF, 0x04, 0x03, 0x03, 0xFF, 0x04, 0x03, 0x03, 0xFF, 0x04, 0x03, 0x03, 0xFF,
  0x04, 0x03, 0x03, 0xFF, 0x04, 0x03, 0x03, 0xFF, 0x04, 0x03, 0x03, 0xFF, 0x04, 0x03, 0x03, 0xFF, 0x04, 0x03, 0x03, 0xFF, 0x04, 0x03, 0x03, 0xFF,
  0x04, 0x03, 0x03, 0xFF, 0x04, 0x03, 0x03, 0xFF, 0x04, 0x03, 0x03, 0xFF, 0x04, 0x03, 0x03, 0xFF, 0x04, 0x03, 0x03, 0xFF, 0x04, 0x03, 0x03, 0xFF,
  0x04, 0x03, 0x03, 0xFF, 0x04, 0x03, 0x03, 0xFF, 0x04, 0x03, 0x03, 0xFF, 0x04, 0x03, 0x03, 0xFF, 0x04, 0x03, 0x03, 0xFF, 0x04, 0x03, 0x03, 0xFF,
  0x04, 0x03, 0x03, 0xFF, 0x04, 0x03, 0x03, 0xFF, 0x04, 0x03, 0x03, 0xFF, 0x04, 0x03, 0x03, 0xFF, 0x04, 0x03, 0x03, 0xFF, 0x04, 0x03, 0x03, 0xFF,
  0x04, 0x03, 0x03, 0xFF, 0x04, 0x03, 0x03, 0xFF, 0x04, 0x03, 0x03, 0xFF, 0x04, 0x03, 0x03, 0xFF, 0x04, 0x03, 0x03, 0xFF, 0x04, 0x03, 0x03, 0xFF,
  0x04, 0x03, 0x03, 0xFF, 0x04, 0x03, 0x03, 0xFF, 0x04, 0x03, 0x03, 0xFF, 0x04, 0x03, 0x03, 0xFF, 0x04, 0x03, 0x03, 0xFF, 0x04, 0x03, 0x03, 0xFF,
  0x04, 0x03, 0x03, 0xFF, 0x04, 0x03, 0x03, 0xFF, 0x04, 0x03, 0x03, 0xFF, 0x04, 0x03, 0x03, 0xFF, 0x04, 0x03, 0x03, 0xFF, 0x04, 0x03, 0x03, 0xFF,
  0x04, 0x03, 0x03, 0xFF, 0x04, 0x03, 0x03, 0xFF, 0x04, 0x03, 0x03, 0xFF, 0x04, 0x03, 0x03, 0xFF, 0x04, 0x03, 0x03, 0xFF, 0x04, 0x03, 0x03, 0xFF,
  0x04, 0x03, 0x03, 0xFF, 0x04, 0x03, 0x03, 0xFF, 0x04, 0x03, 0x03, 0xFF, 0x04, 0x03, 0x03, 0xFF, 0x04, 0x03, 0x03, 0xFF, 0x04, 0x03, 0x03, 0xFF,
  0x04, 0x03, 0x03, 0xFF, 0x04, 0x03, 0x03, 0xFF, 0x04, 0x03, 0x03, 0xFF, 0x04, 0x03, 0x03, 0xFF, 0x04, 0x03, 0x03, 0xFF, 0x04, 0x03, 0x03, 0xFF,
  0x04, 0x03, 0x03, 0xFF, 0x04, 0x03, 0x03, 0xFF, 0x04, 0x03, 0x03, 0xFF, 0x04, 0x03, 0x03, 0xFF, 0x04, 0x03, 0x03, 0xFF, 0x04, 0x03, 0x03, 0xFF,
  0x04, 0x03, 0x03, 0xFF, 0x04, 0x03, 0x03, 0xFF, 0x04, 0x03, 0x03, 0xFF, 0x04, 0x03, 0x03, 0xFF, 0x04, 0x03, 0x03, 0xFF, 0x04, 0x03, 0x03, 0xFF,
  0x04, 0x03, 0x03, 0xFF, 0x04, 0x03, 0x03, 0xFF, 0x04, 0x03, 0x03, 0xFF, 0x04, 0x03, 0x03, 0xFF, 0x04, 0x03, 0x03, 0xFF, 0x04, 0x03, 0x03, 0xFF,
  0x04, 0x03, 0x03, 0xFF, 0x04, 0x03, 0x03, 0xFF, 0x04, 0x03, 0x03, 0xFF, 0x04, 0x03, 0x03, 0xFF, 0x04, 0x03, 0x03, 0xFF, 0x04, 0x03, 0x03, 0xFF,
  0x04, 0x03, 0x04, 0xFF, 0x04, 0x03, 0x03, 0xFF, 0x04, 0x03, 0x03, 0xFF, 0x04, 0x03, 0x03, 0xFF, 0x04, 0x03, 0x03, 0xFF, 0x04, 0x03, 0x03, 0xFF,
  0x04, 0x03, 0x03, 0xFF, 0x04, 0x03, 0x03, 0xFF, 0x04, 0x03, 0x03, 0xFF, 0x04, 0x03, 0x03, 0xFF, 0x04, 0x03, 0x03, 0xFF, 0x04, 0x03, 0x03, 0xFF,
  0x04, 0x03, 0x03, 0xFF, 0x04, 0x03, 0x03, 0xFF, 0x04, 0x03, 0x03, 0xFF, 0x04, 0x03, 0x03, 0xFF, 0x04, 0x03, 0x03, 0xFF, 0x04, 0x03, 0x03, 0xFF,
  0x04, 0x03, 0x03, 0xFF, 0x04, 0x03, 0x03, 0xFF, 0x04, 0x03, 0x03, 0xFF, 0x04, 0x03, 0x03, 0xFF, 0x04, 0x03, 0x03, 0xFF, 0x04, 0x03, 0x03, 0xFF,
  0x04, 0x03, 0x03, 0xFF, 0x04, 0x03, 0x03, 0xFF, 0x04, 0x03, 0x03, 0xFF, 0x04, 0x03, 0x03, 0xFF, 0x04, 0x03, 0x03, 0xFF, 0x04, 0x03, 0x03, 0xFF,
  0x04, 0x03, 0x03, 0xFF, 0x04, 0x03, 0x03, 0xFF, 0x04, 0x03, 0x03, 0xFF, 0x04, 0x03, 0x03, 0xFF, 0x04, 0x03, 0x03, 0xFF, 0x04, 0x03, 0x03, 0xFF,
  0x04, 0x03, 0x03, 0xFF, 0x04, 0x03, 0x04, 0xFF, 0x04, 0x03, 0x04, 0xFF, 0x04, 0x03, 0x04, 0xFF, 0x04, 0x03, 0x04, 0xFF, 0x04, 0x03, 0x04, 0xFF,
  0x04, 0x03, 0x04, 0xFF, 0x04, 0x03, 0x03, 0xFF, 0x04, 0x03, 0x03, 0xFF, 0x04, 0x03, 0x03, 0xFF, 0x04, 0x03, 0x03, 0xFF, 0x04, 0x03, 0x04, 0xFF,
  0x04, 0x03, 0x04, 0xFF, 0x04, 0x03, 0x04, 0xFF, 0x04, 0x03, 0x04, 0xFF, 0x04, 0x03, 0x03, 0xFF, 0x04, 0x03, 0x04, 0xFF, 0x04, 0x03, 0x03, 0xFF,
  0x04, 0x03, 0x03, 0xFF, 0x04, 0x03, 0x03, 0xFF, 0x04, 0x03, 0x03, 0xFF, 0x04, 0x03, 0x04, 0xFF, 0x04, 0x03, 0x04, 0xFF, 0x04, 0x03, 0x04, 0xFF,
  0x04, 0x03, 0x03, 0xFF, 0x04, 0x03, 0x03, 0xFF, 0x04, 0x03, 0x03, 0xFF, 0x04, 0x03, 0x03, 0xFF, 0x04, 0x03, 0x03, 0xFF, 0x04, 0x03, 0x03, 0xFF,
  0x04, 0x03, 0x03, 0xFF, 0x04, 0x03, 0x03, 0xFF, 0x04, 0x03, 0x03, 0xFF, 0x04, 0x03, 0x03, 0xFF, 0x04, 0x03, 0x03, 0xFF, 0x04, 0x03, 0x03, 0xFF,
  0x04, 0x03, 0x03, 0xFF, 0x04, 0x03, 0x03, 0xFF, 0x04, 0x03, 0x03, 0xFF, 0x04, 0x03, 0x03, 0xFF, 0x04, 0x03, 0x03, 0xFF, 0x04, 0x03, 0x03, 0xFF,
  0x04, 0x03, 0x03, 0xFF, 0x04, 0x03, 0x03, 0xFF, 0x04, 0x03, 0x03, 0xFF, 0x04, 0x03, 0x03, 0xFF, 0x04, 0x03, 0x03, 0xFF, 0x04, 0x03, 0x03, 0xFF,
  0x04, 0x03, 0x03, 0xFF, 0x04, 0x03, 0x03, 0xFF, 0x04, 0x03, 0x03, 0xFF, 0x04, 0x03, 0x03, 0xFF, 0x04, 0x03, 0x03, 0xFF, 0x04, 0x03, 0x03, 0xFF,
  0x04, 0x03, 0x03, 0xFF, 0x04, 0x03, 0x03, 0xFF, 0x04, 0x03, 0x03, 0xFF, 0x04, 0x03, 0x03, 0xFF, 0x04, 0x03, 0x03, 0xFF, 0x04, 0x03, 0x03, 0xFF,
  0x04, 0x03, 0x03, 0xFF, 0x04, 0x03, 0x03, 0xFF, 0x04, 0x03, 0x03, 0xFF, 0x04, 0x03, 0x03, 0xFF, 0x04, 0x03, 0x03, 0xFF, 0x04, 0x03, 0x03, 0xFF,
  0x04, 0x03, 0x03, 0xFF, 0x04, 0x03, 0x03, 0xFF, 0x04, 0x03, 0x03, 0xFF, 0x04, 0x03, 0x03, 0xFF, 0x04, 0x03, 0x03, 0xFF, 0x04, 0x03, 0x03, 0xFF,
  0x04, 0x03, 0x03, 0xFF, 0x04, 0x03, 0x03, 0xFF, 0x04, 0x03, 0x03, 0xFF, 0x04, 0x03, 0x03, 0xFF, 0x04, 0x03, 0x03, 0xFF, 0x04, 0x03, 0x03, 0xFF,
  0x04, 0x03, 0x03, 0xFF, 0x04, 0x03, 0x03, 0xFF, 0x04, 0x03, 0x03, 0xFF, 0x04, 0x03, 0x03, 0xFF, 0x04, 0x03, 0x03, 0xFF, 0x04, 0x03, 0x03, 0xFF,
  0x04, 0x03, 0x03, 0xFF, 0x04, 0x03, 0x03, 0xFF, 0x04, 0x03, 0x03, 0xFF, 0x04, 0x03, 0x03, 0xFF, 0x04, 0x03, 0x03, 0xFF, 0x04, 0x03, 0x03, 0xFF,
  0x04, 0x03, 0x03, 0xFF, 0x04, 0x03, 0x03, 0xFF, 0x04, 0x03, 0x03, 0xFF, 0x04, 0x03, 0x03, 0xFF, 0x04, 0x03, 0x03, 0xFF, 0x04, 0x03, 0x03, 0xFF,
  0x04, 0x03, 0x03, 0xFF, 0x04, 0x03, 0x03, 0xFF, 0x04, 0x03, 0x03, 0xFF, 0x04, 0x03, 0x03, 0xFF, 0x04, 0x03, 0x03, 0xFF, 0x04, 0x03, 0x03, 0xFF,
  0x04, 0x03, 0x03, 0xFF, 0x04, 0x03, 0x03, 0xFF, 0x04, 0x03, 0x03, 0xFF, 0x04, 0x03, 0x03, 0xFF, 0x04, 0x03, 0x03, 0xFF, 0x04, 0x03, 0x03, 0xFF,
  0x04, 0x03, 0x03, 0xFF, 0x04, 0x03, 0x03, 0xFF, 0x04, 0x03, 0x03, 0xFF, 0x04, 0x03, 0x03, 0xFF, 0x04, 0x03, 0x03, 0xFF, 0x04, 0x03, 0x03, 0xFF,
  0x04, 0x03, 0x03, 0xFF, 0x04, 0x03, 0x03, 0xFF, 0x04, 0x03, 0x03, 0xFF, 0x04, 0x03, 0x03, 0xFF, 0x04, 0x03, 0x03, 0xFF, 0x04, 0x03, 0x03, 0xFF,
  0x04, 0x03, 0x03, 0xFF, 0x04, 0x03, 0x03, 0xFF, 0x04, 0x03, 0x03, 0xFF, 0x04, 0x03, 0x03, 0xFF, 0x04, 0x03, 0x03, 0xFF, 0x04, 0x03, 0x03, 0xFF,
  0x04, 0x03, 0x03, 0xFF, 0x04, 0x03, 0x03, 0xFF, 0x04, 0x03, 0x03, 0xFF, 0x04, 0x03, 0x03, 0xFF, 0x04, 0x03, 0x03, 0xFF, 0x04, 0x03, 0x03, 0xFF,
  0x04, 0x03, 0x03, 0xFF, 0x04, 0x03, 0x03, 0xFF, 0x04, 0x03, 0x03, 0xFF, 0x04, 0x03, 0x03, 0xFF, 0x04, 0x03, 0x03, 0xFF, 0x04, 0x03, 0x03, 0xFF,
  0x04, 0x03, 0x03, 0xFF, 0x04, 0x03, 0x03, 0xFF, 0x04, 0x03, 0x03, 0xFF, 0x04, 0x03, 0x03, 0xFF, 0x04, 0x03, 0x03, 0xFF, 0x04, 0x03, 0x03, 0xFF,
  0x04, 0x03, 0x03, 0xFF, 0x04, 0x03, 0x03, 0xFF, 0x04, 0x03, 0x03, 0xFF, 0x04, 0x03, 0x03, 0xFF, 0x04, 0x03, 0x03, 0xFF, 0x04, 0x03, 0x03, 0xFF,
  0x04, 0x03, 0x03, 0xFF, 0x04, 0x03, 0x03, 0xFF, 0x04, 0x03, 0x03, 0xFF, 0x04, 0x03, 0x03, 0xFF, 0x04, 0x03, 0x03, 0xFF, 0x04, 0x03, 0x03, 0xFF,
  0x04, 0x03, 0x03, 0xFF, 0x04, 0x03, 0x03, 0xFF, 0x04, 0x03, 0x03, 0xFF, 0x04, 0x03, 0x03, 0xFF, 0x04, 0x03, 0x03, 0xFF, 0x04, 0x03, 0x03, 0xFF,
  0x04, 0x03, 0x03, 0xFF, 0x04, 0x03, 0x03, 0xFF, 0x04, 0x03, 0x03, 0xFF, 0x04, 0x03, 0x03, 0xFF, 0x04, 0x03, 0x03, 0xFF, 0x04, 0x03, 0x03, 0xFF,
  0x04, 0x03, 0x03, 0xFF, 0x04, 0x03, 0x03, 0xFF, 0x04, 0x03, 0x03, 0xFF, 0x04, 0x03, 0x03, 0xFF, 0x04, 0x03, 0x03, 0xFF, 0x04, 0x03, 0x03, 0xFF,
  0x04, 0x03, 0x03, 0xFF, 0x04, 0x03, 0x03, 0xFF, 0x04, 0x03, 0x03, 0xFF, 0x04, 0x03, 0x03, 0xFF, 0x04, 0x03, 0x03, 0xFF, 0x04, 0x03, 0x03, 0xFF,
  0x04, 0x03, 0x03, 0xFF, 0x04, 0x03, 0x03, 0xFF, 0x04, 0x03, 0x03, 0xFF, 0x04, 0x03, 0x03, 0xFF, 0x04, 0x03, 0x03, 0xFF, 0x04, 0x03, 0x03, 0xFF,
  0x04, 0x03, 0x03, 0xFF, 0x04, 0x03, 0x03, 0xFF, 0x04, 0x03, 0x03, 0xFF, 0x04, 0x03, 0x03, 0xFF, 0x04, 0x03, 0x03, 0xFF, 0x04, 0x03, 0x03, 0xFF,
  0x04, 0x03, 0x03, 0xFF, 0x04, 0x03, 0x03, 0xFF, 0x04, 0x03, 0x03, 0xFF, 0x04, 0x03, 0x04, 0xFF, 0x04, 0x03, 0x04, 0xFF, 0x04, 0x03, 0x04, 0xFF,
  0x04, 0x03, 0x04, 0xFF, 0x04, 0x03, 0x04, 0xFF, 0x04, 0x03, 0x04, 0xFF, 0x04, 0x03, 0x03, 0xFF, 0x04, 0x03, 0x03, 0xFF, 0x04, 0x03, 0x03, 0xFF,
  0x04, 0x03, 0x03, 0xFF, 0x04, 0x03, 0x03, 0xFF, 0x04, 0x03, 0x03, 0xFF, 0x04, 0x03, 0x03, 0xFF, 0x04, 0x03, 0x04, 0xFF, 0x04, 0x03, 0x03, 0xFF,
  0x04, 0x03, 0x03, 0xFF, 0x04, 0x03, 0x03, 0xFF, 0x04, 0x03, 0x03, 0xFF, 0x04, 0x03, 0x04, 0xFF, 0x04, 0x03, 0x04, 0xFF, 0x04, 0x03, 0x03, 0xFF,
  0x04, 0x03, 0x03, 0xFF, 0x04, 0x03, 0x03, 0xFF, 0x04, 0x03, 0x03, 0xFF, 0x04, 0x03, 0x03, 0xFF, 0x04, 0x03, 0x03, 0xFF, 0x04, 0x03, 0x03, 0xFF,
  0x04, 0x03, 0x03, 0xFF, 0x04, 0x03, 0x03, 0xFF, 0x04, 0x03, 0x03, 0xFF, 0x04, 0x03, 0x03, 0xFF, 0x04, 0x03, 0x03, 0xFF, 0x04, 0x03, 0x03, 0xFF,
  0x04, 0x03, 0x03, 0xFF, 0x04, 0x03, 0x03, 0xFF, 0x04, 0x03, 0x03, 0xFF, 0x04, 0x03, 0x03, 0xFF, 0x04, 0x03, 0x03, 0xFF, 0x04, 0x03, 0x03, 0xFF,
  0x04, 0x03, 0x03, 0xFF, 0x04, 0x03, 0x03, 0xFF, 0x04, 0x03, 0x03, 0xFF, 0x04, 0x03, 0x03, 0xFF, 0x04, 0x03, 0x03, 0xFF, 0x04, 0x03, 0x03, 0xFF,
  0x04, 0x03, 0x03, 0xFF, 0x04, 0x03, 0x03, 0xFF, 0x04, 0x03, 0x03, 0xFF, 0x04, 0x03, 0x03, 0xFF, 0x04, 0x03, 0x03, 0xFF, 0x04, 0x03, 0x03, 0xFF,
  0x04, 0x03, 0x03, 0xFF, 0x04, 0x03, 0x03, 0xFF, 0x04, 0x03, 0x03, 0xFF, 0x04, 0x03, 0x03, 0xFF, 0x04, 0x03, 0x03, 0xFF, 0x04, 0x03, 0x03, 0xFF,
  0x04, 0x03, 0x03, 0xFF, 0x04, 0x03, 0x03, 0xFF, 0x04, 0x03, 0x03, 0xFF, 0x04, 0x03, 0x03, 0xFF, 0x04, 0x03, 0x03, 0xFF, 0x04, 0x03, 0x03, 0xFF,
  0x04, 0x03, 0x03, 0xFF, 0x04, 0x03, 0x03, 0xFF, 0x04, 0x03, 0x03, 0xFF, 0x04, 0x03, 0x03, 0xFF, 0x04, 0x03, 0x03, 0xFF, 0x04, 0x03, 0x03, 0xFF,
  0x04, 0x03, 0x03, 0xFF, 0x04, 0x03, 0x03, 0xFF, 0x04, 0x03, 0x03, 0xFF, 0x04, 0x03, 0x03, 0xFF, 0x04, 0x03, 0x03, 0xFF, 0x04, 0x03, 0x03, 0xFF,
  0x04, 0x03, 0x03, 0xFF, 0x04, 0x03, 0x03, 0xFF, 0x04, 0x03, 0x03, 0xFF, 0x04, 0x03, 0x03, 0xFF, 0x04, 0x03, 0x03, 0xFF, 0x04, 0x03, 0x03, 0xFF,
  0x04, 0x03, 0x03, 0xFF, 0x04, 0x03, 0x03, 0xFF, 0x04, 0x03, 0x03, 0xFF, 0x04, 0x03, 0x03, 0xFF, 0x04, 0x03, 0x03, 0xFF, 0x04, 0x03, 0x03, 0xFF,
  0x04, 0x03, 0x03, 0xFF, 0x04, 0x03, 0x03, 0xFF, 0x04, 0x03, 0x03, 0xFF, 0x04, 0x03, 0x03, 0xFF, 0x04, 0x03, 0x03, 0xFF, 0x04, 0x03, 0x03, 0xFF,
  0x04, 0x03, 0x03, 0xFF, 0x04, 0x03, 0x03, 0xFF, 0x04, 0x03, 0x03, 0xFF, 0x04, 0x03, 0x03, 0xFF, 0x04, 0x03, 0x03, 0xFF, 0x04, 0x03, 0x03, 0xFF,
  0x04, 0x03, 0x03, 0xFF, 0x04, 0x03, 0x03, 0xFF, 0x04, 0x03, 0x03, 0xFF, 0x04, 0x03, 0x03, 0xFF, 0x04, 0x03, 0x03, 0xFF, 0x04, 0x03, 0x03, 0xFF,
  0x04, 0x03, 0x03, 0xFF, 0x04, 0x03, 0x03, 0xFF, 0x04, 0x03, 0x03, 0xFF, 0x04, 0x03, 0x03, 0xFF, 0x04, 0x03, 0x03, 0xFF, 0x04, 0x03, 0x03, 0xFF,
  0x04, 0x03, 0x03, 0xFF, 0x04, 0x03, 0x03, 0xFF, 0x04, 0x03, 0x03, 0xFF, 0x04, 0x03, 0x03, 0xFF, 0x04, 0x03, 0x03, 0xFF, 0x04, 0x03, 0x03, 0xFF,
  0x04, 0x03, 0x03, 0xFF, 0x04, 0x03, 0x03, 0xFF, 0x04, 0x03, 0x03, 0xFF, 0x04, 0x03, 0x03, 0xFF, 0x04, 0x03, 0x03, 0xFF, 0x04, 0x03, 0x03, 0xFF,
  0x04, 0x03, 0x03, 0xFF, 0x04, 0x03, 0x03, 0xFF, 0x04, 0x03, 0x03, 0xFF, 0x04, 0x03, 0x03, 0xFF, 0x04, 0x03, 0x03, 0xFF, 0x04, 0x03, 0x03, 0xFF,
  0x04, 0x03, 0x03, 0xFF, 0x04, 0x03, 0x03, 0xFF, 0x04, 0x03, 0x03, 0xFF, 0x04, 0x03, 0x03, 0xFF, 0x04, 0x03, 0x03, 0xFF, 0x04, 0x03, 0x03, 0xFF,
  0x04, 0x03, 0x03, 0xFF, 0x04, 0x03, 0x03, 0xFF, 0x04, 0x03, 0x03, 0xFF, 0x04, 0x03, 0x03, 0xFF, 0x04, 0x03, 0x03, 0xFF, 0x04, 0x03, 0x03, 0xFF,
  0x04, 0x03, 0x03, 0xFF, 0x04, 0x03, 0x03, 0xFF, 0x04, 0x03, 0x03, 0xFF, 0x04, 0x03, 0x03, 0xFF, 0x04, 0x03, 0x03, 0xFF, 0x04, 0x03, 0x03, 0xFF,
  0x04, 0x03, 0x03, 0xFF, 0x04, 0x03, 0x03, 0xFF, 0x04, 0x03, 0x03, 0xFF, 0x04, 0x03, 0x03, 0xFF, 0x04, 0x03, 0x03, 0xFF, 0x04, 0x03, 0x03, 0xFF,
  0x04, 0x03, 0x03, 0xFF, 0x04, 0x03, 0x03, 0xFF, 0x04, 0x03, 0x03, 0xFF, 0x04, 0x03, 0x03, 0xFF, 0x04, 0x03, 0x03, 0xFF, 0x04, 0x03, 0x03, 0xFF,
  0x04, 0x03, 0x03, 0xFF, 0x04, 0x03, 0x03, 0xFF, 0x04, 0x03, 0x03, 0xFF, 0x04, 0x03, 0x03, 0xFF, 0x04, 0x03, 0x03, 0xFF, 0x04, 0x03, 0x03, 0xFF,
  0x04, 0x03, 0x03, 0xFF, 0x04, 0x03, 0x03, 0xFF, 0x04, 0x03, 0x03, 0xFF, 0x04, 0x03, 0x03, 0xFF, 0x04, 0x03, 0x03, 0xFF, 0x04, 0x03, 0x03, 0xFF,
  0x04, 0x03, 0x03, 0xFF, 0x04, 0x03, 0x03, 0xFF, 0x04, 0x03, 0x03, 0xFF, 0x04, 0x03, 0x03, 0xFF, 0x04, 0x03, 0x03, 0xFF, 0x04, 0x03, 0x03, 0xFF,
  0x04, 0x03, 0x03, 0xFF, 0x04, 0x03, 0x03, 0xFF, 0x04, 0x03, 0x03, 0xFF, 0x04, 0x03, 0x03, 0xFF, 0x04, 0x03, 0x03, 0xFF, 0x04, 0x03, 0x03, 0xFF,
  0x04, 0x03, 0x03, 0xFF, 0x04, 0x03, 0x03, 0xFF, 0x04, 0x03, 0x03, 0xFF, 0x04, 0x03, 0x03, 0xFF, 0x04, 0x03, 0x03, 0xFF, 0x04, 0x03, 0x03, 0xFF,
  0x04, 0x03, 0x03, 0xFF, 0x04, 0x03, 0x03, 0xFF, 0x04, 0x03, 0x03, 0xFF, 0x04, 0x03, 0x04, 0xFF, 0x04, 0x03, 0x03, 0xFF, 0x04, 0x03, 0x03, 0xFF,
  0x04, 0x03, 0x04, 0xFF, 0x04, 0x03, 0x04, 0xFF, 0x04, 0x03, 0x04, 0xFF, 0x04, 0x03, 0x03, 0xFF, 0x04, 0x03, 0x03, 0xFF, 0x04, 0x03, 0x03, 0xFF,
  0x04, 0x03, 0x03, 0xFF, 0x04, 0x03, 0x03, 0xFF, 0x04, 0x03, 0x03, 0xFF, 0x04, 0x03, 0x03, 0xFF, 0x04, 0x03, 0x04, 0xFF, 0x04, 0x03, 0x04, 0xFF,
  0x04, 0x03, 0x04, 0xFF, 0x04, 0x03, 0x03, 0xFF, 0x04, 0x03, 0x03, 0xFF, 0x04, 0x03, 0x03, 0xFF, 0x04, 0x03, 0x03, 0xFF, 0x04, 0x03, 0x03, 0xFF,
  0x04, 0x03, 0x03, 0xFF, 0x04, 0x03, 0x03, 0xFF, 0x04, 0x03, 0x03, 0xFF, 0x04, 0x03, 0x03, 0xFF, 0x04, 0x03, 0x03, 0xFF, 0x04, 0x03, 0x03, 0xFF,
  0x04, 0x03, 0x03, 0xFF, 0x04, 0x03, 0x03, 0xFF, 0x04, 0x03, 0x03, 0xFF, 0x04, 0x03, 0x03, 0xFF, 0x04, 0x03, 0x03, 0xFF, 0x04, 0x03, 0x03, 0xFF,
  0x04, 0x03, 0x03, 0xFF, 0x04, 0x03, 0x03, 0xFF, 0x04, 0x03, 0x03, 0xFF, 0x04, 0x03, 0x03, 0xFF, 0x04, 0x03, 0x03, 0xFF, 0x04, 0x03, 0x03, 0xFF,
  0x04, 0x03, 0x03, 0xFF, 0x04, 0x03, 0x03, 0xFF, 0x04, 0x03, 0x03, 0xFF, 0x04, 0x03, 0x03, 0xFF, 0x04, 0x03, 0x03, 0xFF, 0x04, 0x03, 0x03, 0xFF,
  0x04, 0x03, 0x03, 0xFF, 0x04, 0x03, 0x03, 0xFF, 0x04, 0x03, 0x03, 0xFF, 0x04, 0x03, 0x03, 0xFF, 0x04, 0x03, 0x03, 0xFF, 0x04, 0x03, 0x03, 0xFF,
  0x04, 0x03, 0x03, 0xFF, 0x04, 0x03, 0x03, 0xFF, 0x04, 0x03, 0x03, 0xFF, 0x04, 0x03, 0x03, 0xFF, 0x04, 0x03, 0x03, 0xFF, 0x04, 0x03, 0x03, 0xFF,
  0x04, 0x03, 0x03, 0xFF, 0x04, 0x03, 0x03, 0xFF, 0x04, 0x03, 0x03, 0xFF, 0x04, 0x03, 0x03, 0xFF, 0x04, 0x03, 0x03, 0xFF, 0x04, 0x03, 0x03, 0xFF,
  0x04, 0x03, 0x03, 0xFF, 0x04, 0x03, 0x03, 0xFF, 0x04, 0x03, 0x03, 0xFF, 0x04, 0x03, 0x03, 0xFF, 0x04, 0x03, 0x03, 0xFF, 0x04, 0x03, 0x03, 0xFF,
  0x04, 0x03, 0x03, 0xFF, 0x04, 0x03, 0x03, 0xFF, 0x04, 0x03, 0x03, 0xFF, 0x04, 0x03, 0x03, 0xFF, 0x04, 0x03, 0x03, 0xFF, 0x04, 0x03, 0x03, 0xFF,
  0x04, 0x03, 0x03, 0xFF, 0x04, 0x03, 0x03, 0xFF, 0x04, 0x03, 0x03, 0xFF, 0x04, 0x03, 0x03, 0xFF, 0x04, 0x03, 0x03, 0xFF, 0x04, 0x03, 0x03, 0xFF,
  0x04, 0x03, 0x03, 0xFF, 0x04, 0x03, 0x03, 0xFF, 0x04, 0x03, 0x03, 0xFF, 0x04, 0x03, 0x03, 0xFF, 0x04, 0x03, 0x03, 0xFF, 0x04, 0x03, 0x03, 0xFF,
  0x04, 0x03, 0x03, 0xFF, 0x04, 0x03, 0x03, 0xFF, 0x04, 0x03, 0x03, 0xFF, 0x04, 0x03, 0x03, 0xFF, 0x04, 0x03, 0x03, 0xFF, 0x04, 0x03, 0x03, 0xFF,
  0x04, 0x03, 0x03, 0xFF, 0x04, 0x03, 0x03, 0xFF, 0x04, 0x03, 0x03, 0xFF, 0x04, 0x03, 0x03, 0xFF, 0x04, 0x03, 0x03, 0xFF, 0x04, 0x03, 0x03, 0xFF,
  0x04, 0x03, 0x03, 0xFF, 0x04, 0x03, 0x03, 0xFF, 0x04, 0x03, 0x03, 0xFF, 0x04, 0x03, 0x03, 0xFF, 0x04, 0x03, 0x03, 0xFF, 0x04, 0x03, 0x03, 0xFF,
  0x04, 0x03, 0x03, 0xFF, 0x04, 0x03, 0x03, 0xFF, 0x04, 0x03, 0x03, 0xFF, 0x04, 0x03, 0x03, 0xFF, 0x04, 0x03, 0x03, 0xFF, 0x04, 0x03, 0x03, 0xFF,
  0x04, 0x03, 0x03, 0xFF, 0x04, 0x03, 0x03, 0xFF, 0x04, 0x03, 0x03, 0xFF, 0x04, 0x03, 0x03, 0xFF, 0x04, 0x03, 0x03, 0xFF, 0x04, 0x03, 0x03, 0xFF,
  0x04, 0x03, 0x03, 0xFF, 0x04, 0x03, 0x03, 0xFF, 0x04, 0x03, 0x03, 0xFF, 0x04, 0x03, 0x03, 0xFF, 0x04, 0x03, 0x03, 0xFF, 0x04, 0x03, 0x03, 0xFF,
  0x04, 0x03, 0x03, 0xFF, 0x04, 0x03, 0x03, 0xFF, 0x04, 0x03, 0x04, 0xFF, 0x04, 0x03, 0x03, 0xFF, 0x04, 0x03, 0x03, 0xFF, 0x04, 0x03, 0x03, 0xFF,
  0x04, 0x03, 0x03, 0xFF, 0x04, 0x03, 0x03, 0xFF, 0x04, 0x03, 0x03, 0xFF, 0x04, 0x03, 0x03, 0xFF, 0x04, 0x03, 0x03, 0xFF, 0x04, 0x03, 0x03, 0xFF,
  0x04, 0x03, 0x03, 0xFF, 0x04, 0x03, 0x03, 0xFF, 0x04, 0x03, 0x03, 0xFF, 0x04, 0x03, 0x03, 0xFF, 0x04, 0x03, 0x03, 0xFF, 0x04, 0x03, 0x03, 0xFF,
  0x04, 0x03, 0x03, 0xFF, 0x04, 0x03, 0x03, 0xFF, 0x04, 0x03, 0x03, 0xFF, 0x04, 0x03, 0x03, 0xFF, 0x04, 0x03, 0x03, 0xFF, 0x04, 0x03, 0x03, 0xFF,
  0x04, 0x03, 0x03, 0xFF, 0x04, 0x03, 0x03, 0xFF, 0x04, 0x03, 0x03, 0xFF, 0x04, 0x03, 0x03, 0xFF, 0x04, 0x03, 0x03, 0xFF, 0x04, 0x03, 0x03, 0xFF,
  0x04, 0x03, 0x03, 0xFF, 0x04, 0x03, 0x03, 0xFF, 0x04, 0x03, 0x03, 0xFF, 0x04, 0x03, 0x03, 0xFF, 0x04, 0x03, 0x03, 0xFF, 0x04, 0x03, 0x03, 0xFF,
  0x04, 0x03, 0x03, 0xFF, 0x04, 0x03, 0x03, 0xFF, 0x04, 0x03, 0x03, 0xFF, 0x04, 0x03, 0x03, 0xFF, 0x04, 0x03, 0x03, 0xFF, 0x04, 0x03, 0x03, 0xFF,
  0x04, 0x03, 0x03, 0xFF, 0x04, 0x03, 0x03, 0xFF, 0x04, 0x03, 0x03, 0xFF, 0x04, 0x03, 0x03, 0xFF, 0x04, 0x03, 0x03, 0xFF, 0x04, 0x03, 0x03, 0xFF,
  0x04, 0x03, 0x03, 0xFF, 0x04, 0x03, 0x03, 0xFF, 0x04, 0x03, 0x03, 0xFF, 0x04, 0x03, 0x03, 0xFF, 0x04, 0x03, 0x03, 0xFF, 0x04, 0x03, 0x03, 0xFF,
  0x04, 0x03, 0x03, 0xFF, 0x04, 0x03, 0x03, 0xFF, 0x04, 0x03, 0x03, 0xFF, 0x04, 0x03, 0x03, 0xFF, 0x04, 0x03, 0x03, 0xFF, 0x04, 0x03, 0x03, 0xFF,
  0x04, 0x03, 0x03, 0xFF, 0x04, 0x03, 0x03, 0xFF, 0x04, 0x03, 0x03, 0xFF, 0x04, 0x03, 0x03, 0xFF, 0x04, 0x03, 0x03, 0xFF, 0x04, 0x03, 0x03, 0xFF,
  0x04, 0x03, 0x03, 0xFF, 0x04, 0x03, 0x03, 0xFF, 0x04, 0x03, 0x04, 0xFF, 0x04, 0x03, 0x04, 0xFF, 0x04, 0x03, 0x04, 0xFF, 0x04, 0x03, 0x03, 0xFF,
  0x04, 0x03, 0x03, 0xFF, 0x04, 0x03, 0x04, 0xFF, 0x04, 0x03, 0x04, 0xFF, 0x04, 0x03, 0x04, 0xFF, 0x04, 0x03, 0x03, 0xFF, 0x04, 0x03, 0x03, 0xFF,
  0x04, 0x03, 0x03, 0xFF, 0x04, 0x03, 0x04, 0xFF, 0x04, 0x03, 0x04, 0xFF, 0x04, 0x03, 0x04, 0xFF, 0x04, 0x03, 0x04, 0xFF, 0x04, 0x03, 0x04, 0xFF,
  0x04, 0x03, 0x04, 0xFF, 0x04, 0x03, 0x04, 0xFF, 0x04, 0x03, 0x03, 0xFF, 0x04, 0x03, 0x03, 0xFF, 0x04, 0x03, 0x03, 0xFF, 0x04, 0x03, 0x03, 0xFF,
  0x04, 0x03, 0x03, 0xFF, 0x04, 0x03, 0x03, 0xFF, 0x04, 0x03, 0x03, 0xFF, 0x04, 0x03, 0x03, 0xFF, 0x04, 0x03, 0x03, 0xFF, 0x04, 0x03, 0x03, 0xFF,
  0x04, 0x03, 0x03, 0xFF, 0x04, 0x03, 0x03, 0xFF, 0x04, 0x03, 0x03, 0xFF, 0x04, 0x03, 0x03, 0xFF, 0x04, 0x03, 0x03, 0xFF, 0x04, 0x03, 0x03, 0xFF,
  0x04, 0x03, 0x03, 0xFF, 0x04, 0x03, 0x03, 0xFF, 0x04, 0x03, 0x03, 0xFF, 0x04, 0x03, 0x03, 0xFF, 0x04, 0x03, 0x03, 0xFF, 0x04, 0x03, 0x03, 0xFF,
  0x04, 0x03, 0x03, 0xFF, 0x04, 0x03, 0x03, 0xFF, 0x04, 0x03, 0x03, 0xFF, 0x04, 0x03, 0x03, 0xFF, 0x04, 0x03, 0x03, 0xFF, 0x04, 0x03, 0x03, 0xFF,
  0x04, 0x03, 0x03, 0xFF, 0x04, 0x03, 0x03, 0xFF, 0x04, 0x03, 0x03, 0xFF, 0x04, 0x03, 0x03, 0xFF, 0x04, 0x03, 0x03, 0xFF, 0x04, 0x03, 0x03, 0xFF,
  0x04, 0x03, 0x03, 0xFF, 0x04, 0x03, 0x03, 0xFF, 0x04, 0x03, 0x03, 0xFF, 0x04, 0x03, 0x03, 0xFF, 0x04, 0x03, 0x03, 0xFF, 0x04, 0x03, 0x03, 0xFF,
  0x04, 0x03, 0x03, 0xFF, 0x04, 0x03, 0x03, 0xFF, 0x04, 0x03, 0x03, 0xFF, 0x04, 0x03, 0x03, 0xFF, 0x04, 0x03, 0x03, 0xFF, 0x04, 0x03, 0x03, 0xFF,
  0x04, 0x03, 0x03, 0xFF, 0x04, 0x03, 0x03, 0xFF, 0x04, 0x03, 0x03, 0xFF, 0x04, 0x03, 0x03, 0xFF, 0x04, 0x03, 0x03, 0xFF, 0x04, 0x03, 0x03, 0xFF,
  0x04, 0x03, 0x03, 0xFF, 0x04, 0x03, 0x03, 0xFF, 0x04, 0x03, 0x03, 0xFF, 0x04, 0x03, 0x03, 0xFF, 0x04, 0x03, 0x03, 0xFF, 0x04, 0x03, 0x03, 0xFF,
  0x04, 0x03, 0x03, 0xFF, 0x04, 0x03, 0x03, 0xFF, 0x04, 0x03, 0x03, 0xFF, 0x04, 0x03, 0x03, 0xFF, 0x04, 0x03, 0x03, 0xFF, 0x04, 0x03, 0x03, 0xFF,
  0x04, 0x03, 0x03, 0xFF, 0x04, 0x03, 0x03, 0xFF, 0x04, 0x03, 0x03, 0xFF, 0x04, 0x03, 0x03, 0xFF, 0x04, 0x03, 0x03, 0xFF, 0x04, 0x03, 0x03, 0xFF,
  0x04, 0x03, 0x03, 0xFF, 0x04, 0x03, 0x03, 0xFF, 0x04, 0x03, 0x03, 0xFF, 0x04, 0x03, 0x03, 0xFF, 0x04, 0x03, 0x03, 0xFF, 0x04, 0x03, 0x03, 0xFF,
  0x04, 0x03, 0x03, 0xFF, 0x04, 0x03, 0x03, 0xFF, 0x04, 0x03, 0x03, 0xFF, 0x04, 0x03, 0x03, 0xFF, 0x04, 0x03, 0x03, 0xFF, 0x04, 0x03, 0x03, 0xFF,
  0x04, 0x03, 0x03, 0xFF, 0x04, 0x03, 0x03, 0xFF, 0x04, 0x03, 0x03, 0xFF, 0x04, 0x03, 0x03, 0xFF, 0x04, 0x03, 0x03, 0xFF, 0x04, 0x03, 0x03, 0xFF,
  0x04, 0x03, 0x03, 0xFF, 0x04, 0x03, 0x03, 0xFF, 0x04, 0x03, 0x03, 0xFF, 0x04, 0x03, 0x03, 0xFF, 0x04, 0x03, 0x03, 0xFF, 0x04, 0x03, 0x03, 0xFF,
  0x04, 0x03, 0x03, 0xFF, 0x04, 0x03, 0x03, 0xFF, 0x04, 0x03, 0x03, 0xFF, 0x04, 0x03, 0x03, 0xFF, 0x04, 0x03, 0x03, 0xFF, 0x04, 0x03, 0x03, 0xFF,
  0x04, 0x03, 0x03, 0xFF, 0x04, 0x03, 0x03, 0xFF, 0x04, 0x03, 0x03, 0xFF, 0x04, 0x03, 0x03, 0xFF, 0x04, 0x03, 0x03, 0xFF, 0x04, 0x03, 0x03, 0xFF,
  0x04, 0x03, 0x03, 0xFF, 0x04, 0x03, 0x03, 0xFF, 0x04, 0x03, 0x03, 0xFF, 0x04, 0x03, 0x03, 0xFF, 0x04, 0x03, 0x03, 0xFF, 0x04, 0x03, 0x03, 0xFF,
  0x04, 0x03, 0x03, 0xFF, 0x04, 0x03, 0x03, 0xFF, 0x04, 0x03, 0x03, 0xFF, 0x04, 0x03, 0x03, 0xFF, 0x04, 0x03, 0x03, 0xFF, 0x04, 0x03, 0x03, 0xFF,
  0x04, 0x03, 0x03, 0xFF, 0x04, 0x03, 0x03, 0xFF, 0x04, 0x03, 0x03, 0xFF, 0x04, 0x03, 0x03, 0xFF, 0x04, 0x03, 0x03, 0xFF, 0x04, 0x03, 0x03, 0xFF,
  0x04, 0x03, 0x03, 0xFF, 0x04, 0x03, 0x03, 0xFF, 0x04, 0x03, 0x03, 0xFF, 0x04, 0x03, 0x03, 0xFF, 0x04, 0x03, 0x03, 0xFF, 0x04, 0x03, 0x03, 0xFF,
  0x04, 0x03, 0x03, 0xFF, 0x04, 0x03, 0x03, 0xFF, 0x04, 0x03, 0x03, 0xFF, 0x04, 0x03, 0x03, 0xFF, 0x04, 0x03, 0x03, 0xFF, 0x04, 0x03, 0x03, 0xFF,
  0x04, 0x03, 0x03, 0xFF, 0x04, 0x03, 0x03, 0xFF, 0x04, 0x03, 0x03, 0xFF, 0x04, 0x03, 0x03, 0xFF, 0x04, 0x03, 0x03, 0xFF, 0x04, 0x03, 0x03, 0xFF,
  0x04, 0x03, 0x03, 0xFF, 0x04, 0x03, 0x03, 0xFF, 0x04, 0x03, 0x03, 0xFF, 0x04, 0x03, 0x03, 0xFF, 0x04, 0x03, 0x03, 0xFF, 0x04, 0x03, 0x03, 0xFF,
  0x04, 0x03, 0x03, 0xFF, 0x04, 0x03, 0x03, 0xFF, 0x04, 0x03, 0x03, 0xFF, 0x04, 0x03, 0x03, 0xFF, 0x04, 0x03, 0x03, 0xFF, 0x04, 0x03, 0x03, 0xFF,
  0x04, 0x03, 0x03, 0xFF, 0x04, 0x03, 0x03, 0xFF, 0x04, 0x03, 0x03, 0xFF, 0x04, 0x03, 0x03, 0xFF, 0x04, 0x03, 0x03, 0xFF, 0x04, 0x03, 0x03, 0xFF,
  0x04, 0x03, 0x03, 0xFF, 0x04, 0x03, 0x03, 0xFF, 0x04, 0x03, 0x03, 0xFF, 0x04, 0x03, 0x03, 0xFF, 0x04, 0x03, 0x03, 0xFF, 0x04, 0x03, 0x03, 0xFF,
  0x04, 0x03, 0x03, 0xFF, 0x04, 0x03, 0x03, 0xFF, 0x04, 0x03, 0x03, 0xFF, 0x04, 0x03, 0x03, 0xFF, 0x04, 0x03, 0x03, 0xFF, 0x04, 0x03, 0x03, 0xFF,
  0x04, 0x03, 0x03, 0xFF, 0x04, 0x03, 0x03, 0xFF, 0x04, 0x03, 0x04, 0xFF, 0x04, 0x03, 0x04, 0xFF, 0x04, 0x03, 0x04, 0xFF, 0x04, 0x03, 0x03, 0xFF,
  0x04, 0x03, 0x04, 0xFF, 0x04, 0x03, 0x04, 0xFF, 0x04, 0x03, 0x04, 0xFF, 0x04, 0x03, 0x04, 0xFF, 0x04, 0x03, 0x03, 0xFF, 0x04, 0x03, 0x03, 0xFF,
  0x04, 0x03, 0x03, 0xFF, 0x04, 0x03, 0x03, 0xFF, 0x04, 0x03, 0x04, 0xFF, 0x04, 0x03, 0x04, 0xFF, 0x04, 0x03, 0x04, 0xFF, 0x04, 0x03, 0x04, 0xFF,
  0x04, 0x03, 0x04, 0xFF, 0x04, 0x03, 0x03, 0xFF, 0x04, 0x03, 0x03, 0xFF, 0x04, 0x03, 0x03, 0xFF, 0x04, 0x03, 0x03, 0xFF, 0x04, 0x03, 0x03, 0xFF,
  0x04, 0x03, 0x03, 0xFF, 0x04, 0x03, 0x03, 0xFF, 0x04, 0x03, 0x03, 0xFF, 0x04, 0x03, 0x03, 0xFF, 0x04, 0x03, 0x03, 0xFF, 0x04, 0x03, 0x03, 0xFF,
  0x04, 0x03, 0x03, 0xFF, 0x04, 0x03, 0x03, 0xFF, 0x04, 0x03, 0x03, 0xFF, 0x04, 0x03, 0x03, 0xFF, 0x04, 0x03, 0x03, 0xFF, 0x04, 0x03, 0x03, 0xFF,
  0x04, 0x03, 0x03, 0xFF, 0x04, 0x03, 0x03, 0xFF, 0x04, 0x03, 0x03, 0xFF, 0x04, 0x03, 0x03, 0xFF, 0x04, 0x03, 0x03, 0xFF, 0x04, 0x03, 0x03, 0xFF,
  0x04, 0x03, 0x03, 0xFF, 0x04, 0x03, 0x03, 0xFF, 0x04, 0x03, 0x03, 0xFF, 0x04, 0x03, 0x03, 0xFF, 0x04, 0x03, 0x03, 0xFF, 0x04, 0x03, 0x03, 0xFF,
  0x04, 0x03, 0x03, 0xFF, 0x04, 0x03, 0x03, 0xFF, 0x04, 0x03, 0x03, 0xFF, 0x04, 0x03, 0x03, 0xFF, 0x04, 0x03, 0x03, 0xFF, 0x04, 0x03, 0x03, 0xFF,
  0x04, 0x03, 0x03, 0xFF, 0x04, 0x03, 0x03, 0xFF, 0x04, 0x03, 0x03, 0xFF, 0x04, 0x03, 0x03, 0xFF, 0x04, 0x03, 0x03, 0xFF, 0x04, 0x03, 0x03, 0xFF,
  0x04, 0x03, 0x03, 0xFF, 0x04, 0x03, 0x03, 0xFF, 0x04, 0x03, 0x03, 0xFF, 0x04, 0x03, 0x03, 0xFF, 0x04, 0x03, 0x03, 0xFF, 0x04, 0x03, 0x03, 0xFF,
  0x04, 0x03, 0x03, 0xFF, 0x04, 0x03, 0x03, 0xFF, 0x04, 0x03, 0x03, 0xFF, 0x04, 0x03, 0x03, 0xFF, 0x04, 0x03, 0x03, 0xFF, 0x04, 0x03, 0x03, 0xFF,
  0x04, 0x03, 0x03, 0xFF, 0x04, 0x03, 0x03, 0xFF, 0x04, 0x03, 0x03, 0xFF, 0x04, 0x03, 0x03, 0xFF, 0x04, 0x03, 0x03, 0xFF, 0x04, 0x03, 0x03, 0xFF,
  0x04, 0x03, 0x03, 0xFF, 0x04, 0x03, 0x03, 0xFF, 0x04, 0x03, 0x03, 0xFF, 0x04, 0x03, 0x03, 0xFF, 0x04, 0x03, 0x03, 0xFF, 0x04, 0x03, 0x03, 0xFF,
  0x04, 0x03, 0x03, 0xFF, 0x04, 0x03, 0x03, 0xFF, 0x04, 0x03, 0x03, 0xFF, 0x04, 0x03, 0x03, 0xFF, 0x04, 0x03, 0x03, 0xFF, 0x04, 0x03, 0x03, 0xFF,
  0x04, 0x03, 0x03, 0xFF, 0x04, 0x03, 0x03, 0xFF, 0x04, 0x03, 0x03, 0xFF, 0x04, 0x03, 0x03, 0xFF, 0x04, 0x03, 0x03, 0xFF, 0x04, 0x03, 0x03, 0xFF,
  0x04, 0x03, 0x03, 0xFF, 0x04, 0x03, 0x03, 0xFF, 0x04, 0x03, 0x03, 0xFF, 0x04, 0x03, 0x03, 0xFF, 0x04, 0x03, 0x03, 0xFF, 0x04, 0x03, 0x03, 0xFF,
  0x04, 0x03, 0x03, 0xFF, 0x04, 0x03, 0x03, 0xFF, 0x04, 0x03, 0x03, 0xFF, 0x04, 0x03, 0x03, 0xFF, 0x04, 0x03, 0x03, 0xFF, 0x04, 0x03, 0x03, 0xFF,
  0x04, 0x03, 0x03, 0xFF, 0x04, 0x03, 0x03, 0xFF, 0x04, 0x03, 0x03, 0xFF, 0x04, 0x03, 0x03, 0xFF, 0x04, 0x03, 0x03, 0xFF, 0x04, 0x03, 0x03, 0xFF,
  0x04, 0x03, 0x03, 0xFF, 0x04, 0x03, 0x03, 0xFF, 0x04, 0x03, 0x03, 0xFF, 0x04, 0x03, 0x03, 0xFF, 0x04, 0x03, 0x03, 0xFF, 0x04, 0x03, 0x03, 0xFF,
  0x04, 0x03, 0x03, 0xFF, 0x04, 0x03, 0x03, 0xFF, 0x04, 0x03, 0x03, 0xFF, 0x04, 0x03, 0x03, 0xFF, 0x04, 0x03, 0x03, 0xFF, 0x04, 0x03, 0x03, 0xFF,
  0x04, 0x03, 0x03, 0xFF, 0x04, 0x03, 0x03, 0xFF, 0x04, 0x03, 0x03, 0xFF, 0x04, 0x03, 0x04, 0xFF, 0x04, 0x03, 0x04, 0xFF, 0x04, 0x03, 0x03, 0xFF,
  0x04, 0x03, 0x03, 0xFF, 0x04, 0x03, 0x03, 0xFF, 0x04, 0x03, 0x03, 0xFF, 0x04, 0x03, 0x03, 0xFF, 0x04, 0x03, 0x03, 0xFF, 0x04, 0x03, 0x03, 0xFF,
  0x04, 0x03, 0x03, 0xFF, 0x04, 0x03, 0x03, 0xFF, 0x04, 0x03, 0x03, 0xFF, 0x04, 0x03, 0x03, 0xFF, 0x04, 0x03, 0x03, 0xFF, 0x04, 0x03, 0x03, 0xFF,
  0x04, 0x03, 0x03, 0xFF, 0x04, 0x03, 0x03, 0xFF, 0x04, 0x03, 0x03, 0xFF, 0x04, 0x03, 0x03, 0xFF, 0x04, 0x03, 0x03, 0xFF, 0x04, 0x03, 0x03, 0xFF,
  0x04, 0x03, 0x03, 0xFF, 0x04, 0x03, 0x03, 0xFF, 0x04, 0x03, 0x03, 0xFF, 0x04, 0x03, 0x03, 0xFF, 0x04, 0x03, 0x03, 0xFF, 0x04, 0x03, 0x03, 0xFF,
  0x04, 0x03, 0x03, 0xFF, 0x04, 0x03, 0x03, 0xFF, 0x04, 0x03, 0x03, 0xFF, 0x04, 0x03, 0x03, 0xFF, 0x04, 0x03, 0x03, 0xFF, 0x04, 0x03, 0x03, 0xFF,
  0x04, 0x03, 0x03, 0xFF, 0x04, 0x03, 0x03, 0xFF, 0x04, 0x03, 0x03, 0xFF, 0x04, 0x03, 0x03, 0xFF, 0x04, 0x03, 0x03, 0xFF, 0x04, 0x03, 0x03, 0xFF,
  0x04, 0x03, 0x03, 0xFF, 0x04, 0x03, 0x03, 0xFF, 0x04, 0x03, 0x03, 0xFF, 0x04, 0x03, 0x03, 0xFF, 0x04, 0x03, 0x03, 0xFF, 0x04, 0x03, 0x03, 0xFF,
  0x04, 0x03, 0x03, 0xFF, 0x04, 0x03, 0x03, 0xFF, 0x04, 0x03, 0x03, 0xFF, 0x04, 0x03, 0x03, 0xFF, 0x04, 0x03, 0x03, 0xFF, 0x04, 0x03, 0x03, 0xFF,
  0x04, 0x03, 0x03, 0xFF, 0x04, 0x03, 0x03, 0xFF, 0x04, 0x03, 0x03, 0xFF, 0x04, 0x03, 0x03, 0xFF, 0x04, 0x03, 0x03, 0xFF, 0x04, 0x03, 0x03, 0xFF,
  0x04, 0x03, 0x03, 0xFF, 0x04, 0x03, 0x03, 0xFF, 0x04, 0x03, 0x03, 0xFF, 0x04, 0x03, 0x03, 0xFF, 0x04, 0x03, 0x03, 0xFF, 0x04, 0x03, 0x03, 0xFF,
  0x04, 0x03, 0x03, 0xFF, 0x04, 0x03, 0x03, 0xFF, 0x04, 0x03, 0x03, 0xFF, 0x04, 0x03, 0x04, 0xFF, 0x04, 0x03, 0x04, 0xFF, 0x04, 0x03, 0x03, 0xFF,
  0x04, 0x03, 0x04, 0xFF, 0x04, 0x03, 0x04, 0xFF, 0x04, 0x03, 0x04, 0xFF, 0x04, 0x03, 0x04, 0xFF, 0x04, 0x03, 0x03, 0xFF, 0x04, 0x03, 0x03, 0xFF,
  0x04, 0x03, 0x03, 0xFF, 0x04, 0x03, 0x03, 0xFF, 0x04, 0x03, 0x04, 0xFF, 0x04, 0x03, 0x04, 0xFF, 0x04, 0x03, 0x03, 0xFF, 0x04, 0x03, 0x03, 0xFF,
  0x04, 0x03, 0x03, 0xFF, 0x04, 0x03, 0x03, 0xFF, 0x04, 0x03, 0x03, 0xFF, 0x04, 0x03, 0x03, 0xFF, 0x04, 0x03, 0x03, 0xFF, 0x04, 0x03, 0x03, 0xFF,
  0x04, 0x03, 0x03, 0xFF, 0x04, 0x03, 0x03, 0xFF, 0x04, 0x03, 0x03, 0xFF, 0x04, 0x03, 0x03, 0xFF, 0x04, 0x03, 0x03, 0xFF, 0x04, 0x03, 0x03, 0xFF,
  0x04, 0x03, 0x03, 0xFF, 0x04, 0x03, 0x03, 0xFF, 0x04, 0x03, 0x03, 0xFF, 0x04, 0x03, 0x03, 0xFF, 0x04, 0x03, 0x03, 0xFF, 0x04, 0x03, 0x03, 0xFF,
  0x04, 0x03, 0x03, 0xFF, 0x04, 0x03, 0x03, 0xFF, 0x04, 0x03, 0x03, 0xFF, 0x04, 0x03, 0x03, 0xFF, 0x04, 0x03, 0x03, 0xFF, 0x04, 0x03, 0x03, 0xFF,
  0x04, 0x03, 0x03, 0xFF, 0x04, 0x03, 0x03, 0xFF, 0x04, 0x03, 0x03, 0xFF, 0x04, 0x03, 0x03, 0xFF, 0x04, 0x03, 0x03, 0xFF, 0x04, 0x03, 0x03, 0xFF,
  0x04, 0x03, 0x03, 0xFF, 0x04, 0x03, 0x03, 0xFF, 0x04, 0x03, 0x03, 0xFF, 0x04, 0x03, 0x03, 0xFF, 0x04, 0x03, 0x03, 0xFF, 0x04, 0x03, 0x03, 0xFF,
  0x04, 0x03, 0x03, 0xFF, 0x04, 0x03, 0x03, 0xFF, 0x04, 0x03, 0x03, 0xFF, 0x04, 0x03, 0x03, 0xFF, 0x04, 0x03, 0x03, 0xFF, 0x04, 0x03, 0x03, 0xFF,
  0x04, 0x03, 0x03, 0xFF, 0x04, 0x03, 0x03, 0xFF, 0x04, 0x03, 0x03, 0xFF, 0x04, 0x03, 0x03, 0xFF, 0x04, 0x03, 0x03, 0xFF, 0x04, 0x03, 0x03, 0xFF,
  0x04, 0x03, 0x03, 0xFF, 0x04, 0x03, 0x03, 0xFF, 0x04, 0x03, 0x03, 0xFF, 0x04, 0x03, 0x03, 0xFF, 0x04, 0x03, 0x03, 0xFF, 0x04, 0x03, 0x03, 0xFF,
  0x04, 0x03, 0x03, 0xFF, 0x04, 0x03, 0x03, 0xFF, 0x04, 0x03, 0x03, 0xFF, 0x04, 0x03, 0x03, 0xFF, 0x04, 0x03, 0x03, 0xFF, 0x04, 0x03, 0x03, 0xFF,
  0x04, 0x03, 0x03, 0xFF, 0x04, 0x03, 0x03, 0xFF, 0x04, 0x03, 0x03, 0xFF, 0x04, 0x03, 0x03, 0xFF, 0x04, 0x03, 0x03, 0xFF, 0x04, 0x03, 0x03, 0xFF,
  0x04, 0x03, 0x03, 0xFF, 0x04, 0x03, 0x03, 0xFF, 0x04, 0x03, 0x03, 0xFF, 0x04, 0x03, 0x03, 0xFF, 0x04, 0x03, 0x03, 0xFF, 0x04, 0x03, 0x03, 0xFF,
  0x04, 0x03, 0x03, 0xFF, 0x04, 0x03, 0x03, 0xFF, 0x04, 0x03, 0x03, 0xFF, 0x04, 0x03, 0x03, 0xFF, 0x04, 0x03, 0x03, 0xFF, 0x04, 0x03, 0x03, 0xFF,
  0x04, 0x03, 0x03, 0xFF, 0x04, 0x03, 0x03, 0xFF, 0x04, 0x03, 0x03, 0xFF, 0x04, 0x03, 0x03, 0xFF, 0x04, 0x03, 0x03, 0xFF, 0x04, 0x03, 0x03, 0xFF,
  0x04, 0x03, 0x03, 0xFF, 0x04, 0x03, 0x03, 0xFF, 0x04, 0x03, 0x03, 0xFF, 0x04, 0x03, 0x03, 0xFF, 0x04, 0x03, 0x03, 0xFF, 0x04, 0x03, 0x03, 0xFF,
  0x04, 0x03, 0x03, 0xFF, 0x04, 0x03, 0x03, 0xFF, 0x04, 0x03, 0x03, 0xFF, 0x04, 0x03, 0x03, 0xFF, 0x04, 0x03, 0x03, 0xFF, 0x04, 0x03, 0x03, 0xFF,
  0x04, 0x03, 0x03, 0xFF, 0x04, 0x03, 0x03, 0xFF, 0x04, 0x03, 0x03, 0xFF, 0x04, 0x03, 0x03, 0xFF, 0x04, 0x03, 0x03, 0xFF, 0x04, 0x03, 0x03, 0xFF,
  0x04, 0x03, 0x03, 0xFF, 0x04, 0x03, 0x03, 0xFF, 0x04, 0x03, 0x03, 0xFF, 0x04, 0x03, 0x03, 0xFF, 0x04, 0x03, 0x03, 0xFF, 0x04, 0x03, 0x03, 0xFF,
  0x04, 0x03, 0x03, 0xFF, 0x04, 0x03, 0x03, 0xFF, 0x04, 0x03, 0x03, 0xFF, 0x04, 0x03, 0x03, 0xFF, 0x04, 0x03, 0x04, 0xFF, 0x04, 0x03, 0x03, 0xFF,
  0x04, 0x03, 0x03, 0xFF, 0x04, 0x03, 0x03, 0xFF, 0x04, 0x03, 0x03, 0xFF, 0x04, 0x03, 0x03, 0xFF, 0x04, 0x03, 0x03, 0xFF, 0x04, 0x03, 0x03, 0xFF,
  0x04, 0x03, 0x03, 0xFF, 0x04, 0x03, 0x03, 0xFF, 0x04, 0x03, 0x03, 0xFF, 0x04, 0x03, 0x03, 0xFF, 0x04, 0x03, 0x03, 0xFF, 0x04, 0x03, 0x03, 0xFF,
  0x04, 0x03, 0x03, 0xFF, 0x04, 0x03, 0x03, 0xFF, 0x04, 0x03, 0x03, 0xFF, 0x04, 0x03, 0x03, 0xFF, 0x04, 0x03, 0x03, 0xFF, 0x04, 0x03, 0x03, 0xFF,
  0x04, 0x03, 0x03, 0xFF, 0x04, 0x03, 0x03, 0xFF, 0x04, 0x03, 0x03, 0xFF, 0x04, 0x03, 0x03, 0xFF, 0x04, 0x03, 0x03, 0xFF, 0x04, 0x03, 0x03, 0xFF,
  0x04, 0x03, 0x03, 0xFF, 0x04, 0x03, 0x03, 0xFF, 0x04, 0x03, 0x03, 0xFF, 0x04, 0x03, 0x03, 0xFF, 0x04, 0x03, 0x03, 0xFF, 0x04, 0x03, 0x03, 0xFF,
  0x04, 0x03, 0x03, 0xFF, 0x04, 0x03, 0x03, 0xFF, 0x04, 0x03, 0x03, 0xFF, 0x04, 0x03, 0x03, 0xFF, 0x04, 0x03, 0x03, 0xFF, 0x04, 0x03, 0x03, 0xFF,
  0x04, 0x03, 0x03, 0xFF, 0x04, 0x03, 0x03, 0xFF, 0x04, 0x03, 0x03, 0xFF, 0x04, 0x03, 0x03, 0xFF, 0x04, 0x03, 0x03, 0xFF, 0x04, 0x03, 0x03, 0xFF,
  0x04, 0x03, 0x03, 0xFF, 0x04, 0x03, 0x03, 0xFF, 0x04, 0x03, 0x03, 0xFF, 0x04, 0x03, 0x03, 0xFF, 0x04, 0x03, 0x03, 0xFF, 0x04, 0x03, 0x03, 0xFF,
  0x04, 0x03, 0x03, 0xFF, 0x04, 0x03, 0x03, 0xFF, 0x04, 0x03, 0x03, 0xFF, 0x04, 0x03, 0x03, 0xFF, 0x04, 0x03, 0x03, 0xFF, 0x04, 0x03, 0x03, 0xFF,
  0x04, 0x03, 0x03, 0xFF, 0x04, 0x03, 0x03, 0xFF, 0x04, 0x03, 0x03, 0xFF, 0x04, 0x03, 0x03, 0xFF, 0x04, 0x03, 0x03, 0xFF, 0x04, 0x03, 0x03, 0xFF,
  0x04, 0x03, 0x03, 0xFF, 0x04, 0x03, 0x03, 0xFF, 0x04, 0x03, 0x03, 0xFF, 0x04, 0x03, 0x04, 0xFF, 0x04, 0x03, 0x04, 0xFF, 0x04, 0x03, 0x04, 0xFF,
  0x04, 0x03, 0x03, 0xFF, 0x04, 0x03, 0x03, 0xFF, 0x04, 0x03, 0x03, 0xFF, 0x04, 0x03, 0x03, 0xFF, 0x04, 0x03, 0x03, 0xFF, 0x04, 0x03, 0x03, 0xFF,
  0x04, 0x03, 0x03, 0xFF, 0x04, 0x03, 0x03, 0xFF, 0x04, 0x03, 0x04, 0xFF, 0x04, 0x03, 0x04, 0xFF, 0x04, 0x03, 0x03, 0xFF, 0x04, 0x03, 0x03, 0xFF,
  0x04, 0x03, 0x03, 0xFF, 0x04, 0x03, 0x03, 0xFF, 0x04, 0x03, 0x03, 0xFF, 0x04, 0x03, 0x03, 0xFF, 0x04, 0x03, 0x03, 0xFF, 0x04, 0x03, 0x03, 0xFF,
  0x04, 0x03, 0x03, 0xFF, 0x04, 0x03, 0x03, 0xFF, 0x04, 0x03, 0x03, 0xFF, 0x04, 0x03, 0x03, 0xFF, 0x04, 0x03, 0x03, 0xFF, 0x04, 0x03, 0x03, 0xFF,
  0x04, 0x03, 0x03, 0xFF, 0x04, 0x03, 0x03, 0xFF, 0x04, 0x03, 0x03, 0xFF, 0x04, 0x03, 0x03, 0xFF, 0x04, 0x03, 0x03, 0xFF, 0x04, 0x03, 0x03, 0xFF,
  0x04, 0x03, 0x03, 0xFF, 0x04, 0x03, 0x03, 0xFF, 0x04, 0x03, 0x03, 0xFF, 0x04, 0x03, 0x03, 0xFF, 0x04, 0x03, 0x03, 0xFF, 0x04, 0x03, 0x03, 0xFF,
  0x04, 0x03, 0x03, 0xFF, 0x04, 0x03, 0x03, 0xFF, 0x04, 0x03, 0x03, 0xFF, 0x04, 0x03, 0x03, 0xFF, 0x04, 0x03, 0x03, 0xFF, 0x04, 0x03, 0x03, 0xFF,
  0x04, 0x03, 0x03, 0xFF, 0x04, 0x03, 0x03, 0xFF, 0x04, 0x03, 0x03, 0xFF, 0x04, 0x03, 0x03, 0xFF, 0x04, 0x03, 0x03, 0xFF, 0x04, 0x03, 0x03, 0xFF,
  0x04, 0x03, 0x03, 0xFF, 0x04, 0x03, 0x03, 0xFF, 0x04, 0x03, 0x03, 0xFF, 0x04, 0x03, 0x03, 0xFF, 0x04, 0x03, 0x03, 0xFF, 0x04, 0x03, 0x03, 0xFF,
  0x04, 0x03, 0x03, 0xFF, 0x04, 0x03, 0x03, 0xFF, 0x04, 0x03, 0x03, 0xFF, 0x04, 0x03, 0x03, 0xFF, 0x04, 0x03, 0x03, 0xFF, 0x04, 0x03, 0x03, 0xFF,
  0x04, 0x03, 0x03, 0xFF, 0x04, 0x03, 0x03, 0xFF, 0x04, 0x03, 0x03, 0xFF, 0x04, 0x03, 0x03, 0xFF, 0x04, 0x03, 0x03, 0xFF, 0x04, 0x03, 0x03, 0xFF,
  0x04, 0x03, 0x03, 0xFF, 0x04, 0x03, 0x03, 0xFF, 0x04, 0x03, 0x03, 0xFF, 0x04, 0x03, 0x03, 0xFF, 0x04, 0x03, 0x03, 0xFF, 0x04, 0x03, 0x03, 0xFF,
  0x04, 0x03, 0x03, 0xFF, 0x04, 0x03, 0x03, 0xFF, 0x04, 0x03, 0x03, 0xFF, 0x04, 0x03, 0x03, 0xFF, 0x04, 0x03, 0x03, 0xFF, 0x04, 0x03, 0x03, 0xFF,
  0x04, 0x03, 0x03, 0xFF, 0x04, 0x03, 0x03, 0xFF, 0x04, 0x03, 0x03, 0xFF, 0x04, 0x03, 0x03, 0xFF, 0x04, 0x03, 0x03, 0xFF, 0x04, 0x03, 0x03, 0xFF,
  0x04, 0x03, 0x03, 0xFF, 0x04, 0x03, 0x03, 0xFF, 0x04, 0x03, 0x03, 0xFF, 0x04, 0x03, 0x03, 0xFF, 0x04, 0x03, 0x03, 0xFF, 0x04, 0x03, 0x03, 0xFF,
  0x04, 0x03, 0x03, 0xFF, 0x04, 0x03, 0x03, 0xFF, 0x04, 0x03, 0x03, 0xFF, 0x04, 0x03, 0x03, 0xFF, 0x04, 0x03, 0x03, 0xFF, 0x04, 0x03, 0x03, 0xFF,
  0x04, 0x03, 0x03, 0xFF, 0x04, 0x03, 0x03, 0xFF, 0x04, 0x03, 0x03, 0xFF, 0x04, 0x03, 0x03, 0xFF, 0x04, 0x03, 0x03, 0xFF, 0x04, 0x03, 0x03, 0xFF,
  0x04, 0x03, 0x03, 0xFF, 0x04, 0x03, 0x03, 0xFF, 0x04, 0x03, 0x03, 0xFF, 0x04, 0x03, 0x03, 0xFF, 0x04, 0x03, 0x03, 0xFF, 0x04, 0x03, 0x03, 0xFF,
  0x04, 0x03, 0x03, 0xFF, 0x04, 0x03, 0x03, 0xFF, 0x04, 0x03, 0x03, 0xFF, 0x04, 0x03, 0x03, 0xFF, 0x04, 0x03, 0x03, 0xFF, 0x04, 0x03, 0x03, 0xFF,
  0x04, 0x03, 0x03, 0xFF, 0x04, 0x03, 0x03, 0xFF, 0x04, 0x03, 0x03, 0xFF, 0x04, 0x03, 0x03, 0xFF, 0x04, 0x03, 0x03, 0xFF, 0x04, 0x03, 0x03, 0xFF,
  0x04, 0x03, 0x03, 0xFF, 0x04, 0x03, 0x03, 0xFF, 0x04, 0x03, 0x03, 0xFF, 0x04, 0x03, 0x03, 0xFF, 0x04, 0x03, 0x03, 0xFF, 0x04, 0x03, 0x03, 0xFF,
  0x04, 0x03, 0x03, 0xFF, 0x04, 0x03, 0x03, 0xFF, 0x04, 0x03, 0x03, 0xFF, 0x04, 0x03, 0x03, 0xFF, 0x04, 0x03, 0x03, 0xFF, 0x04, 0x03, 0x03, 0xFF,
  0x04, 0x03, 0x03, 0xFF, 0x04, 0x03, 0x03, 0xFF, 0x04, 0x03, 0x03, 0xFF, 0x04, 0x03, 0x03, 0xFF, 0x04, 0x03, 0x03, 0xFF, 0x04, 0x03, 0x03, 0xFF,
  0x04, 0x03, 0x03, 0xFF, 0x04, 0x03, 0x03, 0xFF, 0x04, 0x03, 0x03, 0xFF, 0x04, 0x03, 0x03, 0xFF, 0x04, 0x03, 0x03, 0xFF, 0x04, 0x03, 0x03, 0xFF,
  0x04, 0x03, 0x03, 0xFF, 0x04, 0x03, 0x03, 0xFF, 0x04, 0x03, 0x03, 0xFF, 0x04, 0x03, 0x03, 0xFF, 0x04, 0x03, 0x03, 0xFF, 0x04, 0x03, 0x03, 0xFF,
  0x04, 0x03, 0x03, 0xFF, 0x04, 0x03, 0x03, 0xFF, 0x04, 0x03, 0x03, 0xFF, 0x04, 0x03, 0x03, 0xFF, 0x04, 0x03, 0x03, 0xFF, 0x04, 0x03, 0x03, 0xFF,
  0x04, 0x03, 0x03, 0xFF, 0x04, 0x03, 0x03, 0xFF, 0x04, 0x03, 0x03, 0xFF, 0x04, 0x03, 0x03, 0xFF, 0x04, 0x03, 0x03, 0xFF, 0x04, 0x03, 0x03, 0xFF,
  0x04, 0x03, 0x03, 0xFF, 0x04, 0x03, 0x03, 0xFF, 0x04, 0x03, 0x03, 0xFF, 0x04, 0x03, 0x03, 0xFF, 0x04, 0x03, 0x03, 0xFF, 0x04, 0x03, 0x03, 0xFF,
  0x04, 0x03, 0x03, 0xFF, 0x04, 0x03, 0x03, 0xFF, 0x04, 0x03, 0x03, 0xFF, 0x04, 0x03, 0x03, 0xFF, 0x04, 0x03, 0x03, 0xFF, 0x04, 0x03, 0x03, 0xFF,
  0x04, 0x03, 0x03, 0xFF, 0x04, 0x03, 0x03, 0xFF, 0x04, 0x03, 0x03, 0xFF, 0x04, 0x03, 0x03, 0xFF, 0x04, 0x03, 0x03, 0xFF, 0x04, 0x03, 0x03, 0xFF,
  0x04, 0x03, 0x03, 0xFF, 0x04, 0x03, 0x03, 0xFF, 0x04, 0x03, 0x03, 0xFF, 0x04, 0x03, 0x03, 0xFF, 0x04, 0x03, 0x03, 0xFF, 0x04, 0x03, 0x03, 0xFF,
  0x04, 0x03, 0x03, 0xFF, 0x04, 0x03, 0x03, 0xFF, 0x04, 0x03, 0x03, 0xFF, 0x04, 0x03, 0x03, 0xFF, 0x04, 0x03, 0x03, 0xFF, 0x04, 0x03, 0x03, 0xFF,
  0x04, 0x03, 0x03, 0xFF, 0x04, 0x03, 0x03, 0xFF, 0x04, 0x03, 0x03, 0xFF, 0x04, 0x03, 0x03, 0xFF, 0x04, 0x03, 0x03, 0xFF, 0x04, 0x03, 0x03, 0xFF,
  0x04, 0x03, 0x03, 0xFF, 0x04, 0x03, 0x03, 0xFF, 0x04, 0x03, 0x04, 0xFF, 0x04, 0x03, 0x03, 0xFF, 0x04, 0x03, 0x03, 0xFF, 0x04, 0x03, 0x03, 0xFF,
  0x04, 0x03, 0x03, 0xFF, 0x04, 0x03, 0x03, 0xFF, 0x04, 0x03, 0x03, 0xFF, 0x04, 0x03, 0x03, 0xFF, 0x04, 0x03, 0x03, 0xFF, 0x04, 0x03, 0x03, 0xFF,
  0x04, 0x03, 0x03, 0xFF, 0x04, 0x03, 0x03, 0xFF, 0x04, 0x03, 0x03, 0xFF, 0x04, 0x03, 0x03, 0xFF, 0x04, 0x03, 0x03, 0xFF, 0x04, 0x03, 0x03, 0xFF,
  0x04, 0x03, 0x03, 0xFF, 0x04, 0x03, 0x03, 0xFF, 0x04, 0x03, 0x03, 0xFF, 0x04, 0x03, 0x03, 0xFF, 0x04, 0x03, 0x03, 0xFF, 0x04, 0x03, 0x03, 0xFF,
  0x04, 0x03, 0x03, 0xFF, 0x04, 0x03, 0x03, 0xFF, 0x04, 0x03, 0x03, 0xFF, 0x04, 0x03, 0x03, 0xFF, 0x04, 0x03, 0x03, 0xFF, 0x04, 0x03, 0x03, 0xFF,
  0x04, 0x03, 0x03, 0xFF, 0x04, 0x03, 0x03, 0xFF, 0x04, 0x03, 0x03, 0xFF, 0x04, 0x03, 0x03, 0xFF, 0x04, 0x03, 0x03, 0xFF, 0x04, 0x03, 0x03, 0xFF,
  0x04, 0x03, 0x03, 0xFF, 0x04, 0x03, 0x03, 0xFF, 0x04, 0x03, 0x03, 0xFF, 0x04, 0x03, 0x03, 0xFF, 0x04, 0x03, 0x03, 0xFF, 0x04, 0x03, 0x03, 0xFF,
  0x04, 0x03, 0x03, 0xFF, 0x04, 0x03, 0x03, 0xFF, 0x04, 0x03, 0x03, 0xFF, 0x04, 0x03, 0x03, 0xFF, 0x04, 0x03, 0x03, 0xFF, 0x04, 0x03, 0x03, 0xFF,
  0x04, 0x03, 0x03, 0xFF, 0x04, 0x03, 0x03, 0xFF, 0x04, 0x03, 0x03, 0xFF, 0x04, 0x03, 0x03, 0xFF, 0x04, 0x03, 0x03, 0xFF, 0x04, 0x03, 0x03, 0xFF,
  0x04, 0x03, 0x03, 0xFF, 0x04, 0x03, 0x03, 0xFF, 0x04, 0x03, 0x03, 0xFF, 0x04, 0x03, 0x03, 0xFF, 0x04, 0x03, 0x03, 0xFF, 0x04, 0x03, 0x03, 0xFF,
  0x04, 0x03, 0x03, 0xFF, 0x04, 0x03, 0x03, 0xFF, 0x04, 0x03, 0x03, 0xFF, 0x04, 0x03, 0x03, 0xFF, 0x04, 0x03, 0x03, 0xFF, 0x04, 0x03, 0x03, 0xFF,
  0x04, 0x03, 0x03, 0xFF, 0x04, 0x03, 0x03, 0xFF, 0x04, 0x03, 0x03, 0xFF, 0x04, 0x03, 0x03, 0xFF, 0x04, 0x03, 0x03, 0xFF, 0x04, 0x03, 0x03, 0xFF,
  0x04, 0x03, 0x03, 0xFF, 0x04, 0x03, 0x03, 0xFF, 0x04, 0x03, 0x03, 0xFF, 0x04, 0x03, 0x03, 0xFF, 0x04, 0x03, 0x03, 0xFF, 0x04, 0x03, 0x03, 0xFF,
  0x04, 0x03, 0x03, 0xFF, 0x04, 0x03, 0x03, 0xFF, 0x04, 0x03, 0x03, 0xFF, 0x04, 0x03, 0x03, 0xFF, 0x04, 0x03, 0x03, 0xFF, 0x04, 0x03, 0x03, 0xFF,
  0x04, 0x03, 0x03, 0xFF, 0x04, 0x03, 0x03, 0xFF, 0x04, 0x03, 0x03, 0xFF, 0x04, 0x03, 0x03, 0xFF, 0x04, 0x03, 0x03, 0xFF, 0x04, 0x03, 0x03, 0xFF,
  0x04, 0x03, 0x03, 0xFF, 0x04, 0x03, 0x03, 0xFF, 0x04, 0x03, 0x03, 0xFF, 0x04, 0x03, 0x03, 0xFF, 0x04, 0x03, 0x03, 0xFF, 0x04, 0x03, 0x03, 0xFF,
  0x04, 0x03, 0x03, 0xFF, 0x04, 0x03, 0x03, 0xFF, 0x04, 0x03, 0x03, 0xFF, 0x04, 0x03, 0x03, 0xFF, 0x04, 0x03, 0x03, 0xFF, 0x04, 0x03, 0x03, 0xFF,
  0x04, 0x03, 0x03, 0xFF, 0x04, 0x03, 0x03, 0xFF, 0x04, 0x03, 0x03, 0xFF, 0x04, 0x03, 0x03, 0xFF, 0x04, 0x03, 0x03, 0xFF, 0x04, 0x03, 0x03, 0xFF,
  0x04, 0x03, 0x03, 0xFF, 0x04, 0x03, 0x03, 0xFF, 0x04, 0x03, 0x03, 0xFF, 0x04, 0x03, 0x03, 0xFF, 0x04, 0x03, 0x03, 0xFF, 0x04, 0x03, 0x03, 0xFF,
  0x04, 0x03, 0x03, 0xFF, 0x04, 0x03, 0x03, 0xFF, 0x04, 0x03, 0x03, 0xFF, 0x04, 0x03, 0x03, 0xFF, 0x04, 0x03, 0x03, 0xFF, 0x04, 0x03, 0x03, 0xFF,
  0x04, 0x03, 0x03, 0xFF, 0x04, 0x03, 0x03, 0xFF, 0x04, 0x03, 0x03, 0xFF, 0x04, 0x03, 0x03, 0xFF, 0x04, 0x03, 0x03, 0xFF, 0x04, 0x03, 0x03, 0xFF,
  0x04, 0x03, 0x03, 0xFF, 0x04, 0x03, 0x03, 0xFF, 0x04, 0x03, 0x03, 0xFF, 0x04, 0x03, 0x03, 0xFF, 0x04, 0x03, 0x03, 0xFF, 0x04, 0x03, 0x03, 0xFF,
  0x04, 0x03, 0x03, 0xFF, 0x04, 0x03, 0x03, 0xFF, 0x04, 0x03, 0x03, 0xFF, 0x04, 0x03, 0x03, 0xFF, 0x04, 0x03, 0x03, 0xFF, 0x04, 0x03, 0x03, 0xFF,
  0x04, 0x03, 0x03, 0xFF, 0x04, 0x03, 0x03, 0xFF, 0x04, 0x03, 0x03, 0xFF, 0x04, 0x03, 0x03, 0xFF, 0x04, 0x03, 0x03, 0xFF, 0x04, 0x03, 0x03, 0xFF,
  0x04, 0x03, 0x03, 0xFF, 0x04, 0x03, 0x03, 0xFF, 0x04, 0x03, 0x03, 0xFF, 0x04, 0x03, 0x03, 0xFF, 0x04, 0x03, 0x03, 0xFF, 0x04, 0x03, 0x03, 0xFF,
  0x04, 0x03, 0x03, 0xFF, 0x04, 0x03, 0x03, 0xFF, 0x04, 0x03, 0x03, 0xFF, 0x04, 0x03, 0x03, 0xFF, 0x04, 0x03, 0x03, 0xFF, 0x04, 0x03, 0x03, 0xFF,
  0x04, 0x03, 0x03, 0xFF, 0x04, 0x03, 0x03, 0xFF, 0x04, 0x03, 0x03, 0xFF, 0x04, 0x03, 0x03, 0xFF, 0x04, 0x03, 0x03, 0xFF, 0x04, 0x03, 0x03, 0xFF,
  0x04, 0x03, 0x03, 0xFF, 0x04, 0x03, 0x03, 0xFF, 0x04, 0x03, 0x03, 0xFF, 0x04, 0x03, 0x03, 0xFF, 0x04, 0x03, 0x03, 0xFF, 0x04, 0x03, 0x03, 0xFF,
  0x04, 0x03, 0x03, 0xFF, 0x04, 0x03, 0x03, 0xFF, 0x04, 0x03, 0x03, 0xFF, 0x04, 0x03, 0x03, 0xFF, 0x04, 0x03, 0x03, 0xFF, 0x04, 0x03, 0x03, 0xFF,
  0x04, 0x03, 0x03, 0xFF, 0x04, 0x03, 0x03, 0xFF, 0x04, 0x03, 0x03, 0xFF, 0x04, 0x03, 0x03, 0xFF, 0x04, 0x03, 0x03, 0xFF, 0x04, 0x03, 0x03, 0xFF,
  0x04, 0x03, 0x03, 0xFF, 0x04, 0x03, 0x03, 0xFF, 0x04, 0x03, 0x03, 0xFF, 0x04, 0x03, 0x03, 0xFF, 0x04, 0x03, 0x03, 0xFF, 0x04, 0x03, 0x03, 0xFF,
  0x04, 0x03, 0x03, 0xFF, 0x04, 0x03, 0x03, 0xFF, 0x04, 0x03, 0x03, 0xFF, 0x04, 0x03, 0x03, 0xFF, 0x04, 0x03, 0x03, 0xFF, 0x04, 0x03, 0x03, 0xFF,
  0x04, 0x03, 0x03, 0xFF, 0x04, 0x03, 0x03, 0xFF, 0x04, 0x03, 0x03, 0xFF, 0x04, 0x03, 0x03, 0xFF, 0x04, 0x03, 0x03, 0xFF, 0x04, 0x03, 0x03, 0xFF,
  0x04, 0x03, 0x03, 0xFF, 0x04, 0x03, 0x03, 0xFF, 0x04, 0x03, 0x03, 0xFF, 0x04, 0x03, 0x03, 0xFF, 0x04, 0x03, 0x03, 0xFF, 0x04, 0x03, 0x03, 0xFF,
  0x04, 0x03, 0x03, 0xFF, 0x04, 0x03, 0x03, 0xFF, 0x04, 0x03, 0x03, 0xFF, 0x04, 0x03, 0x03, 0xFF, 0x04, 0x03, 0x03, 0xFF, 0x04, 0x03, 0x03, 0xFF,
  0x04, 0x03, 0x03, 0xFF, 0x04, 0x03, 0x03, 0xFF, 0x04, 0x03, 0x03, 0xFF, 0x04, 0x03, 0x03, 0xFF, 0x04, 0x03, 0x03, 0xFF, 0x04, 0x03, 0x03, 0xFF,
  0x04, 0x03, 0x03, 0xFF, 0x04, 0x03, 0x03, 0xFF, 0x04, 0x03, 0x03, 0xFF, 0x04, 0x03, 0x03, 0xFF, 0x04, 0x03, 0x03, 0xFF, 0x04, 0x03, 0x03, 0xFF,
  0x04, 0x03, 0x03, 0xFF, 0x04, 0x03, 0x03, 0xFF, 0x04, 0x03, 0x03, 0xFF, 0x04, 0x03, 0x03, 0xFF, 0x04, 0x03, 0x03, 0xFF, 0x04, 0x03, 0x03, 0xFF,
  0x04, 0x03, 0x03, 0xFF, 0x04, 0x03, 0x03, 0xFF, 0x04, 0x03, 0x03, 0xFF, 0x04, 0x03, 0x03, 0xFF, 0x04, 0x03, 0x03, 0xFF, 0x04, 0x03, 0x03, 0xFF,
  0x04, 0x03, 0x03, 0xFF, 0x04, 0x03, 0x03, 0xFF, 0x04, 0x03, 0x03, 0xFF, 0x04, 0x03, 0x03, 0xFF, 0x04, 0x03, 0x03, 0xFF, 0x04, 0x03, 0x03, 0xFF,
  0x04, 0x03, 0x03, 0xFF, 0x04, 0x03, 0x03, 0xFF, 0x04, 0x03, 0x03, 0xFF, 0x04, 0x03, 0x03, 0xFF, 0x04, 0x03, 0x03, 0xFF, 0x04, 0x03, 0x03, 0xFF,
  0x04, 0x03, 0x03, 0xFF, 0x04, 0x03, 0x03, 0xFF, 0x04, 0x03, 0x03, 0xFF, 0x04, 0x03, 0x03, 0xFF, 0x04, 0x03, 0x03, 0xFF, 0x04, 0x03, 0x03, 0xFF,
  0x04, 0x03, 0x03, 0xFF, 0x04, 0x03, 0x03, 0xFF, 0x04, 0x03, 0x03, 0xFF, 0x04, 0x03, 0x03, 0xFF, 0x04, 0x03, 0x03, 0xFF, 0x04, 0x03, 0x03, 0xFF,
  0x04, 0x03, 0x03, 0xFF, 0x04, 0x03, 0x03, 0xFF, 0x04, 0x03, 0x03, 0xFF, 0x04, 0x03, 0x03, 0xFF, 0x04, 0x03, 0x03, 0xFF, 0x04, 0x03, 0x03, 0xFF,
  0x04, 0x03, 0x03, 0xFF, 0x04, 0x03, 0x03, 0xFF, 0x04, 0x03, 0x03, 0xFF, 0x04, 0x03, 0x03, 0xFF, 0x04, 0x03, 0x03, 0xFF, 0x04, 0x03, 0x03, 0xFF,
  0x04, 0x03, 0x03, 0xFF, 0x04, 0x03, 0x03, 0xFF, 0x04, 0x03, 0x03, 0xFF, 0x04, 0x03, 0x03, 0xFF, 0x04, 0x03, 0x03, 0xFF, 0x04, 0x03, 0x03, 0xFF,
  0x04, 0x03, 0x03, 0xFF, 0x04, 0x03, 0x03, 0xFF, 0x04, 0x03, 0x03, 0xFF, 0x04, 0x03, 0x03, 0xFF, 0x04, 0x03, 0x03, 0xFF, 0x04, 0x03, 0x03, 0xFF,
  0x04, 0x03, 0x03, 0xFF, 0x04, 0x03, 0x03, 0xFF, 0x04, 0x03, 0x03, 0xFF, 0x04, 0x03, 0x03, 0xFF, 0x04, 0x03, 0x03, 0xFF, 0x04, 0x03, 0x03, 0xFF,
  0x04, 0x03, 0x03, 0xFF, 0x04, 0x03, 0x03, 0xFF, 0x04, 0x03, 0x03, 0xFF, 0x04, 0x03, 0x03, 0xFF, 0x04, 0x03, 0x03, 0xFF, 0x04, 0x03, 0x03, 0xFF,
  0x04, 0x03, 0x03, 0xFF, 0x04, 0x03, 0x03, 0xFF, 0x04, 0x03, 0x03, 0xFF, 0x04, 0x03, 0x03, 0xFF, 0x04, 0x03, 0x03, 0xFF, 0x04, 0x03, 0x03, 0xFF,
  0x04, 0x03, 0x03, 0xFF, 0x04, 0x03, 0x03, 0xFF, 0x04, 0x03, 0x03, 0xFF, 0x04, 0x03, 0x03, 0xFF, 0x04, 0x03, 0x03, 0xFF, 0x04, 0x03, 0x03, 0xFF,
  0x04, 0x03, 0x03, 0xFF, 0x04, 0x03, 0x03, 0xFF, 0x04, 0x03, 0x03, 0xFF, 0x04, 0x03, 0x03, 0xFF, 0x04, 0x03, 0x03, 0xFF, 0x04, 0x03, 0x03, 0xFF,
  0x04, 0x03, 0x03, 0xFF, 0x04, 0x03, 0x03, 0xFF, 0x04, 0x03, 0x03, 0xFF, 0x04, 0x03, 0x03, 0xFF, 0x04, 0x03, 0x03, 0xFF, 0x04, 0x03, 0x03, 0xFF,
  0x04, 0x03, 0x03, 0xFF, 0x04, 0x03, 0x03, 0xFF, 0x04, 0x03, 0x03, 0xFF, 0x04, 0x03, 0x03, 0xFF, 0x04, 0x03, 0x03, 0xFF, 0x04, 0x03, 0x03, 0xFF,
  0x04, 0x03, 0x03, 0xFF, 0x04, 0x03, 0x03, 0xFF, 0x04, 0x03, 0x03, 0xFF, 0x04, 0x03, 0x03, 0xFF, 0x04, 0x03, 0x03, 0xFF, 0x04, 0x03, 0x03, 0xFF,
  0x04, 0x03, 0x03, 0xFF, 0x04, 0x03, 0x03, 0xFF, 0x04, 0x03, 0x03, 0xFF, 0x04, 0x03, 0x03, 0xFF, 0x04, 0x03, 0x03, 0xFF, 0x04, 0x03, 0x03, 0xFF,
  0x04, 0x03, 0x03, 0xFF, 0x04, 0x03, 0x03, 0xFF, 0x04, 0x03, 0x03, 0xFF, 0x04, 0x03, 0x03, 0xFF, 0x04, 0x03, 0x03, 0xFF, 0x04, 0x03, 0x03, 0xFF,
  0x04, 0x03, 0x03, 0xFF, 0x04, 0x03, 0x03, 0xFF, 0x04, 0x03, 0x03, 0xFF, 0x04, 0x03, 0x03, 0xFF, 0x04, 0x03, 0x03, 0xFF, 0x04, 0x03, 0x03, 0xFF,
  0x04, 0x03, 0x03, 0xFF, 0x04, 0x03, 0x03, 0xFF, 0x04, 0x03, 0x03, 0xFF, 0x04, 0x03, 0x03, 0xFF, 0x04, 0x03, 0x03, 0xFF, 0x04, 0x03, 0x03, 0xFF,
  0x04, 0x03, 0x03, 0xFF, 0x04, 0x03, 0x03, 0xFF, 0x04, 0x03, 0x03, 0xFF, 0x04, 0x03, 0x03, 0xFF, 0x04, 0x03, 0x03, 0xFF, 0x04, 0x03, 0x03, 0xFF,
  0x04, 0x03, 0x03, 0xFF, 0x04, 0x03, 0x03, 0xFF, 0x04, 0x03, 0x03, 0xFF, 0x04, 0x03, 0x03, 0xFF, 0x04, 0x03, 0x03, 0xFF, 0x04, 0x03, 0x03, 0xFF,
  0x04, 0x03, 0x03, 0xFF, 0x04, 0x03, 0x03, 0xFF, 0x04, 0x03, 0x03, 0xFF, 0x04, 0x03, 0x03, 0xFF, 0x04, 0x03, 0x03, 0xFF, 0x04, 0x03, 0x03, 0xFF,
  0x04, 0x03, 0x03, 0xFF, 0x04, 0x03, 0x03, 0xFF, 0x04, 0x03, 0x03, 0xFF, 0x04, 0x03, 0x03, 0xFF, 0x04, 0x03, 0x03, 0xFF, 0x04, 0x03, 0x03, 0xFF,
  0x04, 0x03, 0x03, 0xFF, 0x04, 0x03, 0x03, 0xFF, 0x04, 0x03, 0x03, 0xFF, 0x04, 0x03, 0x03, 0xFF, 0x04, 0x03, 0x03, 0xFF, 0x04, 0x03, 0x03, 0xFF,
  0x04, 0x03, 0x03, 0xFF, 0x04, 0x03, 0x03, 0xFF, 0x04, 0x03, 0x03, 0xFF, 0x04, 0x03, 0x03, 0xFF, 0x04, 0x03, 0x03, 0xFF, 0x04, 0x03, 0x03, 0xFF,
  0x04, 0x03, 0x03, 0xFF, 0x04, 0x03, 0x03, 0xFF, 0x04, 0x03, 0x03, 0xFF, 0x04, 0x03, 0x03, 0xFF, 0x04, 0x03, 0x03, 0xFF, 0x04, 0x03, 0x03, 0xFF,
  0x04, 0x03, 0x03, 0xFF, 0x04, 0x03, 0x03, 0xFF, 0x04, 0x03, 0x03, 0xFF, 0x04, 0x03, 0x03, 0xFF, 0x04, 0x03, 0x03, 0xFF, 0x04, 0x03, 0x03, 0xFF,
  0x04, 0x03, 0x03, 0xFF, 0x04, 0x03, 0x03, 0xFF, 0x04, 0x03, 0x03, 0xFF, 0x04, 0x03, 0x03, 0xFF, 0x04, 0x03, 0x03, 0xFF, 0x04, 0x03, 0x03, 0xFF,
  0x04, 0x03, 0x03, 0xFF, 0x04, 0x03, 0x03, 0xFF, 0x04, 0x03, 0x03, 0xFF, 0x04, 0x03, 0x03, 0xFF, 0x04, 0x03, 0x03, 0xFF, 0x04, 0x03, 0x03, 0xFF,
  0x04, 0x03, 0x03, 0xFF, 0x04, 0x03, 0x03, 0xFF, 0x04, 0x03, 0x03, 0xFF, 0x04, 0x03, 0x03, 0xFF, 0x04, 0x03, 0x03, 0xFF, 0x04, 0x03, 0x03, 0xFF,
  0x04, 0x03, 0x03, 0xFF, 0x04, 0x03, 0x03, 0xFF, 0x04, 0x03, 0x03, 0xFF, 0x04, 0x03, 0x03, 0xFF, 0x04, 0x03, 0x03, 0xFF, 0x04, 0x03, 0x03, 0xFF,
  0x04, 0x03, 0x03, 0xFF, 0x04, 0x03, 0x03, 0xFF, 0x04, 0x03, 0x03, 0xFF, 0x04, 0x03, 0x03, 0xFF, 0x04, 0x03, 0x03, 0xFF, 0x04, 0x03, 0x03, 0xFF,
  0x04, 0x03, 0x03, 0xFF, 0x04, 0x03, 0x03, 0xFF, 0x04, 0x03, 0x03, 0xFF, 0x04, 0x03, 0x03, 0xFF, 0x04, 0x03, 0x03, 0xFF, 0x04, 0x03, 0x03, 0xFF,
  0x04, 0x03, 0x03, 0xFF, 0x04, 0x03, 0x03, 0xFF, 0x04, 0x03, 0x03, 0xFF, 0x04, 0x03, 0x03, 0xFF, 0x04, 0x03, 0x03, 0xFF, 0x04, 0x03, 0x03, 0xFF,
  0x04, 0x03, 0x03, 0xFF, 0x04, 0x03, 0x03, 0xFF, 0x04, 0x03, 0x03, 0xFF, 0x04, 0x03, 0x03, 0xFF, 0x04, 0x03, 0x03, 0xFF, 0x04, 0x03, 0x03, 0xFF,
};
}  // namespace vshook_splash
